#OTU ID	MMPRNT1465	MMPRNT1466	MMPRNT1467	MMPRNT1468	MMPRNT1469	MMPRNT1470	MMPRNT1471	MMPRNT1472	MMPRNT1473	MMPRNT1474	MMPRNT1475	MMPRNT1476	MMPRNT1477	MMPRNT1478	MMPRNT1479	MMPRNT1480	MMPRNT1481	MMPRNT1482	MMPRNT1483	MMPRNT1484	MMPRNT1485	MMPRNT1486	MMPRNT1487	MMPRNT1488	MMPRNT1537	MMPRNT1538	MMPRNT1539	MMPRNT1540	MMPRNT1541	MMPRNT1542	MMPRNT1543	MMPRNT1544	MMPRNT1545	MMPRNT1546	MMPRNT1547	MMPRNT1548	MMPRNT1549	MMPRNT1550	MMPRNT1551	MMPRNT1552	MMPRNT1553	MMPRNT1554	MMPRNT1555	MMPRNT1556	MMPRNT1557	MMPRNT1558	MMPRNT1559	MMPRNT1616	MMPRNT1617	MMPRNT1618	MMPRNT1619	MMPRNT1620	MMPRNT1621	MMPRNT1622	MMPRNT1623	MMPRNT1624	MMPRNT1625	MMPRNT1626	MMPRNT1627	MMPRNT1628	MMPRNT1629	MMPRNT1630	MMPRNT1631	MMPRNT1632	MMPRNT1681	MMPRNT1682	MMPRNT1683	MMPRNT1684	MMPRNT1685	MMPRNT1686	MMPRNT1687	MMPRNT1688	MMPRNT1689	MMPRNT1690	MMPRNT1691	MMPRNT1692	MMPRNT1693	MMPRNT1694	MMPRNT1695	MMPRNT1696	MMPRNT1697	MMPRNT1698	MMPRNT1699	MMPRNT1700	MMPRNT1701	MMPRNT1702	MMPRNT1703	MMPRNT1704	MMPRNT1753	MMPRNT1754	MMPRNT1755	MMPRNT1756	MMPRNT1757	MMPRNT1758	MMPRNT1759	MMPRNT1760	MMPRNT1761	MMPRNT1762	MMPRNT1763	MMPRNT1764	MMPRNT1765	MMPRNT1766	MMPRNT1767	MMPRNT1768	MMPRNT1769	MMPRNT1770	MMPRNT1771	MMPRNT1772	MMPRNT1773	MMPRNT1774	MMPRNT1775	MMPRNT1776	MMPRNTCtrl7BB5
Zotu8020	444	543	166	600	1822	789	768	709	1011	1075	592	463	47	22	0	0	131	0	79	1681	1127	1447	220	123	0	0	0	0	0	0	0	0	0	0	0	0	0	0	0	0	0	0	0	0	0	0	0	0	0	0	0	0	0	1	0	0	0	1	0	0	0	0	0	0	0	0	0	0	0	0	0	0	0	0	0	0	0	0	0	0	0	0	0	0	0	0	0	0	0	0	0	0	0	0	0	0	0	0	0	0	0	0	0	0	0	0	0	0	0	0	0	0	0
Zotu9472	72	0	0	22	0	2	213	53	86	1	0	0	0	0	0	0	0	74	0	0	0	0	0	19	0	0	0	0	0	0	0	0	0	0	0	0	0	0	0	0	0	0	0	0	0	0	0	0	0	0	0	0	0	0	0	0	0	0	0	0	0	0	0	0	0	0	0	0	0	0	0	0	0	0	0	0	0	0	0	0	0	0	0	0	0	0	0	0	0	0	0	0	0	0	0	0	0	0	0	0	0	0	0	0	0	0	0	0	0	0	0	0	0
Zotu8974	1055	8	458	232	100	3	0	1	0	0	0	0	1	9	0	23	0	0	0	0	0	0	0	0	0	0	0	0	0	0	0	0	0	0	0	0	0	0	0	0	0	0	0	0	0	0	0	0	0	0	0	0	0	0	0	0	0	0	0	0	0	0	0	0	0	0	0	4	0	0	0	0	0	0	1	0	0	0	0	0	0	0	0	0	0	0	0	0	0	0	0	0	0	0	0	0	0	0	0	6	0	0	0	0	0	0	0	0	0	0	0	0	0
Zotu7038	151	0	874	4	4	3	1	40	0	0	0	0	0	0	0	0	0	100	0	0	0	0	0	0	0	0	0	0	0	0	0	0	0	0	0	0	0	0	0	0	0	0	0	0	0	0	0	0	0	0	0	0	0	0	0	7	0	10	0	0	0	0	0	0	0	0	0	0	0	0	0	0	0	0	0	0	0	0	0	382	0	0	0	0	0	0	0	0	0	0	0	0	0	0	0	0	0	0	0	0	1	0	0	0	0	180	0	87	144	0	0	0	0
Zotu8294	1436	130	461	396	43	0	0	1	0	0	0	0	160	0	1	106	0	0	0	0	0	0	0	0	0	0	0	0	0	0	0	0	0	0	0	0	0	0	0	0	0	0	2	1	0	0	0	0	0	0	0	0	0	0	0	0	0	0	0	0	0	0	0	0	0	0	0	0	106	0	0	0	0	0	0	1	0	0	0	0	0	0	0	0	0	0	0	0	0	0	0	0	0	0	0	0	0	0	1	0	0	0	0	0	0	0	0	0	0	0	0	0	0
Zotu6362	676	0	1232	161	149	479	0	0	0	0	0	0	252	0	0	0	0	64	0	0	0	0	0	0	0	0	0	0	0	0	0	0	0	0	0	0	0	0	0	0	0	0	0	0	0	0	0	0	0	0	0	0	0	0	0	0	0	18	0	0	0	0	0	0	0	0	0	0	0	0	0	0	0	0	0	0	0	0	0	409	0	0	0	0	0	0	0	0	0	0	0	0	0	0	0	0	0	0	0	0	0	0	0	0	0	13	236	310	2	0	0	0	0
Zotu9769	866	0	505	695	0	117	0	0	0	0	0	0	0	0	0	1	0	0	0	0	0	0	0	0	0	0	0	0	0	0	0	0	0	0	0	0	0	0	0	0	0	0	0	0	0	0	0	0	0	0	0	0	0	0	0	0	0	0	0	0	0	0	0	0	0	0	0	153	0	0	0	0	0	0	0	2	0	0	0	3	0	0	0	0	5	0	0	0	0	0	0	0	0	0	0	0	0	0	0	450	0	0	0	0	0	0	0	0	0	0	0	0	0
Zotu7347	1211	0	484	5	1	0	0	0	0	0	0	0	0	0	0	1	0	0	0	0	0	0	0	0	0	0	0	0	0	0	0	0	0	0	0	0	0	0	0	0	0	0	0	0	0	0	0	0	0	0	0	0	0	0	0	0	0	0	0	0	0	0	0	0	0	0	0	2	4	0	0	0	0	0	0	0	0	0	0	0	0	0	0	0	0	0	0	0	0	0	0	0	0	0	0	0	0	0	0	15	0	0	0	0	0	0	0	0	0	0	0	0	0
Zotu5970	1261	121	54	96	7	0	0	4	0	0	0	0	2	0	0	77	0	0	0	0	0	0	0	0	0	0	0	0	0	0	0	0	0	0	0	0	0	0	0	0	0	0	0	0	0	0	0	0	0	0	0	0	0	0	0	0	0	0	0	0	0	0	0	0	0	0	0	1	6	0	0	0	0	0	0	0	0	0	0	0	0	0	0	0	0	0	0	0	0	0	0	0	0	0	0	0	0	0	0	0	0	0	0	0	0	0	0	0	0	0	0	0	0
Zotu9510	954	2	18	124	6	0	0	0	0	0	0	0	0	0	0	1	0	0	0	0	0	0	0	0	0	0	0	0	0	0	0	0	0	0	0	0	0	0	0	0	0	0	31	0	0	0	0	0	0	0	0	0	0	0	0	0	0	0	0	0	0	0	0	0	0	0	0	1	0	0	0	0	0	0	0	0	0	0	0	0	0	0	0	0	0	0	0	0	0	0	0	0	0	0	0	0	0	0	0	3	0	0	0	0	0	0	0	0	0	0	0	0	0
Zotu6352	139	0	0	815	1249	0	0	0	0	0	0	0	0	0	0	1	0	0	0	0	0	0	0	0	0	0	0	0	0	0	0	0	0	0	0	0	0	0	0	0	0	0	0	0	0	0	0	0	0	0	0	0	0	0	0	0	0	0	0	0	0	0	0	0	0	0	0	1	0	0	0	0	0	0	0	0	0	0	0	0	0	0	0	0	2	0	0	0	0	0	0	0	0	0	0	0	0	0	0	6	0	0	0	0	0	0	0	0	0	0	0	0	0
Zotu7339	388	0	2141	3	0	0	105	0	0	0	0	253	250	164	351	1	0	647	0	0	203	0	0	0	0	0	0	0	0	0	0	0	0	1	1	0	1	0	0	0	0	0	2	0	0	0	0	24	0	0	39	0	0	0	0	0	0	0	1	1	0	1	0	0	0	0	0	0	0	0	0	2	0	0	0	0	0	0	0	0	0	0	0	0	0	0	0	0	0	0	2	1	0	0	1	0	0	2	0	5	2	2	0	1	0	0	264	335	3346	0	0	0	0
Zotu7989	224	282	180	742	385	90	109	45	286	0	0	124	0	118	1	26	1	95	20	121	440	209	177	708	13	1599	0	0	265	706	1902	130	35	1130	0	426	6	17	40	94	0	16	0	0	48	0	0	1	91	0	0	1	65	0	0	0	0	0	0	0	0	0	0	0	0	0	0	0	0	0	0	0	0	1	0	0	1	0	2	293	0	0	0	0	0	0	0	0	0	0	115	0	0	0	0	220	676	361	0	114	0	0	0	0	0	0	126	0	0	0	0	0	0
Zotu9464	550	3	100	127	989	76	228	54	7	499	0	0	293	0	0	0	24	0	191	0	0	0	0	47	0	0	0	0	0	1	0	0	0	0	0	0	0	0	0	0	0	0	0	0	0	0	0	0	0	0	0	0	0	0	674	16	0	87	0	0	0	0	0	0	0	1	0	0	0	0	0	0	0	0	0	0	0	0	0	0	0	0	0	0	0	0	0	0	0	0	19	0	202	1	0	66	1058	4	0	0	0	307	392	583	0	0	513	368	15	189	2	133	0
Zotu9830	185	0	253	1	0	0	44	1	0	0	0	471	0	99	8	27	0	222	0	0	1	0	0	0	0	0	0	0	0	0	0	0	0	0	0	0	0	0	0	0	0	0	0	0	0	0	0	10	0	0	12	0	0	0	0	0	0	0	0	0	0	0	0	0	0	0	0	0	0	0	0	1	0	0	0	0	0	0	0	0	0	0	0	0	0	0	0	0	0	0	175	37	36	0	1809	0	0	0	3	335	0	0	0	0	0	0	9	2	1515	1	0	0	0
Zotu767	941	3619	1569	916	2711	4674	712	186	604	3330	1336	3098	1146	1275	680	1112	1620	3888	521	5252	3358	3907	327	2316	0	0	0	0	0	0	0	0	0	0	0	0	0	1	0	1	0	1314	0	0	1640	0	0	638	292	555	728	5451	398	29	1	491	46	18	25	228	96	616	0	1	177	547	163	443	135	461	1	40	3	1	0	2	156	196	216	4275	451	2648	1121	4378	2113	128	1363	2714	0	0	0	0	0	0	1	0	0	0	0	0	0	0	0	0	0	0	0	1	1398	0	0	0	0
Zotu3633	500	1244	105	118	804	197	322	4	113	303	1	1057	534	6	1	112	381	85	140	174	267	61	0	34	14	256	9	0	5	0	64	0	0	0	1	180	0	0	0	25	0	0	6	2	0	93	24	23	18	58	51	0	14	111	27	62	0	0	69	44	10	93	14	443	261	239	66	31	34	164	8	197	7	4	0	0	44	75	54	154	223	43	90	108	432	0	0	216	0	0	175	0	0	0	97	295	0	0	0	0	147	0	178	0	0	0	0	0	0	0	0	0	148
Zotu9300	116	0	0	87	0	0	0	24	0	0	0	0	0	0	155	0	0	0	0	530	71	23	35	0	0	0	0	0	0	0	0	0	0	0	0	0	0	0	0	0	0	0	0	0	0	0	0	0	0	0	0	0	0	0	0	0	0	0	0	0	0	0	0	0	0	0	0	0	0	0	0	0	0	0	0	0	0	0	0	0	0	0	0	0	0	0	0	0	0	0	0	0	0	0	0	0	0	0	0	0	0	0	0	0	0	0	0	0	0	0	0	0	0
Zotu11696	1694	285	242	1348	1257	1014	24	453	426	89	72	0	4230	5459	1118	1502	1689	510	270	0	2665	2108	1165	101	249	66	0	65	273	142	182	91	211	135	75	472	0	0	15	31	26	15	4	0	29	115	0	0	0	0	0	1	0	0	0	0	0	0	0	0	0	0	0	0	128	0	9	16	100	301	52	67	33	376	309	36	209	401	704	1311	776	4	123	74	339	227	142	239	0	0	643	0	0	0	0	0	0	0	0	30	9	1	0	0	0	0	7	23	0	0	0	37	0
Zotu8205	252	10	18	225	284	141	1	117	65	1	20	0	770	977	80	400	208	341	43	0	667	246	173	9	206	1	1	88	43	58	0	1	99	101	0	219	0	0	8	25	8	16	0	0	3	46	3	0	0	0	0	1	0	0	0	0	0	0	0	0	0	0	0	0	15	0	0	7	1	52	31	27	1	158	107	3	61	40	233	120	166	0	13	3	53	54	34	112	0	0	50	0	0	2	0	0	0	0	0	2	29	0	0	0	0	0	0	1	0	0	0	7	0
Zotu10853	1285	355	828	266	318	137	623	34	301	106	276	0	231	87	1245	381	144	131	0	743	0	0	0	58	0	0	0	0	0	0	0	0	0	0	0	0	0	0	0	0	0	0	0	0	0	0	0	0	0	0	0	0	0	0	0	0	0	0	0	0	0	0	0	0	0	0	0	0	0	0	0	0	0	0	0	0	0	0	0	0	0	0	0	0	0	0	0	0	0	0	0	0	0	0	0	0	0	0	0	0	0	0	0	0	0	0	0	0	0	0	0	0	9
Zotu9898	144	95	0	46	78	0	2	77	26	0	307	105	0	52	567	0	0	460	0	0	0	62	6	31	371	0	0	0	751	0	0	0	1270	1235	0	0	0	13	53	21	1	0	0	0	0	0	0	175	786	822	37	446	130	17	80	94	0	68	957	577	0	0	0	0	0	0	0	0	0	0	15	9	0	13	11	19	59	12	45	19	15	67	20	4	9	26	2	7	0	0	0	0	0	0	0	0	0	0	0	0	0	0	0	0	0	0	0	0	0	0	0	0	22
Zotu7305	74	14	0	2	1	0	3	322	293	1	0	33	0	2	585	180	0	3	0	0	1	0	0	7	64	0	0	0	253	0	0	0	254	8	0	1	0	0	2	3	1	0	0	0	0	0	0	37	85	169	114	204	330	1	14	109	0	28	191	142	0	0	0	0	5	1	0	0	0	0	0	0	0	3	0	5	31	1	26	17	38	115	0	5	1	35	22	5	0	0	0	0	0	0	0	0	52	0	0	3	0	0	0	0	0	0	0	0	0	0	0	0	2
Zotu7788	551	14	656	317	170	3	0	1	0	0	0	0	0	154	0	20	0	6	0	2	0	0	0	0	0	0	0	0	0	0	0	0	0	0	0	0	0	0	0	0	0	0	7	0	0	0	0	0	0	0	0	0	0	0	0	0	0	0	0	0	0	0	0	0	0	0	0	7	0	0	0	0	0	0	0	0	0	0	0	0	0	0	0	0	0	0	0	0	0	0	0	0	0	0	0	0	0	0	0	232	0	0	0	0	0	0	0	0	0	0	0	0	0
Zotu8797	1037	174	2001	293	1	1036	0	0	0	0	174	2	0	0	1	0	0	0	0	0	0	0	0	0	1111	6	1182	4465	806	1313	44	2957	7469	817	607	577	603	118	1108	2078	4084	2110	32	1356	19	36	245	3867	1334	787	5255	13	1483	0	10	2854	24	5	0	0	0	0	0	0	1380	4775	603	3498	4505	3820	0	0	0	0	0	0	0	0	0	0	0	0	0	0	0	0	0	0	119	1113	3274	154	1307	856	283	1532	2014	581	0	149	1507	550	4188	1328	507	27	2259	1924	175	196	3385	3180	0
Zotu8518	184	2991	598	157	0	0	0	0	0	0	0	0	0	0	0	0	0	0	0	0	0	0	0	0	0	0	0	0	0	0	0	0	0	0	0	0	0	0	38	0	0	0	0	0	23	0	1723	0	0	0	0	0	0	0	0	0	0	0	0	0	0	0	0	0	1	0	0	0	0	0	0	0	0	0	0	0	0	0	0	0	20	0	0	0	0	0	0	0	0	0	654	577	0	468	0	0	1521	0	59	1	36	0	0	0	0	0	753	464	172	0	704	2167	0
Zotu11890	386	111	284	1	60	95	104	4	103	108	0	1	1113	1	5	97	55	1	0	2	0	0	0	43	0	0	0	0	0	0	0	0	0	0	0	0	0	0	0	0	0	0	0	0	0	0	1	0	0	0	0	0	0	0	14	0	0	0	0	0	0	0	0	0	0	0	0	0	0	0	0	0	0	0	0	0	0	0	0	0	0	0	0	0	0	0	0	0	0	0	0	0	0	0	0	0	0	0	1	0	0	2	0	0	1	0	2	1	0	0	0	0	0
Zotu9918	402	966	488	113	1147	131	259	75	700	636	0	694	540	0	1	0	78	0	190	0	0	0	0	87	0	0	0	0	0	0	0	0	0	0	0	0	0	0	0	0	0	0	0	0	0	0	0	0	0	0	0	0	0	0	1123	0	0	197	0	0	0	0	0	0	0	0	0	0	0	0	0	0	0	0	0	0	0	0	0	0	0	0	0	0	0	0	0	0	305	964	100	52	211	261	0	83	1083	1028	3	0	34	70	1	0	1	31	217	545	234	1	595	409	0
Zotu9674	378	420	45	100	182	171	47	16	14	0	811	279	58	35	0	26	112	300	257	1	600	207	0	19	31	132	6	0	0	0	27	0	0	0	0	0	0	0	0	0	0	0	10	0	0	43	0	24	9	49	23	1	26	59	2	11	8	0	39	102	2	35	12	446	219	155	56	91	71	51	5	112	4	7	1	0	8	13	15	102	16	13	28	44	92	0	0	37	0	0	0	0	0	0	3	0	0	0	18	0	2	0	116	0	0	0	43	0	0	0	0	108	15
Zotu7095	113	0	0	1	0	0	0	0	0	0	0	0	0	0	0	0	0	0	0	0	0	0	0	0	3	0	0	0	0	0	0	0	0	0	0	0	0	0	0	0	0	0	0	0	0	0	0	0	0	0	0	0	0	0	0	0	0	0	0	0	0	0	0	0	0	0	0	0	0	0	0	0	0	5	0	0	0	0	0	0	0	0	0	0	0	0	0	0	0	0	0	0	0	0	0	0	0	0	0	0	0	0	0	0	0	0	0	0	0	0	0	0	0
Zotu8390	53	221	37	7	0	0	0	0	0	0	0	0	76	0	0	0	0	0	0	0	0	0	0	0	0	0	0	0	68	32	0	6	0	0	0	110	1	19	1	7	0	0	0	0	135	0	0	13	0	8	0	283	55	0	0	0	8	0	0	109	3	0	5	10	0	1	0	0	0	0	0	6	0	4	0	0	0	20	1	0	66	10	0	0	0	0	0	0	0	0	0	0	0	0	0	0	0	0	0	0	0	0	406	0	0	0	10	423	0	0	0	0	1
Zotu11494	178	0	0	150	0	0	0	21	0	0	0	0	0	0	332	0	0	0	0	587	17	27	69	0	0	0	0	0	0	0	0	0	0	0	0	0	0	0	0	0	0	0	0	0	0	0	0	0	0	0	0	0	0	0	0	0	0	0	0	0	0	0	0	0	0	0	0	0	0	0	0	0	0	0	0	0	0	0	0	0	0	0	0	0	0	0	0	0	0	0	0	0	0	0	0	0	0	0	0	0	0	0	0	0	0	0	0	0	0	0	0	0	0
Zotu693	22	0	0	0	0	1	1	2	0	0	0	0	0	0	0	0	0	0	0	3	2	5	0	0	0	0	0	0	0	0	0	0	0	0	0	0	0	0	0	0	0	0	0	0	0	0	0	0	0	0	0	0	0	73	1818	461	131	305	0	63	0	0	0	111	0	0	0	0	0	0	0	0	0	0	0	0	0	0	0	0	0	0	0	0	0	0	0	0	0	0	0	0	0	0	0	0	0	0	0	0	0	0	0	0	0	0	0	0	0	0	0	0	41
Zotu10973	178	186	111	57	118	19	90	26	0	0	334	307	0	0	0	0	129	18	0	0	60	0	0	11	2	83	0	0	0	0	0	0	0	0	82	0	0	0	0	4	0	4	0	0	1	0	5	3	4	22	22	0	4	8	6	19	0	0	19	15	5	11	6	220	46	47	34	9	0	20	3	43	2	0	0	0	13	3	5	19	0	0	2	12	54	2	0	10	0	0	75	0	0	0	0	0	0	0	0	0	22	0	125	0	0	0	0	0	0	0	0	0	13
Zotu9990	55	690	222	125	2	0	109	212	258	606	0	1937	0	381	1696	410	0	107	0	48	382	260	129	618	1287	0	0	0	3252	0	0	0	3430	2298	0	0	0	11	58	77	83	0	0	0	0	27	0	770	2492	3803	106	1614	493	31	424	252	0	147	3537	2460	0	0	0	0	0	5	1	0	0	0	2	0	0	22	13	4	200	34	60	18	26	298	2	0	19	72	9	24	0	0	0	56	0	0	0	0	0	0	0	168	0	0	0	0	0	0	39	0	0	0	0	0	63
Zotu8480	114	0	0	0	0	0	0	0	0	0	0	0	0	0	2	0	0	0	0	199	0	0	5	0	0	0	0	0	0	0	0	0	0	0	0	0	0	0	0	0	0	0	0	0	0	0	0	0	0	0	0	0	0	0	0	0	0	0	0	0	0	0	0	0	0	0	0	0	0	0	0	0	0	0	0	0	0	0	0	0	0	0	0	0	0	0	0	0	0	0	0	0	0	0	0	0	0	0	0	0	0	0	0	0	0	0	0	0	0	0	0	0	0
Zotu7470	155	0	0	69	0	0	26	2	0	0	0	0	0	0	39	35	0	0	0	945	0	64	9	0	0	0	0	0	0	0	0	0	0	0	0	0	0	0	0	0	0	0	0	0	0	0	0	0	0	0	0	0	0	0	0	0	0	0	0	0	0	0	0	0	0	0	0	0	0	0	0	0	0	0	0	0	0	0	0	0	0	0	0	0	0	0	0	0	0	0	0	0	0	0	0	0	0	0	0	0	0	0	0	0	0	0	0	0	0	0	0	0	0
Zotu10723	198	162	229	176	54	0	0	7	0	570	0	853	0	0	0	0	98	0	0	0	0	0	0	0	0	0	0	0	0	0	0	0	0	0	0	0	0	0	0	0	0	0	0	0	0	0	0	16	0	0	2	0	201	0	6	6	25	6	0	0	0	0	0	0	0	0	0	0	0	0	0	0	0	0	0	0	0	0	0	228	100	304	2	79	19	62	0	0	0	0	0	0	0	0	0	0	0	0	0	0	0	0	0	0	0	0	0	0	0	0	0	0	0
Zotu95	45	4	0	212	6	111	1	37	260	0	0	175	297	172	0	0	691	1	93	0	339	2820	0	991	0	0	0	0	0	0	0	0	0	0	0	0	0	0	0	0	0	0	0	0	0	0	0	0	0	0	0	0	0	0	0	0	0	0	0	0	0	0	0	0	0	0	0	0	0	0	0	0	0	0	0	0	0	0	0	0	0	0	0	0	0	0	0	0	0	0	0	0	0	0	0	0	0	0	0	0	0	0	0	0	0	0	0	0	0	0	0	0	0
Zotu9639	36	28	517	29	83	1	0	0	0	0	0	0	0	0	0	0	0	0	0	0	0	0	0	0	0	0	0	0	0	0	0	0	0	0	0	0	0	0	0	0	0	0	0	0	0	0	0	0	0	0	0	0	0	111	0	31	3621	172	387	0	0	0	0	0	0	0	0	0	0	0	0	0	0	0	0	0	0	0	0	0	0	0	0	0	0	0	0	0	0	0	0	0	0	0	0	0	0	0	0	0	0	0	0	0	0	0	0	0	0	0	0	0	191
Zotu9470	44	0	0	0	12	0	0	0	0	0	0	0	0	0	42	1	0	0	0	71	0	0	0	0	0	0	0	0	0	0	0	0	0	0	0	0	0	0	0	0	0	0	0	0	0	0	0	0	0	0	0	0	0	0	0	0	0	0	0	0	0	0	0	0	0	0	0	0	0	0	0	0	0	0	0	0	0	0	0	0	0	0	0	0	0	0	0	0	0	0	0	0	0	0	0	0	0	0	0	0	0	0	0	0	0	0	0	0	0	0	0	0	0
Zotu9951	52	0	0	0	24	0	24	24	3	0	0	0	174	458	0	0	0	1124	0	0	0	121	70	1	134	0	0	0	0	0	0	0	10	0	0	0	0	0	1	0	2	0	0	0	0	0	0	6	18	39	0	45	2	0	1	36	0	0	22	6	0	0	0	0	13	0	0	8	18	0	19	9	0	22	47	50	0	1	3	0	0	0	0	0	2	0	1	0	0	0	0	0	0	0	0	0	0	0	0	0	0	0	0	0	0	0	0	0	0	0	0	0	0
Zotu7975	115	7	296	401	231	4	12	21	1282	0	0	0	0	356	149	191	327	682	1	279	851	471	161	1184	0	136	0	0	25	15	143	12	0	28	0	20	0	2	1	1	0	0	0	0	0	0	0	0	7	0	0	0	0	0	0	0	0	1	0	0	0	0	0	0	2	7	3	0	0	5	8	0	3	1	1	2	85	0	1	2315	1	0	0	0	1	0	0	0	0	0	65	0	0	0	0	0	13	135	0	114	107	0	0	0	0	0	6	0	0	0	0	1	0
Zotu11016	107	0	0	0	0	112	17	5	22	2	0	0	1043	0	127	5	56	57	2	6	1	6	0	0	290	0	141	386	83	478	0	0	29	77	17	85	169	0	124	0	0	1	24	0	6	0	18	22	3	40	296	24	0	74	0	7	0	237	2011	177	0	0	0	12	504	187	104	243	251	433	0	5	0	0	0	0	0	0	0	27	0	1	1	1	0	0	1	0	429	188	404	21	217	321	362	466	267	174	529	66	72	316	0	0	1208	98	30	0	27	556	804	137	4
Zotu7014	96	0	968	0	2	5	0	11	0	0	0	0	232	0	0	0	0	7	0	0	0	0	0	0	0	0	0	0	0	0	0	0	0	0	0	0	0	0	0	0	0	0	0	0	0	0	0	0	0	0	0	0	0	0	0	0	0	3	0	0	0	0	0	0	0	0	0	0	0	0	0	0	0	0	0	0	0	0	0	82	0	0	0	0	0	0	0	0	0	0	0	0	0	0	0	0	0	0	0	0	0	0	0	0	0	16	0	22	39	0	0	0	0
Zotu7867	15	7	82	11	282	265	231	89	269	605	710	330	32	47	709	645	69	292	1593	119	288	500	89	146	0	0	0	0	0	0	0	0	0	0	0	0	0	0	0	0	0	0	0	0	0	0	0	0	0	0	0	0	0	0	1	2	0	0	0	0	0	0	0	0	0	0	0	0	0	0	1183	498	4046	406	1663	1738	402	114	189	21	282	142	18	403	0	19	82	143	0	0	0	0	0	0	0	0	0	0	0	0	0	0	0	0	0	0	0	0	0	0	0	0	0
Zotu8609	127	21	284	1107	931	6	0	41	0	0	0	0	3	2	1	1159	0	112	0	0	0	0	0	0	0	0	0	0	0	0	0	0	0	0	0	0	0	0	0	0	0	0	0	0	0	0	0	0	0	0	0	0	0	0	0	0	0	0	0	0	0	0	0	0	0	0	0	40	113	0	0	0	0	0	0	0	0	0	0	11	0	0	0	0	0	0	0	0	0	0	0	0	0	0	0	0	0	0	0	2	0	0	0	0	0	0	0	0	0	0	0	0	0
Zotu7398	1	1	2381	1374	38	0	1	51	0	0	0	549	0	364	1137	0	733	2721	0	1	0	0	49	0	1	0	0	0	0	0	0	0	1	1	0	0	0	0	0	0	1	0	0	0	7	99	1	0	0	3	0	1	3	6	170	243	0	2	1	5	0	0	0	0	3	3	1	42	1	1	9	53	794	969	149	1912	511	372	521	954	205	526	490	594	392	193	42	283	0	0	0	0	0	278	0	0	0	0	0	1	161	0	0	0	0	0	0	3228	2736	0	0	400	131
Zotu7	89	495	860	63	455	9	25	49	130	553	0	342	871	0	0	0	0	0	72	0	0	0	0	41	0	0	0	0	0	0	0	0	0	0	0	0	0	0	0	0	0	1	0	0	0	0	0	0	0	0	0	0	0	0	960	0	0	128	0	0	0	0	0	0	0	0	0	0	0	0	0	0	0	0	0	0	0	0	0	0	0	0	0	0	0	0	0	0	0	0	0	0	0	0	0	0	0	0	0	0	0	0	0	0	0	0	0	0	0	0	0	0	0
Zotu9925	241	236	147	367	398	7	0	17	0	0	0	0	3	1	0	508	0	285	0	0	0	0	0	0	0	0	0	0	0	2	0	0	0	0	0	0	1	0	0	7	0	0	2	0	0	0	0	0	0	0	0	0	0	0	0	0	0	0	0	0	1	0	1	0	0	0	0	54	52	0	0	0	0	0	0	2	0	0	0	0	0	0	0	0	7	0	0	0	0	0	0	0	1	0	0	0	1	0	0	94	0	0	0	0	0	0	0	0	0	0	0	1	0
Zotu5279	57	0	225	110	8530	1441	0	0	0	0	0	0	0	0	0	0	0	0	0	0	0	0	0	0	11	0	0	0	0	0	0	0	0	0	0	0	0	0	0	1	0	0	0	0	0	0	0	0	0	0	0	0	0	7	0	50	4	27	0	0	0	0	0	0	0	0	0	0	0	0	0	0	0	0	0	0	0	0	0	0	0	0	0	0	0	0	0	0	0	0	0	0	0	0	0	0	0	0	0	0	0	0	0	0	0	0	0	0	0	0	0	0	87
Zotu47	112	297	0	167	171	0	82	98	0	466	0	1865	259	2	0	0	0	236	0	0	0	3	0	4	40	0	0	0	810	0	0	0	1248	1433	0	0	0	1	0	69	0	0	0	0	0	0	0	12	21	131	42	532	141	0	8	0	0	56	15	18	0	0	0	0	4	0	0	0	0	0	8	9	0	0	1	9	12	1	0	5	5	66	0	0	0	36	0	1	0	0	0	1	0	0	0	0	0	0	0	0	0	0	0	0	0	0	0	0	0	0	0	0	0
Zotu9662	102	0	0	0	51	0	0	0	0	0	0	0	0	0	0	0	0	0	0	0	0	0	0	0	0	0	0	0	0	0	0	0	0	0	0	0	0	0	26	19	0	10	0	0	0	53	0	0	0	0	0	0	0	0	0	0	0	0	0	0	0	0	0	0	0	0	0	0	0	0	0	0	0	0	0	0	0	0	0	0	0	0	0	0	0	0	0	0	0	0	0	0	0	0	0	0	0	0	0	0	0	0	0	0	0	0	0	0	0	0	0	0	0
Zotu10606	47	417	293	0	0	62	80	26	84	107	0	0	0	0	0	101	0	101	0	0	0	0	0	0	0	0	0	0	0	0	0	0	0	0	380	1	0	0	2	0	0	0	0	0	0	0	0	708	184	299	594	591	32	0	0	0	0	0	1	0	0	1	1	0	7	21	10	43	40	35	0	12	0	0	0	0	0	0	0	166	53	70	47	24	7	3	13	2	0	0	577	0	0	0	0	0	0	0	0	0	37	0	0	264	0	0	0	357	100	0	0	0	0
Zotu8906	120	0	206	105	5967	144	0	0	0	0	0	0	0	0	0	0	0	0	0	0	0	0	0	0	0	0	0	0	0	0	0	0	0	0	0	0	0	0	0	0	0	0	0	0	0	0	0	0	0	0	0	0	0	3	0	24	20	5	0	0	0	0	0	0	0	0	0	0	0	0	0	0	0	0	0	0	0	0	0	0	0	0	0	0	0	0	0	0	0	0	0	0	0	0	0	0	0	0	0	0	0	0	0	0	0	0	0	0	0	0	0	0	57
Zotu11850	37	0	0	13	0	0	0	0	0	0	0	0	0	0	0	0	0	0	0	0	0	0	0	0	0	0	0	0	0	0	0	0	0	0	0	0	0	0	0	0	0	0	0	0	0	0	0	0	0	0	0	0	0	0	1	0	0	0	0	0	0	0	0	0	0	0	0	0	1	0	0	0	0	3	0	0	0	0	0	0	0	0	0	0	0	0	0	0	0	0	0	0	0	0	0	0	0	0	0	0	0	0	0	0	0	0	0	0	0	0	0	0	0
Zotu8049	38	191	814	0	149	0	0	0	0	0	0	0	0	0	1	0	0	0	0	0	0	0	0	0	0	0	0	0	0	0	0	0	0	0	0	0	0	0	0	0	0	0	0	0	0	0	0	0	0	0	0	0	0	23	3	14	523	384	89	0	0	0	0	0	0	0	0	0	0	0	0	0	0	0	0	0	0	0	0	0	0	0	0	0	0	0	0	0	0	0	0	0	0	0	0	0	0	0	0	0	0	0	0	0	0	0	0	0	0	0	0	0	886
Zotu8668	195	1151	188	1067	638	587	470	129	6	0	273	55	35	85	7	1	18	5	104	597	235	541	134	1328	14	5108	0	18	797	2124	4670	270	114	1647	0	750	0	16	88	233	0	62	0	0	165	0	0	8	517	16	0	0	198	0	0	2	0	2	0	0	0	0	0	0	1	1	4	0	2	1	1	0	4	1	1	2	5	2	3	70	0	0	1	0	0	0	0	2	0	0	414	0	0	1	0	125	641	923	0	1	2	0	0	0	0	0	1229	0	0	0	0	645	0
Zotu9431	68	0	0	0	355	0	197	5	71	0	0	0	337	0	0	159	0	0	0	0	0	0	0	0	0	0	0	0	0	0	0	0	0	0	0	0	0	0	0	0	0	0	0	0	0	0	0	770	0	517	1416	148	663	0	0	616	1279	2319	0	0	0	51	0	0	0	1	0	0	0	0	0	0	0	0	0	0	0	0	0	0	0	0	0	0	0	0	0	0	0	0	0	0	0	0	0	0	0	0	0	0	0	0	0	0	0	0	0	0	0	0	0	0	0
Zotu9266	9	0	292	14	13	1	0	0	0	0	0	0	10	0	1	0	2	0	0	0	0	0	0	1	2	0	0	0	7	1	1	3	3	0	0	8	0	1	0	0	0	0	0	0	0	0	0	0	0	0	0	0	0	0	0	0	0	0	0	0	0	0	0	0	1	0	0	2	4	1	1	1	0	0	1	0	0	0	0	0	3	1	1	0	1	0	0	0	0	0	0	0	0	0	0	0	0	0	0	0	0	0	0	0	0	0	0	0	0	0	0	0	0
Zotu8275	40	12	47	0	0	50	113	0	0	0	0	0	0	0	0	0	0	29	6	0	181	88	22	9	3	52	8	0	0	0	89	0	0	0	0	1	0	0	0	0	0	0	0	0	0	0	0	34	1	18	22	1	23	0	0	0	0	0	0	34	0	17	0	184	10	34	0	0	0	0	0	1	0	8	0	0	0	0	0	0	1	0	0	0	0	0	0	0	0	0	0	0	0	0	0	0	0	0	0	0	0	0	0	0	0	0	0	0	0	0	0	0	0
Zotu6742	28	122	16	5	6	7	0	9	0	17	0	0	0	0	0	0	0	0	0	24	0	0	0	1	0	0	0	0	0	0	0	0	0	0	0	0	0	0	0	1	5	0	0	0	0	0	0	0	0	0	0	0	0	0	0	2	2	18	1	0	0	0	0	0	0	0	0	0	0	0	7	1	0	0	0	0	1	0	0	1	0	0	0	0	0	0	0	0	0	0	0	0	0	0	0	0	0	0	0	0	0	0	0	0	0	0	0	0	0	0	0	0	0
Zotu9657	49	0	928	0	0	59	0	0	0	0	0	0	0	0	1	0	0	0	0	0	0	0	0	0	0	0	0	0	0	0	0	0	0	0	0	0	0	0	0	0	0	0	0	0	0	0	0	0	0	0	0	0	0	0	0	0	0	0	0	0	0	0	0	0	0	0	0	0	0	0	0	0	0	0	0	0	0	0	0	255	0	0	0	0	0	0	0	0	0	0	0	0	0	0	0	0	0	0	0	0	0	0	0	0	0	0	0	46	30	0	0	0	17
Zotu9818	46	0	0	0	0	0	0	0	0	0	0	0	0	0	0	0	0	0	0	0	0	0	0	0	0	0	0	0	0	0	0	0	0	0	0	44	0	0	0	0	0	0	10	0	4	0	0	0	0	0	20	0	0	0	0	0	0	26	0	0	0	0	0	0	0	0	0	0	0	0	4	6	9	0	0	0	0	0	11	0	5	0	0	0	0	0	0	0	0	0	0	0	0	0	0	0	0	0	0	0	0	0	0	0	0	0	0	0	0	0	0	0	0
Zotu7494	69	367	191	23	157	0	0	0	0	0	0	0	0	29	0	0	0	0	0	0	27	5	23	13	0	0	0	0	0	0	0	0	0	0	0	0	0	0	0	33	17	0	0	0	0	0	0	0	0	0	7	0	0	0	0	0	0	3	0	0	0	0	0	0	0	0	0	0	0	0	42	1	5	10	6	0	0	0	0	0	0	4	0	20	0	0	0	0	0	0	0	0	0	0	0	0	0	0	0	0	0	0	0	0	0	0	0	0	0	0	0	0	0
Zotu9117	3	1	1	0	0	0	6	5	6	13	2	6	786	0	89	0	2	56	3	5	2	14	2	1	543	0	228	165	161	788	6	0	0	3	3	14	194	1	49	7	1	0	39	0	0	0	2	16	2	42	203	20	4	37	0	3	1	108	1665	131	5	2	4	13	269	82	86	242	192	261	2	2	4	2	2	8	6	3	3	3	0	0	1	1	2	2	3	5	661	856	606	71	11	85	113	125	193	503	321	4	2	88	0	2	711	189	24	1	68	210	12	27	1
Zotu6953	12	0	0	0	0	33	5	0	23	0	0	0	74	10	95	0	0	8	0	0	0	0	0	0	218	0	88	68	57	344	0	1	0	0	0	0	53	0	19	0	0	1	31	0	0	0	0	21	8	59	88	56	2	35	0	0	0	64	799	121	0	0	18	18	165	42	62	201	129	139	0	5	0	0	0	0	0	0	0	36	0	0	0	0	0	0	2	0	5	4	4	0	108	151	0	0	1	0	0	0	0	47	0	0	641	59	0	0	0	424	388	1	0
Zotu9822	51	136	1	0	1	1	89	90	623	0	0	0	0	0	104	892	0	59	0	0	0	0	0	0	0	0	0	0	0	0	0	0	0	1	2	0	0	0	0	0	1	0	0	0	0	0	0	286	47	142	136	198	13	0	0	0	0	0	0	0	0	2	0	1	1	5	4	73	59	10	0	0	0	0	0	0	0	0	0	1	0	67	10	41	5	9	26	10	0	0	478	0	0	0	0	0	0	0	0	0	14	0	0	198	0	73	0	28	91	0	0	0	0
Zotu9016	17	0	0	12	186	369	9	5	42	2530	495	553	214	0	545	0	64	180	2022	773	153	1030	25	30	299	0	108	280	108	485	0	242	55	44	60	27	84	6	134	64	41	32	64	46	1	22	91	22	34	53	161	186	13	42	0	1	0	101	1134	248	0	0	31	58	306	63	70	111	214	241	0	0	0	0	0	0	0	0	0	14	4	0	0	0	0	0	0	0	493	191	111	45	110	290	103	28	632	88	265	39	11	20	0	4	734	285	15	8	100	396	152	498	0
Zotu9058	10	0	0	0	93	0	0	0	0	0	2031	93	102	0	0	0	384	0	196	1176	650	249	28	0	0	0	0	0	0	0	0	0	0	0	0	0	0	0	0	0	0	0	0	0	0	0	0	0	0	0	0	0	0	0	0	0	0	0	0	0	0	0	0	0	0	0	0	0	0	0	0	0	0	0	0	0	0	0	0	0	0	0	0	0	0	0	0	0	0	0	0	0	0	0	0	0	0	0	0	0	0	0	0	0	0	0	0	0	0	0	0	0	0
Zotu699	3	101	0	23	0	2	0	0	0	0	1131	22	2	1	0	0	0	0	17	0	3	171	0	3	0	0	1	0	0	0	0	176	0	0	1	12	1	10	12	61	0	106	0	0	0	0	0	0	4	0	0	0	0	0	0	0	1	3	20	9	0	1	0	2	8	38	4	30	14	3	1	0	2	38	13	0	22	0	115	345	161	254	0	0	0	24	232	7	237	26	60	0	0	2	77	0	1	5	0	541	0	1	0	28	0	40	0	0	0	2143	903	0	0
Zotu6604	29	0	22	200	0	1	0	0	0	0	0	0	1	0	0	3	0	0	0	0	0	0	0	0	0	0	0	0	0	0	0	0	0	0	0	0	0	0	0	0	0	0	0	0	0	0	0	0	0	0	0	0	0	0	0	0	0	0	0	0	0	0	0	0	0	0	0	0	5	0	0	0	0	0	0	0	0	0	0	0	0	0	0	0	0	0	0	0	0	0	0	0	0	0	0	0	0	0	0	4	0	0	0	0	0	0	0	0	0	0	0	0	0
Zotu6104	26	179	0	291	0	25	0	0	0	0	19	2108	834	0	0	0	0	16	1051	0	0	27	0	0	0	0	0	0	0	0	0	166	0	0	0	0	1	0	7	100	0	126	0	0	0	0	0	0	17	0	0	0	0	0	0	0	0	0	22	15	0	0	0	0	13	20	0	37	31	13	0	0	3	18	3	0	1	1	46	69	54	38	0	0	0	0	37	3	309	0	0	0	0	0	0	0	28	111	0	132	0	0	0	1	0	43	0	8	0	1135	1	0	0
Zotu6611	3	0	17	1	0	2	0	0	0	0	0	0	0	0	0	0	0	0	0	0	0	0	0	0	16	0	44	432	5	65	0	7	29	3	3	7	5	3	7	10	27	10	5	15	0	0	2	51	0	6	4	0	0	0	0	395	0	0	0	0	0	0	0	0	13	67	9	39	61	39	0	0	0	0	0	0	0	0	0	0	0	0	0	0	0	0	0	0	4	356	23	14	5	124	172	86	164	6	118	71	157	341	64	15	4	32	55	6	3	2	5	10	0
Zotu6781	38	0	0	0	0	0	0	0	0	85	0	0	0	0	0	0	0	0	0	0	7	0	0	0	0	0	0	0	0	0	0	0	0	0	0	0	0	0	0	0	0	0	0	0	0	0	0	0	0	0	0	0	0	0	0	0	0	0	0	0	0	0	0	0	0	0	0	0	0	0	0	0	0	0	0	0	0	0	0	0	0	0	0	0	0	0	0	0	0	0	0	0	0	0	0	0	0	0	0	0	0	0	0	0	0	0	0	0	0	0	0	0	0
Zotu9747	16	0	0	0	1	29	15	0	23	0	1	1	1	0	0	0	0	0	4	0	0	0	0	0	3	0	1	41	2	1	0	1	0	0	0	0	0	0	1	0	0	1	1	0	0	1	0	0	0	0	63	3	0	1	0	0	0	16	38	0	0	0	0	4	5	0	0	6	7	3	0	0	0	0	0	0	0	0	0	1	0	0	0	0	0	0	0	0	398	172	204	0	0	0	0	1	264	0	0	0	62	9	0	0	1	4	0	0	0	0	0	0	0
Zotu8608	2	4	0	20	13	0	0	23	0	476	0	275	0	0	0	0	32	0	0	0	0	0	0	0	0	0	0	0	0	0	0	0	0	1	0	0	0	0	0	0	0	0	0	0	0	0	0	0	0	0	4	0	32	0	2	2	0	0	0	0	0	0	0	0	0	0	0	0	0	0	0	0	0	0	0	0	0	0	0	108	58	233	0	40	12	15	0	0	0	0	0	0	0	0	0	0	0	0	0	0	0	0	0	0	0	0	0	0	0	0	0	0	0
Zotu8493	18	2	3	0	2	0	0	0	0	0	0	0	528	101	0	0	0	143	0	17	0	0	0	0	0	0	0	0	0	0	0	0	0	0	0	0	0	0	0	0	0	0	0	0	0	0	0	0	0	0	0	0	0	0	0	0	0	0	0	0	0	0	0	0	0	0	0	3	0	0	0	0	0	0	0	0	0	0	0	0	0	0	0	0	0	0	0	0	0	0	0	0	0	0	0	0	0	0	0	74	0	0	0	0	0	0	0	0	0	0	0	0	0
Zotu909	3	0	0	0	0	0	1	0	0	818	0	0	0	0	0	0	0	0	0	0	0	0	0	0	20	120	84	0	0	0	0	37	21	0	0	29	12	12	16	334	119	176	0	7026	137	97	1462	0	0	0	0	0	0	3	3	0	15	39	8	115	54	82	18	36	0	0	0	0	0	0	0	0	0	0	0	0	0	0	0	0	0	0	0	0	0	0	0	0	0	0	0	0	0	0	17	0	771	801	0	0	0	194	0	1101	8016	455	0	0	0	438	0	0	52
Zotu6530	4	17	2	1	3	2	31	0	169	37	0	0	0	9	0	4	3	12	0	248	5	4	0	3	0	2	0	0	0	0	1	0	1	0	0	1	0	0	0	0	0	0	0	0	0	1	0	3	0	2	2	0	0	0	0	11	0	0	64	13	6	23	47	86	11	15	0	6	2	4	0	12	0	1	0	0	0	2	2	4	0	0	1	4	3	0	0	1	0	0	0	0	0	0	6	0	0	0	0	0	0	0	0	0	0	0	33	1	0	0	0	0	15
Zotu8211	2	2	0	0	0	0	0	0	0	0	0	0	0	0	0	0	0	0	0	1	0	0	0	0	0	0	0	0	0	0	0	0	0	0	0	657	0	0	0	0	0	0	169	0	0	0	78	0	0	0	0	0	0	0	0	0	0	0	0	0	0	0	0	0	0	0	0	0	0	0	0	0	0	0	0	0	0	0	0	0	0	0	0	0	0	0	0	0	211	0	0	0	179	282	12	370	923	0	0	0	901	0	1041	0	130	0	0	0	0	0	649	0	0
Zotu6292	3	51	1	113	0	16	72	58	61	0	129	331	179	92	0	0	1	0	3	0	2	3	0	1	2	3	1	0	0	0	1	0	0	0	0	0	0	0	0	0	0	0	1	0	0	0	0	1	1	10	5	1	0	1	18	1	0	0	6	14	5	11	21	52	9	9	12	0	0	1	1	1	1	3	1	0	2	0	1	2	1	0	0	0	8	1	0	0	0	0	0	0	0	0	0	0	0	3	0	0	0	0	9	0	0	0	4	0	73	0	0	5	17
Zotu9127	1	3	2	2	0	6	68	2	1	0	3	1	345	3	0	1	3	106	4	0	1	1	0	0	7	5	1	0	0	0	4	0	0	0	0	0	0	0	0	0	0	0	0	0	0	0	0	4	0	2	4	0	1	1	0	0	0	0	2	13	0	2	0	85	8	7	0	2	1	4	0	2	0	0	0	0	1	1	0	0	1	1	1	0	6	0	0	1	0	5	0	0	0	0	0	0	0	0	0	0	2	0	1	0	0	0	1	1	0	0	0	0	0
Zotu867	4	25	0	3	0	0	0	2	1	2	0	70	0	9	9	2	0	3	0	0	0	0	0	4	26	0	0	0	450	0	0	0	376	416	0	0	0	0	5	48	0	0	0	0	0	0	0	32	744	1108	2	69	36	0	38	6	0	3	152	60	0	0	0	0	0	0	0	0	0	0	0	0	0	1	3	0	39	5	21	1	14	16	0	0	2	10	1	4	0	0	0	0	0	0	0	0	32	0	0	8	0	0	0	0	0	0	1	0	1	0	0	0	2
Zotu9453	1	0	0	0	0	0	0	0	0	0	0	0	0	0	0	0	0	0	0	0	0	0	0	0	0	290	0	0	167	0	123	157	0	0	0	587	0	0	0	0	0	0	0	0	47	0	0	0	0	0	1	0	0	0	0	10	1	73	0	0	0	0	0	0	637	791	591	46	3	540	133	18	549	224	826	95	13	79	338	204	49	53	1	2	0	2	1	1	0	0	0	0	0	0	0	0	0	0	0	0	0	0	0	0	0	0	0	0	0	0	0	0	0
Zotu8769	1	1	0	0	0	0	0	2	0	0	0	1	0	1	9	0	0	5	0	0	0	1	1	1	164	0	0	0	44	0	0	0	39	9	0	0	0	0	3	2	0	0	0	0	0	0	0	3	30	27	0	7	4	1	3	2	0	1	21	23	0	0	0	0	0	0	0	0	0	0	0	1	0	0	0	0	2	0	2	0	1	5	2	0	1	0	0	0	0	0	0	0	0	0	0	0	0	0	0	0	0	0	0	0	0	0	0	0	0	0	0	0	1
Zotu9814	4	8	0	2	0	0	2	21	119	1	0	5	5	279	4	55	0	114	0	2	2	8	1	25	821	0	0	0	155	0	0	0	2150	11	0	0	0	40	38	1	39	0	0	0	0	0	0	255	1069	2276	29	938	271	7	356	138	0	80	1616	708	0	0	0	0	0	0	0	0	2	0	1	0	0	14	9	11	32	41	51	0	24	4	0	5	4	2	3	10	0	0	0	18	0	0	0	0	0	0	0	48	0	0	0	0	0	0	216	0	0	0	0	0	21
Zotu11424	3	0	0	0	0	0	0	0	0	0	0	0	0	0	0	0	0	1	0	0	0	0	0	0	2	0	0	0	1	0	0	0	2	1	0	0	0	0	57	0	0	0	0	0	0	0	0	226	361	536	0	246	1	0	256	0	0	0	912	625	0	0	0	0	0	0	0	0	0	0	0	0	0	0	0	0	29	23	32	0	0	0	0	0	0	0	0	0	0	0	0	0	0	0	0	0	0	0	0	0	0	0	0	0	0	0	0	0	0	0	0	0	78
Zotu7454	1	85	1	0	2	0	4	72	132	0	0	2	61	271	514	36	0	90	0	0	0	84	3	0	473	0	0	0	5	0	0	0	39	1	0	0	0	11	1	0	0	0	0	0	0	0	0	56	123	234	0	219	15	0	15	13	0	3	485	130	0	0	0	0	35	0	0	0	0	0	0	0	0	1	0	1	3	4	5	0	1	0	0	0	0	2	0	0	0	0	0	99	0	0	0	0	0	0	0	25	0	0	0	0	0	0	31	0	0	0	0	0	1
Zotu8385	2	0	0	50	0	0	23	16	0	0	0	0	0	0	0	33	0	0	0	550	0	47	8	0	0	0	0	0	0	0	0	0	0	0	0	0	0	0	0	0	0	0	0	0	0	0	0	0	0	0	0	0	0	0	0	0	0	0	0	0	0	0	0	0	0	0	0	0	0	0	0	0	0	0	0	0	0	0	0	0	0	0	0	0	0	0	0	0	0	0	0	0	0	0	0	0	0	0	0	0	0	0	0	0	0	0	0	0	0	0	0	0	0
Zotu871	1	285	0	1	0	0	0	0	2	0	0	420	0	5	0	0	0	18	0	0	0	0	0	2	13	0	0	0	4	0	0	0	8	1	0	0	0	0	34	0	0	0	0	0	0	0	0	212	760	40	0	148	2	0	198	3	0	2	39	693	0	0	0	0	0	4	0	0	0	0	0	0	0	1	1	4	23	0	5	17	4	82	5	0	0	30	0	5	0	0	0	0	0	0	0	0	0	0	0	0	0	0	0	0	0	0	0	0	0	0	0	0	34
Zotu9609	1	0	1174	1	0	0	1	0	0	0	0	0	0	0	1	1	0	0	0	0	0	0	1	0	20	0	24	0	55	3256	0	51	0	613	0	0	116	0	113	2147	81	224	102	0	0	78	0	0	0	0	0	0	0	0	0	0	0	0	0	0	145	57	403	137	25	16	0	0	0	9	0	0	0	0	0	0	0	0	0	22	0	0	12	0	0	0	0	0	0	453	342	0	4668	166	629	0	1340	686	10	644	0	1	2140	7368	0	0	0	94	610	0	0	2803	0
Zotu8381	1	3	0	1	1	0	0	1	0	0	0	3	0	10	1	0	0	4	0	0	359	112	9	1	26	0	0	0	7	0	0	0	98	3	0	0	0	0	0	5	0	0	0	0	0	0	0	6	14	6	0	34	3	0	1	8	0	2	32	14	0	0	0	0	0	0	0	0	0	0	0	1	0	2	0	2	1	1	0	0	0	1	0	0	2	1	0	1	0	0	0	0	0	0	0	0	0	0	0	0	0	0	0	0	0	0	0	0	0	0	0	0	0
Zotu4273	1	197	2	3	0	0	0	5	144	0	0	0	0	569	0	165	0	0	0	1732	0	0	0	0	0	0	0	0	0	0	0	0	0	0	0	0	0	0	0	0	0	0	0	0	0	0	0	0	0	0	0	0	0	0	0	0	0	0	0	0	0	0	0	0	0	0	0	0	0	0	0	0	0	0	0	0	0	0	0	0	0	0	0	0	0	0	0	0	0	0	0	0	0	0	0	0	0	0	0	11	0	0	0	0	0	0	0	0	0	0	0	0	0
Zotu6518	1	679	0	2	54	0	49	0	0	0	0	0	0	0	0	0	52	0	0	5	315	151	0	22	0	0	0	0	0	0	0	0	0	112	0	31	0	0	0	23	0	0	0	0	0	0	0	0	0	0	0	0	2	0	0	1	0	0	0	1	0	11	0	0	125	83	35	43	0	19	0	72	0	0	0	0	0	3	1	3	3	1	14	7	10	0	0	3	0	0	0	0	0	0	0	0	0	0	0	0	0	0	0	0	0	0	0	0	0	0	0	0	0
Zotu926	3	0	2	1	0	5	0	0	0	0	0	0	0	0	1	1	1	0	0	0	0	1	0	0	259	43	482	749	447	332	8	195	183	426	261	550	332	88	494	1099	232	956	22	1145	10	54	197	44	4	4	19	0	5	1	0	358	0	2	0	1	1	1	1	0	8	28	3	16	17	11	0	0	0	0	0	0	0	0	0	0	0	0	0	0	0	0	0	1	32	837	368	114	710	960	203	420	768	348	74	2	489	247	367	395	120	38	174	140	121	94	118	110	0
Zotu11277	2	68	0	17	77	1	6	0	0	0	0	1	0	0	0	2	5	6	0	0	1	1	0	3	1	1	0	0	0	0	1	0	0	0	0	3	0	0	0	3	0	0	0	0	0	0	0	0	0	1	0	0	0	24	0	49	0	0	3	9	0	4	0	26	19	35	22	5	0	5	0	65	0	0	0	0	6	10	9	9	10	7	2	21	94	0	0	15	0	1	0	0	0	0	0	0	0	0	0	0	0	0	1	0	0	0	0	0	0	0	0	0	24
Zotu5917	2	0	5	0	0	3	0	0	0	0	0	2	0	0	0	0	0	0	0	0	0	0	0	0	4	0	81	0	0	1	0	0	5	0	0	0	0	0	0	0	0	2	7341	0	0	0	0	2	1	1	2	0	0	0	0	0	0	0	0	0	0	0	0	0	3	9	1	11	9	9	0	0	0	0	0	0	0	0	0	0	0	0	0	0	0	0	0	0	0	0	1	0	0	1	0	4	2	1	0	0	1	0	1	2	0	0	1	0	0	0	1	1	0
Zotu97	0	370	0	67	1	0	0	61	0	128	0	820	0	12	3	0	0	8	0	0	0	32	0	121	549	0	0	0	74	0	0	0	2010	838	0	0	0	1	1	0	7	0	0	0	0	0	0	12	41	65	1	328	5	18	11	0	0	0	39	56	0	0	0	0	3	0	0	1	0	0	1	2	0	0	1	2	2	0	1	0	0	2	0	0	0	4	1	0	0	0	6	26	0	0	0	0	0	0	0	0	0	0	0	0	0	0	1	0	0	0	0	0	0
Zotu8265	0	1	0	0	0	3	1	0	3	2	3	3	8	0	1	1	0	5	0	0	0	0	0	0	2	0	1	1	0	2	9	6	2	0	1	6	4	0	3	4	5	2	0	29	4	0	0	1	0	0	0	0	0	0	0	0	0	0	1	0	0	0	0	2	20	7	5	2	12	3	2	0	0	1	1	1	1	0	0	2	0	2	0	0	2	0	1	1	11	12	13	1	4	9	9	1	6	11	10	2	2	21	9	9	21	4	2	0	0	11	16	5	0
Zotu9551	0	920	672	309	263	0	0	9	100	0	309	0	275	1	1	286	0	2312	21	1	0	150	0	0	0	0	0	0	1	1	2	0	0	2	50	29	1549	1666	2992	0	30	0	1	0	41	0	0	0	1	0	1	0	1	1404	0	3213	2688	3616	0	0	0	2	1	1	230	395	361	943	3232	350	0	12	1	0	0	1	69	0	24	3	1	0	1341	79	341	0	0	462	0	0	0	0	0	0	0	94	0	748	822	2	1	262	228	389	241	0	66	426	0	0	0	541	1433
Zotu5191	0	27	0	41	0	0	38	0	0	32	334	509	218	0	0	0	0	0	401	0	0	66	0	0	1	0	0	0	0	0	0	5	0	0	0	0	0	0	0	4	0	6	2	0	0	11	0	0	0	0	0	0	0	0	0	0	0	0	14	4	0	0	0	0	2	21	4	1	2	0	0	0	0	7	3	0	3	0	27	53	32	22	0	0	0	0	17	2	442	0	0	0	0	0	227	0	83	0	0	68	0	0	0	0	0	18	0	76	1	1025	0	0	0
Zotu8651	0	65	0	0	0	0	10	0	179	11	0	0	0	10	0	2	70	4	0	0	1	0	0	6	0	0	0	0	0	0	1	0	0	0	0	0	0	0	0	1	0	0	0	0	0	0	0	0	1	0	0	0	0	0	0	0	0	0	2	1	0	47	0	3	7	1	0	0	0	0	2	0	1	0	0	0	0	0	0	0	0	0	0	0	0	0	0	0	0	1	0	0	0	0	0	0	0	0	0	0	0	0	0	0	1	0	2	0	1	0	0	0	0
Zotu7003	0	92	116	0	0	0	0	0	0	0	0	0	0	0	0	0	0	0	0	0	0	23	0	0	0	0	0	0	0	0	0	125	1	0	0	5	0	0	4	32	0	118	0	0	0	7	0	0	0	0	0	0	0	0	0	0	0	0	19	6	0	0	0	0	0	9	0	0	0	4	0	0	0	0	0	0	0	0	0	21	1	0	0	0	0	0	0	0	0	0	0	0	0	0	5	0	0	7	0	81	0	24	0	0	0	1	0	0	0	7	0	0	0
Zotu974	0	53	182	131	1	0	0	0	0	0	0	0	73	1	0	0	0	66	1	0	0	0	0	0	0	0	0	0	0	0	0	0	0	0	0	0	99	230	261	0	0	0	0	0	0	0	0	0	0	0	0	0	0	176	0	390	332	476	0	0	0	0	0	0	10	114	105	225	461	69	0	0	0	0	0	0	0	0	0	0	0	0	103	6	16	0	1	70	0	0	0	0	0	0	0	0	0	0	0	33	0	0	355	1	0	0	242	0	0	0	0	1	181
Zotu63	0	56	139	0	41	550	0	0	7	0	0	0	209	0	0	0	0	0	250	0	193	209	64	17	0	0	0	0	0	0	0	0	0	0	0	0	0	0	0	0	4	0	0	505	0	0	50	0	0	0	0	0	0	0	0	0	0	0	0	0	0	0	0	0	9	25	15	81	22	55	8	28	23	2	68	21	151	7	8	29	0	55	6	3	69	0	40	18	0	0	0	0	138	0	0	72	0	0	0	0	101	0	0	3790	49	52	0	1	117	0	0	400	0
Zotu9979	0	14	46	0	34	0	0	2	0	0	0	0	0	28	0	40	100	0	0	0	111	36	0	102	0	0	0	0	0	0	0	0	0	0	0	0	0	0	0	0	0	0	0	0	0	0	0	0	0	0	0	0	0	0	0	0	0	0	0	0	0	0	0	0	0	0	0	0	0	0	0	0	0	0	0	0	0	0	0	0	0	0	0	0	0	0	0	0	0	0	0	0	0	0	0	0	0	0	0	0	0	0	0	0	0	0	0	0	0	0	0	0	0
Zotu8271	0	9	3	0	1	0	0	0	8	2	17	5	4	0	2	3	0	1	0	0	0	0	8	0	0	0	0	0	0	0	0	3	0	1	0	1	0	0	0	0	1	0	0	2	0	0	0	0	0	0	0	0	0	0	0	0	0	0	0	0	0	0	0	0	1	1	0	0	3	1	0	5	3	0	1	0	0	0	1	0	0	0	0	0	0	0	0	0	0	2	1	0	41	0	51	18	107	2	1	1	0	0	39	0	0	1	1	0	0	0	0	3	0
Zotu9843	0	7	0	2	0	0	4	89	152	0	0	2	0	76	141	155	0	0	0	0	0	2	0	46	33	0	0	0	795	0	0	0	142	19	0	2	0	0	2	5	0	0	0	0	0	0	0	11	197	567	0	33	14	0	3	3	0	5	34	30	0	0	0	0	0	0	0	0	0	0	0	0	0	0	0	0	5	0	2	0	2	3	0	0	0	3	0	0	0	0	0	0	0	0	0	0	0	0	0	2	0	0	0	0	0	0	0	0	1	0	0	0	2
Zotu8670	0	6	0	0	0	0	0	0	0	0	0	0	0	0	0	0	0	0	0	0	0	0	0	0	0	0	0	0	0	0	0	0	0	0	0	81	0	0	0	0	0	0	63	0	0	0	15	0	0	0	0	0	0	0	0	0	0	0	0	0	0	0	0	0	0	0	0	0	0	0	0	0	0	0	0	0	0	0	0	0	0	0	0	0	0	0	0	0	9	0	108	0	5	0	0	47	336	0	0	0	48	0	63	0	0	0	0	0	0	0	34	0	0
Zotu2755	0	4	157	57	289	321	325	370	1176	1203	624	641	132	69	938	1110	100	1185	2446	428	376	1067	86	242	0	0	0	0	0	0	0	0	0	0	0	0	0	0	0	0	0	0	0	0	0	0	0	0	0	0	0	0	0	0	0	0	0	2	0	0	0	0	0	0	0	0	0	0	0	0	275	189	279	547	1121	1204	171	75	90	13	189	66	37	81	0	19	37	92	0	0	0	0	0	0	0	0	0	0	0	0	0	0	0	0	0	0	0	0	0	0	0	0	0
Zotu8522	0	1	0	0	0	0	0	1	0	1	0	0	0	1	0	45	0	0	0	0	0	0	0	0	0	0	0	0	0	0	0	0	0	0	2	0	0	0	0	0	0	0	0	0	0	0	0	86	27	35	53	71	5	0	0	0	0	0	0	0	0	0	0	5	3	1	0	10	9	0	0	0	0	0	0	0	0	0	0	1	0	0	0	0	1	0	0	1	0	0	3	0	0	0	0	0	0	0	0	0	0	0	0	1	0	0	0	195	1	0	0	0	0
Zotu5533	0	7	3	2	1	0	0	0	0	0	1	0	0	0	0	1	0	2	0	0	0	0	0	0	0	0	0	0	0	0	0	0	0	0	0	0	13	14	37	0	1	0	0	0	1	0	0	0	0	0	0	0	0	23	0	39	513	38	0	0	0	0	0	0	2	11	10	15	39	9	0	0	0	0	0	0	4	0	0	0	0	0	19	3	5	0	0	16	0	0	0	0	0	0	0	0	0	0	0	0	0	0	0	3	0	0	0	0	0	0	0	0	28
Zotu7124	0	1	46	19	0	1	0	0	0	0	0	0	261	0	0	0	0	0	0	0	0	0	0	1	0	0	0	0	3	0	0	0	0	0	0	0	0	0	0	0	0	0	0	0	0	0	0	3	23	4	0	102	7	0	0	0	1	0	0	66	0	0	0	6	0	0	0	0	0	0	0	2	0	1	0	0	0	2	0	0	36	0	0	0	0	0	0	0	0	0	0	0	0	0	0	0	0	0	0	0	0	0	1	0	0	0	0	239	0	0	0	0	0
Zotu9272	0	7	0	0	0	32	36	0	0	1	0	25	0	131	0	0	0	1076	0	0	0	0	0	58	49	0	0	0	96	0	0	0	98	3	0	0	0	1	0	0	0	0	0	0	0	0	0	6	60	53	3	9	5	0	17	0	0	0	7	71	0	0	0	0	12	0	0	19	0	0	20	26	0	3	2	9	1	0	5	0	1	1	0	0	0	0	0	0	0	0	0	0	0	0	0	0	0	0	0	0	0	0	0	0	0	0	1	0	0	0	0	0	0
Zotu9504	0	3	0	1	0	0	1	2	1	0	0	1	0	2	3	5	0	0	0	0	0	0	1	0	71	0	0	0	837	0	0	0	3236	438	0	59	0	0	2	30	0	0	0	0	0	0	0	5	8	33	5	38	20	12	5	6	0	6	51	23	0	0	0	0	0	0	0	0	0	0	0	0	0	0	1	0	2	1	0	0	6	5	0	0	0	0	0	0	0	0	0	1	0	0	0	0	0	0	0	0	0	0	0	0	0	0	0	0	42	0	0	0	0
Zotu9885	0	1	0	0	0	1	0	0	0	0	0	0	0	0	0	0	0	0	0	203	0	0	0	0	0	268	0	0	53	0	51	182	0	0	0	242	1	0	0	0	0	0	0	0	0	0	0	0	0	0	0	0	0	0	0	34	0	243	0	0	0	0	0	0	368	1105	1116	20	12	696	248	21	816	281	786	99	24	123	311	324	80	84	0	0	0	0	0	0	0	0	0	0	0	0	0	0	0	0	0	0	0	0	0	0	0	0	0	0	0	0	0	0	0
Zotu7628	0	1	0	0	0	0	0	0	0	0	0	0	0	0	0	0	0	0	0	0	0	0	0	0	0	0	0	0	0	0	0	0	0	0	0	8	0	0	0	0	0	0	2	0	0	0	0	0	0	0	0	0	0	0	0	0	0	0	0	0	0	0	0	0	0	0	0	0	0	0	0	0	0	0	0	0	0	0	0	0	0	0	0	0	0	0	0	0	419	0	0	0	0	1	666	3	199	0	0	0	13	0	2	0	0	0	0	0	0	0	2	0	0
Zotu9642	0	0	212	15	22	0	0	0	0	0	0	0	0	0	0	0	66	0	0	0	217	0	6	27	0	0	0	0	0	0	0	0	0	0	0	0	0	0	0	0	0	0	0	0	0	0	0	0	0	0	0	0	0	0	0	0	0	0	0	0	0	0	0	0	0	0	0	0	0	0	0	0	0	0	0	0	0	0	0	0	0	0	0	0	0	0	0	0	0	0	0	0	0	0	0	0	0	0	0	0	0	0	0	0	0	0	0	0	0	0	0	0	0
Zotu8846	0	0	906	39	0	0	0	0	0	0	0	0	0	0	2	0	0	0	0	0	0	0	0	0	0	0	0	0	0	0	0	0	0	0	0	0	0	0	0	0	0	0	0	0	0	0	0	0	0	0	0	0	0	0	0	0	0	0	0	0	0	0	0	0	0	0	0	0	0	0	0	0	0	0	0	0	0	0	0	0	0	0	0	0	0	0	0	0	0	0	0	0	0	0	0	0	0	0	0	0	0	0	0	0	0	0	0	0	0	0	0	0	0
Zotu9181	0	0	60	10	0	235	1	7	17	0	0	0	1	4	0	23	0	0	0	0	0	0	0	0	596	874	16	93	174	1066	680	207	109	177	0	285	2	1	1	85	1	41	66	0	0	0	0	39	56	0	15	6	17	0	0	65	0	21	10	250	0	0	0	0	142	5	102	81	67	26	6	20	50	27	17	8	4	2	0	153	52	48	79	239	33	34	11	28	0	0	0	0	0	0	0	60	0	0	0	0	0	1	0	0	0	0	0	0	0	0	0	0	0
Zotu9477	0	0	157	0	0	330	90	2	127	115	0	0	318	49	0	95	0	30	244	0	0	0	33	16	35	170	16	0	0	7	315	12	33	0	0	36	0	0	0	0	0	0	0	0	0	0	0	24	3	46	33	0	21	0	0	0	0	0	1	90	0	43	0	641	186	124	1	25	51	25	23	0	15	9	1	0	0	0	0	0	0	0	1	0	0	1	0	0	0	345	0	0	0	0	174	5	0	0	0	0	192	0	86	0	0	0	63	139	33	0	0	0	0
Zotu939	0	0	63	0	0	410	0	48	58	0	0	0	0	0	0	66	0	0	0	0	0	0	0	0	343	211	56	358	216	539	454	82	104	70	0	172	0	2	5	96	4	58	47	0	0	10	67	66	143	118	0	15	66	0	0	76	0	32	81	189	0	0	0	0	140	20	56	109	158	167	44	134	105	101	125	39	28	29	12	453	188	76	276	454	108	123	175	104	0	0	0	0	0	0	0	1	0	0	0	0	0	0	0	0	0	0	0	0	0	0	0	0	0
Zotu7716	0	0	8	86	54	332	298	206	657	0	0	0	0	393	0	359	0	21	0	2	0	0	0	0	1213	1137	152	1839	666	1870	1170	349	241	1317	20	877	4	25	20	535	70	347	225	0	0	33	0	104	214	65	41	46	144	0	0	127	0	46	216	507	0	0	0	0	724	100	366	550	829	706	232	492	466	593	518	116	144	67	48	2451	1222	690	1177	3010	681	668	1062	488	0	0	0	0	0	0	0	305	0	13	0	0	0	168	0	0	0	0	0	0	0	0	0	0	0
Zotu5282	0	0	7	244	0	0	0	71	0	0	0	0	0	0	1	0	0	353	0	0	0	0	4	0	0	0	0	0	0	0	0	0	0	0	0	0	0	0	0	0	6	0	0	0	1	66	0	0	0	0	0	0	0	38	43	127	0	0	0	0	0	0	0	0	0	0	0	0	0	0	11	81	577	520	92	666	121	279	161	232	94	177	165	315	55	73	8	126	0	0	0	0	0	142	0	0	0	0	0	0	0	0	0	0	0	0	0	506	312	0	0	411	93
Zotu8963	0	0	113	0	0	0	0	0	0	0	0	0	0	0	0	0	0	0	0	0	1	39	0	0	0	0	0	0	0	0	0	0	0	0	0	0	0	0	0	0	0	0	0	0	0	0	0	0	0	0	0	0	0	0	0	0	0	0	0	0	0	0	0	0	0	0	0	0	0	0	0	0	0	0	0	0	0	0	0	0	0	0	0	0	0	0	0	0	0	0	0	0	0	0	0	0	0	0	0	0	0	0	0	0	0	0	0	0	0	0	0	0	0
Zotu7924	0	0	1	291	0	0	0	1	0	0	0	0	0	0	2	0	2	8	0	0	0	0	0	0	0	0	0	0	0	0	0	0	0	0	0	0	0	0	0	0	0	0	0	0	0	0	0	0	0	0	0	0	0	0	0	95	0	0	0	0	0	0	0	0	0	0	0	0	0	0	7	22	196	178	14	255	62	36	81	117	38	76	7	120	32	25	16	16	0	0	0	0	0	2	0	0	0	0	0	0	0	0	0	0	0	0	0	196	747	0	0	0	16
Zotu8554	0	0	4	11	0	0	0	2	0	0	0	4	0	0	1	0	0	5	0	0	0	0	7	0	0	0	0	0	0	0	0	0	0	0	0	0	0	0	0	0	0	0	0	0	0	58	0	0	0	0	0	0	0	0	6	14	0	1	0	0	0	0	0	0	0	0	0	0	2	4	0	0	13	16	5	29	8	7	13	22	3	3	9	9	12	3	3	6	0	0	0	0	0	153	0	0	0	0	0	0	0	0	0	0	0	0	0	10	24	0	0	3	1
Zotu7611	0	0	2	1	0	0	0	0	0	0	0	0	0	0	0	0	0	0	0	120	0	0	0	0	0	0	0	0	0	0	0	0	0	0	0	0	0	0	0	0	0	0	0	0	0	0	0	0	0	0	0	0	0	0	0	0	0	0	0	0	0	0	0	0	0	0	0	0	0	0	0	0	0	0	0	0	0	0	0	0	0	0	0	0	0	0	0	0	0	0	0	0	0	0	0	0	0	0	0	1	0	0	0	0	0	0	0	0	0	0	0	0	0
Zotu10349	0	0	1	0	0	0	0	0	0	0	0	0	0	1	0	0	0	0	0	0	0	0	1560	0	0	0	0	0	0	0	0	0	0	0	0	0	0	0	0	0	125	0	0	0	2	0	175	0	0	0	0	0	1424	0	197	196	125	218	0	1	0	0	0	0	0	3	0	68	691	595	2	10	5	11	2	17	1	1250	1939	80	530	18	426	353	643	37	1152	122	0	0	0	0	0	2	0	0	0	0	0	0	0	0	0	0	0	0	0	1	1	0	0	4	0
Zotu7351	0	0	2	0	0	1	1	0	0	365	0	0	0	0	0	2	0	2	0	0	0	0	0	0	0	0	0	0	0	0	0	0	0	0	4	0	0	0	0	0	0	0	0	0	0	0	0	5	4	3	5	5	1	0	0	0	0	0	0	0	1	0	0	0	0	3	0	0	5	0	0	1	0	0	0	0	0	0	0	5	1	2	3	5	0	1	3	0	0	0	7	0	0	0	0	0	0	0	0	0	0	0	0	2	0	2	0	1	1	0	0	0	0
Zotu5337	0	0	1	0	0	0	0	26	0	0	0	0	0	1	0	150	0	0	0	0	0	0	0	0	0	0	0	0	0	0	0	0	0	21	142	0	0	0	0	0	0	0	0	0	0	0	0	109	11	28	67	34	3	0	0	0	0	0	0	0	26	1	0	0	0	0	0	23	82	0	0	0	0	0	0	0	0	0	0	1	1	18	9	11	0	2	8	2	0	0	0	0	0	0	0	0	0	0	0	0	1	0	12	4	0	0	0	3	17	0	0	0	0
Zotu730	0	0	0	49	0	21	0	1	0	1	12	1136	252	0	0	0	0	0	494	0	31	0	0	0	0	0	0	0	0	0	0	0	0	0	0	0	7	0	4	0	0	0	0	0	0	0	0	0	3	0	0	0	0	0	0	0	0	8	1	0	0	0	0	0	2	4	0	6	35	1	0	1	0	0	0	0	0	0	3	23	6	0	0	0	0	0	4	0	2	0	0	0	0	0	4	0	0	0	0	2	0	0	0	1	0	21	0	4	8	21	0	0	0
Zotu9428	0	0	0	136	169	128	38	6	0	0	0	0	79	78	0	152	0	0	0	0	0	0	0	94	0	0	0	0	0	0	0	0	0	0	0	0	0	0	0	0	0	0	0	0	0	0	0	0	0	0	0	0	0	0	0	0	0	0	0	0	0	0	0	0	50	0	0	0	0	12	1380	885	623	1133	994	703	681	531	839	189	430	486	29	259	72	200	679	877	0	0	0	0	0	0	0	0	0	0	0	0	0	0	0	0	0	0	0	0	0	0	0	0	0
Zotu8042	0	0	0	74	0	0	0	0	0	0	0	0	0	0	0	0	0	0	0	0	0	0	0	0	0	0	0	0	0	0	0	0	0	12	1123	2	2	0	3	1	0	0	10	0	0	0	3	0	0	0	3	0	0	0	0	0	0	0	0	0	3	0	0	0	0	0	0	0	0	0	0	0	0	0	0	0	0	0	0	0	0	0	0	0	0	0	0	0	0	0	1	0	0	0	0	4	0	4	0	0	1	0	1	1	0	0	0	0	0	0	0	0	0
Zotu8441	0	0	0	384	0	382	0	7	0	0	0	0	133	371	0	246	0	0	0	0	0	0	0	0	0	0	0	0	0	0	0	0	0	0	0	0	0	0	0	0	0	0	0	0	0	0	0	0	0	0	0	0	0	0	0	0	0	0	0	0	0	0	0	0	0	0	0	0	0	0	0	0	0	0	0	0	0	0	0	0	0	0	0	0	0	0	0	0	0	0	0	0	0	0	0	0	0	0	0	0	0	0	0	0	0	0	0	0	0	0	0	0	0
Zotu886	0	0	0	283	0	0	0	0	0	0	0	0	0	0	0	0	0	0	0	0	0	0	0	0	0	0	1	0	0	0	0	20	0	734	74	16	326	0	149	143	0	0	517	0	0	0	72	0	0	0	18	0	0	0	0	0	0	0	0	0	68	0	0	0	0	0	0	0	0	0	0	0	0	0	0	0	0	0	0	0	0	0	0	0	0	0	0	0	0	0	4	0	0	0	0	22	0	1798	0	0	259	114	158	0	0	0	0	168	35	0	0	0	0
Zotu966	0	0	0	307	303	650	29	1	6	0	0	0	4	3	144	23	4	2	0	0	0	0	3	261	0	0	0	0	0	1	0	0	0	0	0	0	0	0	0	0	0	0	0	0	0	0	0	0	0	0	1164	0	0	0	0	0	0	0	0	0	0	0	0	0	993	71	0	17	17	28	5732	3524	1691	1228	1785	3689	2729	2883	3600	1492	2367	2060	441	1605	1054	1230	2620	3602	0	0	0	0	0	0	0	0	0	0	0	0	0	0	0	0	0	0	0	1	0	0	0	0	0
Zotu8307	0	0	0	188	261	224	52	44	95	0	0	0	120	73	496	1230	63	184	0	0	0	0	13	213	0	1	0	0	1	0	1	0	0	0	0	2	0	0	0	1	0	0	0	0	0	0	0	0	0	0	334	0	0	0	1	0	1	1	0	0	0	0	0	0	1112	25	6	65	59	7	3605	2209	4584	8431	4446	2243	6591	3096	4816	1556	2936	3656	367	1077	851	1651	4850	4950	1	0	0	0	0	1	0	0	0	0	0	0	0	0	0	0	0	0	0	0	0	0	0	0	0
Zotu8957	0	0	0	167	0	0	0	0	0	0	0	0	0	0	0	0	0	0	0	0	0	0	0	0	0	0	0	0	0	0	0	0	0	2	2	0	4	0	5	3	0	0	13	0	0	0	0	0	0	0	0	0	0	0	0	0	0	0	0	0	0	0	0	0	0	0	0	0	0	0	0	0	0	0	0	0	0	0	0	0	0	0	0	0	0	0	0	0	0	0	0	0	0	0	0	2	0	3	0	0	2	0	0	0	1	0	0	1	0	0	0	0	0
Zotu4986	0	0	0	185	0	0	0	0	0	0	0	0	0	0	0	0	0	6	0	0	0	0	0	0	0	0	0	0	0	0	0	0	0	0	0	0	0	0	0	0	33	0	0	0	18	6	0	0	0	0	0	0	0	6	8	32	0	0	0	0	0	0	0	0	0	0	0	0	0	0	4	9	112	65	20	15	6	83	75	9	26	18	65	81	12	5	2	18	0	0	0	0	0	8	0	0	0	0	0	0	0	0	0	0	0	0	69	682	774	0	0	6	10
Zotu970	0	0	0	76	19	124	29	1	0	0	0	0	193	59	0	61	0	0	0	0	0	0	0	35	0	0	0	0	0	0	0	0	0	0	0	0	0	0	0	0	0	0	0	0	0	0	0	0	0	0	180	0	0	0	0	0	0	0	0	0	0	0	0	0	362	14	0	4	23	8	1421	710	737	855	590	815	1154	667	988	449	929	771	151	236	312	247	855	998	0	0	0	0	0	0	0	0	0	0	0	0	0	0	0	0	0	0	0	0	0	0	0	0	0
Zotu6392	0	0	0	67	0	0	0	0	0	0	0	0	0	0	0	0	0	0	0	0	0	0	0	0	0	0	0	0	0	0	0	41	0	1002	704	28	555	0	292	265	0	0	850	0	0	0	190	0	0	0	14	2	0	0	0	0	0	0	0	0	72	2	0	0	0	0	0	0	0	0	0	0	0	0	0	0	0	0	0	0	0	0	0	0	0	0	0	0	0	0	426	0	0	0	1	677	0	2591	0	0	385	0	0	0	1	13	0	0	67	0	0	0	0
Zotu729	0	0	0	31	2015	482	0	0	0	0	0	0	0	0	0	0	0	0	0	0	0	0	0	0	0	0	0	0	0	0	0	0	0	0	0	0	0	0	0	0	0	0	0	0	0	0	0	0	0	0	0	0	0	0	0	0	0	0	0	0	0	0	0	0	0	0	0	0	0	0	0	0	0	0	0	0	0	0	0	0	0	0	0	0	0	0	0	0	0	0	0	0	0	0	0	0	0	0	0	0	0	0	0	0	0	0	0	0	0	0	0	0	0
Zotu9576	0	0	0	12	3	50	84	206	234	3	436	1070	160	1	557	328	0	437	65	167	663	805	202	278	0	0	0	0	0	0	0	0	0	0	0	0	0	0	0	0	0	0	0	0	0	0	0	0	0	0	0	0	0	0	0	0	0	0	0	0	0	0	0	0	0	0	0	0	0	0	0	2	1	11	13	7	1	1	0	0	2	1	0	0	0	0	0	2	0	0	0	0	0	0	0	0	0	0	0	0	0	0	0	0	0	0	0	0	0	0	0	0	0
Zotu10456	0	0	0	45	0	0	0	0	0	0	0	0	0	0	0	0	0	0	0	0	0	0	0	0	2	0	0	0	0	0	0	0	0	0	0	0	0	0	0	0	0	0	0	0	0	0	0	0	0	0	0	0	0	0	0	0	0	0	0	0	0	0	0	0	0	0	0	0	0	0	0	0	0	7	0	0	0	0	0	0	0	0	0	0	0	0	0	0	0	0	0	0	0	0	0	0	0	0	0	0	0	0	0	0	0	0	0	0	0	0	0	0	0
Zotu10228	0	0	0	1	1	0	0	0	0	0	0	0	0	0	0	0	0	7	0	0	0	0	0	0	0	0	0	0	0	0	0	0	0	0	0	0	4	3	5	0	0	0	0	0	0	0	0	0	0	0	0	0	0	5	0	33	18	36	0	0	0	0	0	0	98	9	216	25	58	1	0	0	0	0	0	0	225	2	151	41	0	0	133	61	1181	2	20	89	0	0	0	0	0	0	0	0	0	1	7	0	0	3	0	0	0	0	0	1	0	0	0	1	9
Zotu11664	0	0	0	10	278	20	0	0	25	687	0	178	0	0	0	0	142	0	1021	190	101	222	37	22	0	0	1	0	0	1	0	0	0	0	1	0	0	0	0	2	0	0	0	0	0	0	0	1	0	1	0	6	1	1	0	0	0	0	3	0	0	0	0	2	1	0	0	0	0	0	0	0	0	0	0	0	0	0	0	0	0	0	0	0	0	0	0	0	0	0	0	0	0	0	0	0	1	0	0	0	0	0	0	0	0	0	36	205	0	1	1	166	0
Zotu3556	0	0	0	4	0	0	2	0	2	1	0	1	3	6	0	0	0	25	0	0	0	0	0	2	1	0	0	0	1367	0	0	0	70	0	0	0	0	0	1	4	1	0	0	0	0	0	0	10	16	13	0	6	12	9	0	0	0	4	3	6	0	0	0	0	0	4	0	3	1	0	1	1	0	0	0	6	9	5	0	27	69	143	0	0	0	61	0	2	0	0	0	0	0	0	0	0	0	0	0	0	0	0	0	0	0	0	0	0	0	0	0	0	0
Zotu9597	0	0	0	19	0	166	29	25	125	0	0	0	0	3	0	44	0	50	0	23	0	0	0	0	167	286	28	426	100	269	229	74	90	308	15	234	8	2	0	73	2	60	8	0	0	3	1	51	105	25	18	23	73	0	0	32	0	20	33	221	0	0	0	0	72	6	41	146	237	114	30	169	109	60	43	28	11	14	18	116	85	93	169	402	39	81	101	143	0	0	0	0	0	0	0	84	0	2	0	0	0	1	0	1	0	0	0	0	0	0	0	0	0
Zotu4729	0	0	0	7	0	0	0	0	0	0	0	0	0	0	0	0	0	0	0	0	0	0	0	0	0	0	0	0	0	0	0	43	18	384	543	8	210	0	115	123	0	0	92	0	0	0	3	0	0	0	3	0	0	0	0	0	0	0	0	0	20	0	0	0	0	0	0	0	0	0	0	0	0	0	0	0	0	0	0	0	0	0	0	0	0	0	0	0	0	0	0	12	0	0	0	251	0	55	0	0	96	0	0	0	228	0	0	55	0	0	0	0	0
Zotu9572	0	0	0	8	6	161	6098	1289	3527	0	13	0	0	0	0	0	403	2314	0	1440	3522	0	0	6	0	0	0	0	0	0	0	0	0	0	0	0	0	0	0	0	0	0	0	0	0	0	0	0	0	0	0	0	0	1	538	714	1221	0	0	0	0	0	0	0	0	0	0	0	0	0	0	0	0	0	0	0	0	0	0	0	0	0	0	0	0	0	0	0	0	0	0	0	0	0	0	0	0	0	0	0	0	0	0	0	0	0	0	0	0	0	0	0	0
Zotu7703	0	0	0	1	1	0	0	1	2	0	0	0	0	2	2	0	0	4	0	0	0	1	1	0	163	0	0	0	5	0	0	0	63	0	0	0	0	0	3	0	0	0	0	0	0	0	0	7	74	81	0	48	2	0	3	3	0	92	47	30	0	0	0	0	0	0	0	0	1	0	0	0	0	0	0	0	2	3	1	0	0	0	0	1	0	1	0	0	0	0	0	0	0	0	0	0	0	0	0	0	0	0	0	0	0	0	1	0	0	0	0	0	0
Zotu11261	0	0	0	2	24	0	82	19	1	0	0	0	0	147	0	0	0	4	0	0	0	0	0	0	185	402	3	58	133	465	271	59	64	74	0	135	0	0	1	20	0	8	4	0	0	8	0	12	66	0	3	1	0	0	0	22	0	18	48	15	0	0	0	0	49	8	42	57	130	189	61	114	141	148	173	26	41	13	12	226	311	23	128	314	58	78	151	146	0	0	0	0	0	0	0	171	0	179	0	0	0	0	0	0	0	0	0	0	0	0	0	0	0
Zotu7109	0	0	0	1	3	152	3938	604	1875	0	20	0	0	0	0	0	118	774	0	325	812	0	0	34	0	0	0	0	0	0	0	0	0	0	0	0	0	0	0	0	0	0	0	0	0	0	0	0	0	0	0	0	0	0	933	1519	1988	0	0	0	0	0	0	0	0	0	0	0	3	0	0	0	0	0	0	0	0	0	0	0	0	0	0	0	0	0	0	0	0	0	0	0	0	0	0	0	0	0	0	0	0	0	0	0	0	0	0	0	0	0	0	0	0
Zotu9964	0	0	0	1	1	205	0	0	28	242	602	252	0	0	0	0	1	0	8	12	58	240	28	3	2	0	2	2	0	4	0	4	0	0	0	1	0	0	8	6	2	0	0	0	0	0	0	0	8	2	0	5	0	1	0	0	0	1	6	2	0	0	0	1	3	1	1	2	1	3	0	0	0	0	1	0	0	0	0	0	0	0	0	1	0	0	0	0	7	1	0	1	1	0	0	1	3	0	2	1	0	0	0	1	1	0	2	2	0	0	5	0	0
Zotu2785	0	0	0	0	52	0	0	0	0	1	16	31	0	0	0	0	7	0	280	0	0	0	0	0	1	0	0	0	1	0	0	0	0	0	0	0	0	0	0	1	0	0	1	0	0	0	0	0	0	0	0	1	0	0	0	0	0	0	0	0	0	0	0	1	1	0	0	1	0	0	0	0	0	0	0	0	0	0	0	0	0	0	0	0	0	0	0	0	1	59	1	0	0	0	1	0	1	0	39	14	0	1	0	2	0	0	31	15	2	0	53	62	0
Zotu371	0	0	0	0	208	0	0	0	0	31	81	151	0	0	0	0	11	0	1129	9	1	11	0	0	3	0	0	3	0	3	0	6	0	0	0	0	0	0	2	2	1	1	0	0	0	0	0	0	0	0	2	12	0	0	0	0	0	0	5	0	0	0	0	0	2	0	0	1	0	0	0	0	0	0	0	0	0	0	0	0	0	0	0	0	0	0	0	0	1	278	1	0	3	0	5	4	12	0	198	93	0	3	0	3	0	0	192	80	16	0	288	312	0
Zotu9888	0	0	0	0	1052	183	0	0	0	0	0	0	0	0	0	0	0	0	0	0	0	0	0	0	0	0	0	0	0	0	0	0	0	0	0	0	0	0	0	0	0	0	0	0	0	0	0	0	0	0	0	0	0	2	0	19	0	0	0	0	0	0	0	0	0	0	0	0	0	0	0	0	0	0	0	0	0	0	0	0	0	0	0	0	0	0	0	0	0	0	0	0	0	0	0	0	0	0	0	0	0	0	0	0	0	0	0	0	0	0	0	0	28
Zotu9886	0	0	0	0	344	0	102	0	69	0	0	0	256	0	0	0	0	0	0	0	0	0	0	0	0	0	0	0	0	0	1	0	0	0	0	0	0	0	0	0	0	0	0	0	0	0	0	612	0	275	624	132	412	0	0	338	667	792	0	0	0	70	0	0	0	0	0	0	1	0	0	0	0	0	0	0	0	0	0	0	0	0	0	0	0	0	0	0	0	0	0	0	0	0	0	0	0	0	0	0	0	0	0	0	0	0	0	0	0	0	0	0	0
Zotu1284	0	0	0	0	135	0	0	0	0	20	39	62	0	0	0	0	10	0	416	6	0	7	0	0	0	0	0	1	0	1	0	2	0	0	0	0	0	1	1	0	0	0	0	0	0	0	0	0	0	0	0	1	0	0	0	0	0	0	2	0	0	0	0	0	0	0	0	0	0	0	0	0	0	0	0	0	0	0	0	0	0	0	0	0	0	0	0	0	1	92	2	0	1	0	1	0	7	0	60	17	0	2	0	0	0	0	55	13	5	0	65	103	0
Zotu1697	0	0	0	0	65	0	0	0	0	11	19	24	0	0	0	0	7	0	287	0	1	5	0	0	0	0	0	0	1	0	0	3	0	0	0	0	0	0	0	2	0	1	0	0	0	0	0	0	0	0	0	2	0	0	0	0	0	0	3	0	0	0	0	0	3	0	0	0	0	0	0	0	0	0	0	0	0	0	0	0	0	0	0	0	0	0	0	0	1	70	2	0	1	0	0	2	24	0	53	23	0	2	0	1	0	0	34	16	6	0	64	68	0
Zotu4363	0	0	0	0	3	27	0	0	0	120	53	6	1	0	1	0	4	4	31	125	22	124	4	3	31	0	12	1	7	52	0	32	1	0	2	0	1	0	7	13	1	8	0	2	0	3	1	0	1	0	5	4	1	2	0	0	0	7	56	0	0	0	3	7	5	2	0	13	4	11	0	1	0	0	0	0	0	0	0	0	0	0	0	0	0	0	0	0	67	20	13	2	0	0	21	15	36	0	2	0	1	2	0	0	4	0	50	16	1	5	17	56	0
Zotu721	0	0	0	0	122	0	4	0	10	0	0	0	0	17	26	0	0	1	0	0	0	128	0	0	1	0	0	0	6	0	0	0	7	1	0	0	0	0	0	0	0	0	0	0	0	0	0	104	307	102	0	6	0	0	151	0	0	0	2	517	0	0	0	0	0	0	0	0	0	0	0	0	0	0	0	0	6	0	8	0	1	0	0	0	0	0	0	1	0	0	0	0	0	0	0	0	0	0	0	35	0	0	0	0	0	0	1	0	0	0	0	0	38
Zotu8423	0	0	0	0	134	2	1	0	0	29	38	65	2	0	1	0	10	0	588	7	2	15	0	1	6	0	9	3	1	6	0	9	1	2	0	0	1	0	3	4	0	3	2	0	0	1	0	1	0	0	2	6	0	0	0	0	0	0	13	2	0	0	0	2	9	4	1	2	3	6	0	0	0	0	0	0	0	0	0	0	0	0	0	0	0	0	0	0	4	97	1	0	0	0	1	5	27	0	74	48	0	4	0	5	5	1	52	25	9	0	122	120	0
Zotu3410	0	0	0	0	47	0	0	0	0	2	11	26	0	0	0	0	8	0	192	3	0	3	0	0	1	0	0	0	1	0	0	2	0	0	0	0	0	0	1	0	0	0	0	0	0	0	0	0	1	0	0	0	0	0	0	0	0	0	1	0	0	0	0	0	0	0	0	1	0	0	0	0	0	0	0	0	0	0	0	0	0	0	0	0	0	0	0	0	0	59	1	0	1	0	1	0	3	0	22	17	0	0	0	0	0	0	20	9	2	0	62	41	0
Zotu5880	0	0	0	0	52	0	0	0	0	0	0	0	0	0	0	0	0	0	0	0	0	0	0	0	0	0	0	0	0	0	0	0	0	0	0	0	0	0	0	0	0	0	0	0	0	0	0	0	0	0	0	0	0	0	0	0	0	0	0	0	0	0	0	0	0	0	0	0	8	0	0	0	0	0	0	0	0	0	0	0	0	0	0	0	0	0	0	0	0	0	0	0	0	0	0	0	0	0	0	0	0	0	0	0	0	0	0	0	0	0	300	0	0
Zotu9810	0	0	0	0	86	0	0	0	0	339	24	468	0	0	0	0	44	0	1114	157	15	103	14	18	0	0	0	0	0	0	0	34	0	0	73	0	0	3	16	15	12	21	0	0	0	0	72	0	0	1	1	13	0	0	0	0	0	0	10	0	0	0	0	2	1	0	0	1	0	1	0	0	0	0	0	0	0	0	0	0	0	0	0	0	0	0	0	0	1	0	0	0	274	0	0	0	2	0	1	0	20	0	0	0	0	0	158	0	18	1	1	145	0
Zotu9854	0	0	0	0	17	0	1	0	0	0	0	0	10	0	0	0	0	0	0	0	0	0	0	0	0	0	0	0	0	0	0	0	0	0	0	0	0	0	0	0	0	0	0	0	0	0	0	68	0	2	95	15	22	0	0	11	32	7	0	0	0	14	0	0	0	0	0	0	0	0	0	0	0	0	0	0	0	0	0	0	0	0	0	0	0	0	0	0	0	0	0	0	0	0	0	0	0	0	0	0	0	0	0	0	0	0	0	0	0	0	0	0	0
Zotu9920	0	0	0	0	3	4	0	0	0	9	31	9	26	0	0	0	4	0	89	21	6	12	17	0	0	0	0	0	3	0	0	0	0	0	22	18	0	6	0	6	16	11	1	0	0	2	0	0	0	0	0	0	0	0	0	0	0	0	0	0	0	0	0	0	0	0	0	0	0	0	0	0	0	0	0	0	0	0	0	0	0	0	0	0	0	0	0	0	0	0	0	0	1	0	0	0	0	0	0	0	0	0	0	0	0	0	0	0	0	0	0	0	0
Zotu5789	0	0	0	0	41	0	0	0	0	7	9	19	0	0	0	0	1	0	218	2	1	6	0	0	0	0	0	0	0	2	0	0	0	0	0	0	0	0	0	0	0	0	0	0	0	0	0	0	0	0	0	1	0	0	0	0	0	1	3	0	0	0	0	0	0	0	0	0	0	0	0	0	0	0	0	0	0	0	0	0	0	0	0	0	0	0	0	0	1	36	0	0	0	0	2	1	13	0	27	6	0	1	0	1	0	0	19	8	3	0	54	37	0
Zotu9548	0	0	0	0	1	0	0	85	0	0	0	0	0	0	0	0	0	0	0	0	0	0	0	0	0	0	0	0	0	0	0	0	0	0	0	0	0	0	0	0	0	0	0	0	0	0	0	0	0	0	0	0	0	0	0	0	0	0	0	0	0	0	0	0	0	0	0	0	0	0	0	0	0	0	0	0	0	0	0	0	0	0	0	0	0	0	0	0	0	0	0	0	0	0	0	0	0	0	0	0	0	0	0	0	0	0	0	0	0	0	0	0	0
Zotu2381	0	0	0	0	6	32	0	0	0	154	78	12	0	0	1	0	4	0	51	180	24	186	4	2	37	0	27	3	12	67	0	49	1	0	0	5	2	2	14	22	7	9	1	4	0	6	2	1	0	4	6	9	0	3	0	0	0	7	93	0	0	0	1	1	8	4	2	18	13	14	0	0	0	0	0	0	0	0	0	1	0	0	0	0	0	0	0	0	87	34	18	9	0	0	43	9	76	0	5	1	7	1	0	0	3	0	67	32	0	9	22	82	1
Zotu7218	0	0	0	0	12	36	0	0	0	165	62	2	1	0	5	0	4	0	73	162	22	195	5	6	44	0	18	3	11	92	0	70	4	1	0	3	4	6	11	29	10	13	2	2	0	6	1	0	1	3	5	10	0	1	0	0	0	10	72	4	0	0	2	11	5	3	1	9	4	19	0	0	0	0	0	0	0	0	0	0	0	0	0	0	0	0	0	0	71	17	10	12	0	0	22	10	78	2	5	0	8	1	0	0	2	2	95	33	1	4	30	102	0
Zotu360	0	0	0	0	7	105	0	5	0	550	222	184	5	0	5	0	17	3	364	585	64	481	14	7	79	0	31	7	44	124	0	161	7	0	44	8	1	9	33	46	16	42	11	41	0	12	2	1	8	3	10	47	1	12	0	0	0	14	121	5	0	0	7	23	25	10	3	9	9	42	0	0	0	0	0	0	0	0	0	1	0	0	0	0	0	0	1	0	553	196	40	23	1	1	84	42	215	2	7	6	20	5	0	0	4	4	204	72	32	5	49	246	1
Zotu9282	0	0	0	0	2	6	3	0	0	0	0	0	0	0	0	0	1	0	6	1	1	14	5	0	5	0	7	127	2	12	0	2	0	0	50	0	3	1	6	2	0	2	36	0	0	0	0	0	0	0	76	2	0	2	12	0	0	65	41	135	0	0	0	0	18	3	0	35	23	7	0	0	0	0	0	0	0	0	0	1	0	0	0	0	0	0	0	0	319	239	48	0	115	488	0	174	103	0	116	2	0	1	88	132	682	153	0	0	0	0	1	2	5
Zotu4864	0	0	0	0	2	13	0	0	0	19	8	1	0	0	1	0	1	0	7	25	9	42	1	2	4	0	3	0	3	17	0	22	0	0	0	0	0	1	4	12	1	3	0	0	0	0	0	0	1	0	2	1	0	0	0	0	0	2	26	1	0	0	2	2	1	0	1	1	1	1	0	0	0	0	0	0	0	0	0	0	0	0	0	0	0	0	0	0	6	3	9	6	1	0	0	0	20	1	0	0	0	0	0	0	2	1	24	18	0	0	6	27	0
Zotu621	0	0	0	0	1	0	0	44	0	0	1185	0	0	507	63	1	0	0	0	21	0	0	88	0	0	0	0	0	0	0	0	0	0	0	0	0	0	0	0	0	0	0	0	0	0	0	0	0	0	0	0	0	0	0	0	0	0	0	0	0	0	0	0	0	0	0	0	0	0	0	0	0	0	0	0	0	0	0	0	0	0	0	0	0	0	18	0	0	0	0	733	520	0	671	0	0	0	0	0	0	503	628	0	525	0	246	0	0	0	0	0	0	0
Zotu10721	0	0	0	0	0	208	0	0	0	0	1960	71	0	0	0	0	0	0	0	284	0	0	0	0	0	0	0	0	0	0	0	1	0	0	2	0	0	0	0	1	0	2	0	0	0	0	0	0	0	0	0	0	0	0	0	0	0	0	1	0	0	0	0	0	0	0	0	0	0	0	0	0	0	0	0	0	0	0	0	0	0	0	0	0	0	0	0	0	2222	438	432	50	279	2004	427	211	1	1002	0	107	2	0	0	0	451	98	1425	529	18	2	19	1314	0
Zotu8993	0	0	0	0	0	249	0	0	0	0	15	0	0	0	0	0	0	0	0	2	0	0	0	0	0	0	0	0	0	0	0	0	0	0	0	0	0	0	0	0	0	0	0	0	0	0	0	0	0	0	0	0	0	0	0	0	0	0	0	0	0	0	0	0	0	0	0	0	0	0	0	0	0	0	0	0	41	3980	0	0	0	0	0	0	0	0	0	0	2	0	116	0	381	276	0	0	0	10	0	3	0	0	0	0	0	2	45	401	0	3	1	402	0
Zotu9322	0	0	0	0	0	510	0	0	0	0	0	0	0	0	0	0	0	0	0	0	0	0	0	0	0	0	0	0	0	0	0	0	0	0	0	0	0	0	0	0	0	0	0	0	0	0	0	0	0	0	0	0	0	0	0	0	0	0	0	0	0	0	0	0	0	0	0	187	607	0	0	0	0	0	0	0	0	0	0	0	0	0	0	0	0	0	0	0	0	0	0	0	0	0	0	0	0	0	0	0	0	0	0	0	0	0	0	0	0	0	0	0	0
Zotu9276	0	0	0	0	0	120	0	0	0	0	660	0	0	0	0	0	0	0	0	5	1	0	0	0	0	0	0	0	0	0	0	0	0	0	133	0	0	0	0	0	0	0	0	0	0	0	0	0	0	0	0	0	0	0	0	0	0	0	0	0	0	0	0	0	0	0	0	0	0	0	0	0	0	0	0	0	0	0	0	0	0	0	0	0	0	0	0	0	337	0	68	132	1310	89	1	50	0	901	0	33	0	0	0	0	111	47	738	575	139	662	790	1336	0
Zotu8207	0	0	0	0	0	174	0	0	0	0	192	169	0	0	0	0	0	0	0	0	0	0	0	0	0	0	0	0	0	0	0	0	0	0	0	0	0	0	0	0	0	0	0	0	0	0	0	0	0	0	0	0	0	0	0	0	0	0	0	0	0	0	0	0	0	0	0	0	0	0	0	0	0	0	0	0	0	3	0	0	0	0	0	0	0	0	0	0	211	0	152	21	585	317	0	67	0	114	0	149	0	0	0	0	278	96	297	468	0	0	0	1165	0
Zotu5423	0	0	0	0	0	201	0	0	0	0	0	0	0	0	0	0	0	0	0	0	0	0	0	0	0	0	0	0	0	0	0	0	0	0	13	0	0	0	0	0	0	0	0	0	0	0	0	0	0	0	0	0	0	0	0	0	0	0	0	0	0	0	0	0	0	0	0	0	0	0	0	0	0	0	0	0	0	0	0	0	0	0	0	0	0	0	0	0	0	0	0	0	0	888	76	1	0	3	0	24	0	0	0	0	0	36	2	136	0	1	1	296	0
Zotu855	0	0	0	0	0	115	0	0	0	0	652	0	0	0	0	0	0	0	0	0	0	0	0	0	0	0	0	0	0	0	0	0	0	0	0	0	0	0	0	0	0	0	0	0	0	0	0	0	0	0	0	0	0	0	0	0	0	0	0	0	0	0	0	0	0	0	0	0	0	0	0	0	0	0	0	0	0	1	0	0	0	0	0	0	0	0	0	0	1	0	349	24	146	601	50	3	0	12	0	78	0	0	0	0	0	0	391	481	47	497	553	307	0
Zotu7910	0	0	0	0	0	1	0	0	0	27	0	11	1	0	0	0	1	0	8	3	1	13	0	1	4	0	2	0	3	9	0	6	1	0	0	0	0	0	3	0	0	0	0	0	0	0	0	15	138	137	13	108	42	2	0	0	0	5	44	3	1	0	102	377	2	0	0	10	3	3	0	0	0	0	0	0	0	0	0	0	0	0	0	0	0	0	0	0	6	16	10	1	2	0	0	0	0	4	23	18	0	2	0	1	4	1	1	0	1	1	75	1	1
Zotu9279	0	0	0	0	0	3	0	0	0	0	46	0	0	0	0	0	0	0	0	0	0	0	0	0	0	0	0	0	0	0	0	0	0	0	0	0	0	0	0	0	0	0	0	0	0	0	0	0	0	0	0	0	0	0	0	0	0	0	0	0	0	0	0	0	0	0	0	0	0	0	0	0	0	0	0	0	0	0	0	0	0	0	0	0	0	0	0	0	6	0	8	0	37	30	0	0	0	8	0	1	0	0	0	0	5	0	295	162	0	0	1161	861	0
Zotu9575	0	0	0	0	0	2	0	0	0	28	3	6	0	0	1	0	1	1	10	4	3	16	0	0	5	0	1	2	1	8	0	3	0	0	0	0	1	0	0	2	0	2	0	0	0	0	0	0	29	0	6	15	3	0	0	0	0	0	4	1	0	0	11	33	0	0	2	0	0	1	0	0	0	0	0	0	0	0	0	0	0	0	0	0	0	0	0	0	91	633	25	2	142	0	54	430	208	0	312	286	1	182	0	499	4	0	2	0	0	0	18	0	0
Zotu873	0	0	0	0	0	2	0	0	0	0	6	0	0	0	0	0	0	0	0	0	0	0	0	0	0	0	0	0	0	0	0	0	0	0	0	0	0	0	0	0	0	0	0	0	0	0	0	0	0	0	0	0	0	0	0	0	0	0	0	0	0	0	0	0	0	0	0	0	0	0	0	0	0	0	0	0	0	0	0	0	0	0	0	0	0	0	0	0	3	0	4	0	187	6	1	0	0	4	0	1	0	0	0	0	1	0	59	9	69	701	693	16	0
Zotu6867	0	0	0	0	0	1	0	0	0	0	383	0	2	2	0	0	0	0	0	0	0	0	0	1	0	0	0	0	0	0	0	0	0	0	0	0	0	0	0	0	0	0	0	0	0	0	0	0	0	0	2	0	0	0	0	0	0	0	0	0	0	0	0	0	12	2	0	0	1	0	2	1	10	14	11	4	6	4	1	2	9	4	3	0	5	3	6	6	0	0	0	0	0	0	0	0	0	0	0	0	0	0	0	0	0	0	0	0	0	0	0	0	0
Zotu10049	0	0	0	0	0	0	196	0	0	0	0	0	0	0	0	0	0	0	0	0	0	0	0	0	0	0	0	0	0	0	0	0	0	0	0	0	0	0	0	0	0	0	0	0	0	0	0	0	0	0	1	0	0	0	0	0	0	0	0	0	0	0	0	0	0	0	0	0	0	0	0	0	0	0	0	0	0	0	0	0	0	0	0	0	0	0	0	0	0	0	0	0	0	0	0	0	0	0	0	0	0	0	0	0	0	0	0	0	0	0	0	0	0
Zotu9987	0	0	0	0	0	0	87	1	266	0	0	0	0	0	0	34	0	0	0	0	0	0	0	0	0	0	0	0	0	0	0	0	1	0	0	0	0	0	0	0	0	0	0	0	0	0	0	0	0	0	0	0	0	0	0	0	0	0	0	0	0	0	0	0	0	0	0	0	0	0	0	0	0	0	0	0	0	0	0	0	0	0	0	0	0	0	0	0	0	0	0	0	0	0	0	0	0	0	0	0	0	0	0	0	0	0	0	0	0	0	0	0	0
Zotu5771	0	0	0	0	0	0	0	32	0	0	88	0	0	0	0	0	0	0	0	0	0	0	0	0	0	0	0	0	0	0	0	0	0	0	0	0	0	0	0	0	0	0	0	0	0	0	0	0	0	0	0	0	0	0	0	0	0	0	0	0	0	0	0	0	0	0	0	0	0	0	0	0	0	0	0	0	0	0	0	0	0	0	0	0	0	0	0	0	0	0	0	0	0	0	0	0	0	0	0	0	0	0	0	0	0	0	0	0	0	0	0	0	0
Zotu9607	0	0	0	0	0	0	0	179	0	0	0	0	0	0	0	5267	0	0	0	0	0	0	0	0	0	0	0	0	0	0	0	0	0	0	0	0	0	0	0	0	0	0	0	0	0	0	0	0	0	0	0	0	0	0	0	0	0	0	0	0	0	0	0	0	0	0	0	0	0	0	0	0	0	0	0	0	0	0	0	0	0	0	0	0	0	0	0	0	0	0	0	0	0	0	0	0	0	0	0	0	0	0	0	0	0	0	0	0	0	0	0	0	0
Zotu943	0	0	0	0	0	0	0	34	0	296	0	0	0	74	0	0	0	0	48	239	45	0	0	14	0	0	0	0	0	0	0	0	0	0	0	0	0	0	0	0	0	0	0	0	0	0	0	0	0	0	0	0	0	0	0	0	0	0	0	0	0	0	0	0	0	0	0	0	0	0	0	0	0	0	0	0	0	0	0	0	0	0	0	0	0	0	0	0	0	0	0	0	0	0	0	0	0	0	0	0	0	0	0	0	0	0	0	0	0	0	0	0	0
Zotu931	0	0	0	0	0	0	0	9	0	0	0	0	0	0	0	418	0	0	0	0	0	0	0	0	0	0	0	0	0	0	0	0	0	0	0	0	0	0	0	0	0	10	0	0	0	0	0	0	0	0	0	0	0	0	0	0	0	0	0	0	0	0	0	0	0	0	0	0	0	0	0	0	0	0	0	0	0	0	0	0	0	0	0	0	0	0	0	0	0	186	10	0	0	450	2	724	473	0	895	0	248	246	0	0	309	21	0	0	2	0	0	0	0
Zotu10263	0	0	0	0	0	0	0	73	0	0	0	0	0	0	0	0	0	0	0	0	0	0	0	0	0	0	0	0	0	0	0	0	0	0	0	0	0	0	0	0	0	0	0	0	0	0	0	0	0	0	0	0	0	0	0	0	0	0	0	0	0	0	0	0	0	0	0	0	0	0	0	0	0	0	0	0	0	0	0	0	0	0	0	0	0	0	0	0	0	0	0	0	0	0	0	0	0	0	0	0	0	0	0	0	0	0	0	0	0	0	0	0	0
Zotu1612	0	0	0	0	0	0	0	32	0	0	0	0	0	0	1391	0	1595	67	11	0	311	30	97	3	0	0	0	0	0	0	0	0	0	0	541	17	0	0	24	0	0	0	0	0	0	42	0	0	0	0	0	0	0	0	0	0	4	14	0	0	0	0	0	0	0	0	0	0	0	0	0	0	0	0	0	0	0	0	0	0	38	0	0	0	0	0	0	0	0	0	0	0	1	0	0	106	2	0	0	0	0	0	0	0	0	0	0	0	0	0	0	0	0
Zotu7892	0	0	0	0	0	0	0	3	0	0	0	0	0	0	0	0	18	0	0	0	1	0	1	0	0	0	0	0	0	0	0	0	0	0	287	0	0	0	0	0	0	0	0	0	0	34	0	0	0	0	0	0	0	0	0	0	9	12	0	0	0	0	0	0	0	0	0	0	0	0	0	0	0	0	0	0	0	0	0	0	17	0	0	0	0	0	0	0	0	0	0	0	0	0	0	0	0	0	0	0	0	0	0	0	0	0	0	0	0	0	0	0	0
Zotu7982	0	0	0	0	0	0	0	7	0	0	0	0	0	0	0	166	0	0	0	0	0	0	0	0	0	0	0	0	0	0	0	0	0	0	0	0	0	0	0	0	0	1	0	0	0	0	0	0	0	0	0	0	1	0	0	0	0	0	1	0	0	0	0	0	0	0	0	0	0	0	0	0	0	0	0	0	0	0	0	0	0	0	0	0	0	0	0	0	0	555	0	0	0	0	0	337	0	0	365	0	270	0	0	0	1	62	0	0	0	0	0	0	0
Zotu5186	0	0	0	0	0	0	0	2	106	0	0	0	0	0	0	73	0	46	0	0	0	0	0	0	664	0	452	831	197	0	0	0	0	34	672	0	6	186	14	32	70	119	265	3	69	31	14	20	3	0	0	18	78	19	0	22	0	15	0	0	0	0	0	0	0	0	0	0	0	0	0	0	0	0	0	0	0	0	0	0	0	0	0	0	0	0	0	0	511	235	149	17	0	533	0	1	0	0	0	11	0	0	97	0	0	1	99	95	12	0	95	0	0
Zotu7534	0	0	0	0	0	0	0	2	2	0	1	7	0	0	0	0	0	0	1	1	0	0	0	0	1	0	0	0	0	0	5	18	0	155	0	0	21	0	0	1	10	2	0	0	0	0	0	0	0	0	0	0	0	0	0	0	0	0	1	0	0	5	0	0	0	0	0	25	3	4	0	2	0	3	0	0	0	0	0	0	0	0	0	0	0	0	0	0	0	0	0	0	0	0	0	0	0	0	0	0	0	0	0	0	0	1	0	0	0	1	0	0	0
Zotu982	0	0	0	0	0	0	0	3	0	0	0	0	0	0	0	83	0	0	0	0	0	0	0	0	0	0	0	0	0	0	0	0	1	0	0	0	0	0	0	0	0	7	0	0	0	0	0	0	0	0	0	0	0	0	0	0	0	0	0	0	0	0	0	0	0	0	0	0	0	0	0	0	0	0	0	0	0	0	0	0	0	0	0	0	0	0	0	0	0	1065	0	0	0	37	38	442	14	0	984	0	7	53	0	0	1066	37	0	4	7	0	0	0	0
Zotu5988	0	0	0	0	0	0	0	1	15	0	0	0	0	0	0	124	0	12	0	0	0	0	0	0	135	0	80	234	37	0	0	0	0	0	15	7	0	9	6	2	14	36	93	0	9	0	0	1	0	0	0	0	15	1	0	3	0	0	0	0	0	0	0	0	0	0	0	0	0	0	0	0	0	0	0	0	0	0	0	0	0	0	0	0	0	0	0	0	81	0	1	15	0	0	0	38	0	0	0	1	0	0	0	0	0	1	1	82	0	0	162	0	0
Zotu9863	0	0	0	0	0	0	0	0	70	0	0	0	0	0	0	0	0	0	0	0	0	0	1039	0	0	0	0	0	0	0	0	0	0	0	0	0	0	0	0	1	29	0	0	0	0	0	0	0	0	0	0	0	563	0	24	14	67	55	0	0	0	0	0	0	0	0	0	82	594	396	0	10	0	2	0	0	0	408	861	17	362	16	271	162	367	14	622	58	0	0	0	0	0	0	0	0	0	0	0	0	0	0	0	0	0	0	0	0	0	0	0	0	0
Zotu8037	0	0	0	0	0	0	0	0	3	8	0	0	0	0	0	0	0	0	0	4	3	15	2	1	0	0	1	1	0	0	0	0	0	0	0	0	0	0	1	0	0	0	0	0	0	0	0	0	1	1	0	12	0	1	0	0	0	0	6	1	0	0	0	12	1	0	0	1	1	1	0	0	0	0	0	0	0	0	0	0	0	0	0	0	0	0	0	0	272	365	1	0	0	0	0	60	0	0	459	148	0	0	197	32	331	0	0	2	3	0	4	0	0
Zotu9000	0	0	0	0	0	0	0	0	3	0	0	0	0	7	5	0	0	4	0	0	0	2	1	0	3	0	0	0	2	0	0	0	1	0	0	0	0	0	0	0	0	0	0	0	0	0	0	3	1	6	35	23	191	0	0	4	0	33	35	2	0	0	0	0	0	0	0	0	0	0	0	0	0	0	0	1	3	0	2	0	2	0	0	0	0	0	0	0	0	0	0	0	0	0	0	0	0	0	0	2	0	0	0	0	0	0	0	0	0	0	0	0	0
Zotu9556	0	0	0	0	0	0	0	0	0	311	105	0	0	105	0	0	0	0	22	121	186	0	0	4	0	0	0	0	0	0	0	0	0	0	0	0	0	0	0	0	0	0	0	0	0	0	0	0	0	0	0	0	0	0	0	0	0	0	0	0	0	0	0	0	0	0	0	0	0	0	0	0	0	0	0	0	0	0	0	0	0	0	0	0	0	0	0	0	0	0	0	0	0	0	0	0	0	0	0	0	0	0	0	0	0	0	0	0	0	0	0	0	0
Zotu9837	0	0	0	0	0	0	0	0	0	894	599	0	650	272	0	0	0	0	156	54	292	0	0	49	0	0	0	0	0	0	0	0	0	0	0	0	0	0	0	0	0	0	0	0	0	0	0	0	0	0	0	0	0	0	0	0	0	0	0	0	0	0	0	0	0	0	0	0	0	0	0	0	0	0	0	0	0	0	0	0	0	0	0	0	0	0	0	0	0	0	0	0	0	0	0	0	0	0	0	0	0	0	0	0	0	0	0	0	0	0	0	0	0
Zotu2334	0	0	0	0	0	0	0	0	0	13	0	0	0	0	0	0	0	0	0	0	0	0	0	0	9	0	8	0	0	0	0	0	42	0	0	33	25	5	0	97	101	7	0	2690	22	20	211	0	0	0	0	0	0	1	10	0	9	0	0	40	31	17	2	11	0	0	0	0	0	0	0	0	0	0	0	0	0	0	0	0	0	0	0	0	0	0	0	0	0	0	0	0	0	0	9	0	268	0	0	0	0	1	0	787	1146	138	0	353	0	566	0	0	30
Zotu9509	0	0	0	0	0	0	0	0	0	3	0	0	0	0	0	0	0	0	1	960	0	0	0	0	0	0	0	0	0	0	0	0	0	0	0	0	0	0	0	0	0	0	0	0	0	0	0	0	0	0	0	0	0	0	0	0	0	0	0	0	0	0	0	0	0	0	0	0	0	0	0	0	0	0	0	0	0	0	0	0	0	0	0	0	0	0	0	0	0	0	0	0	0	0	0	0	0	0	0	0	0	0	0	0	0	0	5	0	0	0	0	0	0
Zotu9235	0	0	0	0	0	0	0	0	0	2	0	0	1	195	0	0	0	0	39	123	94	0	0	8	0	0	0	0	0	0	0	0	0	0	0	0	0	0	0	0	0	0	0	0	0	0	0	0	0	0	0	0	0	0	0	0	0	0	0	0	0	0	0	0	0	0	0	0	0	0	0	0	0	0	0	0	0	0	0	0	0	0	0	0	0	0	0	0	0	0	0	0	0	0	0	0	0	0	0	0	0	0	0	0	0	0	3	0	0	0	0	0	0
Zotu9978	0	0	0	0	0	0	0	0	0	1	5	0	0	1	0	0	0	0	0	0	0	0	0	1	0	0	0	0	0	0	0	0	0	0	0	0	0	0	0	0	0	0	0	0	0	0	0	0	0	0	0	0	0	0	0	0	0	0	0	1	0	0	0	0	0	0	0	0	0	0	0	0	0	0	0	0	0	5	0	0	0	0	0	0	0	0	0	0	0	0	0	8	1281	0	0	0	0	0	0	0	0	0	0	0	1	0	1	2	74	4	446	371	0
Zotu9531	0	0	0	0	0	0	0	0	0	0	487	134	0	0	0	0	0	0	0	234	0	0	0	0	0	0	0	0	0	0	0	0	0	0	0	0	0	0	0	0	0	0	0	0	0	0	0	0	0	0	0	0	0	0	0	0	0	0	0	0	0	0	0	0	0	0	0	0	0	0	0	0	0	0	0	0	0	0	0	0	0	0	0	0	0	0	0	0	0	0	0	0	205	209	0	0	0	297	0	0	0	0	0	0	0	21	0	806	23	184	0	213	0
Zotu8392	0	0	0	0	0	0	0	0	0	0	416	0	0	0	0	0	0	0	0	0	0	0	0	0	0	0	0	0	0	0	0	0	0	0	0	0	0	0	0	0	0	0	0	0	0	0	0	0	0	0	0	0	0	0	0	0	0	0	0	0	0	0	0	0	0	0	0	0	0	0	0	1	0	7	0	0	3	0	4	26	18	5	0	0	0	0	6	0	0	0	0	0	0	0	0	0	0	0	0	0	0	0	0	0	0	0	0	0	0	0	0	0	0
Zotu6585	0	0	0	0	0	0	0	0	0	0	188	0	0	0	0	0	35	0	0	0	0	0	0	0	0	0	0	0	0	0	0	0	0	0	0	0	0	0	0	0	0	0	0	0	0	0	0	0	0	0	0	0	0	0	0	0	0	0	0	0	0	0	0	0	0	0	0	0	0	0	0	0	0	0	0	0	0	0	0	0	0	0	0	0	0	0	0	0	0	0	0	0	0	0	0	0	0	0	0	0	0	0	0	0	0	0	0	0	0	0	0	0	0
Zotu9100	0	0	0	0	0	0	0	0	0	0	2952	0	1348	0	0	0	2276	0	1290	0	0	3252	247	42	0	0	0	0	0	0	0	0	0	0	0	0	0	0	0	0	0	0	0	0	0	0	0	0	0	0	0	0	0	0	0	0	0	0	0	0	0	0	0	0	0	0	0	0	0	0	0	1	0	0	0	0	0	0	0	0	0	0	0	0	0	0	0	0	0	0	0	0	0	0	0	0	0	0	0	0	0	0	0	0	0	0	0	0	0	0	0	0	0
Zotu5313	0	0	0	0	0	0	0	0	0	0	1	0	0	0	0	0	117	0	0	0	0	0	0	0	0	0	0	0	0	0	0	0	0	0	0	0	0	0	0	0	0	0	0	0	0	0	0	0	0	0	0	0	0	0	0	0	0	0	0	0	0	0	0	0	0	0	0	0	0	0	0	0	0	0	0	0	0	0	0	0	0	0	0	0	0	0	0	0	0	0	0	0	0	0	0	0	0	0	0	0	0	0	0	0	0	0	0	0	0	0	0	0	0
Zotu8672	0	0	0	0	0	0	0	0	0	0	1	0	0	0	0	0	0	0	0	0	0	0	0	0	0	0	0	0	0	0	0	0	0	0	0	0	0	0	0	0	0	0	0	0	0	0	0	0	0	0	0	0	0	0	0	0	0	0	0	0	0	0	0	0	0	0	0	0	0	0	0	0	0	0	0	0	0	0	0	0	0	0	0	0	0	0	0	0	4	0	394	23	8	3	0	0	0	3	0	0	0	0	0	0	1	2	13	3	1	1	1	12	0
Zotu9178	0	0	0	0	0	0	0	0	0	0	0	623	0	0	0	0	0	0	1343	184	1	0	0	0	0	0	0	0	0	1	0	109	0	0	11	0	0	0	49	105	25	20	0	0	0	8	0	6	18	23	1	13	8	1	0	0	0	1	10	0	0	0	39	60	1	0	0	0	1	0	0	0	0	0	0	0	0	0	0	0	0	0	0	0	0	0	0	0	0	1	1	36	23	0	0	2	94	0	0	0	0	0	0	1	1	2	19	157	56	0	233	0	1
Zotu8602	0	0	0	0	0	0	0	0	0	0	0	275	0	0	0	0	0	0	0	0	0	0	0	0	0	0	0	104	0	0	0	0	0	0	0	0	0	0	0	0	0	0	0	0	0	0	0	0	0	0	0	0	0	0	0	0	0	0	0	0	0	18	0	0	0	0	0	27	46	0	0	13	0	0	0	0	0	0	0	0	0	0	72	0	0	0	0	0	331	0	0	0	0	0	0	0	0	0	0	0	0	0	0	0	0	0	0	0	0	0	0	0	0
Zotu8199	0	0	0	0	0	0	0	0	0	0	0	1	0	0	0	0	0	0	0	0	0	0	0	0	0	0	0	0	0	0	0	0	0	0	0	0	0	0	0	0	0	0	0	0	0	0	0	0	0	0	0	0	0	0	0	0	0	0	0	0	0	13	0	0	0	0	0	178	202	0	0	86	1	0	0	0	0	0	0	0	0	0	537	0	0	0	0	0	0	0	260	0	0	0	0	0	0	0	0	0	0	142	0	0	0	0	0	0	0	466	0	0	0
Zotu8878	0	0	0	0	0	0	0	0	0	0	0	0	281	0	0	0	0	0	0	0	0	0	0	0	0	0	0	0	0	0	0	0	0	0	0	0	0	0	0	0	0	0	0	0	0	0	0	0	0	0	0	0	0	0	0	0	0	0	0	0	0	0	0	0	0	0	0	0	0	0	0	0	0	0	0	0	0	0	0	0	0	0	0	0	0	0	0	0	0	0	0	0	0	0	0	0	0	0	0	0	0	0	0	0	0	0	0	0	0	0	0	0	0
Zotu8870	0	0	0	0	0	0	0	0	0	0	0	0	162	37	0	0	0	0	40	182	76	28	0	8	0	0	0	0	0	0	0	0	0	0	0	0	0	0	0	0	0	0	0	0	0	0	0	0	0	0	0	0	0	0	0	0	0	0	0	0	0	0	0	0	0	0	0	0	0	0	0	0	0	0	0	0	0	0	0	0	0	0	0	0	0	0	0	0	0	0	0	0	0	0	0	0	0	0	0	0	0	0	0	0	0	0	0	0	0	0	0	0	0
Zotu5785	0	0	0	0	0	0	0	0	0	0	0	0	96	0	0	0	0	0	0	0	0	0	0	0	0	0	0	0	0	0	0	0	0	0	0	0	0	0	0	0	0	0	0	0	0	0	0	0	0	0	0	0	0	0	0	0	0	0	0	0	0	0	0	0	0	0	0	0	0	0	0	0	0	0	0	0	0	0	0	0	0	0	0	0	0	0	0	0	0	0	0	0	0	0	0	0	0	0	0	0	0	0	0	0	0	0	0	0	0	0	0	0	0
Zotu7987	0	0	0	0	0	0	0	0	0	0	0	0	0	34	0	0	0	0	0	0	0	321	0	0	0	0	0	0	0	0	0	0	0	0	0	0	0	0	0	0	0	0	0	0	0	0	0	0	0	0	0	0	0	0	0	0	0	0	0	0	0	0	0	0	0	0	0	0	0	0	0	0	0	0	0	0	0	0	0	0	0	0	0	0	0	0	0	0	0	0	0	0	0	0	0	0	0	0	0	0	0	0	0	0	0	0	0	0	0	0	0	0	0
Zotu9409	0	0	0	0	0	0	0	0	0	0	0	0	0	57	0	0	0	16	0	0	0	70	0	0	0	0	0	0	0	0	0	0	0	0	0	0	0	0	0	0	0	0	0	0	0	0	0	0	0	0	0	0	0	0	0	0	0	0	0	0	0	0	0	0	0	0	0	0	0	0	0	0	0	0	0	0	0	0	0	0	0	0	0	0	0	0	0	0	0	0	0	0	0	0	0	0	0	0	0	0	0	0	0	0	0	0	0	0	0	0	0	0	0
Zotu9563	0	0	0	0	0	0	0	0	0	0	0	0	0	118	0	0	0	0	0	0	534	0	0	0	0	0	0	0	0	0	0	0	0	0	0	0	0	0	0	0	0	0	0	0	0	0	0	0	0	0	0	0	0	0	0	0	0	0	0	0	0	0	0	0	0	0	0	0	0	0	0	0	0	0	0	0	0	0	0	0	0	0	0	0	0	0	0	0	0	0	0	0	0	0	0	0	0	0	0	0	0	0	0	0	0	0	0	0	0	0	0	0	0
Zotu8216	0	0	0	0	0	0	0	0	0	0	0	0	0	18	0	0	0	0	0	0	0	0	0	0	0	0	0	0	0	0	0	0	0	0	0	0	0	0	0	0	0	0	0	0	0	0	0	0	0	0	0	0	0	0	0	0	0	0	0	0	0	0	0	0	0	0	0	0	1	0	0	0	0	0	0	0	0	0	0	0	0	0	0	0	0	0	0	0	0	290	0	0	0	0	0	0	0	0	0	0	0	0	0	0	0	0	0	0	0	0	0	0	0
Zotu4487	0	0	0	0	0	0	0	0	0	0	0	0	0	2	0	0	0	0	0	0	0	0	0	0	0	0	0	0	0	0	0	0	0	0	0	0	0	0	0	0	0	0	0	0	0	0	0	0	0	0	0	0	0	0	0	0	0	0	0	0	0	0	0	0	0	0	0	0	0	0	0	1	0	0	0	0	0	0	0	1	0	0	0	0	0	0	0	0	0	0	0	0	0	0	0	0	0	0	0	0	0	31	0	0	202	10	0	0	0	0	0	0	0
Zotu11558	0	0	0	0	0	0	0	0	0	0	0	0	0	1	0	0	0	0	0	64	0	0	0	0	0	0	0	0	0	0	0	0	0	0	0	0	0	0	0	0	0	0	0	0	0	0	0	0	0	0	0	0	0	0	0	0	0	0	0	0	0	0	0	0	0	0	0	0	0	0	0	0	0	0	0	0	0	0	0	0	0	0	0	0	0	0	0	0	0	0	0	0	0	0	0	0	0	0	0	0	0	0	0	0	0	0	0	0	0	0	0	0	0
Zotu9582	0	0	0	0	0	0	0	0	0	0	0	0	0	1	0	0	0	0	1	0	0	1	0	0	0	0	0	0	0	0	0	0	0	0	0	0	0	0	0	0	0	0	0	0	0	0	1	0	0	0	5	124	0	0	0	0	0	0	116	22	0	0	0	0	0	0	0	0	0	0	0	148	5	18	208	110	509	0	132	0	1	0	0	0	0	14	22	4	0	0	0	0	0	0	0	0	0	0	0	0	0	0	0	0	0	0	0	0	0	0	0	0	0
Zotu752	0	0	0	0	0	0	0	0	0	0	0	0	0	0	623	0	1106	0	0	0	301	165	181	33	0	0	0	0	0	0	0	0	0	0	0	0	0	0	120	0	0	0	0	0	0	0	0	0	0	0	0	0	0	0	0	0	0	0	0	0	0	0	0	0	0	0	0	0	0	0	0	0	0	0	0	0	0	0	0	0	40	0	0	0	0	0	0	0	0	0	0	0	0	0	0	0	0	0	0	0	0	0	0	0	0	0	0	0	0	0	0	0	0
Zotu9613	0	0	0	0	0	0	0	0	0	0	0	0	0	0	664	0	916	29	1	0	248	32	26	21	0	0	0	0	0	0	0	0	0	0	7	0	0	0	1	0	0	0	0	0	0	0	0	0	0	0	0	0	0	0	0	0	0	2	0	0	0	0	0	0	0	0	0	0	0	0	0	0	0	0	0	0	0	0	0	0	4	0	0	0	0	0	0	0	0	0	0	0	0	0	0	1	1	0	0	0	0	0	0	0	0	0	0	0	0	0	0	0	0
Zotu9195	0	0	0	0	0	0	0	0	0	0	0	0	0	0	0	1	0	0	0	0	0	0	0	0	0	0	0	0	0	0	0	0	61	0	0	0	0	0	0	0	0	103	0	0	0	0	0	0	0	0	0	0	0	0	0	0	0	0	0	0	0	0	0	0	0	0	0	0	0	0	0	0	0	0	0	0	0	0	0	0	0	0	0	0	0	0	0	0	0	760	144	0	0	1039	551	353	1090	1	1819	0	29	3812	3	0	346	93	0	53	653	6	791	0	0
Zotu9351	0	0	0	0	0	0	0	0	0	0	0	0	0	0	0	1	0	0	0	0	0	0	0	0	0	186	0	0	0	0	176	0	889	0	0	0	0	0	0	0	0	0	0	0	0	0	0	96	0	39	47	0	3	0	0	0	0	0	901	0	2395	27	5346	1	0	0	0	0	0	0	0	0	0	0	0	0	0	0	0	0	0	0	0	0	0	0	0	0	436	1028	9	20	0	0	434	93	0	24	409	34	0	0	271	102	0	0	0	0	22	236	0	0	24
Zotu9079	0	0	0	0	0	0	0	0	0	0	0	0	0	0	0	1	0	0	0	0	0	0	0	0	10	1	112	4	0	8	34	4	159	178	1	0	104	13	88	76	39	3	0	0	28	1	0	1	0	7	2	0	17	21	57	82	53	32	23	25	0	10	6	6	0	0	0	0	0	0	0	0	0	0	0	0	0	0	0	1	0	0	0	0	0	0	0	0	0	130	1	0	0	0	0	0	0	2	0	0	0	0	0	0	0	0	1	0	0	0	0	0	166
Zotu8264	0	0	0	0	0	0	0	0	0	0	0	0	0	0	0	1	0	0	0	211	0	0	0	0	0	105	0	0	262	0	563	65	0	0	0	904	0	0	0	0	0	0	0	0	26	0	0	0	0	0	0	0	0	0	0	42	0	115	0	0	0	0	0	0	551	228	224	1	11	381	16	4	61	20	66	14	3	52	33	158	11	31	0	1	0	0	0	1	0	0	0	0	0	0	0	0	0	0	0	0	0	0	0	0	0	0	0	0	0	0	0	0	0
Zotu77	0	0	0	0	0	0	0	0	0	0	0	0	0	0	0	1	0	0	0	0	0	0	0	0	23	3116	34	327	0	747	1671	526	0	101	927	0	993	57	75	570	1778	841	213	0	888	60	197	38	137	0	31	0	109	0	0	0	0	0	0	40	107	193	27	17	0	0	0	0	0	0	0	0	0	0	0	0	0	0	0	0	0	0	0	0	0	0	0	0	0	0	1	0	6	0	1013	0	569	915	699	423	218	153	0	63	1034	48	0	0	1	0	0	5	0
Zotu10447	0	0	0	0	0	0	0	0	0	0	0	0	0	0	0	0	1718	0	1	0	0	0	0	0	0	0	0	0	0	0	0	0	0	0	0	0	0	0	0	0	0	0	0	0	0	0	0	0	0	0	0	0	0	0	0	0	0	0	0	0	0	0	0	0	0	0	0	0	0	0	0	0	0	0	0	0	0	0	0	0	0	0	0	0	0	0	0	0	0	0	0	0	0	0	0	0	0	0	0	0	0	0	0	0	0	0	0	0	0	0	0	0	0
Zotu7205	0	0	0	0	0	0	0	0	0	0	0	0	0	0	0	0	1843	0	0	199	0	0	19	0	0	0	0	0	0	0	0	0	0	0	0	0	0	0	0	0	0	0	0	0	0	0	0	0	0	0	0	0	0	0	0	0	0	0	0	0	0	0	0	0	0	0	0	0	0	0	0	0	0	0	0	0	0	0	0	0	0	0	0	0	0	0	0	0	0	0	0	0	0	0	0	0	0	0	0	0	0	0	0	0	0	0	0	0	0	0	0	0	0
Zotu5161	0	0	0	0	0	0	0	0	0	0	0	0	0	0	0	0	1093	0	95	129	0	0	14	0	0	0	0	0	0	0	0	0	0	0	0	0	0	0	0	0	0	0	0	0	0	0	0	0	0	0	0	0	0	0	0	0	0	0	0	0	0	0	0	0	0	0	0	0	0	0	0	0	0	0	0	0	0	0	0	0	0	0	0	0	0	0	0	0	0	0	0	0	0	0	0	0	0	0	0	0	0	0	0	0	0	0	0	0	0	0	0	0	0
Zotu9356	0	0	0	0	0	0	0	0	0	0	0	0	0	0	0	0	408	0	22	0	0	0	0	0	0	0	0	0	0	0	0	0	0	0	0	0	0	0	0	0	0	0	0	0	0	0	0	0	0	0	0	0	0	0	0	0	0	0	0	0	0	0	0	0	0	0	0	0	0	0	0	0	0	0	0	0	0	0	0	0	0	0	0	0	0	0	0	0	0	0	0	0	0	0	0	0	0	0	0	0	0	0	0	0	0	0	0	0	0	0	0	0	0
Zotu10125	0	0	0	0	0	0	0	0	0	0	0	0	0	0	0	0	726	0	57	0	0	0	14	0	0	0	0	0	0	0	0	0	0	0	0	0	0	0	0	0	0	0	0	0	0	0	0	0	0	0	0	0	0	0	0	0	0	0	0	0	0	0	0	0	0	0	0	0	0	0	0	0	0	0	0	0	0	0	0	0	0	0	0	0	0	0	0	0	0	0	0	0	0	0	0	0	0	0	0	0	0	0	0	0	0	0	0	0	0	0	0	0	0
Zotu11461	0	0	0	0	0	0	0	0	0	0	0	0	0	0	0	0	528	0	0	38	0	0	0	0	0	0	0	0	0	0	0	0	0	0	0	0	0	0	0	0	0	0	0	0	0	0	0	0	0	0	0	0	0	0	0	0	0	0	0	0	0	0	0	0	0	0	0	0	0	0	0	0	0	0	0	0	0	0	0	0	0	0	0	0	0	0	0	0	0	0	0	0	0	0	0	0	0	0	0	0	0	0	0	0	0	0	0	0	0	0	0	0	0
Zotu9081	0	0	0	0	0	0	0	0	0	0	0	0	0	0	0	0	172	1	0	625	0	0	0	0	0	0	0	0	0	0	0	0	0	0	0	0	0	0	0	0	0	0	0	0	0	0	0	0	0	0	0	0	0	0	0	0	0	0	0	0	0	0	0	0	0	0	0	0	0	0	0	0	0	0	0	0	0	0	0	0	0	0	0	0	0	0	0	0	0	0	0	0	0	0	0	0	0	0	0	0	0	0	0	0	0	0	0	0	0	0	0	0	0
Zotu9157	0	0	0	0	0	0	0	0	0	0	0	0	0	0	0	0	1	0	0	0	0	0	0	0	7	797	25	212	0	181	704	403	0	1	196	0	313	2	39	168	495	451	62	0	556	19	34	4	54	0	18	0	17	0	0	0	0	0	0	10	91	185	67	16	0	0	0	0	0	0	0	0	0	0	0	0	0	0	0	0	0	0	0	0	0	0	0	0	0	0	0	0	0	0	34	0	31	374	118	232	139	152	0	439	0	0	0	0	0	0	0	1	0
Zotu9611	0	0	0	0	0	0	0	0	0	0	0	0	0	0	0	0	1	0	0	0	1	0	0	0	0	0	0	0	0	0	0	0	0	0	1	0	0	0	0	0	0	0	0	0	0	0	0	0	0	0	0	0	0	0	0	0	0	0	0	0	0	0	0	0	0	0	0	0	0	0	0	0	0	0	0	0	0	0	0	0	0	0	0	0	0	0	0	0	0	0	0	0	2	0	23	0	1	0	0	0	0	8	0	10	0	1	0	1	1	1	15	1	0
Zotu9653	0	0	0	0	0	0	0	0	0	0	0	0	0	0	0	0	1	0	0	0	0	0	333	0	0	0	0	0	0	0	0	0	0	0	0	0	0	0	0	0	76	0	0	0	8	0	2	0	0	0	0	0	746	0	0	22	23	5	0	0	0	0	0	0	0	0	0	2	151	90	0	3	0	0	0	0	3	210	213	31	144	0	176	97	145	12	233	20	0	0	0	0	0	0	0	0	0	0	0	0	0	0	0	0	0	0	0	0	0	0	0	0	0
Zotu9408	0	0	0	0	0	0	0	0	0	0	0	0	0	0	0	0	0	230	0	166	0	404	0	0	0	0	0	0	0	0	0	0	0	0	0	0	0	0	0	0	0	0	0	0	0	0	0	0	0	0	0	0	0	0	0	0	0	0	0	0	0	0	0	0	0	0	0	0	0	0	0	0	0	0	0	0	0	0	0	0	0	0	0	0	0	0	0	0	0	0	0	0	0	0	0	0	0	0	0	0	0	0	0	0	0	0	0	0	0	0	0	0	0
Zotu7361	0	0	0	0	0	0	0	0	0	0	0	0	0	0	0	0	0	1	0	0	0	0	0	0	0	0	0	0	0	0	0	0	0	0	0	0	0	1	2	0	0	0	0	0	0	0	0	0	0	0	0	0	0	2	0	3	3	2	0	0	0	0	0	0	27	0	67	2	5	1	0	0	0	0	0	0	25	0	35	16	0	0	0	28	190	0	4	27	0	0	0	0	0	0	0	0	0	0	2	0	0	2	0	0	0	0	0	0	0	0	0	0	3
Zotu11324	0	0	0	0	0	0	0	0	0	0	0	0	0	0	0	0	0	0	40	0	0	0	0	0	0	0	0	0	0	0	0	0	0	0	0	0	0	0	0	0	0	0	0	0	0	0	0	0	0	0	0	0	0	0	0	0	0	0	0	0	0	0	0	0	0	0	0	0	0	0	0	0	0	0	0	0	0	0	0	0	0	0	0	0	0	0	0	0	0	0	0	0	0	0	0	0	0	0	0	0	0	0	0	0	0	0	0	0	0	0	0	0	0
Zotu6549	0	0	0	0	0	0	0	0	0	0	0	0	0	0	0	0	0	0	1	3	1	13	0	0	5	0	1	0	1	11	0	1	0	0	0	0	2	0	2	0	0	0	2	0	0	0	0	0	0	0	4	0	0	265	29	20	0	7	32	6	0	0	0	0	2	0	0	0	0	0	0	0	0	0	0	0	0	0	0	0	0	0	0	0	0	0	0	0	0	1	0	0	0	1	0	0	1	0	0	0	0	0	0	0	1	0	0	0	0	0	0	2	108
Zotu11288	0	0	0	0	0	0	0	0	0	0	0	0	0	0	0	0	0	0	2	0	0	0	0	0	0	0	0	0	0	1	0	0	0	0	0	0	0	0	0	0	0	0	1	0	0	0	0	0	0	0	0	0	0	110	15	11	0	20	0	0	0	0	0	1	0	0	0	0	0	0	0	0	0	0	0	0	0	0	0	0	0	0	0	0	0	0	0	0	0	0	0	0	0	0	0	1	0	0	0	0	0	0	0	0	0	0	0	0	0	0	0	0	31
Zotu9213	0	0	0	0	0	0	0	0	0	0	0	0	0	0	0	0	0	0	0	93	0	0	0	0	0	270	0	0	241	0	54	66	0	0	0	991	0	0	7	0	0	0	0	0	0	0	0	0	0	0	0	0	0	0	0	45	0	132	0	0	0	0	0	0	406	298	262	1	36	54	101	2	257	118	316	58	10	49	146	62	53	17	0	0	2	0	0	0	0	0	0	0	0	0	0	0	0	0	0	0	0	0	0	0	0	0	0	0	0	0	0	0	0
Zotu4443	0	0	0	0	0	0	0	0	0	0	0	0	0	0	0	0	0	0	0	1	246	0	0	0	0	0	0	0	0	0	0	0	0	0	0	0	0	0	0	0	0	0	0	0	0	0	0	0	0	0	0	0	0	0	0	0	0	0	0	0	0	0	0	0	0	0	0	0	0	0	0	0	0	0	0	0	0	0	0	0	0	0	0	0	0	0	0	0	0	0	0	0	4	0	0	0	0	0	0	0	0	0	0	0	0	0	1	0	0	2	0	4	0
Zotu9529	0	0	0	0	0	0	0	0	0	0	0	0	0	0	0	0	0	0	0	1	0	0	0	0	0	0	0	0	0	0	0	0	0	1040	1870	94	211	222	410	1970	418	891	92	321	50	100	0	0	0	0	0	0	0	0	80	0	0	0	0	1	0	0	0	994	0	0	0	0	0	0	0	0	0	0	0	0	1	0	0	0	0	0	0	0	0	0	0	0	345	0	555	68	262	0	175	0	0	531	151	99	177	4	0	283	0	5	347	0	48	0	0	253	2
Zotu5593	0	0	0	0	0	0	0	0	0	0	0	0	0	0	0	0	0	0	0	0	273	0	0	0	0	0	0	0	0	0	0	0	0	0	0	0	0	0	0	0	0	0	0	0	0	0	1	0	0	0	0	0	0	0	0	0	0	0	0	0	0	0	0	0	0	0	0	0	0	0	0	0	0	0	0	0	0	0	0	0	0	0	0	0	0	0	0	0	0	0	0	0	0	0	0	0	0	0	0	0	0	0	0	0	0	0	0	0	0	0	0	0	0
Zotu7625	0	0	0	0	0	0	0	0	0	0	0	0	0	0	0	0	0	0	0	0	212	0	0	0	0	0	0	0	0	0	0	0	0	0	0	0	0	0	0	0	0	0	0	0	0	0	0	0	0	0	0	0	0	0	0	0	0	0	0	0	0	0	0	0	0	0	0	0	0	0	0	0	0	0	0	0	0	0	0	0	0	0	0	0	0	0	0	0	0	0	0	0	0	0	0	0	0	0	0	0	0	0	0	0	0	0	0	0	0	0	0	0	0
Zotu8523	0	0	0	0	0	0	0	0	0	0	0	0	0	0	0	0	0	0	0	0	115	0	9	0	0	0	0	0	0	0	0	0	0	0	0	0	0	0	0	0	0	0	0	0	0	0	0	0	0	0	0	0	0	0	0	0	0	0	0	0	0	0	0	0	0	0	0	0	0	0	0	0	0	0	0	0	0	0	0	0	0	0	0	0	0	0	0	0	0	0	0	0	0	0	0	0	0	0	0	0	0	0	0	0	0	0	0	0	0	0	0	0	0
Zotu7740	0	0	0	0	0	0	0	0	0	0	0	0	0	0	0	0	0	0	0	0	0	0	3427	0	0	0	0	0	0	0	0	0	0	0	0	0	0	0	0	0	113	0	0	0	1	0	420	0	0	0	0	0	1602	0	77	250	73	215	0	0	0	0	0	0	0	1	0	153	1316	1461	0	15	0	5	0	4	1	959	1186	64	929	28	821	472	676	38	1567	111	0	0	0	0	0	0	0	0	0	0	0	0	0	0	0	0	0	0	0	0	0	0	0	0	0
Zotu6019	0	0	0	0	0	0	0	0	0	0	0	0	0	0	0	0	0	0	0	0	0	0	8	0	0	0	0	0	0	0	0	0	0	0	0	0	0	0	0	0	0	0	0	0	1204	0	0	0	0	0	0	0	4	0	0	2	1	1	0	0	0	0	0	0	2	9	0	0	4	1	2	1	0	10	54	3	0	25	22	98	2	1	259	4	297	41	117	53	0	0	0	0	0	0	0	0	0	0	0	0	0	0	0	0	0	0	0	0	0	0	0	0	0
Zotu11713	0	0	0	0	0	0	0	0	0	0	0	0	0	0	0	0	0	0	0	0	0	0	4	0	0	0	0	0	0	0	0	0	0	0	0	0	0	0	0	0	0	0	0	1	9475	0	0	0	0	0	0	0	7	0	2	1	0	1	0	0	0	0	0	0	1	58	0	1	9	10	116	2	2	94	314	15	1	233	31	567	22	2	1435	74	2850	194	570	242	0	0	0	0	0	0	0	0	0	0	0	0	0	0	0	0	0	0	0	1	0	0	0	0	0
Zotu10354	0	0	0	0	0	0	0	0	0	0	0	0	0	0	0	0	0	0	0	0	0	0	4	0	0	0	0	0	0	0	0	0	0	0	0	0	0	0	0	0	0	0	0	0	7	0	0	0	0	0	0	0	0	0	0	0	1	0	0	0	0	0	0	0	63	243	0	0	1	1	181	17	0	92	111	19	0	5	3	125	22	5	4	2	179	4	3	0	0	0	0	0	0	0	0	0	0	0	0	0	0	0	0	0	0	0	0	0	0	0	0	0	0
Zotu792	0	0	0	0	0	0	0	0	0	0	0	0	0	0	0	0	0	0	0	0	0	0	1	0	0	0	0	0	0	0	0	0	0	0	0	0	0	0	0	0	0	0	0	0	1712	0	0	0	0	0	0	0	0	0	0	0	0	0	0	0	0	0	0	0	0	6	0	0	1	0	4	0	0	6	55	0	0	8	1	94	11	0	697	25	692	23	123	15	0	0	0	0	0	0	0	0	0	0	0	0	0	0	0	0	0	0	0	0	0	0	0	0	0
Zotu9956	0	0	0	0	0	0	0	0	0	0	0	0	0	0	0	0	0	0	0	0	0	0	1	0	0	0	342	0	0	0	0	0	0	82	204	81	0	0	0	0	0	0	707	0	0	0	0	0	0	0	0	170	0	0	0	0	0	0	0	0	0	0	0	0	0	0	0	0	0	0	0	0	0	0	0	0	0	0	0	0	0	0	0	0	0	0	0	0	0	0	0	0	0	0	0	0	0	0	0	0	0	0	0	172	0	0	0	0	0	0	0	0	0
Zotu9637	0	0	0	0	0	0	0	0	0	0	0	0	0	0	0	0	0	0	0	0	0	0	0	0	23	123	814	320	54	247	79	184	33	0	0	18	93	32	127	274	149	610	2	3	0	0	68	6	1	0	9	20	3	0	0	0	0	0	124	267	33	2	0	162	0	0	0	0	0	0	0	0	0	0	0	0	0	0	0	0	0	0	0	0	0	0	0	0	0	0	0	0	0	0	0	0	0	0	0	0	0	0	0	0	0	0	0	0	0	0	0	0	0
Zotu9927	0	0	0	0	0	0	0	0	0	0	0	0	0	0	0	0	0	0	0	0	0	0	0	0	42	0	1301	357	55	349	0	669	31	0	3	7	504	89	724	521	195	1060	2	221	0	12	3	0	1	0	0	1	3	0	0	0	0	0	245	562	64	20	0	254	0	0	2	0	0	0	0	0	0	0	0	0	0	0	0	0	0	0	0	0	0	0	0	0	0	0	0	0	0	0	0	0	0	0	0	0	0	0	0	0	0	0	0	0	0	0	0	0	0
Zotu9911	0	0	0	0	0	0	0	0	0	0	0	0	0	0	0	0	0	0	0	0	0	0	0	0	17	275	491	55	36	106	231	99	525	230	0	57	271	68	695	185	179	147	0	1	0	0	68	39	0	17	0	0	65	112	251	514	248	314	424	148	142	377	149	486	0	0	0	0	0	0	0	0	0	0	1	1	0	0	1	0	0	0	0	0	0	0	0	0	0	111	51	0	279	286	252	2	0	255	146	57	3	0	260	0	0	0	151	0	45	444	693	0	299
Zotu8197	0	0	0	0	0	0	0	0	0	0	0	0	0	0	0	0	0	0	0	0	0	0	0	0	27	1	319	117	11	108	1	290	47	0	0	0	125	21	402	126	62	737	2	364	0	1	1	7	2	3	0	1	10	0	0	0	0	0	109	204	46	7	3	129	0	0	0	0	1	0	0	0	0	0	0	0	0	0	0	0	0	0	0	0	0	0	0	0	0	0	0	0	0	1	0	0	0	0	0	0	0	0	0	0	0	0	0	0	0	0	1	0	3
Zotu5181	0	0	0	0	0	0	0	0	0	0	0	0	0	0	0	0	0	0	0	0	0	0	0	0	29	2	486	220	27	188	0	389	17	0	0	2	307	97	166	14	2	64	2	0	0	7	1	0	0	0	0	0	9	0	0	0	0	0	104	97	29	3	0	60	0	0	0	0	0	0	0	0	0	0	0	0	0	0	0	0	0	0	0	0	0	0	0	0	0	0	0	0	0	0	0	0	0	0	0	0	0	0	0	0	0	0	0	0	0	0	0	0	0
Zotu9692	0	0	0	0	0	0	0	0	0	0	0	0	0	0	0	0	0	0	0	0	0	0	0	0	33	151	449	26	15	16	149	73	447	0	117	1	181	95	746	203	108	37	0	0	18	0	0	2	0	1	0	0	20	28	28	269	124	52	182	16	2	65	117	62	0	0	0	0	2	0	0	0	0	0	0	0	0	0	0	0	0	0	0	0	0	0	0	0	0	0	1	0	62	0	4	0	1	2	0	1	0	2	0	0	0	0	1	0	0	1	3	1	324
Zotu8794	0	0	0	0	0	0	0	0	0	0	0	0	0	0	0	0	0	0	0	0	0	0	0	0	2	0	69	0	0	0	1	0	61	0	0	0	58	1	89	2	39	0	0	0	0	0	0	0	0	0	0	0	8	0	0	0	0	0	0	1	0	0	0	0	0	0	0	0	0	0	0	0	0	0	0	0	0	0	0	0	0	0	0	0	0	0	0	0	0	0	0	0	0	0	0	0	0	0	0	0	0	0	0	0	0	0	0	0	0	0	0	0	0
Zotu6850	0	0	0	0	0	0	0	0	0	0	0	0	0	0	0	0	0	0	0	0	0	0	0	0	15	0	32	0	0	77	0	0	0	0	0	0	0	0	0	0	0	0	0	0	0	0	0	25	0	0	0	0	5	0	0	0	0	0	0	0	349	3	0	6	0	0	0	0	0	0	0	0	0	0	0	0	0	0	0	0	0	0	0	0	0	0	0	0	0	0	0	0	0	0	0	0	0	0	0	0	0	0	0	0	0	0	0	0	0	0	0	0	0
Zotu8819	0	0	0	0	0	0	0	0	0	0	0	0	0	0	0	0	0	0	0	0	0	0	0	0	19	0	214	76	7	77	0	154	56	0	0	2	128	61	198	58	24	236	0	0	0	0	0	0	4	3	3	1	3	0	0	0	0	0	47	126	27	3	0	54	0	0	0	0	0	0	0	0	0	0	0	0	0	0	0	0	0	0	0	0	0	0	0	0	0	0	0	0	0	0	0	0	0	0	0	0	0	0	0	0	0	0	0	0	0	0	0	0	0
Zotu5762	0	0	0	0	0	0	0	0	0	0	0	0	0	0	0	0	0	0	0	0	0	0	0	0	4	0	83	40	0	0	0	0	0	0	0	0	0	0	38	51	18	7	39	0	0	0	35	0	0	0	0	0	0	0	0	0	0	0	0	0	0	0	0	0	0	0	0	0	0	0	0	0	0	0	0	0	0	0	0	0	0	0	0	0	0	0	0	0	0	0	0	0	0	0	0	0	0	0	0	0	0	0	0	0	0	0	0	0	0	0	0	0	0
Zotu9879	0	0	0	0	0	0	0	0	0	0	0	0	0	0	0	0	0	0	0	0	0	0	0	0	3	40	107	1	0	5	36	15	33	108	0	0	0	5	58	57	31	1	0	0	0	0	0	0	0	0	0	0	1	1	1	43	3	0	2	0	27	3	1	89	0	0	0	0	0	0	0	0	0	0	0	0	0	0	0	0	0	0	0	0	0	0	0	0	0	1	0	0	0	0	0	0	0	1	0	0	0	0	0	0	0	1	0	0	0	0	0	0	0
Zotu9357	0	0	0	0	0	0	0	0	0	0	0	0	0	0	0	0	0	0	0	0	0	0	0	0	3	0	79	125	0	0	0	0	0	0	0	0	10	0	23	29	0	23	439	0	0	0	0	0	0	0	0	0	0	0	0	0	0	0	0	0	0	0	0	0	0	0	0	0	0	0	0	0	0	0	0	0	0	0	0	0	0	0	0	0	0	0	0	0	0	0	0	0	0	0	0	0	0	0	0	0	0	0	0	0	0	0	0	0	0	0	0	0	0
Zotu5979	0	0	0	0	0	0	0	0	0	0	0	0	0	0	0	0	0	0	0	0	0	0	0	0	1	0	2	128	10	5	0	0	0	0	0	0	0	0	0	0	0	0	76	0	0	0	0	0	0	0	0	0	0	0	0	0	0	0	0	0	0	2	0	0	0	1	0	12	5	0	0	9	0	0	0	0	0	0	0	0	0	0	21	0	0	0	0	0	0	0	4	0	0	0	0	0	0	0	0	0	0	2	0	0	0	0	0	0	0	0	0	0	0
Zotu9250	0	0	0	0	0	0	0	0	0	0	0	0	0	0	0	0	0	0	0	0	0	0	0	0	4	122	0	0	0	0	181	0	0	0	0	0	0	0	0	0	0	0	0	0	0	0	0	0	0	0	0	0	0	0	0	0	0	0	0	0	0	0	0	0	0	0	0	0	0	0	0	0	0	0	0	0	0	0	0	0	0	0	0	0	0	0	0	0	0	0	0	0	0	0	0	0	0	0	0	0	0	0	0	0	0	0	0	0	0	0	0	0	0
Zotu10236	0	0	0	0	0	0	0	0	0	0	0	0	0	0	0	0	0	0	0	0	0	0	0	0	1	0	0	0	0	0	43	0	0	0	0	0	0	0	0	0	0	0	0	0	0	0	0	0	0	0	0	0	0	0	0	0	0	0	0	0	0	0	0	0	0	0	0	0	0	0	0	0	0	0	0	0	0	0	0	0	0	0	0	0	0	0	0	0	0	0	0	0	0	0	0	0	0	0	0	0	0	0	0	0	0	0	0	0	0	0	0	0	0
Zotu5287	0	0	0	0	0	0	0	0	0	0	0	0	0	0	0	0	0	0	0	0	0	0	0	0	1	90	0	0	0	0	39	0	0	0	0	0	0	0	0	0	0	0	0	0	0	0	0	0	0	0	0	0	0	0	0	0	0	0	0	0	0	0	0	0	0	0	0	0	0	0	0	0	0	0	0	0	0	0	0	0	0	0	0	0	0	0	0	0	0	0	0	0	0	0	0	0	0	0	0	0	0	0	0	0	0	0	0	0	0	0	0	0	0
Zotu8965	0	0	0	0	0	0	0	0	0	0	0	0	0	0	0	0	0	0	0	0	0	0	0	0	0	2	49	0	0	11	50	0	0	0	0	0	0	1	1	0	0	0	0	0	0	0	0	2	0	0	0	4	0	0	0	0	0	0	1	0	0	0	0	14	0	0	0	0	0	0	0	0	0	0	0	0	0	0	0	0	0	0	0	0	0	0	0	0	0	0	0	0	0	0	0	0	0	0	0	0	0	0	0	0	0	0	0	0	0	0	0	0	0
Zotu844	0	0	0	0	0	0	0	0	0	0	0	0	0	0	0	0	0	0	0	0	0	0	0	0	0	296	18	107	0	297	290	99	0	0	0	0	288	0	3	24	445	142	44	0	235	0	0	5	29	0	11	0	18	0	0	0	0	0	0	13	40	141	15	34	0	0	0	0	0	0	0	0	0	0	0	0	0	0	0	0	0	0	0	0	0	0	0	0	0	0	0	0	0	0	0	0	0	2	0	16	348	0	0	0	0	0	0	0	0	0	0	0	0
Zotu5763	0	0	0	0	0	0	0	0	0	0	0	0	0	0	0	0	0	0	0	0	0	0	0	0	0	323	242	0	6	80	127	0	0	0	0	0	0	1	0	1	0	1	0	0	0	0	0	8	0	4	6	23	0	0	0	0	0	0	13	0	0	0	0	61	0	0	0	0	0	0	0	0	0	0	0	0	0	0	0	0	0	0	0	0	0	0	0	0	0	0	0	0	0	0	0	0	0	0	0	0	0	0	0	0	0	0	0	0	0	0	0	0	0
Zotu8613	0	0	0	0	0	0	0	0	0	0	0	0	0	0	0	0	0	0	0	0	0	0	0	0	0	108	1	43	0	9	69	12	67	0	15	0	0	0	35	52	6	2	0	0	0	3	0	13	0	0	0	0	3	47	15	135	47	67	70	9	2	141	21	181	0	5	0	0	0	0	0	0	0	0	0	0	0	0	0	0	0	0	0	0	0	0	0	0	0	0	112	0	0	0	0	0	0	0	0	0	0	0	0	0	0	0	20	0	0	0	0	0	45
Zotu9723	0	0	0	0	0	0	0	0	0	0	0	0	0	0	0	0	0	0	0	0	0	0	0	0	0	105	1	0	0	0	67	0	220	0	0	0	0	0	0	0	0	0	0	0	0	0	0	38	0	8	7	0	17	0	0	0	0	0	145	0	401	0	786	1	0	0	0	0	0	0	0	0	0	0	0	0	0	0	0	0	0	0	0	0	0	0	0	0	615	966	1	0	0	0	92	190	0	195	0	80	0	0	0	0	0	0	0	0	0	165	0	0	0
Zotu7980	0	0	0	0	0	0	0	0	0	0	0	0	0	0	0	0	0	0	0	0	0	0	0	0	0	4	0	0	1	0	0	20	0	0	0	19	0	0	0	0	0	0	0	0	0	0	0	0	0	0	0	0	0	0	0	5	0	23	0	0	0	0	0	0	56	133	122	0	0	57	97	0	653	480	1565	197	6	51	555	76	20	24	0	0	0	0	0	0	0	0	0	0	0	0	0	0	0	0	0	0	0	0	0	0	0	0	0	0	0	0	0	0	0
Zotu4911	0	0	0	0	0	0	0	0	0	0	0	0	0	0	0	0	0	0	0	0	0	0	0	0	0	34	0	0	0	0	75	0	0	0	0	0	0	0	0	0	0	0	0	0	0	0	0	0	0	0	0	0	0	0	0	0	0	0	0	0	0	0	0	0	0	0	0	0	0	0	0	0	0	0	0	0	0	0	0	0	0	0	0	0	0	0	0	0	0	0	0	0	0	0	0	0	0	0	0	0	0	0	0	0	0	0	0	0	0	0	0	0	0
Zotu8293	0	0	0	0	0	0	0	0	0	0	0	0	0	0	0	0	0	0	0	0	0	0	0	0	0	19	0	124	0	1	1	0	0	0	0	12	0	0	27	65	28	8	0	0	0	0	0	4	0	0	0	0	6	1	3	22	35	19	35	13	25	119	48	111	0	0	0	0	0	0	0	0	0	0	0	0	0	0	0	0	0	0	0	0	0	0	0	0	0	0	0	0	0	1	0	121	0	183	157	53	0	0	0	0	0	0	64	0	0	0	283	171	36
Zotu11164	0	0	0	0	0	0	0	0	0	0	0	0	0	0	0	0	0	0	0	0	0	0	0	0	0	31	0	4	0	0	0	0	0	0	0	0	0	0	1	0	0	0	0	0	7	0	0	0	0	0	0	0	0	0	0	0	0	0	0	0	0	0	0	0	0	0	0	0	0	0	0	0	0	0	0	0	0	0	0	0	0	0	0	0	0	0	0	0	0	0	0	0	0	0	0	0	0	0	0	0	0	0	0	0	0	0	0	0	0	0	0	0	0
Zotu10906	0	0	0	0	0	0	0	0	0	0	0	0	0	0	0	0	0	0	0	0	0	0	0	0	0	15	0	0	0	0	9	29	1	521	62	0	2	0	4	114	0	4	0	0	0	0	0	0	0	0	0	0	0	0	0	0	0	0	0	0	0	0	0	0	0	0	0	0	0	0	0	0	0	0	0	0	0	0	0	0	0	0	0	0	0	0	0	0	0	0	0	0	0	0	0	0	0	0	0	0	0	0	0	0	0	0	0	0	0	0	0	0	0
Zotu8908	0	0	0	0	0	0	0	0	0	0	0	0	0	0	0	0	0	0	0	0	0	0	0	0	0	22	0	0	0	0	25	0	323	0	0	0	0	0	0	0	0	0	0	0	0	0	0	0	0	0	0	0	0	0	0	0	0	0	1	0	4	13	4	0	0	0	0	0	0	0	0	0	0	0	0	0	0	0	0	0	0	0	0	0	0	0	0	0	261	226	0	0	0	0	0	0	0	0	0	0	0	0	0	0	0	0	0	0	0	0	0	0	0
Zotu8896	0	0	0	0	0	0	0	0	0	0	0	0	0	0	0	0	0	0	0	0	0	0	0	0	0	5	0	0	0	0	14	0	121	0	0	0	0	0	0	0	0	0	0	0	0	0	0	67	0	19	7	1	0	0	0	0	0	0	95	0	208	10	356	0	0	0	0	0	0	0	1	0	0	0	0	0	0	0	0	0	0	0	0	0	0	0	0	0	369	1896	251	40	0	0	465	1066	0	0	616	10	0	0	251	106	0	0	0	0	75	33	0	0	4
Zotu5442	0	0	0	0	0	0	0	0	0	0	0	0	0	0	0	0	0	0	0	0	0	0	0	0	0	2	5	1	0	0	0	1	10	1	0	0	2	0	14	1	2	9	0	0	0	0	0	0	0	0	0	0	9	7	0	34	1	2	4	7	29	7	0	16	0	0	0	0	0	0	0	0	0	0	0	0	0	0	0	0	0	0	0	0	0	0	0	0	0	1	62	47	72	3	2	0	0	0	0	0	0	0	0	0	0	0	0	0	0	0	2	0	17
Zotu7961	0	0	0	0	0	0	0	0	0	0	0	0	0	0	0	0	0	0	0	0	0	0	0	0	0	2	0	0	0	0	0	0	57	0	0	0	0	0	0	0	0	0	0	0	0	0	0	0	0	0	1	0	0	0	0	0	0	0	20	0	90	0	124	0	0	0	0	0	0	0	0	0	0	0	0	0	0	0	0	0	0	0	0	0	0	0	0	0	1	82	2	1	0	0	0	0	0	3	6	2	0	0	1	265	0	0	0	0	52	1	0	0	1
Zotu9851	0	0	0	0	0	0	0	0	0	0	0	0	0	0	0	0	0	0	0	0	0	0	0	0	0	1	0	0	0	1	2	0	80	0	1	0	0	0	1	1	0	1	0	0	0	0	0	0	1	0	0	0	0	0	0	4	2	1	0	0	0	0	0	5	0	0	0	0	1	0	0	0	0	0	0	0	0	0	0	0	0	0	0	0	0	0	0	0	0	0	0	0	0	0	0	0	0	0	0	0	0	0	0	0	0	0	0	0	0	0	0	0	1
Zotu9963	0	0	0	0	0	0	0	0	0	0	0	0	0	0	0	0	0	0	0	0	0	0	0	0	0	1	12	0	0	0	4	1	13	0	90	3	2	1	23	68	3	8	0	0	0	0	0	0	0	0	2	0	12	50	101	54	71	110	46	40	6	114	5	295	0	0	0	0	0	0	0	0	0	0	0	0	0	0	0	0	0	0	0	0	0	0	0	0	0	3	1	0	1	0	0	0	104	34	0	0	0	0	21	0	0	0	1	0	1	4	1	0	178
Zotu7035	0	0	0	0	0	0	0	0	0	0	0	0	0	0	0	0	0	0	0	0	0	0	0	0	0	1	0	0	0	24	2	0	2	0	0	0	0	0	1	3	0	1	0	0	0	0	0	4	0	0	0	0	2	2	4	8	8	3	75	48	72	135	2	130	0	0	0	0	0	0	0	0	0	0	0	0	0	0	0	0	0	0	0	0	0	0	0	0	0	43	1	23	1	0	142	1	0	0	0	0	0	128	0	0	0	69	0	0	0	0	279	0	40
Zotu7947	0	0	0	0	0	0	0	0	0	0	0	0	0	0	0	0	0	0	0	0	0	0	0	0	0	0	50	0	0	0	0	0	0	0	82	0	1	0	0	0	0	0	34	0	0	0	0	0	0	0	0	0	0	0	0	0	0	0	0	0	0	138	1	62	0	0	0	0	0	0	0	0	0	0	0	0	0	0	0	0	0	0	0	0	0	0	0	0	0	0	0	0	0	0	0	0	0	0	0	0	0	0	0	0	0	0	0	0	0	0	0	0	0
Zotu11573	0	0	0	0	0	0	0	0	0	0	0	0	0	0	0	0	0	0	0	0	0	0	0	0	0	0	62	0	0	0	0	0	0	0	0	0	71	0	0	0	0	0	15	0	0	0	0	0	0	0	0	0	0	0	0	0	0	0	0	0	0	86	7	16	0	0	0	0	0	0	0	0	0	0	0	0	0	0	0	0	0	0	0	0	0	0	0	0	0	0	0	0	0	0	0	0	0	0	0	0	0	0	0	0	0	0	0	0	0	0	0	0	0
Zotu9900	0	0	0	0	0	0	0	0	0	0	0	0	0	0	0	0	0	0	0	0	0	0	0	0	0	0	56	0	0	0	0	0	0	0	16	0	0	0	0	0	0	0	56	0	0	0	0	1	0	0	0	0	0	0	0	0	0	0	0	0	0	45	2	25	0	0	0	0	0	0	0	0	0	0	0	0	0	0	0	0	0	0	0	0	0	0	0	0	0	0	0	0	0	0	0	0	0	0	0	0	0	0	0	0	0	0	0	0	0	0	0	0	0
Zotu7866	0	0	0	0	0	0	0	0	0	0	0	0	0	0	0	0	0	0	0	0	0	0	0	0	0	0	536	0	0	0	0	0	0	301	1449	270	1	0	1	3	0	0	1210	0	0	0	192	0	0	1	1	116	0	0	0	0	0	0	0	0	1	1	0	0	0	0	0	0	0	0	0	0	0	0	0	0	0	0	0	0	0	0	0	0	0	0	0	0	0	0	0	80	42	0	0	1	0	3	0	0	2	0	0	2302	924	0	0	0	0	0	443	0	0
Zotu7844	0	0	0	0	0	0	0	0	0	0	0	0	0	0	0	0	0	0	0	0	0	0	0	0	0	0	19	0	0	0	0	0	0	0	0	0	1	0	0	0	0	0	37	0	0	0	0	0	0	0	0	0	0	0	0	0	0	0	0	0	0	79	24	45	0	0	0	0	0	0	0	0	0	0	0	0	0	0	0	0	0	0	0	0	0	0	0	0	0	0	0	0	0	0	0	0	0	0	0	0	0	0	0	0	0	0	0	0	0	0	0	0	0
Zotu9564	0	0	0	0	0	0	0	0	0	0	0	0	0	0	0	0	0	0	0	0	0	0	0	0	0	0	1	0	0	0	0	0	0	0	0	0	0	0	0	0	0	0	0	0	0	0	0	0	0	0	0	0	0	0	0	0	0	0	0	0	0	0	0	0	0	0	0	0	0	0	0	1	0	0	0	0	0	0	0	0	0	0	0	0	1	0	0	0	0	0	0	0	0	0	0	0	0	0	0	0	0	0	0	0	127	0	0	0	0	0	0	0	0
Zotu9658	0	0	0	0	0	0	0	0	0	0	0	0	0	0	0	0	0	0	0	0	0	0	0	0	0	0	11	32	0	0	0	0	0	0	127	0	0	0	0	0	0	0	160	0	0	0	0	0	0	0	0	0	0	0	0	0	0	0	0	0	0	0	0	0	0	0	0	0	0	0	0	0	0	0	0	0	0	0	0	0	0	0	0	0	0	0	0	0	0	0	0	0	0	0	0	0	0	0	0	0	0	211	0	0	0	0	0	0	0	0	0	0	0
Zotu9107	0	0	0	0	0	0	0	0	0	0	0	0	0	0	0	0	0	0	0	0	0	0	0	0	0	0	14	0	1	1179	0	3	64	9	1	0	7	0	52	1320	113	124	26	0	0	0	0	0	0	0	0	0	0	0	0	0	0	0	0	2	56	15	608	151	0	8	0	0	0	0	0	0	0	0	0	0	0	0	0	25	0	0	0	0	0	0	0	0	0	0	1	0	313	0	354	0	1842	256	162	338	0	0	1174	2891	0	0	0	0	216	0	0	423	0
Zotu3268	0	0	0	0	0	0	0	0	0	0	0	0	0	0	0	0	0	0	0	0	0	0	0	0	0	0	9	0	0	0	0	0	0	0	0	0	0	0	0	0	0	0	239	0	0	0	0	0	0	0	0	0	0	0	0	0	0	0	0	0	0	0	0	0	0	0	0	0	0	0	0	0	0	0	0	0	0	0	0	0	0	0	0	0	0	0	0	0	0	0	0	0	0	0	0	0	0	0	0	0	0	2	0	0	0	0	0	0	0	0	0	0	0
Zotu9484	0	0	0	0	0	0	0	0	0	0	0	0	0	0	0	0	0	0	0	0	0	0	0	0	0	0	9	0	0	0	0	0	0	177	0	0	36	0	0	0	0	0	7	348	0	0	112	0	0	0	0	0	0	0	0	0	0	0	0	33	20	132	0	9	0	0	0	0	0	0	0	0	0	0	0	0	0	0	0	0	1	0	0	0	0	0	0	0	1	0	0	0	0	0	1	0	0	0	2	0	0	0	0	0	0	0	0	0	0	0	0	0	0
Zotu6788	0	0	0	0	0	0	0	0	0	0	0	0	0	0	0	0	0	0	0	0	0	0	0	0	0	0	1	0	0	0	0	0	3	0	0	0	0	0	0	4	0	11	0	0	0	0	0	0	0	0	0	0	1	0	1	3	0	26	33	10	19	1	41	2	0	0	0	0	0	0	0	0	0	0	0	0	0	0	0	0	0	0	0	0	0	0	0	0	0	0	0	0	0	0	0	166	0	1	0	0	0	0	0	64	0	0	1	0	0	0	4	0	2
Zotu3813	0	0	0	0	0	0	0	0	0	0	0	0	0	0	0	0	0	0	0	0	0	0	0	0	0	0	5	2	0	0	0	0	0	0	0	0	0	5	9	17	0	1	10	0	0	0	0	0	0	0	0	0	0	0	0	0	0	0	0	0	0	0	0	0	0	0	0	0	0	0	0	0	0	0	0	0	0	0	0	0	0	0	0	0	0	0	0	0	0	0	0	23	0	0	0	0	0	0	145	0	0	0	0	0	0	0	0	0	0	0	0	0	0
Zotu7943	0	0	0	0	0	0	0	0	0	0	0	0	0	0	0	0	0	0	0	0	0	0	0	0	0	0	1	0	0	0	0	0	0	0	0	0	1	0	0	0	0	66	0	0	0	14	0	0	0	0	3	2	0	0	0	0	0	0	0	1	2	11	0	1	0	0	0	0	0	0	0	0	0	0	0	0	0	0	0	0	0	0	0	0	0	0	0	0	485	0	663	0	0	0	375	0	211	0	1944	28	0	69	0	272	0	73	0	0	0	0	0	0	0
Zotu8804	0	0	0	0	0	0	0	0	0	0	0	0	0	0	0	0	0	0	0	0	0	0	0	0	0	0	2	29	0	0	0	0	1	0	0	0	0	0	1	0	0	27	1	0	0	0	0	1	0	0	0	0	11	5	0	0	1	0	2	0	1	119	6	147	0	0	0	0	0	0	0	0	0	0	0	0	0	0	0	0	0	0	0	0	0	0	0	0	0	0	0	0	0	205	329	0	0	0	0	0	0	1	0	0	0	0	0	0	0	0	1	0	7
Zotu7022	0	0	0	0	0	0	0	0	0	0	0	0	0	0	0	0	0	0	0	0	0	0	0	0	0	0	1	0	0	0	0	0	0	0	0	0	0	0	0	0	0	0	1	2	0	0	0	4	31	111	0	44	0	0	0	0	0	0	0	0	0	194	0	0	0	0	0	0	0	0	0	0	0	0	0	0	0	0	0	0	0	0	0	0	0	0	0	0	0	0	0	27	0	0	2288	346	23	0	2	0	0	0	0	0	0	0	0	0	0	0	0	0	0
Zotu6429	0	0	0	0	0	0	0	0	0	0	0	0	0	0	0	0	0	0	0	0	0	0	0	0	0	0	0	21	0	0	0	1	0	0	0	0	0	0	0	8	0	2	0	102	0	17	1	0	0	0	0	0	0	0	0	0	0	0	0	0	0	0	0	2	0	0	0	0	0	0	0	0	0	0	0	0	0	0	0	0	0	0	0	0	0	0	0	0	0	0	0	0	0	0	0	0	0	0	0	0	0	0	0	0	0	0	0	0	0	0	0	0	0
Zotu11166	0	0	0	0	0	0	0	0	0	0	0	0	0	0	0	0	0	0	0	0	0	0	0	0	0	0	0	33	0	0	0	0	0	0	0	0	0	0	0	0	0	0	0	0	0	0	0	0	0	0	0	0	0	0	0	0	0	0	0	0	0	0	0	0	0	0	0	0	0	0	0	0	0	0	0	0	0	0	0	0	0	0	0	0	0	0	0	0	0	0	0	0	0	0	0	0	0	0	0	0	0	0	0	0	0	0	0	0	0	0	0	0	0
Zotu8647	0	0	0	0	0	0	0	0	0	0	0	0	0	0	0	0	0	0	0	0	0	0	0	0	0	0	0	67	3	5	0	0	0	0	0	0	0	0	0	0	0	0	49	0	0	0	0	0	0	0	0	0	0	0	0	0	0	0	0	0	0	7	0	0	15	0	0	19	0	0	0	12	0	0	0	0	0	0	0	0	0	0	131	0	0	0	0	0	0	0	1	0	0	0	0	0	0	0	0	0	0	0	0	0	0	0	0	0	0	0	0	0	0
Zotu9262	0	0	0	0	0	0	0	0	0	0	0	0	0	0	0	0	0	0	0	0	0	0	0	0	0	0	0	14	0	2	0	0	0	0	0	0	2	0	0	0	8	0	0	160	0	0	0	0	0	0	0	0	0	0	0	0	0	0	0	0	0	0	0	0	0	0	0	0	0	0	0	0	0	0	0	0	0	0	0	0	0	0	0	0	0	0	0	0	0	0	0	0	34	0	0	0	0	0	0	0	0	0	0	0	0	0	0	0	0	0	0	0	0
Zotu8728	0	0	0	0	0	0	0	0	0	0	0	0	0	0	0	0	0	0	0	0	0	0	0	0	0	0	0	5	0	0	0	0	0	0	0	0	0	0	0	0	0	0	0	45	0	0	17	0	0	0	0	0	0	0	0	0	0	0	0	0	0	0	0	0	0	0	0	0	0	0	0	0	0	0	0	0	0	0	0	0	0	0	0	0	0	0	0	0	0	0	0	0	0	0	0	0	0	0	0	0	0	0	0	0	0	0	0	0	0	0	0	0	0
Zotu11706	0	0	0	0	0	0	0	0	0	0	0	0	0	0	0	0	0	0	0	0	0	0	0	0	0	0	0	0	5	0	0	0	0	0	0	0	0	0	0	0	0	0	3	0	49	0	0	0	0	0	0	0	0	0	0	0	0	0	0	0	0	0	0	0	0	0	0	0	0	0	0	0	4	0	0	0	0	0	0	0	2	0	0	0	0	2	3	0	0	0	0	0	0	0	0	0	0	0	0	0	0	0	0	0	0	0	0	0	0	0	0	0	0
Zotu10503	0	0	0	0	0	0	0	0	0	0	0	0	0	0	0	0	0	0	0	0	0	0	0	0	0	0	0	0	2	0	0	0	0	0	0	0	0	0	0	0	0	0	0	47	0	0	0	0	0	0	0	0	0	0	0	0	0	0	0	0	0	0	0	0	0	0	0	0	0	0	0	0	0	0	0	0	0	0	0	0	0	0	0	0	0	0	0	0	0	0	0	0	0	0	0	0	0	0	0	0	0	0	0	0	0	0	0	0	0	0	0	0	0
Zotu8888	0	0	0	0	0	0	0	0	0	0	0	0	0	0	0	0	0	0	0	0	0	0	0	0	0	0	0	0	1	0	0	0	0	0	0	0	0	0	0	0	0	0	0	0	0	0	0	20	128	148	1	78	18	0	0	0	0	0	2	0	0	0	69	269	0	0	0	0	0	0	0	0	0	0	0	0	0	1	0	0	0	0	0	0	0	0	0	0	0	381	0	0	0	0	0	0	0	0	0	38	0	0	0	117	0	0	0	0	0	0	173	0	0
Zotu10971	0	0	0	0	0	0	0	0	0	0	0	0	0	0	0	0	0	0	0	0	0	0	0	0	0	0	0	0	0	1	0	1	0	0	0	0	9	0	0	0	0	0	0	37	0	5	0	0	0	0	0	0	0	0	0	0	0	0	0	0	0	0	0	0	0	0	0	0	0	0	0	0	0	0	0	0	0	0	0	0	0	0	0	0	0	0	0	0	0	0	0	0	0	0	0	0	0	0	0	0	0	0	0	0	0	0	0	0	0	0	0	0	0
Zotu6409	0	0	0	0	0	0	0	0	0	0	0	0	0	0	0	0	0	0	0	0	0	0	0	0	0	0	0	0	0	0	0	0	1	0	0	20	3412	9	0	0	321	0	0	5787	0	19	444	0	0	0	0	0	0	0	0	0	0	0	0	0	0	0	0	0	0	1	0	0	0	0	0	0	0	0	0	0	0	0	0	0	0	0	0	0	0	0	0	0	0	0	0	0	0	0	0	0	0	0	0	0	0	0	0	0	0	0	0	0	0	0	0	0	0
Zotu7771	0	0	0	0	0	0	0	0	0	0	0	0	0	0	0	0	0	0	0	0	0	0	0	0	0	0	0	0	0	0	0	0	5	0	0	0	0	0	0	0	0	0	0	0	0	0	0	2	0	0	1	0	0	0	0	0	0	0	5	0	3	0	9	0	0	0	0	0	0	0	0	0	0	0	0	0	0	0	0	0	0	0	0	0	0	0	0	0	183	199	2	11	0	0	0	1	0	0	44	26	0	0	275	139	0	0	0	0	0	349	0	0	0
Zotu8812	0	0	0	0	0	0	0	0	0	0	0	0	0	0	0	0	0	0	0	0	0	0	0	0	0	0	0	0	0	0	0	0	1	0	0	0	0	0	0	1	0	0	0	0	0	0	0	0	0	0	0	0	0	43	49	13	27	58	4	32	0	0	0	51	0	0	0	0	0	0	0	0	0	0	0	0	0	0	0	0	0	0	0	0	0	0	0	0	0	0	0	0	0	0	0	0	0	0	0	0	0	0	0	0	0	0	0	0	0	0	0	0	3
Zotu897	0	0	0	0	0	0	0	0	0	0	0	0	0	0	0	0	0	0	0	0	0	0	0	0	0	0	0	0	0	0	0	0	0	2368	5	0	0	0	10	147	0	3	0	0	0	0	0	0	0	0	0	0	0	0	0	0	0	0	0	0	0	0	0	0	0	0	0	0	0	0	0	0	0	0	0	0	0	0	0	0	0	0	0	0	0	0	0	0	0	0	0	0	0	0	0	0	0	0	0	0	0	0	0	0	0	0	0	0	0	0	0	0	0
Zotu695	0	0	0	0	0	0	0	0	0	0	0	0	0	0	0	0	0	0	0	0	0	0	0	0	0	0	0	0	0	0	0	0	0	109	146	43	26	24	41	288	22	148	31	52	0	1	0	0	0	0	0	0	0	0	57	0	0	0	0	0	0	0	0	639	0	0	0	0	0	0	0	0	0	0	0	0	0	0	0	0	0	0	0	0	0	0	0	0	204	0	127	3	634	0	5	0	0	5	138	51	129	1	0	2	0	36	5	0	83	0	641	267	0
Zotu7748	0	0	0	0	0	0	0	0	0	0	0	0	0	0	0	0	0	0	0	0	0	0	0	0	0	0	0	0	0	0	0	0	0	143	303	1	48	17	95	281	42	194	34	2	12	0	0	0	0	0	0	0	0	0	1	0	0	0	0	0	0	0	0	187	0	0	0	0	0	0	0	0	0	0	0	0	0	0	0	0	0	0	0	0	0	0	0	0	2	0	98	63	175	0	0	0	0	178	167	0	46	0	0	0	0	1	144	0	32	0	0	190	0
Zotu11493	0	0	0	0	0	0	0	0	0	0	0	0	0	0	0	0	0	0	0	0	0	0	0	0	0	0	0	0	0	0	0	0	0	28	0	0	0	0	0	0	0	0	0	0	0	0	0	0	0	0	0	0	0	0	0	0	0	0	0	0	0	0	0	0	0	0	0	0	0	0	0	0	0	0	0	0	0	0	0	0	0	0	0	0	0	0	0	0	0	0	0	0	0	0	0	0	0	0	0	0	0	0	0	0	0	0	0	0	0	0	0	0	0
Zotu7814	0	0	0	0	0	0	0	0	0	0	0	0	0	0	0	0	0	0	0	0	0	0	0	0	0	0	0	0	0	0	0	0	0	6	380	0	3	0	0	0	0	0	1	739	0	0	0	0	0	0	0	0	0	0	0	0	0	0	0	8	0	111	0	4	0	0	0	0	0	0	0	0	0	0	0	0	0	0	0	0	0	0	0	0	0	0	0	0	0	0	0	0	0	0	0	0	0	0	0	0	0	0	0	0	0	0	0	0	0	0	0	0	0
Zotu9896	0	0	0	0	0	0	0	0	0	0	0	0	0	0	0	0	0	0	0	0	0	0	0	0	0	0	0	0	0	0	0	0	0	0	136	328	0	0	0	0	0	0	813	0	0	0	0	0	0	0	0	0	0	0	0	0	0	0	0	0	0	0	0	0	0	0	0	0	0	0	0	0	0	0	0	0	0	0	0	0	0	0	0	0	0	0	0	0	0	0	0	13	0	0	0	0	0	0	0	0	0	0	0	0	0	61	0	0	0	0	42	0	0
Zotu9398	0	0	0	0	0	0	0	0	0	0	0	0	0	0	0	0	0	0	0	0	0	0	0	0	0	0	0	0	0	0	0	0	0	0	60	273	0	0	0	0	0	0	435	0	0	0	0	0	0	0	0	0	0	0	0	0	0	0	0	0	0	0	0	0	0	0	0	0	0	0	0	0	0	0	0	0	0	0	0	0	0	0	0	0	0	0	0	0	0	0	0	0	0	0	0	0	0	0	0	0	0	0	0	0	0	32	0	106	0	0	417	0	0
Zotu8192	0	0	0	0	0	0	0	0	0	0	0	0	0	0	0	0	0	0	0	0	0	0	0	0	0	0	0	0	0	0	0	0	0	0	46	187	0	0	0	0	0	0	148	0	0	0	0	0	0	0	0	0	0	0	0	0	0	0	0	0	0	0	0	0	0	0	0	0	0	0	0	0	0	0	0	0	0	0	0	0	0	0	0	0	0	0	0	0	0	0	0	0	0	0	0	0	0	0	0	0	0	0	0	0	0	0	0	0	0	0	99	0	0
Zotu6276	0	0	0	0	0	0	0	0	0	0	0	0	0	0	0	0	0	0	0	0	0	0	0	0	0	0	0	0	0	0	0	0	0	0	1	1	0	0	0	0	0	0	0	0	0	0	0	0	0	0	0	0	0	0	0	0	0	0	0	0	0	0	0	0	0	0	0	0	0	0	0	0	0	0	0	0	0	0	0	0	0	0	0	1	0	0	0	0	10	9	0	2	1	1	31	20	0	0	3	0	1	5	9	3	2	0	15	0	0	10	3	5	0
Zotu8565	0	0	0	0	0	0	0	0	0	0	0	0	0	0	0	0	0	0	0	0	0	0	0	0	0	0	0	0	0	0	0	0	0	0	0	1232	0	0	0	0	0	0	0	0	0	0	0	0	0	0	0	0	0	0	0	9	7	0	0	0	654	236	356	1684	0	0	0	0	0	0	0	0	0	0	0	0	0	0	0	0	0	0	0	0	0	0	0	0	0	0	0	0	57	131	0	2	0	65	1	0	0	0	0	51	0	0	0	0	0	0	0	0	0
Zotu6155	0	0	0	0	0	0	0	0	0	0	0	0	0	0	0	0	0	0	0	0	0	0	0	0	0	0	0	0	0	0	0	0	0	0	0	459	0	0	0	0	0	0	0	0	0	0	0	0	0	0	0	0	0	0	0	0	0	0	0	0	491	37	120	494	0	0	0	0	0	0	0	0	0	0	0	0	0	0	0	0	0	0	0	0	0	0	0	0	0	16	0	0	0	2	218	176	1	37	3	0	0	0	0	7	0	0	0	0	0	0	39	0	0
Zotu9866	0	0	0	0	0	0	0	0	0	0	0	0	0	0	0	0	0	0	0	0	0	0	0	0	0	0	0	0	0	0	0	0	0	0	0	143	0	0	0	0	0	0	37	0	0	0	8	0	0	0	0	0	0	0	0	0	0	0	0	0	0	0	0	0	0	0	0	0	0	0	0	0	0	0	0	0	0	0	0	0	0	0	0	0	0	0	0	0	384	0	0	0	2	0	1	189	40	0	0	0	217	0	588	0	0	0	0	0	0	0	2	0	0
Zotu9773	0	0	0	0	0	0	0	0	0	0	0	0	0	0	0	0	0	0	0	0	0	0	0	0	0	0	0	0	0	0	0	0	0	0	0	5	0	0	0	0	0	0	0	0	0	0	0	0	0	0	0	0	0	0	0	0	0	0	0	0	12	27	20	64	0	0	0	0	0	0	0	0	0	0	0	0	0	0	0	0	0	0	0	0	0	0	0	0	0	421	0	0	0	3	54	172	0	0	1	17	0	0	0	74	0	0	0	0	0	0	0	0	0
Zotu7441	0	0	0	0	0	0	0	0	0	0	0	0	0	0	0	0	0	0	0	0	0	0	0	0	0	0	0	0	0	0	0	0	0	0	0	105	0	0	0	0	0	0	0	0	0	0	0	0	0	0	0	0	0	0	0	0	0	0	0	0	799	191	91	208	0	0	0	0	0	0	0	0	0	0	0	0	0	0	0	0	0	0	0	0	0	0	0	0	261	431	0	0	1	1	1003	194	197	1	39	44	0	0	92	4	0	0	0	0	0	778	2	0	1
Zotu6354	0	0	0	0	0	0	0	0	0	0	0	0	0	0	0	0	0	0	0	0	0	0	0	0	0	0	0	0	0	0	0	0	0	0	0	91	0	0	0	0	0	0	0	0	0	0	0	0	0	0	0	0	0	0	0	0	0	0	0	0	1144	142	94	126	0	0	0	0	0	0	0	0	0	0	0	0	0	0	0	0	0	0	0	0	0	0	0	0	2	45	0	0	0	0	201	446	0	0	76	28	0	0	0	126	0	0	0	0	0	0	205	0	0
Zotu9682	0	0	0	0	0	0	0	0	0	0	0	0	0	0	0	0	0	0	0	0	0	0	0	0	0	0	0	0	0	0	0	0	0	0	0	19	0	0	0	0	0	0	0	0	0	0	0	0	0	0	0	0	0	0	0	7	0	0	0	0	375	89	173	706	0	0	0	0	0	0	0	0	0	0	0	0	0	0	0	0	0	0	0	0	0	0	0	0	0	11	0	0	0	19	5	58	18	0	19	0	0	0	0	55	0	0	0	0	0	0	0	0	6
Zotu831	0	0	0	0	0	0	0	0	0	0	0	0	0	0	0	0	0	0	0	0	0	0	0	0	0	0	0	0	0	0	0	0	0	0	0	1	0	0	0	0	0	0	9	0	0	0	0	0	0	0	0	0	0	0	0	0	0	0	0	0	0	0	0	0	0	0	0	0	0	0	0	0	0	0	0	0	0	0	0	0	0	0	0	0	0	0	0	0	0	0	0	0	0	0	0	0	0	0	0	0	0	0	0	0	0	0	0	0	0	452	0	0	0
Zotu9616	0	0	0	0	0	0	0	0	0	0	0	0	0	0	0	0	0	0	0	0	0	0	0	0	0	0	0	0	0	0	0	0	0	0	0	2	0	0	0	0	0	0	0	0	0	0	0	0	0	0	0	0	0	0	0	0	0	0	0	0	726	13	40	33	0	0	0	0	0	0	0	0	0	0	0	0	0	0	0	0	0	0	0	0	0	0	0	0	0	69	0	0	0	0	23	178	4	1	0	0	0	0	0	100	0	0	0	0	0	71	0	0	0
Zotu9399	0	0	0	0	0	0	0	0	0	0	0	0	0	0	0	0	0	0	0	0	0	0	0	0	0	0	0	0	0	0	0	0	0	0	0	1	0	0	0	0	0	0	0	0	0	0	0	0	0	0	0	0	0	0	0	0	0	0	0	0	5	33	69	283	0	0	0	0	0	0	0	0	0	0	0	0	0	0	0	0	0	0	0	0	0	0	0	0	0	1	0	0	0	0	1	0	0	0	0	0	0	0	0	0	0	0	0	0	0	1	0	0	0
Zotu7663	0	0	0	0	0	0	0	0	0	0	0	0	0	0	0	0	0	0	0	0	0	0	0	0	0	0	0	0	0	0	0	0	0	0	0	2	0	0	0	0	0	0	0	0	0	0	0	0	0	0	0	0	0	0	0	0	0	0	0	0	97	17	13	16	0	0	0	0	0	0	0	0	0	0	0	0	0	0	0	0	0	0	0	0	0	0	0	0	0	21	0	0	0	0	827	25	39	0	0	0	0	0	0	1	0	0	0	0	0	85	0	0	0
Zotu7296	0	0	0	0	0	0	0	0	0	0	0	0	0	0	0	0	0	0	0	0	0	0	0	0	0	0	0	0	0	0	0	0	0	0	0	1	0	0	0	0	0	0	0	0	0	0	0	0	0	0	0	0	0	0	0	0	0	0	0	0	0	0	0	0	0	0	0	0	0	0	0	0	0	0	0	0	0	0	0	0	0	0	0	0	0	0	0	0	0	0	0	0	0	0	0	0	0	0	0	0	0	0	0	0	196	0	0	0	0	0	0	0	0
Zotu7825	0	0	0	0	0	0	0	0	0	0	0	0	0	0	0	0	0	0	0	0	0	0	0	0	0	0	0	0	0	0	0	0	0	0	0	0	653	0	0	0	66	0	0	1891	0	15	1	0	0	0	0	0	0	0	0	0	0	0	0	0	0	0	0	0	0	0	0	0	0	0	0	0	0	0	0	0	0	0	0	0	0	0	0	0	0	0	0	0	0	0	0	0	0	0	0	0	0	0	0	0	0	0	0	0	0	0	0	0	0	0	0	0	0
Zotu8351	0	0	0	0	0	0	0	0	0	0	0	0	0	0	0	0	0	0	0	0	0	0	0	0	0	0	0	0	0	0	0	0	0	0	0	0	603	0	0	0	107	0	0	1369	0	0	38	0	0	0	0	0	0	0	0	0	0	0	0	0	0	0	0	0	0	0	0	0	0	0	0	0	0	0	0	0	0	0	0	0	0	0	0	0	0	0	0	0	0	0	0	0	0	0	0	0	0	0	0	0	0	0	0	0	0	0	0	0	0	0	0	0	0
Zotu5709	0	0	0	0	0	0	0	0	0	0	0	0	0	0	0	0	0	0	0	0	0	0	0	0	0	0	0	0	0	0	0	0	0	0	0	0	10	0	2	7	267	0	0	0	0	0	0	0	0	0	0	0	0	0	0	0	0	0	0	0	0	0	0	0	0	0	0	0	0	0	0	0	0	0	0	0	0	0	0	0	0	0	0	0	0	0	0	0	0	0	0	0	0	0	0	0	0	0	0	0	0	0	0	0	0	0	0	0	0	0	0	0	0
Zotu9359	0	0	0	0	0	0	0	0	0	0	0	0	0	0	0	0	0	0	0	0	0	0	0	0	0	0	0	0	0	0	0	0	0	0	0	0	0	0	8	0	16	0	0	0	0	0	0	0	0	0	0	0	0	0	12	157	0	0	261	123	0	37	0	65	0	0	0	0	0	0	0	0	0	0	0	0	38	0	0	0	91	4	0	0	0	0	0	0	0	0	0	0	0	0	0	0	0	0	0	0	0	0	0	0	0	0	4	0	0	0	0	0	4
Zotu7634	0	0	0	0	0	0	0	0	0	0	0	0	0	0	0	0	0	0	0	0	0	0	0	0	0	0	0	0	0	0	0	0	0	0	0	0	0	0	0	0	45	0	0	0	0	0	0	0	0	0	0	0	0	0	0	0	0	0	0	0	37	0	0	0	0	0	0	22	1	0	0	0	0	0	0	0	0	0	0	0	0	154	0	0	0	13	0	0	0	0	0	0	0	0	0	0	0	0	0	0	0	0	0	0	0	0	0	0	0	0	0	0	0
Zotu10743	0	0	0	0	0	0	0	0	0	0	0	0	0	0	0	0	0	0	0	0	0	0	0	0	0	0	0	0	0	0	0	0	0	0	0	0	0	0	0	0	11	0	0	0	0	0	0	0	0	0	0	0	0	0	90	298	0	11	395	151	0	48	7	158	0	0	0	0	0	0	0	0	0	0	0	0	10	0	0	0	25	0	0	0	0	0	0	0	0	0	0	0	0	0	0	0	0	0	0	0	0	0	0	0	0	0	1	0	0	0	0	0	12
Zotu5813	0	0	0	0	0	0	0	0	0	0	0	0	0	0	0	0	0	0	0	0	0	0	0	0	0	0	0	0	0	0	0	0	0	0	0	0	0	0	0	0	1	0	0	0	0	0	0	0	0	0	0	0	0	0	50	0	7	32	0	21	0	0	0	1	0	0	0	0	0	0	0	0	0	0	0	0	0	0	0	0	0	0	0	0	0	0	0	0	0	0	0	0	0	0	0	0	0	0	0	0	0	0	0	0	0	0	0	0	0	0	0	0	0
Zotu995	0	0	0	0	0	0	0	0	0	0	0	0	0	0	0	0	0	0	0	0	0	0	0	0	0	0	0	0	0	0	0	0	0	0	0	0	0	0	0	0	0	49	0	0	0	3	0	0	0	0	17	0	0	0	0	0	0	0	0	0	0	1	0	0	0	0	0	0	0	0	0	0	0	0	0	0	0	0	0	0	0	1	0	0	0	0	0	0	0	0	1	0	0	0	0	0	5	2	534	881	0	0	0	31	0	85	0	0	0	0	0	0	0
Zotu1397	0	0	0	0	0	0	0	0	0	0	0	0	0	0	0	0	0	0	0	0	0	0	0	0	0	0	0	0	0	0	0	0	0	0	0	0	0	0	0	0	0	34	0	0	0	0	0	0	0	0	0	0	0	0	0	0	0	0	0	0	0	0	0	0	0	0	0	0	0	0	0	0	0	0	0	0	0	0	0	0	0	0	0	0	0	0	0	0	0	399	0	0	0	0	0	351	443	0	1204	0	1	1911	89	0	380	0	0	0	448	4	0	0	0
Zotu9019	0	0	0	0	0	0	0	0	0	0	0	0	0	0	0	0	0	0	0	0	0	0	0	0	0	0	0	0	0	0	0	0	0	0	0	0	0	0	0	0	0	3	0	0	0	72	0	0	0	0	0	0	0	0	0	0	0	0	0	0	0	1	0	0	0	0	0	0	0	0	0	0	0	0	0	0	0	0	0	0	0	0	0	0	0	0	0	0	0	91	102	0	0	0	0	0	253	0	119	2	0	0	0	671	0	1	0	0	0	0	0	0	0
Zotu8066	0	0	0	0	0	0	0	0	0	0	0	0	0	0	0	0	0	0	0	0	0	0	0	0	0	0	0	0	0	0	0	0	0	0	0	0	0	0	0	0	0	6	0	0	0	0	0	0	0	0	0	2	0	0	0	0	0	0	0	16	26	0	0	0	0	0	0	0	0	0	0	0	0	0	0	0	0	0	0	0	0	0	0	0	0	0	0	0	0	0	0	0	0	0	0	0	0	0	0	0	0	0	0	0	0	0	45	0	0	0	0	0	0
Zotu2863	0	0	0	0	0	0	0	0	0	0	0	0	0	0	0	0	0	0	0	0	0	0	0	0	0	0	0	0	0	0	0	0	0	0	0	0	0	0	0	0	0	0	2	0	0	0	0	0	0	0	0	0	0	0	0	0	0	0	0	0	0	0	0	0	0	0	0	0	0	0	0	0	0	0	0	0	0	0	0	0	0	0	0	0	0	0	0	0	0	0	0	0	0	0	0	0	0	0	0	0	0	0	0	0	0	0	0	0	0	152	0	0	0
Zotu6503	0	0	0	0	0	0	0	0	0	0	0	0	0	0	0	0	0	0	0	0	0	0	0	0	0	0	0	0	0	0	0	0	0	0	0	0	0	0	0	0	0	0	0	24	0	3	0	0	0	0	0	0	0	0	0	0	0	0	0	0	0	0	0	0	0	0	0	0	0	0	0	0	0	0	0	0	0	0	0	0	0	0	0	0	0	0	0	0	0	20	0	0	1	0	6	0	22	0	0	0	0	1	6	0	175	0	0	1	0	57	396	5	0
Zotu8229	0	0	0	0	0	0	0	0	0	0	0	0	0	0	0	0	0	0	0	0	0	0	0	0	0	0	0	0	0	0	0	0	0	0	0	0	0	0	0	0	0	0	0	2239	0	0	33	0	1	0	0	0	0	0	0	0	0	0	0	0	0	1	0	0	0	0	0	0	0	0	0	0	0	0	0	0	0	0	0	0	0	0	0	0	0	0	0	0	0	0	0	0	0	0	0	2	0	0	0	0	0	0	0	0	0	0	0	0	0	0	0	0	0
Zotu6476	0	0	0	0	0	0	0	0	0	0	0	0	0	0	0	0	0	0	0	0	0	0	0	0	0	0	0	0	0	0	0	0	0	0	0	0	0	0	0	0	0	0	0	448	0	0	0	0	0	0	0	0	0	0	0	0	0	0	0	0	0	0	0	0	0	0	0	0	0	0	0	0	0	0	0	0	0	0	0	0	0	0	0	0	0	0	0	0	0	0	0	0	0	0	6	0	3	962	382	55	0	565	0	542	0	9	0	0	173	0	0	0	0
Zotu9258	0	0	0	0	0	0	0	0	0	0	0	0	0	0	0	0	0	0	0	0	0	0	0	0	0	0	0	0	0	0	0	0	0	0	0	0	0	0	0	0	0	0	0	614	5	0	0	0	0	0	0	0	0	11	0	0	0	0	0	0	0	62	0	149	0	0	0	0	0	0	0	0	0	0	0	0	0	0	0	0	0	0	0	0	0	0	0	0	0	1	2	0	0	0	0	0	0	0	0	0	0	0	0	0	0	0	0	0	0	0	0	0	0
Zotu6113	0	0	0	0	0	0	0	0	0	0	0	0	0	0	0	0	0	0	0	0	0	0	0	0	0	0	0	0	0	0	0	0	0	0	0	0	0	0	0	0	0	0	0	877	0	0	0	0	0	0	0	0	0	0	0	0	0	0	0	0	0	2	0	0	0	0	0	0	0	0	0	0	0	0	0	0	0	0	0	0	0	0	0	0	0	0	0	0	0	0	0	0	0	0	0	0	0	0	0	0	0	0	0	0	0	0	0	0	0	0	0	0	0
Zotu8687	0	0	0	0	0	0	0	0	0	0	0	0	0	0	0	0	0	0	0	0	0	0	0	0	0	0	0	0	0	0	0	0	0	0	0	0	0	0	0	0	0	0	0	496	30	0	0	0	0	0	0	0	0	0	0	0	0	0	0	0	0	0	0	0	0	0	0	1	0	0	0	0	0	0	0	0	0	0	0	0	0	0	2	0	0	0	0	0	0	0	0	0	0	0	0	0	0	0	0	0	0	0	0	0	0	0	0	0	0	0	0	0	0
Zotu11484	0	0	0	0	0	0	0	0	0	0	0	0	0	0	0	0	0	0	0	0	0	0	0	0	0	0	0	0	0	0	0	0	0	0	0	0	0	0	0	0	0	0	0	3	0	0	0	0	0	0	0	0	0	0	0	0	0	0	0	0	0	0	0	0	0	0	0	0	0	0	0	0	0	0	0	0	0	0	0	0	0	0	0	0	0	0	0	0	5	1	0	0	3	0	1	1	8	0	0	5	0	40	79	24	17	0	0	1	0	12	52	11	0
Zotu9722	0	0	0	0	0	0	0	0	0	0	0	0	0	0	0	0	0	0	0	0	0	0	0	0	0	0	0	0	0	0	0	0	0	0	0	0	0	0	0	0	0	0	0	0	901	0	0	0	0	0	0	0	0	0	0	0	0	0	0	0	0	0	0	0	0	91	0	0	0	0	112	4	0	38	49	8	0	61	2	153	6	1	192	0	380	14	60	31	0	0	0	0	0	0	0	0	0	0	0	0	0	0	0	0	0	0	0	1	0	0	0	0	0
Zotu8256	0	0	0	0	0	0	0	0	0	0	0	0	0	0	0	0	0	0	0	0	0	0	0	0	0	0	0	0	0	0	0	0	0	0	0	0	0	0	0	0	0	0	0	0	113	0	0	0	0	0	0	62	0	0	0	0	0	0	0	0	0	0	0	0	0	0	0	0	0	0	0	0	0	0	0	0	0	0	0	0	0	0	0	0	0	0	0	0	0	0	0	4	0	997	0	0	87	70	0	0	0	0	0	466	0	0	6	0	38	0	0	0	0
Zotu10595	0	0	0	0	0	0	0	0	0	0	0	0	0	0	0	0	0	0	0	0	0	0	0	0	0	0	0	0	0	0	0	0	0	0	0	0	0	0	0	0	0	0	0	0	21	0	0	0	0	0	0	0	0	0	0	0	0	0	0	0	0	0	0	0	98	449	2	0	0	0	487	24	4	188	110	16	0	4	1	320	34	21	8	0	249	2	6	0	0	0	0	0	0	0	0	0	0	0	0	0	0	0	0	0	0	0	0	0	0	0	0	0	0
Zotu9687	0	0	0	0	0	0	0	0	0	0	0	0	0	0	0	0	0	0	0	0	0	0	0	0	0	0	0	0	0	0	0	0	0	0	0	0	0	0	0	0	0	0	0	0	3	0	0	0	0	0	0	0	0	0	0	0	0	0	0	0	0	0	0	0	0	151	0	0	0	0	0	0	0	0	8	0	0	1	1	0	20	0	1	0	102	1	3	1	0	0	0	0	0	0	0	0	0	0	0	0	0	0	0	0	0	0	0	0	0	0	0	0	0
Zotu9163	0	0	0	0	0	0	0	0	0	0	0	0	0	0	0	0	0	0	0	0	0	0	0	0	0	0	0	0	0	0	0	0	0	0	0	0	0	0	0	0	0	0	0	0	0	0	140	0	0	0	0	0	0	0	0	0	0	0	0	0	0	0	0	0	0	0	0	0	0	0	0	0	0	0	0	0	0	0	0	0	0	0	0	0	0	0	0	0	0	0	224	0	0	0	0	0	211	169	312	95	59	368	0	604	0	0	0	0	116	0	0	0	0
Zotu9175	0	0	0	0	0	0	0	0	0	0	0	0	0	0	0	0	0	0	0	0	0	0	0	0	0	0	0	0	0	0	0	0	0	0	0	0	0	0	0	0	0	0	0	0	0	0	0	402	1075	74	3537	609	1410	0	211	14	0	0	139	2017	804	1435	750	0	0	0	0	0	0	0	0	0	0	0	0	0	0	0	0	0	0	0	0	0	0	0	0	0	0	0	1	0	0	0	0	0	0	0	0	0	0	0	0	1	0	0	0	0	0	0	0	0	7
Zotu9246	0	0	0	0	0	0	0	0	0	0	0	0	0	0	0	0	0	0	0	0	0	0	0	0	0	0	0	0	0	0	0	0	0	0	0	0	0	0	0	0	0	0	0	0	0	0	0	31	0	0	0	0	470	27	114	0	0	0	0	0	0	0	0	0	0	0	0	0	0	0	0	0	0	0	0	0	0	0	0	0	0	0	0	0	0	0	0	0	0	0	0	0	0	0	0	0	0	0	0	0	0	0	0	0	0	0	0	0	0	0	0	0	0
Zotu7401	0	0	0	0	0	0	0	0	0	0	0	0	0	0	0	0	0	0	0	0	0	0	0	0	0	0	0	0	0	0	0	0	0	0	0	0	0	0	0	0	0	0	0	0	0	0	0	93	157	22	566	121	264	0	66	1	0	0	11	454	250	259	173	0	0	0	0	0	0	0	1	0	0	0	0	0	0	0	0	0	0	0	0	0	0	0	0	0	0	0	0	0	0	0	0	0	0	0	0	0	0	0	0	1	0	0	0	0	0	0	0	0	0
Zotu9237	0	0	0	0	0	0	0	0	0	0	0	0	0	0	0	0	0	0	0	0	0	0	0	0	0	0	0	0	0	0	0	0	0	0	0	0	0	0	0	0	0	0	0	0	0	0	0	33	0	0	0	0	431	12	90	0	0	0	0	0	0	0	0	0	0	0	0	0	0	0	0	0	0	0	0	0	0	0	0	0	0	0	0	0	0	0	0	0	0	0	0	0	0	0	0	0	0	0	0	0	0	0	0	0	0	0	0	0	0	0	0	0	0
Zotu9966	0	0	0	0	0	0	0	0	0	0	0	0	0	0	0	0	0	0	0	0	0	0	0	0	0	0	0	0	0	0	0	0	0	0	0	0	0	0	0	0	0	0	0	0	0	0	0	29	3	1	9	41	118	0	109	13	0	0	5	707	218	358	312	0	0	0	0	0	0	0	0	0	0	0	0	0	0	0	0	0	0	0	0	0	0	0	0	0	0	0	0	0	0	0	0	0	0	0	0	0	0	0	0	0	0	0	0	0	0	0	0	0	14
Zotu5955	0	0	0	0	0	0	0	0	0	0	0	0	0	0	0	0	0	0	0	0	0	0	0	0	0	0	0	0	0	0	0	0	0	0	0	0	0	0	0	0	0	0	0	0	0	0	0	2	1	2	3	0	1	0	0	0	0	0	0	7	3	2	1	0	0	0	0	0	0	0	0	0	0	0	0	0	0	0	0	0	0	0	0	0	0	0	0	0	0	0	2	0	0	0	0	0	0	3	0	98	0	4	0	21	0	0	0	0	0	0	0	0	0
Zotu947	0	0	0	0	0	0	0	0	0	0	0	0	0	0	0	0	0	0	0	0	0	0	0	0	0	0	0	0	0	0	0	0	0	0	0	0	0	0	0	0	0	0	0	0	0	0	0	7	0	22	0	0	0	0	0	0	0	0	0	0	0	0	0	0	0	0	0	0	0	0	0	0	0	0	0	0	0	0	0	0	0	0	0	0	0	0	0	0	470	0	789	0	0	0	0	0	0	827	0	87	0	0	0	0	0	0	0	0	0	0	0	0	0
Zotu98	0	0	0	0	0	0	0	0	0	0	0	0	0	0	0	0	0	0	0	0	0	0	0	0	0	0	0	0	0	0	0	0	0	0	0	0	0	0	0	0	0	0	0	0	0	0	0	4	5	12	16	6	13	0	1	1	0	0	1	16	6	4	3	0	0	0	0	0	0	0	0	0	0	0	0	0	0	0	0	0	0	0	0	0	0	0	0	0	0	625	1458	0	532	0	0	0	0	752	0	105	0	799	0	149	0	0	0	0	0	0	0	0	0
Zotu9382	0	0	0	0	0	0	0	0	0	0	0	0	0	0	0	0	0	0	0	0	0	0	0	0	0	0	0	0	0	0	0	0	0	0	0	0	0	0	0	0	0	0	0	0	0	0	0	0	5	15	0	6	0	0	0	0	0	0	0	0	0	92	0	0	0	0	0	0	0	0	0	0	0	0	0	0	0	0	0	0	0	0	0	0	0	0	0	0	0	0	0	0	0	0	275	4	0	0	0	0	0	0	0	0	0	0	0	0	0	0	0	0	0
Zotu8538	0	0	0	0	0	0	0	0	0	0	0	0	0	0	0	0	0	0	0	0	0	0	0	0	0	0	0	0	0	0	0	0	0	0	0	0	0	0	0	0	0	0	0	0	0	0	0	0	0	629	153	350	5	0	0	0	0	0	0	0	0	40	0	7	0	0	0	0	0	0	0	0	0	0	0	0	0	0	0	0	0	0	0	0	0	0	0	0	0	0	0	0	0	0	0	0	0	0	0	0	0	0	0	0	0	0	0	0	0	0	0	0	0
Zotu8887	0	0	0	0	0	0	0	0	0	0	0	0	0	0	0	0	0	0	0	0	0	0	0	0	0	0	0	0	0	0	0	0	0	0	0	0	0	0	0	0	0	0	0	0	0	0	0	0	0	1	0	2	0	0	1	0	0	0	0	0	0	0	0	0	0	0	0	0	0	0	0	0	0	0	0	0	0	0	0	0	0	0	0	0	0	0	0	0	0	0	360	0	172	0	0	0	0	5	0	1	0	1	0	41	0	0	0	0	0	0	0	0	0
Zotu8526	0	0	0	0	0	0	0	0	0	0	0	0	0	0	0	0	0	0	0	0	0	0	0	0	0	0	0	0	0	0	0	0	0	0	0	0	0	0	0	0	0	0	0	0	0	0	0	0	0	0	105	0	0	0	0	0	0	0	0	0	0	0	0	0	0	0	0	0	0	0	0	0	0	0	0	0	0	0	0	0	0	0	7	0	0	0	0	0	0	0	0	0	0	0	0	0	0	0	0	0	0	0	0	0	0	0	0	0	0	0	0	0	0
Zotu8637	0	0	0	0	0	0	0	0	0	0	0	0	0	0	0	0	0	0	0	0	0	0	0	0	0	0	0	0	0	0	0	0	0	0	0	0	0	0	0	0	0	0	0	0	0	0	0	0	0	0	0	0	0	5119	0	0	138	0	0	0	0	0	0	0	0	0	0	0	0	0	0	0	0	0	0	0	0	0	0	0	0	0	0	0	0	0	0	0	0	0	0	0	0	0	0	0	0	0	0	0	0	0	0	0	0	0	0	0	0	0	0	0	3770
Zotu8567	0	0	0	0	0	0	0	0	0	0	0	0	0	0	0	0	0	0	0	0	0	0	0	0	0	0	0	0	0	0	0	0	0	0	0	0	0	0	0	0	0	0	0	0	0	0	0	0	0	0	0	0	0	655	0	0	86	0	0	0	0	0	0	0	0	0	0	0	0	0	0	0	0	0	0	0	0	0	0	0	0	0	0	0	0	0	0	0	0	0	0	0	0	0	0	0	0	0	0	0	0	0	0	0	0	0	0	0	0	0	0	0	799
Zotu9326	0	0	0	0	0	0	0	0	0	0	0	0	0	0	0	0	0	0	0	0	0	0	0	0	0	0	0	0	0	0	0	0	0	0	0	0	0	0	0	0	0	0	0	0	0	0	0	0	0	0	0	0	0	206	131	0	356	1	0	60	143	904	5	55	0	0	0	0	0	0	0	0	0	0	0	0	0	0	0	0	0	0	0	0	0	0	0	0	0	0	0	0	0	0	0	0	0	0	0	0	0	0	0	0	0	0	0	0	0	0	0	0	79
Zotu9355	0	0	0	0	0	0	0	0	0	0	0	0	0	0	0	0	0	0	0	0	0	0	0	0	0	0	0	0	0	0	0	0	0	0	0	0	0	0	0	0	0	0	0	0	0	0	0	0	0	0	0	0	0	2557	0	0	79	0	0	0	0	0	0	0	0	0	0	0	0	0	0	0	0	0	0	0	0	0	0	0	0	0	0	0	1	0	0	0	0	0	0	0	0	0	0	0	0	0	0	0	0	0	0	0	0	0	0	0	0	0	0	0	1777
Zotu9528	0	0	0	0	0	0	0	0	0	0	0	0	0	0	0	0	0	0	0	0	0	0	0	0	0	0	0	0	0	0	0	0	0	0	0	0	0	0	0	0	0	0	0	0	0	0	0	0	0	0	0	0	0	56	2117	314	22	456	0	0	0	0	0	0	0	0	0	0	0	1	0	0	0	0	0	0	0	0	0	0	0	0	0	0	0	0	0	0	0	0	0	0	0	0	0	0	0	0	0	0	0	0	0	0	0	0	0	0	0	0	0	0	193
Zotu9421	0	0	0	0	0	0	0	0	0	0	0	0	0	0	0	0	0	0	0	0	0	0	0	0	0	0	0	0	0	0	0	0	0	0	0	0	0	0	0	0	0	0	0	0	0	0	0	0	0	0	0	0	0	146	306	11	103	173	0	39	36	672	0	37	0	0	0	0	1	0	0	0	0	0	0	0	0	0	0	0	0	0	0	0	0	0	0	0	0	0	0	0	0	0	0	0	0	0	0	0	0	0	0	0	0	0	0	0	0	0	0	0	12
Zotu8187	0	0	0	0	0	0	0	0	0	0	0	0	0	0	0	0	0	0	0	0	0	0	0	0	0	0	0	0	0	0	0	0	0	0	0	0	0	0	0	0	0	0	0	0	0	0	0	0	0	0	0	0	0	173	277	0	129	33	19	12	31	716	40	17	0	0	0	0	0	0	0	0	0	0	0	0	0	0	0	0	0	0	0	0	0	0	0	0	0	0	0	0	0	0	0	0	0	0	0	0	0	0	0	0	0	0	0	0	0	0	0	0	13
Zotu11467	0	0	0	0	0	0	0	0	0	0	0	0	0	0	0	0	0	0	0	0	0	0	0	0	0	0	0	0	0	0	0	0	0	0	0	0	0	0	0	0	0	0	0	0	0	0	0	0	0	0	0	0	0	267	125	0	124	32	22	38	91	410	20	194	0	0	0	0	0	0	0	0	0	0	0	0	0	0	0	0	0	0	0	0	0	0	0	0	0	0	0	0	0	0	0	0	0	0	0	0	0	0	0	0	0	0	0	0	0	0	0	0	142
Zotu6314	0	0	0	0	0	0	0	0	0	0	0	0	0	0	0	0	0	0	0	0	0	0	0	0	0	0	0	0	0	0	0	0	0	0	0	0	0	0	0	0	0	0	0	0	0	0	0	0	0	0	0	0	0	643	0	0	27	0	0	0	0	0	0	0	0	0	0	0	0	0	0	0	0	0	0	0	0	0	0	0	0	0	0	0	0	0	0	0	0	0	0	0	0	0	0	0	0	0	0	0	0	0	0	0	0	0	0	0	0	0	0	0	737
Zotu9106	0	0	0	0	0	0	0	0	0	0	0	0	0	0	0	0	0	0	0	0	0	0	0	0	0	0	0	0	0	0	0	0	0	0	0	0	0	0	0	0	0	0	0	0	0	0	0	0	0	0	0	0	0	315	434	0	425	113	55	95	89	1311	24	108	0	0	0	0	1	0	0	0	0	0	0	0	0	0	0	0	0	0	0	0	0	0	0	0	0	0	0	0	0	0	0	0	0	0	0	0	0	0	0	0	0	0	0	0	0	0	0	0	142
Zotu5928	0	0	0	0	0	0	0	0	0	0	0	0	0	0	0	0	0	0	0	0	0	0	0	0	0	0	0	0	0	0	0	0	0	0	0	0	0	0	0	0	0	0	0	0	0	0	0	0	0	0	0	0	0	234	354	0	3	5	0	0	0	0	0	0	0	0	0	0	0	0	0	0	0	0	0	0	0	0	0	0	0	0	0	0	0	0	0	0	0	0	0	0	0	0	0	0	0	0	0	0	0	0	0	0	0	0	0	0	0	0	0	0	297
Zotu8864	0	0	0	0	0	0	0	0	0	0	0	0	0	0	0	0	0	0	0	0	0	0	0	0	0	0	0	0	0	0	0	0	0	0	0	0	0	0	0	0	0	0	0	0	0	0	0	0	0	0	0	0	0	34	492	234	22	254	0	0	0	0	0	0	0	0	0	0	0	0	0	0	0	0	0	0	0	0	0	0	0	0	0	0	0	0	0	0	0	0	0	0	0	0	0	0	0	0	0	0	0	0	0	0	0	0	0	0	0	0	0	0	66
Zotu7479	0	0	0	0	0	0	0	0	0	0	0	0	0	0	0	0	0	0	0	0	0	0	0	0	0	0	0	0	0	0	0	0	0	0	0	0	0	0	0	0	0	0	0	0	0	0	0	0	0	0	0	0	0	35	144	0	54	2	0	0	0	0	0	365	0	0	0	0	0	0	0	0	0	0	0	0	0	0	0	0	0	0	0	0	0	0	0	0	0	0	0	0	0	0	0	0	0	0	0	0	0	0	0	0	0	0	0	0	0	0	0	0	175
Zotu9486	0	0	0	0	0	0	0	0	0	0	0	0	0	0	0	0	0	0	0	0	0	0	0	0	0	0	0	0	0	0	0	0	0	0	0	0	0	0	0	0	0	0	0	0	0	0	0	0	0	0	0	0	0	51	1901	263	39	400	0	0	0	0	0	0	0	0	0	0	0	0	0	0	0	0	0	0	0	0	0	0	0	0	0	0	0	0	0	0	0	0	0	0	0	0	0	0	0	0	0	0	0	0	0	0	0	0	0	0	0	0	0	0	250
Zotu8249	0	0	0	0	0	0	0	0	0	0	0	0	0	0	0	0	0	0	0	0	0	0	0	0	0	0	0	0	0	0	0	0	0	0	0	0	0	0	0	0	0	0	0	0	0	0	0	0	0	0	0	0	0	16	195	0	26	0	0	0	0	0	0	210	1	0	0	0	0	0	0	0	0	0	0	0	0	0	0	0	0	0	0	0	0	0	0	0	0	0	0	0	0	0	0	0	0	0	0	0	0	1	0	0	0	0	0	0	0	0	0	0	116
Zotu9352	0	0	0	0	0	0	0	0	0	0	0	0	0	0	0	0	0	0	0	0	0	0	0	0	0	0	0	0	0	0	0	0	0	0	0	0	0	0	0	0	0	0	0	0	0	0	0	0	0	0	0	0	0	51	939	171	24	243	0	0	0	0	0	0	0	0	0	0	0	0	0	0	0	0	0	0	0	0	0	0	0	0	0	0	0	0	0	0	0	0	0	0	0	0	0	0	0	0	0	0	0	0	0	0	0	0	0	0	0	0	0	0	144
Zotu8177	0	0	0	0	0	0	0	0	0	0	0	0	0	0	0	0	0	0	0	0	0	0	0	0	0	0	0	0	0	0	0	0	0	0	0	0	0	0	0	0	0	0	0	0	0	0	0	0	0	0	0	0	0	20	10	47	0	0	0	0	0	0	0	0	0	0	0	0	0	0	0	0	2	1	0	1	2	0	0	0	0	0	0	1	0	0	1	1	0	0	0	0	0	0	0	0	0	0	0	0	0	0	0	0	0	0	0	0	2	0	0	0	33
Zotu7923	0	0	0	0	0	0	0	0	0	0	0	0	0	0	0	0	0	0	0	0	0	0	0	0	0	0	0	0	0	0	0	0	0	0	0	0	0	0	0	0	0	0	0	0	0	0	0	0	0	0	0	0	0	6	271	53	7	50	0	0	0	0	0	0	0	0	0	0	0	0	0	0	0	0	0	0	0	0	0	0	0	0	0	0	0	0	0	0	0	0	0	0	0	0	0	0	0	0	0	0	0	0	0	0	0	0	0	0	0	0	0	0	37
Zotu6529	0	0	0	0	0	0	0	0	0	0	0	0	0	0	0	0	0	0	0	0	0	0	0	0	0	0	0	0	0	0	0	0	0	0	0	0	0	0	0	0	0	0	0	0	0	0	0	0	0	0	0	0	0	5	379	88	6	79	0	0	0	0	0	0	0	0	0	0	0	0	0	0	0	0	0	0	0	0	0	0	0	0	0	0	0	0	0	0	0	0	0	0	0	0	0	0	0	0	0	0	0	0	0	0	0	0	0	0	0	0	0	0	45
Zotu9718	0	0	0	0	0	0	0	0	0	0	0	0	0	0	0	0	0	0	0	0	0	0	0	0	0	0	0	0	0	0	0	0	0	0	0	0	0	0	0	0	0	0	0	0	0	0	0	0	0	0	0	0	0	0	128	0	0	0	0	0	0	0	0	0	0	0	0	0	0	0	0	0	0	0	0	0	0	0	0	0	0	0	0	0	45	0	0	0	0	0	314	136	0	0	0	0	1	2	669	2	0	0	0	0	0	0	624	1718	213	0	0	934	0
Zotu7290	0	0	0	0	0	0	0	0	0	0	0	0	0	0	0	0	0	0	0	0	0	0	0	0	0	0	0	0	0	0	0	0	0	0	0	0	0	0	0	0	0	0	0	0	0	0	0	0	0	0	0	0	0	0	104	0	0	0	0	0	0	0	0	0	0	0	0	0	0	0	0	0	0	0	0	0	0	0	0	0	0	0	0	0	0	0	0	0	0	0	0	0	0	0	0	0	0	0	0	0	0	0	0	0	0	0	0	0	0	0	0	0	0
Zotu9864	0	0	0	0	0	0	0	0	0	0	0	0	0	0	0	0	0	0	0	0	0	0	0	0	0	0	0	0	0	0	0	0	0	0	0	0	0	0	0	0	0	0	0	0	0	0	0	0	0	0	0	0	0	0	20	0	0	0	0	0	0	0	0	0	0	0	0	0	0	0	0	0	0	0	0	0	0	0	0	0	0	0	0	0	9	0	0	0	0	0	0	0	0	0	0	0	178	0	2	133	0	0	0	0	0	0	53	137	0	0	0	91	0
Zotu7997	0	0	0	0	0	0	0	0	0	0	0	0	0	0	0	0	0	0	0	0	0	0	0	0	0	0	0	0	0	0	0	0	0	0	0	0	0	0	0	0	0	0	0	0	0	0	0	0	0	0	0	0	0	0	34	0	0	0	0	0	0	0	0	0	0	0	0	0	0	0	0	0	0	0	0	0	0	0	0	0	0	0	0	0	0	0	0	0	0	0	0	0	0	0	0	0	0	0	0	0	0	0	0	0	0	0	0	0	0	0	0	0	629
Zotu10965	0	0	0	0	0	0	0	0	0	0	0	0	0	0	0	0	0	0	0	0	0	0	0	0	0	0	0	0	0	0	0	0	0	0	0	0	0	0	0	0	0	0	0	0	0	0	0	0	0	0	0	0	0	0	1	0	1	0	0	0	0	0	0	11	0	0	0	0	0	0	0	0	0	0	0	0	0	0	0	0	0	0	0	0	0	0	0	0	0	0	0	10	0	499	0	0	0	0	188	0	0	36	0	0	0	13	0	79	2	0	0	0	3
Zotu2501	0	0	0	0	0	0	0	0	0	0	0	0	0	0	0	0	0	0	0	0	0	0	0	0	0	0	0	0	0	0	0	0	0	0	0	0	0	0	0	0	0	0	0	0	0	0	0	0	0	0	0	0	0	0	2	0	5	5	0	0	0	0	0	7	0	0	0	0	0	0	0	0	0	0	0	0	0	0	0	0	0	0	0	0	0	1	0	0	0	0	0	72	0	2323	0	0	0	0	1914	0	138	187	0	1	0	63	0	193	6	0	0	0	2
Zotu9468	0	0	0	0	0	0	0	0	0	0	0	0	0	0	0	0	0	0	0	0	0	0	0	0	0	0	0	0	0	0	0	0	0	0	0	0	0	0	0	0	0	0	0	0	0	0	0	0	0	0	0	0	0	0	0	0	0	0	0	0	10	387	20	87	0	0	0	0	0	0	0	0	0	0	0	0	0	0	0	0	0	0	0	0	0	0	0	0	0	0	0	0	0	0	0	0	0	0	0	0	0	5	0	0	54	0	0	0	0	0	0	0	0
Zotu4575	0	0	0	0	0	0	0	0	0	0	0	0	0	0	0	0	0	0	0	0	0	0	0	0	0	0	0	0	0	0	0	0	0	0	0	0	0	0	0	0	0	0	0	0	0	0	0	0	0	0	0	0	0	0	0	0	0	0	0	0	26	41	15	40	0	0	0	0	0	0	0	0	0	0	0	0	0	0	0	0	0	0	0	0	0	0	0	0	154	242	0	0	0	0	800	57	419	0	1	0	0	0	44	0	0	0	0	0	0	101	0	0	0
Zotu4605	0	0	0	0	0	0	0	0	0	0	0	0	0	0	0	0	0	0	0	0	0	0	0	0	0	0	0	0	0	0	0	0	0	0	0	0	0	0	0	0	0	0	0	0	0	0	0	0	0	0	0	0	0	0	0	0	0	0	0	0	5	67	9	65	0	0	0	0	0	0	0	0	0	0	0	0	0	0	0	0	0	0	0	0	0	0	0	0	0	157	0	0	0	0	20	109	0	0	0	0	0	0	0	1	0	0	0	0	0	101	0	0	0
Zotu10794	0	0	0	0	0	0	0	0	0	0	0	0	0	0	0	0	0	0	0	0	0	0	0	0	0	0	0	0	0	0	0	0	0	0	0	0	0	0	0	0	0	0	0	0	0	0	0	0	0	0	0	0	0	0	0	0	0	0	0	0	2	177	2	25	0	0	0	0	0	0	0	0	0	0	0	0	0	0	0	0	0	0	0	0	0	0	0	0	0	0	0	0	0	0	0	0	0	0	0	0	0	0	0	0	0	0	0	0	0	0	0	0	0
Zotu8085	0	0	0	0	0	0	0	0	0	0	0	0	0	0	0	0	0	0	0	0	0	0	0	0	0	0	0	0	0	0	0	0	0	0	0	0	0	0	0	0	0	0	0	0	0	0	0	0	0	0	0	0	0	0	0	0	0	0	0	0	0	106	0	14	0	0	0	0	0	0	0	0	0	0	0	0	0	0	0	0	0	0	0	0	0	0	0	0	0	0	0	0	0	0	0	0	0	0	0	0	0	0	0	0	0	0	0	0	0	0	0	0	0
Zotu8786	0	0	0	0	0	0	0	0	0	0	0	0	0	0	0	0	0	0	0	0	0	0	0	0	0	0	0	0	0	0	0	0	0	0	0	0	0	0	0	0	0	0	0	0	0	0	0	0	0	0	0	0	0	0	0	0	0	0	0	0	0	2	4	10	0	0	0	0	0	0	0	0	0	0	0	0	0	0	0	0	0	0	0	0	0	0	0	0	0	0	0	0	0	0	0	171	91	0	0	0	0	0	0	0	0	0	0	0	0	0	0	0	0
Zotu9982	0	0	0	0	0	0	0	0	0	0	0	0	0	0	0	0	0	0	0	0	0	0	0	0	0	0	0	0	0	0	0	0	0	0	0	0	0	0	0	0	0	0	0	0	0	0	0	0	0	0	0	0	0	0	0	0	0	0	0	0	0	0	0	0	868	342	1584	120	0	187	0	85	105	40	0	0	143	37	0	401	101	30	0	19	0	0	1	35	0	0	0	0	0	0	0	0	0	0	0	0	0	0	0	0	0	0	0	0	0	0	0	0	0
Zotu8155	0	0	0	0	0	0	0	0	0	0	0	0	0	0	0	0	0	0	0	0	0	0	0	0	0	0	0	0	0	0	0	0	0	0	0	0	0	0	0	0	0	0	0	0	0	0	0	0	0	0	0	0	0	0	0	0	0	0	0	0	0	0	0	0	1433	564	3667	814	2	385	0	89	440	23	0	0	91	156	0	367	66	20	1	168	16	4	6	333	0	0	0	0	0	0	0	0	0	0	0	2	0	0	0	0	0	0	0	0	0	0	0	0	0
Zotu9820	0	0	0	0	0	0	0	0	0	0	0	0	0	0	0	0	0	0	0	0	0	0	0	0	0	0	0	0	0	0	0	0	0	0	0	0	0	0	0	0	0	0	0	0	0	0	0	0	0	0	0	0	0	0	0	0	0	0	0	0	0	0	0	0	1575	504	2697	435	130	385	0	8	309	41	0	0	242	67	22	143	38	39	0	94	14	0	3	237	0	0	0	0	0	0	0	0	0	0	0	0	0	0	0	0	0	0	0	0	0	0	0	0	0
Zotu8175	0	0	0	0	0	0	0	0	0	0	0	0	0	0	0	0	0	0	0	0	0	0	0	0	0	0	0	0	0	0	0	0	0	0	0	0	0	0	0	0	0	0	0	0	0	0	0	0	0	0	0	0	0	0	0	0	0	0	0	0	0	0	0	0	300	20	13	4	3	15	0	1	123	1	0	0	60	63	0	74	19	22	1	140	5	0	4	87	0	0	0	0	0	0	0	0	0	0	0	0	0	0	0	0	0	0	0	0	0	0	0	0	0
Zotu7664	0	0	0	0	0	0	0	0	0	0	0	0	0	0	0	0	0	0	0	0	0	0	0	0	0	0	0	0	0	0	0	0	0	0	0	0	0	0	0	0	0	0	0	0	0	0	0	0	0	0	0	0	0	0	0	0	0	0	0	0	0	0	0	0	1083	626	2535	2148	131	431	0	177	227	17	0	0	229	96	0	684	223	26	1	135	22	0	3	493	0	0	0	0	0	0	0	0	0	0	0	0	0	0	0	0	0	0	0	0	0	0	0	0	0
Zotu890	0	0	0	0	0	0	0	0	0	0	0	0	0	0	0	0	0	0	0	0	0	0	0	0	0	0	0	0	0	0	0	0	0	0	0	0	0	0	0	0	0	0	0	0	0	0	0	0	0	0	0	0	0	0	0	0	0	0	0	0	0	0	0	0	18	6	34	412	96	280	0	52	28	23	0	0	72	0	0	147	27	26	0	0	0	1	0	2	0	0	0	0	0	0	0	0	0	0	0	0	0	0	0	0	0	0	0	0	0	0	0	0	0
Zotu9931	0	0	0	0	0	0	0	0	0	0	0	0	0	0	0	0	0	0	0	0	0	0	0	0	0	0	0	0	0	0	0	0	0	0	0	0	0	0	0	0	0	0	0	0	0	0	0	0	0	0	0	0	0	0	0	0	0	0	0	0	0	0	0	0	23	15	72	328	59	7	0	4	224	1	0	0	17	34	0	40	13	2	0	34	32	1	0	128	0	0	0	0	0	0	0	0	0	0	0	1	0	0	0	0	0	0	0	0	0	0	0	0	0
Zotu7409	0	0	0	0	0	0	0	0	0	0	0	0	0	0	0	0	0	0	0	0	0	0	0	0	0	0	0	0	0	0	0	0	0	0	0	0	0	0	0	0	0	0	0	0	0	0	0	0	0	0	0	0	0	0	0	0	0	0	0	0	0	0	0	0	1	0	0	0	1	0	0	0	0	0	0	0	0	0	0	0	0	0	0	0	0	3146	60	10	0	0	0	0	0	1	0	0	0	0	0	0	0	0	0	0	0	0	0	0	0	0	0	0	0
Zotu9043	0	0	0	0	0	0	0	0	0	0	0	0	0	0	0	0	0	0	0	0	0	0	0	0	0	0	0	0	0	0	0	0	0	0	0	0	0	0	0	0	0	0	0	0	0	0	0	0	0	0	0	0	0	0	0	0	0	0	0	0	0	0	0	0	1	0	1	0	0	2	0	0	0	0	0	0	0	0	0	0	0	0	0	0	0	1	0	0	0	0	0	0	0	0	0	0	0	0	0	8333	0	0	0	0	971	0	0	0	52	0	0	0	0
Zotu9908	0	0	0	0	0	0	0	0	0	0	0	0	0	0	0	0	0	0	0	0	0	0	0	0	0	0	0	0	0	0	0	0	0	0	0	0	0	0	0	0	0	0	0	0	0	0	0	0	0	0	0	0	0	0	0	0	0	0	0	0	0	0	0	0	0	0	0	0	0	1	0	0	0	0	0	0	0	0	0	0	0	0	0	0	0	0	0	0	0	0	0	0	0	0	0	330	0	0	0	0	0	0	0	0	0	0	0	0	0	0	0	0	0
Zotu11105	0	0	0	0	0	0	0	0	0	0	0	0	0	0	0	0	0	0	0	0	0	0	0	0	0	0	0	0	0	0	0	0	0	0	0	0	0	0	0	0	0	0	0	0	0	0	0	0	0	0	0	0	0	0	0	0	0	0	0	0	0	0	0	0	0	0	0	0	0	0	0	0	1	0	0	0	0	0	0	0	0	0	0	0	0	0	0	0	0	0	0	0	0	0	0	0	226	3744	0	0	443	0	1936	0	0	25034	0	0	0	0	0	0	0
Zotu9174	0	0	0	0	0	0	0	0	0	0	0	0	0	0	0	0	0	0	0	0	0	0	0	0	0	0	0	0	0	0	0	0	0	0	0	0	0	0	0	0	0	0	0	0	0	0	0	0	0	0	0	0	0	0	0	0	0	0	0	0	0	0	0	0	0	0	0	0	0	0	0	0	0	0	0	0	328	52	0	0	38	3483	2	138	0	234	273	618	0	0	0	0	0	0	0	0	0	0	0	0	0	0	0	0	0	0	0	0	0	0	0	0	0
Zotu9635	0	0	0	0	0	0	0	0	0	0	0	0	0	0	0	0	0	0	0	0	0	0	0	0	0	0	0	0	0	0	0	0	0	0	0	0	0	0	0	0	0	0	0	0	0	0	0	0	0	0	0	0	0	0	0	0	0	0	0	0	0	0	0	0	0	0	0	0	0	0	0	0	0	0	0	0	42	18	0	0	3	1069	0	3	0	49	111	269	0	0	0	0	0	0	0	0	0	0	0	0	0	0	0	0	0	0	0	0	0	0	0	0	0
Zotu5541	0	0	0	0	0	0	0	0	0	0	0	0	0	0	0	0	0	0	0	0	0	0	0	0	0	0	0	0	0	0	0	0	0	0	0	0	0	0	0	0	0	0	0	0	0	0	0	0	0	0	0	0	0	0	0	0	0	0	0	0	0	0	0	0	0	0	0	0	0	0	0	0	0	0	0	0	52	22	0	0	16	395	0	17	0	33	104	135	0	0	0	0	0	0	0	0	0	0	0	0	0	0	0	0	0	0	0	0	0	0	0	0	0
Zotu9824	0	0	0	0	0	0	0	0	0	0	0	0	0	0	0	0	0	0	0	0	0	0	0	0	0	0	0	0	0	0	0	0	0	0	0	0	0	0	0	0	0	0	0	0	0	0	0	0	0	0	0	0	0	0	0	0	0	0	0	0	0	0	0	0	0	0	0	0	0	0	0	0	0	0	0	0	5	2	0	0	1	1	0	0	0	19	78	100	0	0	0	0	0	0	0	0	0	0	0	0	0	0	0	0	0	0	0	0	0	0	0	0	0
Zotu8370	0	0	0	0	0	0	0	0	0	0	0	0	0	0	0	0	0	0	0	0	0	0	0	0	0	0	0	0	0	0	0	0	0	0	0	0	0	0	0	0	0	0	0	0	0	0	0	0	0	0	0	0	0	0	0	0	0	0	0	0	0	0	0	0	0	0	0	0	0	0	0	0	0	0	0	0	4	322	0	0	0	0	0	0	0	0	0	0	0	0	0	0	0	0	0	0	0	0	0	0	0	0	0	0	0	0	0	1	0	0	0	0	0
Zotu10075	0	0	0	0	0	0	0	0	0	0	0	0	0	0	0	0	0	0	0	0	0	0	0	0	0	0	0	0	0	0	0	0	0	0	0	0	0	0	0	0	0	0	0	0	0	0	0	0	0	0	0	0	0	0	0	0	0	0	0	0	0	0	0	0	0	0	0	0	0	0	0	0	0	0	0	0	0	0	0	103	0	0	169	0	0	1	2	0	0	0	0	0	0	0	0	0	0	0	0	0	0	0	0	0	0	0	0	0	0	0	0	0	0
Zotu7597	0	0	0	0	0	0	0	0	0	0	0	0	0	0	0	0	0	0	0	0	0	0	0	0	0	0	0	0	0	0	0	0	0	0	0	0	0	0	0	0	0	0	0	0	0	0	0	0	0	0	0	0	0	0	0	0	0	0	0	0	0	0	0	0	0	0	0	0	0	0	0	0	0	0	0	0	0	0	0	0	0	0	0	0	5	594	4	0	0	0	0	0	0	0	0	0	0	0	0	0	0	0	0	0	0	0	0	0	0	0	0	0	0
Zotu7316	0	0	0	0	0	0	0	0	0	0	0	0	0	0	0	0	0	0	0	0	0	0	0	0	0	0	0	0	0	0	0	0	0	0	0	0	0	0	0	0	0	0	0	0	0	0	0	0	0	0	0	0	0	0	0	0	0	0	0	0	0	0	0	0	0	0	0	0	0	0	0	0	0	0	0	0	0	0	0	0	0	0	0	0	2	797	20	0	0	0	0	0	0	0	0	0	0	0	0	0	0	0	0	0	0	0	0	0	0	0	0	0	0
Zotu9009	0	0	0	0	0	0	0	0	0	0	0	0	0	0	0	0	0	0	0	0	0	0	0	0	0	0	0	0	0	0	0	0	0	0	0	0	0	0	0	0	0	0	0	0	0	0	0	0	0	0	0	0	0	0	0	0	0	0	0	0	0	0	0	0	0	0	0	0	0	0	0	0	0	0	0	0	0	0	0	0	0	0	0	0	0	2814	42	5	0	0	0	0	0	1	0	0	0	0	0	0	0	0	0	0	0	0	0	0	0	0	0	0	0
Zotu6300	0	0	0	0	0	0	0	0	0	0	0	0	0	0	0	0	0	0	0	0	0	0	0	0	0	0	0	0	0	0	0	0	0	0	0	0	0	0	0	0	0	0	0	0	0	0	0	0	0	0	0	0	0	0	0	0	0	0	0	0	0	0	0	0	0	0	0	0	0	0	0	0	0	0	0	0	0	0	0	0	0	0	0	0	0	197	8	0	0	0	0	0	0	0	0	0	0	0	0	0	0	0	0	0	0	0	0	0	0	0	0	0	0
Zotu9672	0	0	0	0	0	0	0	0	0	0	0	0	0	0	0	0	0	0	0	0	0	0	0	0	0	0	0	0	0	0	0	0	0	0	0	0	0	0	0	0	0	0	0	0	0	0	0	0	0	0	0	0	0	0	0	0	0	0	0	0	0	0	0	0	0	0	0	0	0	0	0	0	0	0	0	0	0	0	0	0	0	0	0	0	0	0	1	0	0	0	0	0	0	0	0	0	0	0	0	0	0	0	0	0	255	0	0	0	0	0	0	0	0
Zotu9798	0	0	0	0	0	0	0	0	0	0	0	0	0	0	0	0	0	0	0	0	0	0	0	0	0	0	0	0	0	0	0	0	0	0	0	0	0	0	0	0	0	0	0	0	0	0	0	0	0	0	0	0	0	0	0	0	0	0	0	0	0	0	0	0	0	0	0	0	0	0	0	0	0	0	0	0	0	0	0	0	0	0	0	0	0	0	0	0	264	0	0	0	0	0	0	0	0	0	0	0	0	0	0	0	0	0	0	0	0	0	0	0	0
Zotu2405	0	0	0	0	0	0	0	0	0	0	0	0	0	0	0	0	0	0	0	0	0	0	0	0	0	0	0	0	0	0	0	0	0	0	0	0	0	0	0	0	0	0	0	0	0	0	0	0	0	0	0	0	0	0	0	0	0	0	0	0	0	0	0	0	0	0	0	0	0	0	0	0	0	0	0	0	0	0	0	0	0	0	0	0	0	0	0	0	254	0	0	0	0	0	0	0	0	373	3	48	0	0	0	0	0	0	0	0	0	0	0	0	0
Zotu7636	0	0	0	0	0	0	0	0	0	0	0	0	0	0	0	0	0	0	0	0	0	0	0	0	0	0	0	0	0	0	0	0	0	0	0	0	0	0	0	0	0	0	0	0	0	0	0	0	0	0	0	0	0	0	0	0	0	0	0	0	0	0	0	0	0	0	0	0	0	0	0	0	0	0	0	0	0	0	0	0	0	0	0	0	0	0	0	0	10	5	3	0	0	7	9	3	4	18	18	0	1	8	7	2	11	0	0	1	1	3	7	2	0
Zotu8450	0	0	0	0	0	0	0	0	0	0	0	0	0	0	0	0	0	0	0	0	0	0	0	0	0	0	0	0	0	0	0	0	0	0	0	0	0	0	0	0	0	0	0	0	0	0	0	0	0	0	0	0	0	0	0	0	0	0	0	0	0	0	0	0	0	0	0	0	0	0	0	0	0	0	0	0	0	0	0	0	0	0	0	0	0	0	0	0	1	0	1	0	0	0	8	1	32	279	264	3	0	17	28	192	27	3	2	10	30	5	3	2	0
Zotu913	0	0	0	0	0	0	0	0	0	0	0	0	0	0	0	0	0	0	0	0	0	0	0	0	0	0	0	0	0	0	0	0	0	0	0	0	0	0	0	0	0	0	0	0	0	0	0	0	0	0	0	0	0	0	0	0	0	0	0	0	0	0	0	0	0	0	0	0	0	0	0	0	0	0	0	0	0	0	0	0	0	0	0	0	0	0	0	0	0	311	0	0	77	0	0	0	0	0	0	0	0	0	0	0	0	0	0	0	0	0	0	0	0
Zotu8129	0	0	0	0	0	0	0	0	0	0	0	0	0	0	0	0	0	0	0	0	0	0	0	0	0	0	0	0	0	0	0	0	0	0	0	0	0	0	0	0	0	0	0	0	0	0	0	0	0	0	0	0	0	0	0	0	0	0	0	0	0	0	0	0	0	0	0	0	0	0	0	0	0	0	0	0	0	0	0	0	0	0	0	0	0	0	0	0	0	0	96	0	0	0	0	0	0	0	0	133	0	0	0	0	0	0	0	0	0	0	0	0	0
Zotu11816	0	0	0	0	0	0	0	0	0	0	0	0	0	0	0	0	0	0	0	0	0	0	0	0	0	0	0	0	0	0	0	0	0	0	0	0	0	0	0	0	0	0	0	0	0	0	0	0	0	0	0	0	0	0	0	0	0	0	0	0	0	0	0	0	0	0	0	0	0	0	0	0	0	0	0	0	0	0	0	0	0	0	0	0	0	0	0	0	0	0	15	0	0	0	0	0	0	9	0	123	0	0	0	0	0	0	0	0	0	0	0	0	0
Zotu8195	0	0	0	0	0	0	0	0	0	0	0	0	0	0	0	0	0	0	0	0	0	0	0	0	0	0	0	0	0	0	0	0	0	0	0	0	0	0	0	0	0	0	0	0	0	0	0	0	0	0	0	0	0	0	0	0	0	0	0	0	0	0	0	0	0	0	0	0	0	0	0	0	0	0	0	0	0	0	0	0	0	0	0	0	0	0	0	0	0	0	46	0	0	0	0	0	0	0	0	0	0	0	0	0	0	0	0	19	56	0	23	1	0
Zotu772	0	0	0	0	0	0	0	0	0	0	0	0	0	0	0	0	0	0	0	0	0	0	0	0	0	0	0	0	0	0	0	0	0	0	0	0	0	0	0	0	0	0	0	0	0	0	0	0	0	0	0	0	0	0	0	0	0	0	0	0	0	0	0	0	0	0	0	0	0	0	0	0	0	0	0	0	0	0	0	0	0	0	0	0	0	0	0	0	0	0	0	0	479	0	0	0	4	4	95	3	0	232	0	0	0	0	0	0	0	0	0	0	0
Zotu8315	0	0	0	0	0	0	0	0	0	0	0	0	0	0	0	0	0	0	0	0	0	0	0	0	0	0	0	0	0	0	0	0	0	0	0	0	0	0	0	0	0	0	0	0	0	0	0	0	0	0	0	0	0	0	0	0	0	0	0	0	0	0	0	0	0	0	0	0	0	0	0	0	0	0	0	0	0	0	0	0	0	0	0	0	0	0	0	0	0	0	0	0	56	0	0	0	0	0	0	0	0	0	0	0	0	0	0	0	0	0	0	0	0
Zotu90	0	0	0	0	0	0	0	0	0	0	0	0	0	0	0	0	0	0	0	0	0	0	0	0	0	0	0	0	0	0	0	0	0	0	0	0	0	0	0	0	0	0	0	0	0	0	0	0	0	0	0	0	0	0	0	0	0	0	0	0	0	0	0	0	0	0	0	0	0	0	0	0	0	0	0	0	0	0	0	0	0	0	0	0	0	0	0	0	0	0	0	0	0	1	0	0	0	1177	0	0	59	0	914	60	0	1963	0	0	0	0	1	0	0
Zotu4486	0	0	0	0	0	0	0	0	0	0	0	0	0	0	0	0	0	0	0	0	0	0	0	0	0	0	0	0	0	0	0	0	0	0	0	0	0	0	0	0	0	0	0	0	0	0	0	0	0	0	0	0	0	0	0	0	0	0	0	0	0	0	0	0	0	0	0	0	0	0	0	0	0	0	0	0	0	0	0	0	0	0	0	0	0	0	0	0	0	0	0	0	0	0	109	0	0	0	21	0	0	0	0	0	0	0	0	0	0	0	0	0	0
Zotu7693	0	0	0	0	0	0	0	0	0	0	0	0	0	0	0	0	0	0	0	0	0	0	0	0	0	0	0	0	0	0	0	0	0	0	0	0	0	0	0	0	0	0	0	0	0	0	0	0	0	0	0	0	0	0	0	0	0	0	0	0	0	0	0	0	0	0	0	0	0	0	0	0	0	0	0	0	0	0	0	0	0	0	0	0	0	0	0	0	0	0	0	0	0	0	0	0	237	0	0	0	0	1	0	0	0	0	0	0	78	0	391	60	0
Zotu5821	0	0	0	0	0	0	0	0	0	0	0	0	0	0	0	0	0	0	0	0	0	0	0	0	0	0	0	0	0	0	0	0	0	0	0	0	0	0	0	0	0	0	0	0	0	0	0	0	0	0	0	0	0	0	0	0	0	0	0	0	0	0	0	0	0	0	0	0	0	0	0	0	0	0	0	0	0	0	0	0	0	0	0	0	0	0	0	0	0	0	0	0	0	0	0	0	0	146	0	0	0	0	53	2	0	46	0	0	0	0	0	0	0
Zotu5384	0	0	0	0	0	0	0	0	0	0	0	0	0	0	0	0	0	0	0	0	0	0	0	0	0	0	0	0	0	0	0	0	0	0	0	0	0	0	0	0	0	0	0	0	0	0	0	0	0	0	0	0	0	0	0	0	0	0	0	0	0	0	0	0	0	0	0	0	0	0	0	0	0	0	0	0	0	0	0	0	0	0	0	0	0	0	0	0	0	0	0	0	0	0	0	0	0	0	165	0	0	0	0	0	0	0	0	0	0	0	0	0	0
Zotu9297	0	0	0	0	0	0	0	0	0	0	0	0	0	0	0	0	0	0	0	0	0	0	0	0	0	0	0	0	0	0	0	0	0	0	0	0	0	0	0	0	0	0	0	0	0	0	0	0	0	0	0	0	0	0	0	0	0	0	0	0	0	0	0	0	0	0	0	0	0	0	0	0	0	0	0	0	0	0	0	0	0	0	0	0	0	0	0	0	0	0	0	0	0	0	0	0	0	0	72	0	0	0	0	0	0	0	0	0	0	0	0	0	0
Zotu706	0	0	0	0	0	0	0	0	0	0	0	0	0	0	0	0	0	0	0	0	0	0	0	0	0	0	0	0	0	0	0	0	0	0	0	0	0	0	0	0	0	0	0	0	0	0	0	0	0	0	0	0	0	0	0	0	0	0	0	0	0	0	0	0	0	0	0	0	0	0	0	0	0	0	0	0	0	0	0	0	0	0	0	0	0	0	0	0	0	0	0	0	0	0	0	0	0	0	0	1345	0	0	0	0	72	0	0	0	0	0	0	0	0
Zotu10620	0	0	0	0	0	0	0	0	0	0	0	0	0	0	0	0	0	0	0	0	0	0	0	0	0	0	0	0	0	0	0	0	0	0	0	0	0	0	0	0	0	0	0	0	0	0	0	0	0	0	0	0	0	0	0	0	0	0	0	0	0	0	0	0	0	0	0	0	0	0	0	0	0	0	0	0	0	0	0	0	0	0	0	0	0	0	0	0	0	0	0	0	0	0	0	0	0	0	0	0	0	42	0	0	0	0	0	0	0	0	0	0	0
Zotu11542	0	0	0	0	0	0	0	0	0	0	0	0	0	0	0	0	0	0	0	0	0	0	0	0	0	0	0	0	0	0	0	0	0	0	0	0	0	0	0	0	0	0	0	0	0	0	0	0	0	0	0	0	0	0	0	0	0	0	0	0	0	0	0	0	0	0	0	0	0	0	0	0	0	0	0	0	0	0	0	0	0	0	0	0	0	0	0	0	0	0	0	0	0	0	0	0	0	0	0	0	0	31	0	0	0	0	0	0	0	0	0	0	0
Zotu6810	0	0	0	0	0	0	0	0	0	0	0	0	0	0	0	0	0	0	0	0	0	0	0	0	0	0	0	0	0	0	0	0	0	0	0	0	0	0	0	0	0	0	0	0	0	0	0	0	0	0	0	0	0	0	0	0	0	0	0	0	0	0	0	0	0	0	0	0	0	0	0	0	0	0	0	0	0	0	0	0	0	0	0	0	0	0	0	0	0	0	0	0	0	0	0	0	0	0	0	0	0	0	81	0	0	0	0	0	0	0	0	0	0
Zotu9270	0	0	0	0	0	0	0	0	0	0	0	0	0	0	0	0	0	0	0	0	0	0	0	0	0	0	0	0	0	0	0	0	0	0	0	0	0	0	0	0	0	0	0	0	0	0	0	0	0	0	0	0	0	0	0	0	0	0	0	0	0	0	0	0	0	0	0	0	0	0	0	0	0	0	0	0	0	0	0	0	0	0	0	0	0	0	0	0	0	0	0	0	0	0	0	0	0	0	0	0	0	0	0	0	0	0	1643	0	136	0	0	0	0
Zotu9132	0	0	0	0	0	0	0	0	0	0	0	0	0	0	0	0	0	0	0	0	0	0	0	0	0	0	0	0	0	0	0	0	0	0	0	0	0	0	0	0	0	0	0	0	0	0	0	0	0	0	0	0	0	0	0	0	0	0	0	0	0	0	0	0	0	0	0	0	0	0	0	0	0	0	0	0	0	0	0	0	0	0	0	0	0	0	0	0	0	0	0	0	0	0	0	0	0	0	0	0	0	0	0	0	0	0	340	25	0	0	0	0	0
Zotu9933	0	0	0	0	0	0	0	0	0	0	0	0	0	0	0	0	0	0	0	0	0	0	0	0	0	0	0	0	0	0	0	0	0	0	0	0	0	0	0	0	0	0	0	0	0	0	0	0	0	0	0	0	0	0	0	0	0	0	0	0	0	0	0	0	0	0	0	0	0	0	0	0	0	0	0	0	0	0	0	0	0	0	0	0	0	0	0	0	0	0	0	0	0	0	0	0	0	0	0	0	0	0	0	0	0	0	4	270	8	0	0	187	0
Zotu7349	0	0	0	0	0	0	0	0	0	0	0	0	0	0	0	0	0	0	0	0	0	0	0	0	0	0	0	0	0	0	0	0	0	0	0	0	0	0	0	0	0	0	0	0	0	0	0	0	0	0	0	0	0	0	0	0	0	0	0	0	0	0	0	0	0	0	0	0	0	0	0	0	0	0	0	0	0	0	0	0	0	0	0	0	0	0	0	0	0	0	0	0	0	0	0	0	0	0	0	0	0	0	0	0	0	0	6	67	14	0	0	269	0
Zotu6098	0	0	0	0	0	0	0	0	0	0	0	0	0	0	0	0	0	0	0	0	0	0	0	0	0	0	0	0	0	0	0	0	0	0	0	0	0	0	0	0	0	0	0	0	0	0	0	0	0	0	0	0	0	0	0	0	0	0	0	0	0	0	0	0	0	0	0	0	0	0	0	0	0	0	0	0	0	0	0	0	0	0	0	0	0	0	0	0	0	0	0	0	0	0	0	0	0	0	0	0	0	0	0	0	0	0	0	17	105	0	0	0	0
Zotu9208	0	0	0	0	0	0	0	0	0	0	0	0	0	0	0	0	0	0	0	0	0	0	0	0	0	0	0	0	0	0	0	0	0	0	0	0	0	0	0	0	0	0	0	0	0	0	0	0	0	0	0	0	0	0	0	0	0	0	0	0	0	0	0	0	0	0	0	0	0	0	0	0	0	0	0	0	0	0	0	0	0	0	0	0	0	0	0	0	0	0	0	0	0	0	0	0	0	0	0	0	0	0	0	0	0	0	0	51	194	0	0	0	0
Zotu11229	0	0	0	0	0	0	0	0	0	0	0	0	0	0	0	0	0	0	0	0	0	0	0	0	0	0	0	0	0	0	0	0	0	0	0	0	0	0	0	0	0	0	0	0	0	0	0	0	0	0	0	0	0	0	0	0	0	0	0	0	0	0	0	0	0	0	0	0	0	0	0	0	0	0	0	0	0	0	0	0	0	0	0	0	0	0	0	0	0	0	0	0	0	0	0	0	0	0	0	0	0	0	0	0	0	0	0	8	0	0	0	89	0
Zotu6928	0	0	0	0	0	0	0	0	0	0	0	0	0	0	0	0	0	0	0	0	0	0	0	0	0	0	0	0	0	0	0	0	0	0	0	0	0	0	0	0	0	0	0	0	0	0	0	0	0	0	0	0	0	0	0	0	0	0	0	0	0	0	0	0	0	0	0	0	0	0	0	0	0	0	0	0	0	0	0	0	0	0	0	0	0	0	0	0	0	0	0	0	0	0	0	0	0	0	0	0	0	0	0	0	0	0	0	0	86	0	610	0	0
Zotu6397	0	0	0	0	0	0	0	0	0	0	0	0	0	0	0	0	0	0	0	0	0	0	0	0	0	0	0	0	0	0	0	0	0	0	0	0	0	0	0	0	0	0	0	0	0	0	0	0	0	0	0	0	0	0	0	0	0	0	0	0	0	0	0	0	0	0	0	0	0	0	0	0	0	0	0	0	0	0	0	0	0	0	0	0	0	0	0	0	0	0	0	0	0	0	0	0	0	0	0	0	0	0	0	0	0	0	0	0	55	119	512	0	0
Zotu8089	0	0	0	0	0	0	0	0	0	0	0	0	0	0	0	0	0	0	0	0	0	0	0	0	0	0	0	0	0	0	0	0	0	0	0	0	0	0	0	0	0	0	0	0	0	0	0	0	0	0	0	0	0	0	0	0	0	0	0	0	0	0	0	0	0	0	0	0	0	0	0	0	0	0	0	0	0	0	0	0	0	0	0	0	0	0	0	0	0	0	0	0	0	0	0	0	0	0	0	0	0	0	0	0	0	0	0	0	0	0	209	0	0
Zotu945	0	0	0	0	0	0	0	0	0	0	0	0	0	0	0	0	0	0	0	0	0	0	0	0	0	0	0	0	0	0	0	0	0	0	0	0	0	0	0	0	0	0	0	0	0	0	0	0	0	0	0	0	0	0	0	0	0	0	0	0	0	0	0	0	0	0	0	0	0	0	0	0	0	0	0	0	0	0	0	0	0	0	0	0	0	0	0	0	0	0	0	0	0	0	0	0	0	0	0	0	0	0	0	0	0	0	0	0	0	0	449	0	0
Zotu9497	0	0	0	0	0	0	0	0	0	0	0	0	0	0	0	0	0	0	0	0	0	0	0	0	0	0	0	0	0	0	0	0	0	0	0	0	0	0	0	0	0	0	0	0	0	0	0	0	0	0	0	0	0	0	0	0	0	0	0	0	0	0	0	0	0	0	0	0	0	0	0	0	0	0	0	0	0	0	0	0	0	0	0	0	0	0	0	0	0	0	0	0	0	0	0	0	0	0	0	0	0	0	0	0	0	0	0	0	0	0	0	0	155
