#OTU ID	GhC3	Ghcontrol4	GhC2	GhP4	GhT2	GhC6	GhT1	GhC5	GhP6	GhC1	GhC4	GhT3	Ghcontrol3	GhT5	GhP2	GhP3	GhP5	GhP1	GhT4	GhT6	Ghcontrol1	Ghcontrol2
OTU_572	23	0	1	2	0	1	0	9	9	8	0	0	0	0	3	0	1	0	0	0	0	0
OTU_10	70	2320	109	0	0	60	1	41	1	0	132	0	4667	0	1087	223	0	225	42	0	0	54
OTU_200	14	1	154	0	0	27	0	12	11	42	23	0	0	0	24	0	0	0	32	13	0	0
OTU_298	6	0	24	21	0	1	0	10	0	8	18	0	0	145	0	0	2	0	4	0	0	0
OTU_29	29	185	107	83	343	100	738	124	10	59	60	45	25	88	66	573	72	310	77	535	0	0
OTU_6	285	110	517	520	6	4446	189	201	41	3098	87	9	200	40	2050	155	44	70	23	21	0	0
OTU_72	4	0	67	9	103	7	454	3	11	4	10	193	9	240	8	51	7	0	397	170	0	0
OTU_45	162	560	37	17	10	80	27	34	15	112	161	78	103	68	77	49	11	691	480	18	0	408
OTU_53	4	0	7	1	10	23	44	1666	0	6	12	49	0	36	4	0	5	0	282	46	0	0
OTU_27	240	63	146	254	44	216	57	209	77	125	76	190	0	246	106	235	1165	0	272	130	0	0
OTU_24	0	0	0	659	0	0	0	0	2952	0	0	0	0	0	0	0	0	0	0	0	0	0
OTU_2	3173	65	1146	131	72	1619	550	2443	22	3565	759	195	0	270	2086	125	118	0	371	260	0	0
OTU_43	2	0	409	1	0	3	0	1996	12	2	0	0	0	0	0	0	42	0	0	0	0	0
OTU_130	30	112	521	0	0	67	97	10	0	665	406	0	0	0	428	0	0	181	72	10	0	0
OTU_1	203	30	601	2526	4064	215	146	547	441	217	201	4324	0	173	195	1212	1016	0	327	29	0	0
OTU_15	793	59	1074	156	630	606	159	1052	57	1762	324	481	0	296	936	52	21	0	123	61	0	39
OTU_265	0	44	73	4	0	18	0	14	102	3	85	0	0	0	0	0	0	0	0	0	0	0
OTU_25	0	0	0	0	0	0	0	0	0	1940	0	0	0	0	1411	253	14	0	0	0	0	0
OTU_12	24	244	10	3	0	8	32	2	19	4	24	5	10558	21	173	154	1	250	39	23	0	2996
OTU_8	550	450	277	695	73	227	63	384	299	453	691	706	375	225	335	84	97	440	4944	286	0	313
OTU_5	707	444	534	489	110	397	533	437	300	787	322	234	231	3553	486	1046	146	965	983	333	0	0
OTU_508	0	0	4	0	0	0	15	0	0	0	0	64	0	9	0	0	0	0	90	0	0	0
OTU_127	0	0	0	318	303	0	0	0	0	1	0	0	0	0	12	27	6	0	130	0	0	0
OTU_55	3	0	0	118	0	0	0	2	105	0	0	5	0	0	0	579	1275	0	0	0	0	0
OTU_31	101	0	430	0	0	21	0	161	35	72	15	0	0	0	50	27	3431	0	0	0	0	0
OTU_4	1276	382	769	442	306	253	1071	440	237	985	515	673	305	1462	583	229	548	664	1837	665	0	680
OTU_13	11	0	1	0	0	1	7	3	0	4115	9	8	0	8	2661	2	2	0	0	2	0	0
OTU_7	0	0	0	0	483	0	149	0	0	1	0	406	0	3319	1	114	0	0	2269	2252	0	0
OTU_48	436	69	233	8	0	56	1	251	0	501	90	5	3	4	262	18	2	0	0	6	0	31
OTU_47	0	18	1812	0	0	0	0	5	0	0	97	1	0	0	0	0	0	0	0	0	0	0
OTU_160	0	0	0	9	0	0	0	47	1	58	0	0	0	0	79	253	194	0	0	0	0	0
OTU_58	2	0	4	55	0	0	0	6	1	12	0	6	0	15	29	1030	139	13	3	3	0	0
OTU_337	10	0	0	25	5	1	45	1	3	6	1	12	16	30	0	6	36	0	21	5	0	0
OTU_85	0	0	0	46	39	0	207	0	1	0	0	248	0	614	0	60	15	0	192	30	0	0
OTU_54	119	0	141	34	0	5	3	419	23	58	7	0	0	0	22	435	629	0	11	30	0	0
OTU_202	3	0	201	78	0	1	0	14	0	7	10	0	0	0	2	0	77	0	13	0	0	0
OTU_113	19	0	20	42	74	9	152	48	25	54	33	164	0	374	11	24	36	0	398	113	0	0
OTU_119	12	0	0	8	31	0	441	0	0	0	1	55	0	70	0	12	0	76	107	42	0	0
OTU_9	724	951	284	1982	141	186	203	227	167	229	1141	323	113	134	135	552	160	671	441	86	0	97
OTU_121	0	56	133	70	19	24	0	0	17	4	144	0	0	0	6	115	4	68	0	0	0	0
OTU_231	0	0	0	25	118	0	0	0	0	0	9	50	0	0	0	0	0	0	536	144	0	0
OTU_156	0	0	8	0	0	0	0	4	0	2	0	0	0	0	0	0	0	0	0	496	0	0
OTU_26	377	405	194	19	0	174	27	448	266	849	646	13	158	23	682	524	19	483	11	9	0	132
OTU_112	394	0	187	0	0	92	0	340	0	325	39	1	0	0	184	0	0	0	0	0	0	0
OTU_64	20	5	61	194	17	26	71	27	17	35	76	96	0	165	43	181	166	0	35	51	0	0
OTU_146	20	0	0	0	2	2	21	420	0	12	0	19	0	1	11	0	2	0	7	4	0	0
OTU_173	75	0	15	219	0	4	1	36	8	59	8	0	0	0	32	3	0	0	0	0	0	0
OTU_66	38	102	444	1	1	115	62	7	4	195	50	0	12	37	170	28	12	0	1	0	0	0
OTU_171	0	0	0	0	0	0	0	0	0	0	0	0	0	0	0	0	0	0	0	0	423	0
OTU_79	15	15	26	204	69	7	313	160	211	344	15	38	0	41	205	179	24	0	188	7	0	0
OTU_28	4	168	146	19	0	195	0	0	0	37	488	225	21	0	0	2343	0	0	0	0	0	0
OTU_14	168	97	1131	666	826	524	112	125	417	65	425	47	37	60	50	1204	1021	68	89	19	0	0
OTU_20	0	0	11	697	0	0	3867	0	0	2	2	0	0	0	3	86	45	0	0	0	0	0
OTU_243	0	0	0	0	0	0	0	0	0	0	0	0	0	0	0	0	0	0	0	0	276	0
OTU_118	0	0	631	0	0	0	0	2	0	2	19	0	0	0	0	0	0	0	0	0	0	0
OTU_1279	26	51	33	74	20	13	24	26	77	40	15	9	0	19	57	14	6	94	18	1	0	0
OTU_62	52	30	191	90	0	1254	7	58	202	17	690	0	0	0	1	0	1	0	0	0	0	0
OTU_142	602	14	44	7	5	18	11	134	2	189	23	4	17	9	148	9	18	12	4	25	0	4
OTU_222	51	0	147	0	0	12	0	1	0	27	9	0	0	0	15	1	32	0	0	0	0	0
OTU_33	0	0	0	0	0	0	0	0	0	0	0	0	0	0	0	3066	8	0	0	0	0	0
OTU_78	118	16	222	144	0	64	0	119	2	118	64	2	0	0	80	113	24	0	0	0	0	0
OTU_34	710	74	336	26	0	95	1	259	0	550	224	1	0	0	407	12	0	3	1	0	0	0
OTU_30	36	0	34	0	0	1	0	81	2	1984	0	6	0	0	1158	9	0	0	0	0	0	0
OTU_131	2	0	17	0	0	1	0	7	0	0	0	0	0	0	0	610	2	0	0	0	0	0
OTU_255	453	31	12	0	0	45	0	3	0	43	147	0	0	0	5	0	0	0	0	0	0	0
OTU_239	1	0	0	13	0	1	0	254	0	8	1	0	0	0	18	0	0	0	0	0	0	0
OTU_330	68	14	24	0	0	9	2	33	1	27	34	3	2	6	26	12	14	0	0	3	0	0
OTU_36	74	0	2426	324	0	2	20	1	0	10	5	0	0	0	11	0	0	0	0	0	0	0
OTU_3	2808	250	1156	1660	649	605	1762	3511	469	2435	1031	1107	153	1928	1546	1981	1144	104	2461	1029	0	165
OTU_523	0	0	57	0	0	0	0	0	0	4	6	0	0	0	0	0	0	0	0	0	0	0
OTU_41	4	0	2	0	68	2	64	3	0	1	6	0	0	118	0	16	17	0	1415	329	0	0
OTU_61	1486	0	6	0	0	0	0	10	0	0	0	0	0	0	0	0	0	0	0	0	0	0
OTU_37	160	0	525	58	26	37	86	124	4	205	9	153	0	389	202	155	213	0	74	36	0	0
OTU_144	20	0	118	22	0	160	9	396	0	62	7	3	0	7	51	0	0	0	5	5	0	0
OTU_23	715	45	371	218	239	221	56	234	221	454	194	43	29	25	408	435	71	85	13	7	0	0
OTU_126	4	0	72	461	10	17	1	23	96	6	1	0	0	22	0	217	111	20	6	6	0	0
OTU_42	85	89	40	371	15	95	25	133	97	38	270	33	18	29	19	32	51	165	612	103	0	0
OTU_522	11	17	0	0	0	0	0	13	0	4	4	0	0	0	12	0	0	14	0	0	0	106
OTU_63	14	201	54	1	5	4	2	13	0	30	744	9	0	23	10	148	2	0	10	0	0	0
OTU_496	1	0	0	0	0	0	0	0	0	0	0	0	98	0	0	0	0	0	0	0	0	0
OTU_19	0	0	0	0	0	0	0	158	0	0	0	0	0	0	0	0	0	0	0	4096	0	0
OTU_1377	0	0	0	0	0	0	0	1	0	0	0	0	0	0	0	7	0	0	2	0	0	0
OTU_21	15	41	5	84	53	7	416	3	64	3	11	3223	24	147	4	7	61	108	47	64	0	0
OTU_145	97	0	24	40	10	0	0	60	7	0	0	2	0	346	9	104	45	0	12	34	0	0
OTU_1277	0	0	0	7	0	0	0	0	0	0	0	0	0	0	0	0	0	0	0	0	0	0
OTU_964	1	0	7	0	3	0	0	0	0	0	0	2	0	0	0	0	0	0	0	0	0	19
OTU_236	11	0	38	7	164	6	37	5	5	38	11	17	0	22	19	14	22	0	8	3	0	0
OTU_270	31	0	40	216	5	51	4	14	30	64	9	0	0	8	44	26	59	0	8	0	0	0
OTU_193	1	0	0	42	4	15	22	1	2	0	0	47	24	56	0	23	278	0	1	0	0	19
OTU_468	0	0	0	2	1	0	0	0	0	0	0	8	0	130	0	34	1	0	10	6	0	0
OTU_129	0	0	0	0	0	0	0	0	629	0	0	0	0	0	0	3	17	0	0	0	0	0
OTU_84	0	0	0	1	0	0	0	0	0	0	0	10	0	54	0	845	49	0	73	47	0	0
OTU_139	0	0	0	0	0	0	0	0	0	0	0	0	0	0	0	0	523	0	0	0	0	0
OTU_35	3	0	7	289	0	24	1	8	34	28	4	2559	0	3	38	1510	14	14	0	0	0	0
OTU_148	0	0	0	4	76	0	17	0	1	0	3	39	0	398	0	0	9	0	20	48	0	0
OTU_70	28	1	12	61	119	11	197	102	110	55	24	115	13	50	48	14	66	91	607	196	0	11
OTU_272	0	0	0	2	0	0	0	13	0	1	0	0	0	0	0	193	0	0	0	0	0	0
OTU_133	18	0	30	10	57	0	13	0	0	0	9	71	0	372	0	3	8	0	18	42	0	0
OTU_98	45	16	13	93	99	27	269	107	47	221	4	110	0	128	160	50	42	0	239	147	0	0
OTU_11	4	29	2	167	8	1	23	35	13	5	2	7	2720	43	0	46	134	29	69	9	0	4367
OTU_46	46	200	74	1556	36	754	5	73	51	43	506	24	17	50	51	72	72	11	70	15	0	0
OTU_16	6156	0	43	0	0	0	0	0	0	1	1	0	0	0	0	0	0	0	0	0	0	0
OTU_198	72	0	19	48	6	6	23	36	21	129	9	12	0	69	89	2	54	0	58	9	0	0
OTU_52	0	0	0	0	0	0	0	0	0	0	0	148	0	0	0	2	9	0	1296	1592	0	0
OTU_245	1	0	2	8	104	0	27	1	0	1	2	32	0	212	0	2	6	0	25	46	0	0
OTU_187	0	0	0	0	0	0	0	0	360	0	0	0	0	0	0	216	40	0	0	0	0	0
OTU_49	61	0	0	880	3	1	0	53	650	4	0	0	0	0	6	53	133	0	16	18	0	0
OTU_161	56	35	28	242	1	78	4	65	8	34	143	0	0	1	25	22	57	0	220	21	0	0
OTU_69	45	0	174	1086	0	0	0	0	1	5	0	0	0	0	8	0	0	21	0	113	0	0
OTU_76	8	11	279	62	0	1	0	6	0	6	42	0	0	7	0	305	433	0	12	24	0	0
OTU_18	0	0	0	0	0	0	0	6	0	0	0	6	0	0	0	0	0	0	4420	0	0	0
OTU_107	0	0	859	0	0	7	3	120	0	1	10	0	20	0	0	0	0	0	0	203	0	0
OTU_104	53	0	107	123	51	187	74	40	9	116	70	190	233	239	85	95	20	21	110	72	0	0
OTU_93	39	0	29	97	567	31	0	51	350	58	19	248	0	11	12	70	43	0	67	101	0	0
OTU_44	37	0	137	15	1	3	0	159	0	1035	15	1	0	0	678	6	1	0	0	30	0	0
OTU_168	0	0	2	2	0	411	0	0	0	0	9	0	0	0	0	0	0	0	0	0	0	0
OTU_360	1	0	0	0	0	0	0	0	0	0	0	0	0	0	0	0	125	0	0	0	0	0
OTU_74	2	0	1082	0	15	12	30	0	0	5	4	4	0	0	4	0	0	0	2	3	0	0
OTU_101	132	39	247	174	0	34	0	6	1	27	132	0	0	0	23	45	245	0	0	0	0	0
OTU_314	19	0	138	0	0	4	0	240	0	26	4	0	0	0	12	0	0	0	0	0	0	0
OTU_554	0	0	21	0	0	45	0	0	0	1	5	0	0	0	0	0	0	0	2	0	0	0
OTU_149	145	0	55	5	0	17	0	81	13	55	14	1	0	0	30	42	31	0	0	0	0	0
OTU_180	9	0	11	5	3	2	11	347	4	8	2	0	0	0	0	0	0	0	3	0	0	0
OTU_169	0	0	1	46	0	0	3	3	462	1	1	0	0	0	0	1	0	0	4	4	0	0
OTU_861	18	23	6	8	0	3	8	90	0	24	2	0	0	0	21	0	62	0	2	0	0	0
OTU_86	0	19	144	0	31	0	374	2	0	9	44	22	0	291	1	0	0	0	37	50	0	0
OTU_134	3	0	2	0	0	0	0	0	0	0	0	0	637	0	0	0	0	0	0	0	0	13
OTU_17	41	6	93	371	5315	21	183	30	95	29	70	90	0	4	37	237	5	0	20	14	0	37
OTU_1386	0	0	0	0	4	0	0	0	0	0	0	0	0	0	0	0	0	0	6	0	0	0
OTU_365	37	0	87	0	3	3	23	138	1	10	0	0	0	48	0	14	18	0	85	28	0	0
OTU_82	0	0	0	0	0	0	0	0	0	0	0	0	0	0	0	0	0	0	0	1022	0	0
OTU_377	0	0	0	29	0	1	0	0	0	0	1	2	18	0	3	0	1	83	1	0	0	0
OTU_237	127	0	60	51	0	0	0	14	0	1	0	0	0	0	0	0	31	0	0	0	0	0
OTU_244	47	0	20	2	23	0	25	0	0	0	0	141	0	87	0	0	0	0	356	1	0	0
OTU_471	4	0	0	0	0	7	0	80	0	0	3	0	0	0	2	0	0	0	0	0	0	0
OTU_97	0	0	0	0	0	0	10	0	0	0	0	0	0	0	0	0	0	0	14	797	0	0
OTU_167	15	0	3	1	0	11	0	8	0	4	1	2	184	2	3	3	0	2	0	1	326	2
OTU_376	3	0	16	33	0	14	0	5	33	4	15	0	0	0	1	55	19	21	2	0	0	0
OTU_585	30	0	8	21	0	1	0	17	6	2	0	0	0	0	0	0	0	0	0	0	0	0
OTU_100	1	9	8	0	0	783	0	0	0	0	9	0	0	0	0	0	0	0	0	0	0	0
OTU_51	172	117	74	86	85	27	106	86	114	126	70	70	24	74	89	52	68	148	196	255	0	29
OTU_267	0	15	166	0	0	30	0	0	0	0	19	0	0	0	0	0	0	0	0	0	0	0
OTU_257	0	0	23	17	2	1	11	0	34	1	0	27	9	45	0	6	55	0	13	7	0	171
OTU_375	11	0	2	15	3	0	65	3	13	5	1	10	0	57	0	4	5	0	0	0	0	0
OTU_811	0	0	0	17	0	0	0	0	12	0	0	0	0	2	0	0	0	0	0	1	0	0
OTU_351	3	86	4	0	0	0	0	1	0	0	1	0	13	0	17	0	0	47	0	0	0	0
OTU_166	34	36	62	0	0	33	2	3	0	6	68	0	0	114	12	0	0	0	11	7	0	0
OTU_504	0	27	5	1	0	0	0	0	0	1	3	0	0	0	0	1	0	0	0	2	0	50
OTU_151	0	0	23	6	0	1	0	0	5	0	0	0	0	0	0	48	383	0	0	0	0	0
OTU_32	716	142	364	105	0	179	0	218	5	278	470	3	0	0	160	90	43	0	25	20	0	0
OTU_115	35	177	78	499	4	6	6	29	8	39	45	18	57	3	49	91	36	202	26	11	0	119
OTU_22	238	186	43	19	41	46	241	247	47	122	76	49	3	17	150	84	14	808	1348	73	0	45
OTU_159	30	20	138	4	0	93	0	94	0	71	18	0	4	0	32	26	34	0	0	1	0	0
OTU_347	0	0	0	0	2	0	2	0	0	0	1	2	100	0	0	2	0	37	0	2	0	0
OTU_117	311	14	116	0	0	85	0	106	0	157	94	0	0	0	116	5	0	0	0	0	0	0
OTU_88	1	0	0	0	44	0	341	9	11	17	0	176	0	610	5	0	0	0	192	126	0	0
OTU_525	0	0	0	0	0	0	0	0	0	0	0	0	18	1	0	0	0	43	0	2	0	0
OTU_99	8	148	82	12	13	1	4	11	21	14	8	3	21	63	34	160	19	164	152	5	0	0
OTU_89	0	957	0	0	0	0	0	0	0	0	0	0	0	0	0	0	0	0	0	0	0	0
OTU_110	0	97	24	0	0	25	0	0	0	0	938	0	0	0	0	0	0	0	0	0	0	0
OTU_103	1	6	0	0	802	0	24	0	2	29	2	30	0	48	3	2	0	0	42	17	0	0
OTU_94	5	10	133	678	0	1	0	0	39	5	50	0	0	0	5	0	86	0	0	0	0	0
OTU_181	18	0	24	22	13	20	69	28	8	9	5	66	0	25	8	1	22	0	58	10	0	0
OTU_349	0	0	0	0	126	0	13	0	0	0	0	0	0	0	0	7	0	0	1	0	0	0
OTU_1585	0	0	0	0	0	0	0	0	0	0	0	0	5	0	0	0	0	0	0	0	0	0
OTU_970	0	0	0	0	0	14	0	0	0	0	1	0	0	0	0	0	0	0	0	0	0	0
OTU_38	172	29	100	208	141	82	312	80	178	145	81	159	4	94	64	28	71	0	504	193	0	0
OTU_220	5	25	31	98	0	52	0	11	179	2	22	0	0	0	3	39	2	74	0	0	0	0
OTU_325	5	16	2	0	1	2	0	0	0	0	4	4	13	0	9	16	0	42	1	1	0	25
OTU_228	0	0	0	0	0	89	0	14	6	148	3	0	0	0	60	0	0	0	0	0	0	0
OTU_65	123	0	159	0	0	34	0	1046	0	64	76	0	0	0	44	0	0	0	0	0	0	0
OTU_57	2	14	5	5	0	0	2	0	0	0	4	1	210	0	103	139	0	10	4	0	0	1411
OTU_530	0	0	7	0	0	0	0	0	0	28	21	0	5	0	25	0	0	0	0	0	0	0
OTU_162	0	0	0	13	33	0	8	0	0	1	0	104	0	1102	0	0	7	0	18	24	0	0
OTU_60	21	263	7	0	0	4	0	16	0	11	1197	0	0	0	1	0	0	0	0	0	0	0
OTU_1249	0	10	0	0	0	0	0	0	0	0	0	0	0	0	0	0	0	0	0	0	0	0
OTU_56	23	39	76	10	62	11	50	3	14	8	69	43	0	10	4	1008	90	15	24	2	0	0
OTU_137	0	0	18	32	1	7	0	0	77	2	3	0	0	0	0	247	142	0	0	0	0	0
OTU_390	1	30	0	0	0	3	0	0	0	7	167	0	0	0	0	0	0	0	0	0	0	0
OTU_380	8	0	1	4	2	7	1	3	1	0	4	1	0	0	1	0	1	57	20	3	0	0
OTU_132	0	155	48	7	0	12	0	2	2	1	399	0	0	0	4	11	3	4	0	0	0	0
OTU_359	0	0	0	0	2	0	205	0	0	0	0	23	0	18	0	0	0	0	16	23	0	0
OTU_135	0	0	0	0	0	0	0	0	0	0	0	0	0	0	0	589	0	0	0	0	0	0
OTU_273	0	0	0	0	16	0	147	0	0	0	0	11	0	16	0	0	0	0	22	21	0	0
OTU_1382	0	0	0	4	29	0	0	0	375	0	0	0	0	0	0	6	0	0	6	0	0	0
OTU_111	0	0	232	0	0	0	0	1	0	0	0	0	0	0	0	570	0	0	99	0	0	0
OTU_300	1	0	40	3	0	1	6	93	2	35	5	0	0	0	2	0	1	0	3	3	0	0
OTU_109	23	0	44	32	17	8	92	34	31	10	23	43	0	228	0	24	52	0	103	47	0	0
OTU_618	0	0	0	0	10	0	8	0	0	0	0	0	0	0	0	0	0	0	24	0	0	0
OTU_397	0	0	0	0	0	0	0	0	0	50	0	0	0	0	68	0	0	0	0	0	0	0
OTU_204	14	0	10	0	1	1	0	0	0	3	0	1	0	0	0	226	22	0	10	0	0	0
OTU_305	3	0	100	9	0	21	0	5	0	6	37	0	0	0	10	17	41	0	0	0	0	0
OTU_282	0	0	0	0	0	0	0	0	1	0	0	0	0	0	0	169	47	0	0	0	0	0
OTU_537	60	19	141	1	0	17	0	195	0	58	11	0	0	0	53	2	1	0	0	0	0	0
OTU_154	0	44	59	24	10	295	0	1	436	15	96	3	0	2	22	0	0	0	1	0	0	0
OTU_937	8	0	14	39	11	353	6	14	17	13	5	5	0	15	7	125	43	0	30	2	0	0
OTU_379	0	0	0	0	79	0	63	0	0	0	0	24	0	20	0	0	0	0	14	22	0	0
OTU_221	0	59	0	0	0	0	0	0	0	0	241	0	0	0	0	0	0	0	0	0	0	0
OTU_266	438	42	106	31	27	71	32	230	35	461	60	3	0	12	358	55	1	19	41	1	0	0
OTU_1436	2	1	8	20	43	5	258	9	16	14	1	84	0	120	4	29	100	8	836	442	0	0
OTU_293	1	70	2	0	0	0	0	0	0	0	1	0	0	0	0	0	0	155	0	0	0	0
OTU_1745	0	0	1	0	0	0	0	0	0	0	4	0	0	0	0	0	0	70	0	0	0	0
OTU_163	0	0	0	0	0	0	4	0	2	0	0	1	10	0	0	10	481	1	8	0	0	0
OTU_75	0	0	0	0	0	0	0	0	0	0	0	17	0	0	0	0	0	0	1223	0	0	0
OTU_395	0	1	0	0	12	1	35	0	1	2	1	25	6	0	0	0	0	30	37	1	0	0
OTU_309	0	0	145	0	0	61	0	0	0	0	4	0	0	0	0	0	0	0	0	0	0	0
OTU_39	271	49	44	115	38	11	119	529	206	363	50	106	0	86	202	95	76	0	117	107	0	0
OTU_268	37	10	44	4	16	5	33	8	1	28	41	51	0	47	11	7	1	0	12	24	0	0
OTU_658	0	0	0	0	0	0	0	0	0	0	0	0	0	0	0	1	0	0	0	0	0	36
OTU_71	1285	0	0	0	2	0	0	78	0	4	0	0	0	7	0	0	0	0	0	0	0	0
OTU_120	2	74	214	11	0	53	0	1	40	7	360	0	0	0	2	0	29	0	0	0	0	0
OTU_196	0	18	100	121	0	8	5	2	0	1	42	7	21	49	4	264	181	0	0	0	0	0
OTU_261	0	0	1	0	0	0	0	0	0	0	0	0	0	0	0	0	0	0	0	0	251	0
OTU_205	13	0	10	5	76	2	48	2	11	77	2	17	0	8	33	25	33	0	10	10	0	0
OTU_50	96	22	43	4	51	26	926	20	13	34	13	184	22	287	29	135	11	29	83	362	0	0
OTU_332	29	18	57	6	0	42	3	6	2	44	8	3	0	10	8	10	3	51	1	0	0	0
OTU_59	1	19	2	0	14	10	38	9	7	5	6	38	1366	34	13	7	3	206	75	9	0	0
OTU_1031	0	0	13	0	0	1	0	0	0	0	4	0	0	0	0	0	1	0	0	0	0	0
OTU_105	143	0	156	41	0	30	0	47	2	113	20	0	0	0	66	52	92	0	4	1	0	0
OTU_566	3	0	0	0	0	0	0	35	0	4	0	0	0	0	4	0	0	0	0	0	0	0
OTU_83	0	0	0	7	1024	0	144	1	0	0	0	11	0	3	0	0	0	0	41	2	0	0
OTU_147	0	0	748	0	0	0	0	0	0	0	0	0	0	0	0	0	0	0	0	0	0	0
OTU_211	0	0	250	15	0	0	0	0	0	1	0	0	0	0	0	0	16	0	0	0	0	0
OTU_336	6	0	4	0	0	0	0	0	0	0	0	0	19	0	0	0	0	115	0	0	0	0
OTU_982	0	0	1	5	0	0	0	1	3	0	0	0	0	0	2	1	3	0	0	0	0	0
OTU_106	0	0	0	2	0	0	0	0	0	0	0	0	0	0	0	773	1	0	0	0	0	0
OTU_73	0	0	0	0	0	0	0	0	0	0	0	13	0	0	0	0	0	0	1209	0	0	0
OTU_143	7	4	0	39	1	8	2	7	9	4	7	5	0	23	4	29	22	0	328	2	0	0
OTU_470	0	0	0	0	0	0	0	0	0	0	0	0	0	86	0	0	0	0	0	0	0	0
OTU_175	0	0	0	0	3	0	461	0	0	0	0	0	0	13	0	2	0	0	1	82	0	0
OTU_693	1	0	0	4	0	0	0	0	5	0	1	7	0	21	0	1	0	0	0	0	0	0
OTU_569	0	6	2	0	0	1	0	0	49	0	4	0	0	0	0	0	0	0	2	0	0	0
OTU_362	4	0	6	11	80	4	9	6	3	2	1	5	0	4	7	13	5	0	1	6	0	0
OTU_389	10	0	5	7	1	14	0	4	0	0	112	0	0	6	0	40	2	0	0	0	0	0
OTU_1824	0	0	0	0	0	0	0	1	0	0	0	0	0	0	0	292	4	0	0	0	0	0
OTU_1882	1	0	0	1	0	0	0	0	27	0	6	0	0	0	0	0	3	0	3	0	0	0
OTU_733	0	0	0	34	0	0	1	0	21	0	0	8	0	3	0	2	0	0	2	0	0	0
OTU_313	1	6	102	0	0	0	0	1	0	0	71	0	0	0	0	0	0	0	0	0	0	0
OTU_493	2	0	0	0	4	0	1	2	0	2	0	26	0	10	0	0	4	0	14	6	0	0
OTU_140	0	0	3	35	0	0	0	34	29	1	9	0	0	0	0	399	1392	0	0	0	0	0
OTU_556	0	84	0	0	0	0	0	0	0	0	0	0	0	0	0	0	0	0	0	0	0	0
OTU_96	0	0	0	0	0	0	0	0	0	0	0	0	0	949	0	0	0	0	0	0	0	0
OTU_190	38	14	19	34	39	5	18	1	9	7	14	23	0	67	0	53	10	0	180	67	0	0
OTU_343	44	0	4	1	1	11	6	7	0	12	4	4	0	54	4	26	8	0	12	2	0	0
OTU_1552	0	0	0	0	0	0	0	0	0	0	0	0	0	0	0	0	0	0	4	0	0	0
OTU_278	5	0	10	0	6	3	26	3	2	3	0	51	0	29	2	0	0	0	59	22	0	0
OTU_91	0	0	0	2	0	0	0	0	0	0	0	0	0	0	0	718	169	0	0	0	0	0
OTU_353	0	35	2	0	0	0	7	0	0	0	128	0	0	0	0	0	0	0	0	0	0	0
OTU_108	1	0	51	0	776	0	64	3	0	0	0	0	0	4	2	2	0	0	1	0	0	0
OTU_150	8	0	5	235	24	21	237	27	57	3	13	6	84	18	37	85	13	0	31	9	0	69
OTU_165	74	57	51	166	0	35	6	37	50	71	68	1	0	0	40	70	3	0	79	0	0	0
OTU_1145	0	0	11	0	0	3	0	0	0	0	0	0	0	0	0	1	0	0	0	0	0	0
OTU_287	0	0	0	7	5	0	1	5	9	1	0	2	0	161	0	23	0	0	0	0	0	0
OTU_68	6	0	18	0	35	3	7	1116	0	100	17	11	44	17	54	22	9	0	9	1	0	0
OTU_87	82	220	66	121	2	36	5	174	19	82	39	14	46	46	111	53	43	111	41	23	0	59
OTU_532	0	0	3	0	7	3	23	3	1	3	2	21	55	20	0	5	0	41	19	4	0	0
OTU_322	0	0	0	0	0	0	161	0	0	0	0	0	0	0	0	0	0	0	0	0	0	0
OTU_645	0	0	0	0	0	0	0	0	0	0	0	0	41	0	0	0	0	0	0	0	0	0
OTU_102	2	0	31	27	6	16	0	7	4	5	2	2	0	79	0	48	704	33	130	2	0	0
OTU_206	0	0	0	15	2	0	0	82	73	6	2	0	0	0	9	18	108	67	0	0	0	0
OTU_279	7	0	39	38	17	29	3	17	100	7	23	8	0	33	4	25	11	0	25	1	0	0
OTU_1846	0	0	0	1	0	0	0	0	0	1	0	0	0	0	6	0	0	0	0	0	0	0
OTU_230	0	0	0	0	0	0	0	0	0	0	0	0	0	0	0	0	0	0	0	0	422	0
OTU_442	46	2	18	0	0	4	0	18	7	31	10	0	0	0	35	0	0	0	0	0	0	0
OTU_830	0	0	3	1	4	1	1	1	1	0	1	2	0	0	0	9	0	0	8	10	0	0
OTU_785	1	0	3	3	16	4	1	0	1	5	4	0	0	0	0	6	0	0	0	6	0	0
OTU_492	2	0	0	40	5	1	0	34	10	1	2	1	0	5	5	44	51	0	7	5	0	0
OTU_1955	11	10	6	0	0	3	0	13	0	5	7	0	0	0	7	0	0	0	0	0	0	0
OTU_124	172	26	16	0	0	22	0	120	0	193	21	0	0	34	108	119	14	0	0	0	0	0
OTU_40	0	0	0	0	0	0	0	0	0	0	0	0	0	0	0	1	2058	0	0	0	0	0
OTU_128	137	22	77	267	0	3	0	2	0	89	26	0	0	0	50	1	26	0	0	0	0	0
OTU_155	0	0	0	0	0	0	0	0	0	0	0	41	0	313	0	0	11	0	133	86	0	0
OTU_679	0	0	0	1	0	2	0	0	5	0	0	0	0	0	0	0	0	0	61	0	0	0
OTU_226	4	0	0	8	8	19	147	2	1	6	0	10	0	48	37	9	21	0	21	18	0	0
OTU_80	205	55	18	12	0	376	0	61	0	198	80	0	0	0	112	31	19	15	0	0	0	0
OTU_178	277	0	137	18	0	2	0	0	0	0	0	0	0	0	0	0	0	0	0	0	0	0
OTU_122	3	0	0	457	11	0	1	11	122	1	0	40	0	148	0	114	5	0	34	29	0	0
OTU_550	0	0	0	0	0	0	0	0	0	0	0	0	0	0	0	0	0	0	54	5	0	0
OTU_425	80	34	0	0	0	1	0	19	0	2	32	0	0	0	9	0	0	0	0	0	0	0
OTU_141	0	0	1	92	5	0	21	2	5	0	0	33	0	271	0	6	27	0	242	34	0	0
OTU_125	173	0	65	41	0	34	0	64	0	144	29	0	0	1	74	67	12	0	0	0	0	0
OTU_1375	0	0	1	6	161	0	13	1	0	0	11	11	0	0	0	10	9	0	12	7	0	0
OTU_233	0	0	25	0	0	0	0	0	0	189	0	0	0	0	88	120	16	0	0	0	0	0
OTU_123	0	0	5	29	0	0	0	0	0	100	1	0	0	0	50	441	0	0	0	0	0	0
OTU_252	0	52	0	1	0	0	0	0	0	0	175	0	0	0	0	17	37	0	0	0	0	0
OTU_548	5	12	0	1	0	4	0	0	0	0	0	0	62	0	0	0	0	0	0	0	0	0
OTU_308	135	0	197	0	0	153	0	92	0	55	0	0	0	0	31	4	4	0	0	0	0	0
OTU_1282	6	0	23	0	0	0	0	38	6	6	2	0	0	0	0	0	0	23	0	6	0	0
OTU_241	2	0	3	0	0	6	0	3	2	4	3	4	0	6	4	3	2	0	12	259	0	0
OTU_218	0	0	119	0	0	2	0	7	0	0	11	0	4	0	0	1	143	0	2	0	0	0
OTU_195	0	0	6	59	3	0	1	1	22	0	0	0	0	22	7	307	15	0	7	7	0	0
OTU_189	0	0	0	0	0	0	0	0	0	0	0	0	0	0	0	0	366	0	0	0	0	0
OTU_1015	0	0	21	110	0	3	0	0	0	0	0	0	0	0	0	2	16	0	0	0	0	0
OTU_1116	0	0	0	0	0	0	0	0	0	0	0	0	0	0	0	0	0	0	0	29	0	0
OTU_223	5	0	10	213	0	1	0	6	28	12	1	0	0	0	6	16	11	0	0	0	0	0
OTU_479	0	0	2	0	49	0	8	1	0	2	25	1	0	10	0	0	1	0	0	0	0	0
OTU_224	14	99	40	0	0	8	0	4	0	1	202	0	0	0	0	0	0	0	0	0	0	0
OTU_214	33	0	4	9	10	0	9	9	22	3	3	11	0	23	38	18	72	0	11	18	0	0
OTU_417	6	0	1	7	0	5	0	0	0	7	2	0	0	0	24	100	3	0	0	0	0	0
OTU_303	13	0	18	0	38	0	0	5	0	89	0	0	0	0	75	0	16	0	32	0	0	0
OTU_1003	0	0	0	0	0	0	2	0	0	1	0	1	0	5	0	0	4	0	2	0	0	0
OTU_81	7	0	16	219	5	1	9	7	670	5	1	0	0	23	14	208	266	0	42	10	0	0
OTU_489	9	23	8	0	0	0	0	2	0	4	41	0	0	0	1	0	0	0	0	0	0	0
OTU_561	0	0	0	0	0	0	0	0	0	0	0	0	0	0	0	0	0	48	0	0	0	0
OTU_312	5	90	1	0	0	5	0	3	1	0	6	0	18	6	3	4	0	0	3	4	0	272
OTU_412	8	0	77	0	0	17	0	0	46	3	18	0	0	0	0	0	10	0	0	0	0	0
OTU_1257	5	0	0	0	0	0	5	0	0	2	0	0	0	0	4	0	0	0	0	0	0	0
OTU_248	0	0	0	0	0	0	4	0	0	0	0	78	0	547	0	0	15	0	242	76	0	0
OTU_588	0	0	5	0	3	0	8	0	0	0	0	9	0	16	0	0	0	0	3	4	0	0
OTU_381	0	0	0	2	14	0	0	0	1	2	0	11	0	124	0	13	1	0	92	1	0	0
OTU_320	18	0	3	18	4	1	3	3	7	11	2	7	0	10	3	22	6	0	34	5	0	0
OTU_466	1	0	2	38	6	2	5	0	14	5	9	4	0	0	6	2	29	0	7	19	0	0
OTU_458	4	0	1	29	0	1	0	0	0	111	0	0	0	0	65	93	11	0	0	0	0	0
OTU_502	0	0	0	0	2	0	3	0	0	0	0	0	67	0	0	0	0	0	6	0	0	0
OTU_434	16	0	0	2	0	53	0	35	0	2	0	0	0	0	0	17	11	0	0	0	0	0
OTU_690	0	0	0	10	0	0	0	0	24	0	0	0	0	0	0	2	1	0	0	0	0	0
OTU_158	0	0	0	0	0	0	0	0	0	0	0	0	0	0	0	0	0	0	0	0	570	0
OTU_164	0	0	0	8	0	0	0	0	8	0	0	0	0	0	0	0	0	0	423	0	0	0
OTU_1246	0	0	3	0	0	0	0	4	0	2	0	0	0	0	0	0	0	0	0	452	0	0
OTU_296	10	0	0	160	0	0	0	0	0	3	0	0	0	0	0	2	141	0	0	0	0	0
OTU_543	0	0	0	0	0	1	0	0	0	0	0	0	89	0	11	0	0	0	1	0	0	0
OTU_570	0	0	0	47	0	0	0	0	0	0	0	0	0	0	0	0	0	0	0	0	0	0
OTU_216	0	0	0	37	0	0	0	0	433	0	0	0	0	0	3	0	26	0	0	0	0	0
OTU_406	3	0	0	1	0	0	0	12	0	0	0	0	0	0	6	37	59	0	0	0	0	0
OTU_249	0	0	0	0	0	0	0	0	0	0	0	0	0	0	0	0	0	251	0	0	0	0
OTU_67	0	0	5	157	0	0	1	0	23	0	0	5	0	5	5	1051	4	0	0	5	0	0
OTU_284	30	0	28	63	6	25	32	21	31	22	9	15	0	28	23	15	6	0	26	40	0	0
OTU_557	66	5	13	0	0	28	0	0	0	3	42	0	0	0	13	1	5	0	0	0	0	0
OTU_1052	0	0	0	0	6	0	0	0	0	0	5	0	0	0	0	0	0	0	5	0	0	0
OTU_1737	0	0	2	0	0	1	0	0	0	0	0	0	0	0	0	0	0	0	3	0	0	0
OTU_424	0	0	1	4	0	0	2	0	0	2	2	7	0	11	0	0	3	0	28	3	0	47
OTU_256	0	0	0	0	0	0	0	0	0	0	0	0	0	0	0	251	0	0	0	0	0	0
OTU_758	1	0	0	30	1	0	0	0	0	0	0	0	0	0	9	0	2	0	0	0	0	0
OTU_1098	0	0	0	0	0	14	0	0	0	0	0	0	0	0	0	0	0	0	0	0	0	0
OTU_614	1	0	1	0	0	2	0	17	0	0	3	0	0	0	0	26	0	0	0	0	0	0
OTU_606	0	0	0	52	32	0	0	0	0	0	0	0	0	0	0	0	0	0	0	2	0	0
OTU_114	0	0	0	0	0	0	0	0	0	0	0	0	0	0	0	193	469	0	0	0	0	0
OTU_1714	0	0	0	0	1	0	0	0	0	0	0	0	0	0	0	0	0	0	1	1	0	0
OTU_95	46	45	13	12	9	8	23	24	8	111	14	23	19	90	92	4	5	0	26	27	0	407
OTU_627	4	0	11	54	0	0	0	10	0	3	3	0	0	0	4	0	0	0	0	0	0	0
OTU_77	128	0	139	12	3	1	6	82	3	34	6	227	0	4	31	35	168	0	214	43	0	0
OTU_1040	0	0	0	5	0	0	0	0	6	0	0	0	0	0	0	0	10	0	0	0	0	0
OTU_342	2	0	1	1	0	0	0	0	1	2	0	2	0	164	0	5	2	0	2	63	0	0
OTU_394	0	0	13	34	2	57	0	0	6	3	7	0	0	0	0	1	0	0	0	0	0	0
OTU_571	1	0	60	0	0	5	0	3	20	0	5	0	0	0	0	0	0	0	0	0	0	0
OTU_215	0	0	0	306	0	0	0	0	0	0	0	0	0	0	0	0	2	0	12	0	0	0
OTU_212	2	358	0	0	0	0	0	1	0	0	0	0	0	0	0	0	0	0	0	0	0	0
OTU_534	0	39	1	1	0	0	0	0	1	0	0	0	7	0	1	27	0	23	0	0	0	0
OTU_90	21	0	39	20	56	17	105	445	3	40	44	57	0	20	22	34	0	0	40	34	0	0
OTU_358	151	0	0	0	0	0	0	0	0	0	0	0	0	0	0	0	0	0	0	0	0	0
OTU_516	22	0	0	0	0	0	0	74	0	11	0	0	0	0	14	0	0	0	0	0	0	0
OTU_281	0	0	0	6	29	0	0	0	0	0	3	12	0	5	0	0	0	0	187	18	0	0
OTU_928	1	0	0	3	0	0	0	0	0	3	1	0	0	2	0	9	1	0	0	0	0	0
OTU_185	80	26	2	5	5	1	13	69	3	42	7	11	2	13	37	1	12	9	53	15	0	0
OTU_225	0	0	0	0	0	0	0	0	0	0	0	0	0	0	0	0	0	0	0	0	296	0
OTU_219	31	24	28	0	0	4	0	8	0	130	17	0	0	0	92	27	0	0	0	0	0	0
OTU_207	166	0	65	3	0	30	0	43	0	91	41	0	0	5	35	0	0	0	0	0	0	0
OTU_1263	0	0	0	1	0	0	0	0	4	0	6	0	0	0	0	0	0	0	0	2	0	0
OTU_186	0	0	13	55	0	0	0	0	24	0	10	4	0	0	0	1	0	46	0	189	0	0
OTU_402	78	0	0	0	0	15	0	0	0	0	0	0	0	0	0	0	0	0	0	0	0	0
OTU_728	0	0	0	35	0	7	0	0	0	0	0	0	0	0	0	0	0	0	0	0	0	0
OTU_939	0	0	0	5	0	0	0	0	0	0	0	0	0	0	0	0	0	0	9	0	0	0
OTU_437	0	36	0	0	0	1	0	0	0	0	6	1	15	13	0	0	0	0	0	0	0	24
OTU_1053	1	0	0	2	0	0	0	8	0	2	0	0	0	0	3	0	0	0	0	0	0	0
OTU_179	3	0	1	0	0	0	0	2	0	186	6	0	0	0	187	0	0	0	0	0	0	0
OTU_547	0	0	0	5	5	0	9	0	0	0	0	17	0	29	0	0	0	0	32	6	0	0
OTU_875	0	2	0	0	0	0	0	0	0	0	0	0	0	0	0	0	0	37	0	0	0	0
OTU_1164	0	0	0	1	0	0	0	0	8	1	0	0	0	0	0	0	0	0	0	2	0	0
OTU_370	0	0	0	0	0	0	5	0	0	0	0	5	0	0	0	0	0	0	120	0	0	0
OTU_433	0	0	0	11	0	0	0	0	0	0	0	0	0	0	0	0	0	0	0	112	0	0
OTU_452	33	0	23	28	0	18	0	20	0	29	19	0	0	0	27	16	11	0	0	0	0	0
OTU_440	8	0	17	10	4	1	1	0	29	1	2	46	0	76	1	24	9	0	48	91	0	0
OTU_301	1	0	3	3	1	0	46	0	0	0	3	14	23	0	0	6	0	0	8	3	0	114
OTU_403	0	0	0	108	0	0	0	0	1	0	0	0	0	12	2	1	0	0	0	0	0	0
OTU_176	8	43	9	0	0	23	0	1	0	4	319	0	0	0	3	0	0	0	0	0	0	0
OTU_191	0	0	0	0	0	0	0	0	0	0	0	0	0	0	0	0	0	0	0	0	326	0
OTU_321	61	0	75	84	0	24	0	33	0	40	43	0	0	0	23	30	12	0	0	0	0	0
OTU_752	0	0	0	0	0	0	0	0	0	0	0	14	0	0	0	0	0	0	0	39	0	0
OTU_136	55	0	5	15	1	549	0	40	6	26	6	4	0	0	17	3	110	0	6	5	0	0
OTU_885	0	0	0	4	0	0	0	0	15	0	0	0	0	0	0	0	0	0	0	0	0	0
OTU_1067	0	0	0	0	0	2	0	0	0	0	0	2	0	11	0	0	0	0	0	0	0	0
OTU_563	0	53	0	0	0	0	0	0	0	0	0	0	0	0	0	0	0	0	0	0	0	0
OTU_423	0	27	0	0	0	0	0	0	0	0	0	0	0	0	0	0	0	96	0	0	0	0
OTU_1407	0	0	0	0	0	0	0	0	4	0	0	0	0	0	0	1	0	0	0	0	0	0
OTU_1274	51	5	10	0	2	11	0	10	0	5	65	6	0	0	6	4	1	0	1	3	0	0
OTU_234	20	0	25	1	0	2	0	34	2	69	2	2	0	0	83	0	13	0	13	1	0	0
OTU_698	0	0	0	0	0	0	0	0	3	0	0	0	0	0	0	0	35	0	0	0	0	0
OTU_197	79	0	10	0	0	22	0	106	0	49	39	0	0	0	32	0	0	0	1	0	0	0
OTU_1916	0	31	9	0	0	0	0	0	0	0	106	0	0	0	0	0	0	0	0	0	0	0
OTU_1170	0	0	0	7	0	0	0	0	0	0	0	0	0	7	0	0	0	0	0	0	0	0
OTU_559	0	0	1	0	0	0	0	0	0	0	0	0	0	0	0	0	0	64	0	0	0	0
OTU_1482	1	16	2	0	0	63	0	6	0	13	77	0	7	0	13	10	3	0	0	2	0	0
OTU_664	28	22	8	0	0	3	0	0	0	0	20	0	0	0	0	0	0	0	0	0	0	0
OTU_92	0	0	0	0	0	0	0	0	0	0	0	0	0	948	0	25	71	0	0	0	0	0
OTU_426	0	0	0	0	0	0	0	0	91	0	0	0	0	0	0	0	0	0	0	0	0	0
OTU_263	0	0	0	0	0	0	0	0	0	0	0	0	0	0	0	0	0	199	0	0	0	47
OTU_357	0	0	3	0	19	0	0	0	0	0	0	0	191	0	0	0	0	0	8	9	0	0
OTU_152	25	0	151	2	0	64	7	31	3	42	16	5	0	0	20	15	94	0	0	5	0	0
OTU_512	2	89	7	0	2	6	0	2	0	0	19	0	9	0	0	10	0	0	0	0	0	0
OTU_767	1	0	0	0	20	1	6	0	0	0	0	0	0	0	0	0	2	0	0	5	0	0
OTU_203	4	13	216	4	5	15	1	8	7	21	2	8	0	42	13	11	13	0	28	2	0	0
OTU_447	0	0	0	4	0	0	0	0	33	0	0	0	0	0	0	0	1	88	0	0	0	0
OTU_422	0	0	14	43	0	3	0	0	94	0	3	0	0	5	7	0	6	0	0	0	0	0
OTU_603	2	0	0	0	0	0	1	0	4	0	0	0	0	1	0	51	4	0	0	2	0	0
OTU_280	0	0	0	0	0	1	1	0	0	0	0	0	0	0	0	196	1	0	81	0	0	0
OTU_1258	2	0	0	1	0	0	4	0	1	0	0	0	0	2	0	0	0	0	0	0	0	0
OTU_138	0	0	0	0	0	0	0	0	0	0	0	0	0	0	0	0	0	0	0	0	537	0
OTU_651	2	0	0	6	0	0	1	0	0	0	1	1	0	0	0	0	2	22	2	0	0	0
OTU_247	8	0	6	30	0	10	18	10	31	11	1	26	0	47	4	21	21	0	31	2	0	0
OTU_576	11	0	5	19	1	0	1	4	25	7	8	0	0	0	8	49	19	0	0	0	0	0
OTU_368	17	8	2	13	11	0	41	16	14	13	9	17	21	10	15	4	32	14	27	4	0	0
OTU_1345	0	0	0	0	0	0	0	0	8	0	0	0	0	0	0	0	3	0	0	8	0	0
OTU_271	31	0	191	0	0	4	0	7	0	1	0	0	0	0	0	0	0	0	0	0	0	0
OTU_1302	0	0	0	0	0	0	0	0	0	0	8	0	0	0	0	0	0	0	0	0	0	0
OTU_246	2	0	0	2	18	0	108	13	3	6	2	70	0	2	7	0	0	0	30	1	0	0
OTU_801	0	0	0	0	0	0	2	0	1	0	0	0	0	27	0	0	0	0	0	3	0	0
OTU_1060	0	0	9	42	1	14	0	13	52	0	0	0	0	12	0	17	262	0	2	0	0	0
OTU_260	1	0	5	234	0	0	0	0	2	4	0	2	0	0	0	2	1	0	0	0	0	0
OTU_632	4	0	7	0	0	27	1	3	0	0	14	0	0	0	0	22	4	0	0	0	0	0
OTU_419	0	0	0	0	96	0	0	0	0	0	0	0	0	0	0	0	0	0	0	0	0	0
OTU_575	0	0	1	1	6	0	5	0	0	0	2	6	0	14	0	0	0	21	10	7	0	0
OTU_1010	78	57	90	0	0	1	0	5	0	1	27	0	0	0	0	0	0	0	0	0	0	0
OTU_665	0	38	0	0	0	0	0	0	0	0	0	0	0	0	0	0	0	0	0	0	0	0
OTU_1811	30	0	16	29	0	7	0	6	2	13	2	0	0	0	13	12	5	0	0	0	0	0
OTU_873	0	0	0	24	0	0	0	0	1	0	0	0	0	0	0	0	0	0	0	0	0	0
OTU_1596	0	0	0	0	0	0	1	0	0	0	0	1	0	0	0	0	0	0	1	0	0	0
OTU_464	0	0	27	7	4	27	2	0	1	0	6	6	0	0	0	6	0	0	0	0	0	0
OTU_555	0	0	0	0	0	0	0	0	0	0	0	76	0	0	0	0	0	0	0	0	0	0
OTU_289	0	0	0	0	0	0	0	3	0	1	0	0	214	0	0	46	0	0	0	0	0	0
OTU_607	0	0	0	0	0	0	0	0	0	1	0	0	0	40	0	0	0	0	0	17	0	0
OTU_338	11	0	1	15	0	15	6	13	11	32	7	0	0	2	39	0	1	0	1	10	0	0
OTU_707	1	0	2	0	0	15	0	1	0	1	27	0	0	0	0	0	0	0	0	0	0	0
OTU_892	0	16	1	2	0	0	0	0	0	0	0	0	0	15	0	0	1	0	2	0	0	0
OTU_242	6	0	2	37	25	1	65	2	36	1	0	41	0	71	7	27	24	0	24	20	0	0
OTU_311	0	0	1	0	0	0	3	0	0	0	4	0	0	0	5	0	0	164	0	0	0	0
OTU_415	10	25	4	10	15	3	4	1	0	7	1	0	0	0	20	1	0	37	3	0	0	63
OTU_373	2	0	138	0	0	0	0	0	0	0	0	0	0	0	0	0	0	0	0	0	0	0
OTU_879	5	2	0	0	1	1	0	5	0	1	1	0	10	0	0	0	1	0	0	1	0	1
OTU_579	1	0	0	0	2	0	0	0	1	3	1	0	0	26	2	0	4	0	10	0	0	0
OTU_201	222	67	197	0	0	2	0	0	0	3	177	0	0	0	2	0	0	0	0	0	0	0
OTU_469	0	0	0	0	0	0	0	0	0	0	0	0	0	0	0	0	157	0	0	0	0	0
OTU_240	59	18	26	0	0	30	0	27	0	28	28	0	0	0	49	0	0	0	0	0	0	0
OTU_194	11	0	344	0	0	0	0	12	0	13	38	0	0	0	10	0	0	0	0	0	0	0
OTU_1528	0	0	0	28	22	2	0	1	0	0	0	2	0	0	0	6	3	0	1	1	0	0
OTU_940	0	0	0	0	0	0	0	0	0	0	0	0	0	0	0	0	31	0	0	0	0	0
OTU_259	9	10	37	28	0	95	23	4	17	12	22	4	0	0	13	103	13	0	1	0	0	0
OTU_227	0	0	78	0	20	0	32	1	1	6	0	10	0	3	0	0	0	0	89	65	0	0
OTU_691	3	16	28	0	0	2	0	1	0	3	3	0	0	0	9	0	0	0	0	0	0	0
OTU_277	0	0	0	1	0	0	0	0	0	37	0	0	0	0	11	0	0	0	122	13	0	0
OTU_427	0	155	0	0	0	0	0	0	0	0	0	0	0	0	0	0	0	0	0	0	0	0
OTU_1480	59	0	18	14	0	51	1	71	4	72	6	3	0	2	26	4	1	0	15	7	0	0
OTU_404	4	102	1	0	0	0	0	0	0	0	0	0	0	0	0	0	0	0	0	0	0	0
OTU_536	12	0	5	0	0	4	0	8	0	21	0	0	0	0	12	0	0	0	0	0	0	0
OTU_328	21	49	2	0	0	4	0	0	0	0	74	0	0	0	0	0	0	0	0	0	0	0
OTU_269	1	0	4	26	9	1	4	8	36	26	1	4	3	24	41	68	25	131	37	12	0	0
OTU_157	32	15	11	22	5	24	37	29	28	48	31	126	0	1	56	31	3	0	83	16	0	0
OTU_396	0	0	4	0	0	75	0	15	0	0	11	0	0	0	0	0	0	0	0	0	0	0
OTU_655	0	0	0	0	0	0	0	0	0	0	1	0	0	0	13	4	0	20	0	0	0	0
OTU_372	26	59	1	0	0	7	0	2	0	2	23	0	0	0	0	0	0	0	0	0	0	0
OTU_546	3	0	0	56	0	0	0	0	0	0	0	0	0	0	0	0	0	0	0	0	0	0
OTU_1161	0	0	0	0	0	0	0	0	8	0	0	0	0	0	0	1	0	0	0	0	0	0
OTU_183	181	8	28	0	0	14	0	25	0	72	10	0	0	0	56	0	1	0	0	0	0	8
OTU_229	0	80	8	0	0	2	0	0	0	1	196	0	0	0	0	0	0	0	1	0	0	18
OTU_350	0	0	0	0	0	0	0	0	0	0	0	0	0	0	0	0	119	0	1	0	0	0
OTU_177	10	0	0	22	13	0	4	9	2	11	1	27	0	141	10	37	24	15	25	42	0	0
OTU_454	2	0	0	13	0	0	0	0	4	0	0	47	0	0	1	14	0	4	0	0	0	0
OTU_744	9	0	14	0	0	1	0	9	0	4	8	0	0	0	0	0	0	0	3	1	0	0
OTU_688	1	14	1	0	0	0	0	0	0	1	2	0	0	0	2	1	0	9	0	1	0	10
OTU_188	8	0	11	5	16	1	123	1	1	24	6	110	0	33	26	0	0	0	13	14	0	0
OTU_264	0	0	202	4	0	5	0	2	7	2	6	3	0	0	0	0	0	0	0	0	0	0
OTU_450	0	0	3	0	0	0	0	1	0	0	0	0	0	5	0	0	79	0	0	0	0	0
OTU_813	0	0	0	365	0	0	0	0	162	0	7	0	0	96	4	435	54	0	33	15	0	0
OTU_1162	0	0	0	0	0	0	14	2	2	0	0	1	9	18	0	3	0	0	0	0	0	0
OTU_671	0	0	0	0	0	0	0	0	0	0	0	0	0	0	0	0	0	36	0	0	0	0
OTU_250	85	0	15	17	0	2	11	35	32	8	0	0	0	1	3	73	90	0	1	0	0	0
OTU_604	1	0	0	0	0	0	0	0	0	1	4	0	0	0	0	3	1	55	0	0	0	0
OTU_787	3	0	1	0	0	0	0	4	1	26	0	0	0	0	8	0	0	0	0	0	0	0
OTU_324	38	0	9	0	0	11	0	23	0	22	37	0	0	0	10	0	0	0	0	0	0	0
OTU_445	0	0	2	0	1	2	0	0	0	0	0	0	4	0	0	90	0	0	0	0	0	0
OTU_341	4	64	3	15	1	7	5	2	0	0	4	7	25	0	4	4	6	0	15	0	0	52
OTU_334	0	0	73	0	0	0	0	0	70	0	0	0	0	17	0	0	3	0	0	0	0	0
OTU_209	0	0	0	0	0	0	0	0	0	0	0	0	0	0	0	0	0	0	0	0	305	0
OTU_254	147	45	50	2	0	35	0	36	0	54	43	0	0	0	59	4	0	0	0	0	0	0
OTU_1736	0	0	0	0	22	0	18	0	0	0	0	9	0	18	0	0	0	0	8	4	0	0
OTU_382	15	0	1	0	0	0	0	1	0	122	0	0	0	0	89	0	0	0	0	0	0	0
OTU_283	0	0	0	0	0	193	0	0	0	0	0	0	0	5	0	0	0	0	0	0	0	0
OTU_262	6	30	14	0	0	6	8	5	0	0	22	0	33	0	23	11	0	94	3	2	0	0
OTU_288	1	0	1	0	1	1	3	0	1	97	2	0	55	0	40	0	5	0	0	0	0	0
OTU_626	0	0	0	0	0	0	0	0	69	0	3	0	0	0	0	0	2	0	9	0	0	0
OTU_1217	6	0	12	156	19	11	55	15	30	15	19	34	0	90	13	67	40	0	54	46	0	0
OTU_780	0	0	0	0	7	0	0	0	0	0	1	0	0	0	0	0	0	0	62	4	0	0
OTU_1424	0	0	0	0	0	2	0	0	0	0	0	0	0	0	0	5	2	0	0	0	0	0
OTU_1243	6	0	0	0	0	2	0	0	0	0	0	0	0	0	0	0	0	0	0	0	0	0
OTU_1150	0	0	0	0	0	0	0	0	0	0	0	0	0	0	0	0	0	0	2	12	0	0
OTU_529	0	0	2	8	3	0	3	3	0	0	0	8	0	7	0	1	0	0	7	2	0	30
OTU_681	0	0	0	5	0	0	0	0	0	0	0	0	0	8	0	7	12	0	0	26	0	0
OTU_116	0	0	0	164	17	0	0	0	27	0	0	38	0	11	0	6	141	0	257	0	0	0
OTU_500	0	0	0	0	0	1	3	0	0	0	0	0	0	0	0	0	0	0	0	5	0	65
OTU_750	0	0	21	0	0	16	0	4	0	0	6	0	0	0	0	0	0	0	0	0	0	0
OTU_285	0	0	0	34	22	0	39	0	0	0	0	13	0	93	15	94	6	0	58	29	0	0
OTU_292	0	0	1	13	28	0	1	0	13	0	0	29	0	115	0	5	21	0	9	0	0	0
OTU_545	0	0	0	0	0	0	0	0	0	0	0	0	0	0	0	30	35	0	0	0	0	0
OTU_713	0	0	0	0	61	0	3	0	0	0	0	0	0	0	0	0	0	0	0	0	0	0
OTU_577	0	0	7	8	30	1	10	0	5	1	1	4	0	5	0	16	2	0	1	2	0	0
OTU_286	0	0	0	131	0	0	9	4	0	0	7	0	0	0	0	3	93	0	0	0	0	0
OTU_386	0	0	11	10	2	0	0	0	10	0	0	1	0	3	0	15	79	0	7	3	0	0
OTU_581	0	0	2	15	1	0	4	0	1	3	1	0	0	0	0	11	3	0	12	1	0	0
OTU_613	0	0	14	0	0	0	0	0	0	0	0	0	0	0	0	28	0	0	0	3	0	0
OTU_306	0	0	0	0	0	0	0	0	0	0	0	0	0	0	0	0	0	0	0	0	0	321
OTU_429	2	71	5	0	0	1	0	2	0	0	3	0	14	0	3	0	0	0	0	0	0	0
OTU_431	3	0	0	19	2	0	6	1	0	3	0	3	0	41	0	0	0	0	9	5	0	0
OTU_361	0	0	1	0	0	0	0	0	1	1	1	0	0	149	1	1	0	0	0	0	0	0
OTU_765	0	0	22	0	0	1	0	0	0	0	3	0	0	0	0	0	4	0	0	0	0	0
OTU_1395	1	9	0	1	0	0	0	0	0	0	0	0	0	0	0	0	0	0	0	0	0	0
OTU_1158	0	0	0	0	0	0	0	0	0	0	8	0	0	0	0	0	0	0	0	0	0	0
OTU_551	0	0	0	2	1	3	8	0	0	0	0	0	0	0	0	8	0	32	0	0	0	0
OTU_596	0	0	0	0	0	0	0	1	0	32	0	0	0	0	11	0	0	0	0	0	0	0
OTU_319	0	0	5	0	16	2	0	0	0	0	2	0	179	0	0	0	0	0	6	4	0	0
OTU_486	0	0	3	63	0	0	1	0	0	0	1	0	16	0	4	0	0	0	1	1	0	0
OTU_385	10	0	3	7	2	4	4	3	0	3	7	1	0	65	5	3	1	0	0	0	0	0
OTU_1939	0	0	0	0	0	1	0	2	0	0	0	0	0	0	0	0	0	0	0	0	0	0
OTU_398	10	0	13	0	1	12	0	8	17	6	7	0	0	0	1	25	5	0	0	0	0	0
OTU_743	0	0	0	5	0	0	0	0	23	0	0	0	0	0	0	0	0	0	0	0	0	0
OTU_1037	0	0	0	0	0	4	0	6	0	4	0	0	0	0	6	0	0	0	0	0	0	0
OTU_597	0	0	30	0	0	11	0	0	0	1	0	0	0	0	0	21	0	0	0	0	0	0
OTU_1059	0	0	12	0	0	0	0	0	0	0	0	0	0	0	0	0	0	0	0	0	0	0
OTU_1094	1	0	0	0	0	0	0	0	0	2	10	0	0	0	0	0	0	0	0	0	0	0
OTU_770	0	0	0	0	0	0	0	0	0	37	0	0	0	0	20	0	0	0	0	0	0	0
OTU_666	0	0	3	0	3	0	10	0	0	4	1	10	0	6	0	0	0	0	2	1	0	0
OTU_1097	3	0	0	0	0	0	0	0	0	14	2	0	0	0	1	0	0	0	0	0	0	0
OTU_463	9	18	5	36	0	8	3	2	24	18	12	3	0	0	13	7	13	0	0	0	0	0
OTU_1152	1	0	3	0	0	2	0	4	1	3	1	0	0	0	2	0	0	0	0	0	0	0
OTU_533	0	0	0	0	0	0	0	0	0	0	5	0	6	0	0	3	0	0	0	0	0	65
OTU_418	9	0	0	0	0	1	0	0	0	55	0	0	0	0	36	2	0	0	0	0	0	0
OTU_1176	0	0	0	9	0	0	0	0	0	0	0	0	0	0	0	5	7	0	0	0	0	0
OTU_184	44	0	19	1	6	4	3	11	1	17	0	29	54	18	48	5	0	222	5	5	0	97
OTU_295	0	0	0	0	0	0	0	0	0	0	0	0	0	0	0	0	0	0	0	174	0	0
OTU_438	0	0	0	0	0	0	200	0	0	0	0	0	0	0	0	0	0	0	0	0	0	0
OTU_274	0	0	0	19	19	1	73	1	8	11	0	50	0	47	4	135	58	0	79	87	0	0
OTU_253	2	0	3	13	182	1	13	0	0	9	4	0	0	0	14	21	3	0	6	0	0	0
OTU_807	0	23	0	0	0	0	0	0	0	0	0	0	0	0	0	0	0	0	0	0	0	0
OTU_768	1	0	3	0	0	0	0	0	1	0	5	0	12	0	4	8	0	0	0	0	0	0
OTU_788	0	0	0	20	0	0	0	2	0	6	0	0	0	0	0	0	0	0	0	0	0	0
OTU_299	3	13	12	1	0	7	0	0	0	1	5	0	0	0	0	142	8	0	0	0	0	0
OTU_608	24	0	21	2	0	0	0	13	3	6	0	0	0	0	6	12	0	0	0	0	0	0
OTU_675	3	9	7	8	3	3	0	0	1	2	5	0	0	0	2	4	0	6	1	0	0	0
OTU_304	0	0	0	0	177	0	3	0	0	0	0	0	0	0	0	0	0	0	0	0	0	0
OTU_729	0	0	0	8	11	0	7	0	1	0	0	6	0	5	2	2	1	0	9	0	0	0
OTU_210	0	0	0	12	0	0	0	0	290	0	0	0	0	0	0	0	0	0	0	0	0	0
OTU_590	0	0	4	4	2	0	5	0	0	2	2	8	0	0	0	0	1	0	4	11	0	0
OTU_182	0	0	0	0	0	0	0	0	0	0	0	0	0	0	0	0	0	0	0	0	390	0
OTU_945	0	0	0	1	0	0	0	1	0	2	0	1	0	0	0	0	0	0	8	2	0	0
OTU_1206	2	0	10	0	0	2	1	2	0	7	1	6	0	0	1	0	0	0	0	1	0	0
OTU_1733	0	0	0	1	0	0	0	0	0	0	0	0	0	0	0	0	2	0	0	0	0	0
OTU_213	0	0	0	0	0	0	0	0	0	0	0	0	0	0	0	188	89	0	0	0	0	0
OTU_955	0	0	0	0	0	0	9	0	0	0	0	0	0	0	1	6	0	0	0	0	0	0
OTU_692	66	0	73	0	0	5	0	9	1	4	0	0	0	0	3	0	0	0	0	0	0	0
OTU_711	0	0	0	0	0	0	0	0	0	0	0	0	0	0	0	0	0	0	27	0	0	0
OTU_392	0	0	0	20	3	0	0	0	1	0	0	0	0	20	0	11	54	0	0	0	0	0
OTU_745	0	22	0	0	0	0	0	0	0	0	1	0	0	0	0	0	0	0	0	0	0	29
OTU_369	0	0	0	116	0	0	0	0	0	0	0	0	0	0	0	0	0	0	0	0	0	0
OTU_436	0	0	0	0	4	0	2	0	0	0	0	13	0	37	0	0	0	0	25	15	0	0
OTU_723	0	0	0	0	0	2	2	0	0	1	0	0	0	15	0	8	3	0	0	0	0	0
OTU_441	1	0	2	14	0	0	0	2	31	8	1	0	0	0	0	36	2	0	0	0	0	0
OTU_1183	2	0	0	0	0	0	0	1	0	2	3	0	4	0	3	0	0	0	0	0	0	0
OTU_562	0	0	0	0	0	1	0	1	0	0	0	0	0	0	0	71	34	0	0	0	0	0
OTU_291	1	0	0	0	0	220	0	0	0	0	0	0	0	0	0	0	0	0	0	0	0	0
OTU_1828	0	0	0	0	0	0	0	0	0	0	0	0	0	0	0	0	0	0	2	0	0	0
OTU_340	0	0	0	0	0	0	0	0	0	0	0	0	0	0	0	0	0	0	0	0	306	0
OTU_1471	0	0	0	1	0	0	0	0	0	0	0	1	0	0	0	1	4	0	0	0	0	0
OTU_1350	0	0	0	0	0	0	0	0	0	1	0	0	0	0	0	0	0	0	0	0	0	11
OTU_316	0	0	0	0	0	0	0	0	0	24	0	0	0	0	33	0	0	109	0	0	0	0
OTU_153	0	0	0	0	0	1	0	0	0	0	0	0	0	0	0	0	0	507	0	0	0	0
OTU_1565	0	0	0	0	0	0	2	0	4	0	0	0	0	0	0	2	0	0	0	0	0	0
OTU_1286	0	0	0	0	0	0	0	0	0	0	0	0	0	0	0	8	0	0	0	0	0	0
OTU_509	0	0	0	0	11	0	9	2	0	0	1	0	0	0	0	0	0	0	31	14	0	0
OTU_793	0	0	1	0	0	0	0	0	1	0	0	0	0	0	0	4	58	0	0	0	0	0
OTU_1233	0	0	0	0	0	0	0	0	0	0	0	0	0	10	0	0	0	0	0	0	0	0
OTU_565	13	0	3	16	0	0	0	18	0	1	1	0	0	0	0	3	0	0	0	2	0	0
OTU_477	0	0	0	88	0	0	0	0	0	0	0	0	0	0	0	0	0	0	0	0	0	0
OTU_1046	1	0	9	9	0	0	0	2	0	1	0	0	0	0	0	0	0	0	0	0	0	0
OTU_1695	0	0	0	0	0	2	0	0	0	0	0	0	6	0	0	0	0	0	0	0	0	0
OTU_1974	0	0	2	0	0	0	0	0	0	0	2	0	0	0	0	0	0	0	0	0	0	0
OTU_865	0	0	0	0	0	0	0	18	0	0	0	0	0	0	0	0	0	0	0	0	0	0
OTU_407	0	0	0	8	10	1	27	0	1	2	0	28	0	35	2	8	2	0	11	5	0	0
OTU_1305	0	0	0	0	2	0	3	0	0	0	0	5	0	3	0	0	0	0	1	0	0	0
OTU_795	0	0	0	2	0	0	0	0	0	0	0	0	0	0	0	0	4	30	0	0	0	0
OTU_638	2	0	0	15	15	3	6	2	0	0	0	2	0	0	0	0	0	0	0	4	0	0
OTU_1106	0	0	0	0	0	0	0	15	0	1	0	0	0	0	0	0	0	0	0	0	0	0
OTU_217	22	0	3	4	0	13	0	83	1	58	4	0	0	0	28	6	208	0	0	0	0	0
OTU_924	0	0	0	0	0	0	0	0	0	0	0	0	0	0	0	0	0	23	0	0	0	0
OTU_806	0	0	0	1	11	0	0	0	3	0	0	0	0	0	0	17	0	0	0	0	0	0
OTU_521	0	0	0	0	0	0	5	0	0	0	0	65	0	1	0	0	0	17	72	0	0	0
OTU_455	55	0	0	0	0	0	0	41	0	16	0	0	0	0	3	0	0	0	0	0	0	0
OTU_460	30	0	6	0	0	0	0	1	0	13	13	0	0	0	13	0	0	0	0	0	0	0
OTU_444	24	0	37	39	0	14	0	3	2	20	15	0	0	0	0	12	33	0	0	0	0	0
OTU_411	5	0	7	12	0	1	4	0	0	2	0	1	0	0	2	1	24	39	1	1	0	0
OTU_1662	5	29	0	0	0	4	0	3	0	1	0	0	0	0	1	1	0	0	0	0	0	0
OTU_174	0	0	7	18	25	1	19	0	0	4	0	167	0	61	0	68	2	0	26	3	0	0
OTU_170	103	0	0	0	0	0	4	10	0	118	1	12	0	0	69	0	0	0	0	76	0	25
OTU_580	2	0	5	0	0	0	0	4	0	32	0	0	0	0	27	0	1	0	0	0	0	0
OTU_208	2	194	1	0	5	1	0	2	1	0	8	2	0	0	14	2	0	60	1	0	0	48
OTU_732	0	0	0	0	0	0	0	0	0	1	0	0	0	0	0	35	0	37	0	0	0	0
OTU_235	3	153	0	4	0	2	1	0	1	0	1	2	221	5	0	3	7	0	4	0	0	0
OTU_294	0	0	6	8	0	60	0	39	55	1	29	0	0	0	0	1	0	0	0	0	0	0
OTU_495	0	0	0	0	0	0	0	0	0	0	0	0	0	0	0	0	0	62	0	0	0	0
OTU_399	19	0	10	0	0	14	7	10	0	18	3	0	0	0	8	0	0	0	4	20	0	0
OTU_998	0	0	0	0	0	0	0	0	0	0	1	0	0	0	0	0	0	12	0	0	0	0
OTU_617	0	0	0	42	0	0	0	0	0	0	0	0	0	0	2	9	1	0	0	0	0	0
OTU_578	5	0	18	0	0	0	2	0	0	8	4	0	0	0	4	1	5	0	3	0	0	0
OTU_641	4	0	0	0	0	0	0	48	0	0	0	0	0	0	0	0	0	0	0	0	0	0
OTU_315	0	174	0	0	0	0	0	0	0	0	0	0	24	0	0	0	0	0	0	0	0	0
OTU_643	0	0	0	5	0	0	0	0	17	0	0	0	0	0	0	21	3	0	0	0	0	0
OTU_1004	0	0	0	0	0	0	0	0	0	0	17	0	0	0	0	0	0	0	0	0	0	0
OTU_251	45	20	38	3	0	9	0	11	3	13	9	0	2	29	11	39	10	24	0	0	0	0
OTU_648	0	0	0	28	0	0	0	0	0	0	0	0	0	0	0	0	0	51	0	0	0	0
OTU_363	3	0	2	11	4	0	12	14	2	1	3	37	0	29	1	4	6	0	2	8	0	0
OTU_736	0	0	0	0	6	0	36	0	0	0	0	4	0	0	0	0	0	0	1	1	0	0
OTU_783	0	20	0	0	0	0	0	2	0	0	6	0	0	0	0	0	0	0	0	0	0	0
OTU_870	0	0	0	10	1	3	2	2	9	0	0	9	0	6	0	0	0	0	1	42	0	0
OTU_1133	2	0	3	0	0	0	0	1	0	2	1	0	0	0	8	0	2	0	0	0	0	0
OTU_192	12	0	43	44	2	7	0	62	2	92	12	0	0	0	91	5	10	0	12	0	0	0
OTU_366	1	115	0	0	0	3	0	0	0	0	5	0	0	0	3	0	0	0	0	0	0	0
OTU_650	0	0	0	0	0	1	0	0	0	0	0	0	0	0	0	0	0	51	0	0	0	0
OTU_610	0	0	0	0	0	54	0	0	0	2	6	0	0	0	0	14	2	0	0	0	0	0
OTU_684	0	0	42	0	0	0	0	0	0	0	0	0	0	0	0	0	0	0	0	0	0	0
OTU_439	0	0	0	0	0	0	0	0	0	0	0	0	86	0	0	0	0	0	0	0	0	0
OTU_409	0	0	2	0	52	0	0	0	0	0	0	0	0	0	0	4	0	0	54	0	0	0
OTU_172	29	16	23	9	5	11	20	40	9	25	13	8	0	50	23	22	8	0	30	12	0	35
OTU_727	0	0	0	0	0	2	0	0	0	0	22	0	0	0	0	0	0	0	0	0	0	0
OTU_511	1	0	13	1	12	5	13	0	6	2	4	0	0	0	0	18	13	0	0	0	0	0
OTU_609	0	0	0	2	1	0	0	0	4	0	0	5	0	2	0	2	27	0	0	0	0	0
OTU_779	0	0	0	0	0	5	1	0	0	0	1	0	0	0	0	0	0	0	3	0	0	26
OTU_420	20	6	18	0	0	9	0	4	0	12	12	0	0	0	19	1	0	0	0	0	0	0
OTU_519	0	0	0	0	5	0	56	0	0	0	0	0	0	17	0	0	0	0	0	0	0	0
OTU_882	1	0	0	7	1	1	5	1	2	2	0	10	0	0	3	0	4	0	3	5	0	0
OTU_587	0	0	0	0	0	0	0	0	0	0	1	6	0	0	0	63	0	0	0	0	0	0
OTU_232	0	21	218	0	0	15	5	0	0	0	13	2	0	16	0	6	0	0	0	6	0	0
OTU_526	22	16	1	0	0	1	0	0	0	5	15	0	0	0	2	0	0	0	0	0	0	0
OTU_331	0	0	0	0	46	0	0	0	94	0	0	0	0	0	0	0	0	0	2	0	0	0
OTU_1096	3	0	4	57	4	1	0	0	1	3	0	0	0	5	1	1	0	0	0	0	0	0
OTU_405	0	0	0	0	21	0	52	1	0	0	0	9	1	0	0	0	0	48	25	12	0	0
OTU_355	0	0	0	0	8	0	0	0	0	0	0	115	0	0	0	0	0	0	47	0	0	0
OTU_238	45	0	8	0	29	0	68	5	18	3	0	42	0	4	1	1	16	0	22	27	0	0
OTU_958	0	0	0	0	0	0	0	0	0	0	0	0	8	0	0	0	1	12	0	0	0	0
OTU_352	5	0	5	84	0	2	0	12	0	4	0	0	0	0	2	0	3	0	1	9	0	0
OTU_326	13	12	109	0	0	0	0	0	9	20	3	0	0	0	4	0	0	0	0	0	0	0
OTU_1093	3	5	1	0	0	1	0	4	0	0	3	1	0	2	0	0	0	8	4	2	0	0
OTU_310	16	0	1	0	0	28	0	92	0	42	4	0	0	0	20	0	0	0	2	0	0	0
OTU_759	0	0	0	14	31	0	0	0	0	0	0	0	0	0	0	0	0	0	0	0	0	0
OTU_2000	0	0	0	5	8	0	0	0	0	0	2	3	0	0	0	0	0	0	229	14	0	0
OTU_1171	0	0	0	0	0	0	0	0	0	0	0	0	0	0	9	1	0	0	0	0	0	0
OTU_549	9	0	9	0	0	4	0	5	0	12	0	0	13	0	12	0	0	0	0	0	0	0
OTU_498	0	0	0	0	0	0	0	127	0	0	0	0	0	0	0	1	0	0	0	0	0	0
OTU_966	3	0	2	3	0	0	0	2	0	4	0	0	0	0	1	9	0	0	0	0	0	0
OTU_344	0	22	0	0	0	3	0	0	0	0	110	0	0	0	0	0	0	0	0	0	0	0
OTU_1137	0	0	0	3	0	0	0	0	4	0	0	0	0	0	0	0	0	0	0	4	0	0
OTU_730	1	0	0	0	0	0	0	5	5	11	0	0	0	0	9	0	0	0	0	0	0	0
OTU_1207	0	0	0	0	0	0	0	0	0	0	0	0	0	0	5	0	0	16	0	0	0	0
OTU_535	9	43	0	0	0	0	0	1	0	0	6	0	29	0	0	6	0	0	0	0	0	0
OTU_1224	0	0	0	1	0	0	0	0	0	0	0	0	0	0	0	1	11	0	0	0	0	0
OTU_685	0	0	0	0	1	0	0	0	0	0	0	0	0	0	0	3	35	0	0	0	0	0
OTU_275	0	0	0	0	6	0	93	7	0	3	0	3	0	51	7	40	0	0	145	5	0	0
OTU_757	0	0	0	0	0	0	0	0	0	0	0	0	24	0	0	0	0	0	0	0	0	0
OTU_909	0	0	0	0	0	3	0	0	0	0	0	0	0	14	0	0	0	0	0	0	0	0
OTU_348	9	20	5	1	2	11	0	41	0	0	16	0	10	0	2	2	0	0	0	1	0	27
OTU_542	8	0	0	0	0	2	0	32	0	11	1	0	0	0	9	3	0	0	0	0	0	0
OTU_387	0	0	0	0	14	0	1	2	0	0	0	20	0	55	26	36	0	0	47	6	0	0
OTU_564	0	56	0	0	0	0	1	0	0	0	1	0	0	0	0	3	0	32	0	0	0	0
OTU_637	1	0	0	0	0	8	0	1	0	2	44	0	0	0	0	0	0	0	0	0	0	0
OTU_515	0	0	0	0	0	0	0	0	0	0	0	0	81	0	0	0	0	0	0	0	0	0
OTU_1254	0	0	0	3	0	0	1	0	0	0	0	0	0	4	0	0	0	0	0	0	0	0
OTU_925	0	0	0	3	0	0	0	0	5	0	0	0	0	0	0	1	8	0	0	0	0	0
OTU_900	1	22	1	2	0	3	0	5	3	1	13	1	21	0	2	3	6	35	0	0	0	0
OTU_1289	5	0	15	11	0	2	4	4	1	0	1	0	0	5	0	2	1	0	0	2	0	0
OTU_540	2	0	18	3	21	10	0	3	0	5	5	0	0	0	0	2	6	0	0	0	0	0
OTU_931	1	6	5	0	0	1	0	1	0	0	4	0	0	0	0	0	0	0	0	0	0	0
OTU_678	0	0	0	0	26	0	3	0	0	2	0	0	0	6	0	0	0	0	2	0	0	0
OTU_474	0	0	0	74	0	0	0	0	0	3	0	0	0	0	0	3	1	0	0	0	0	0
OTU_1584	0	0	0	6	0	0	0	0	0	0	0	0	0	0	0	0	0	0	0	0	0	0
OTU_318	0	153	0	0	0	0	1	0	0	0	0	0	0	0	0	1	0	0	0	0	0	0
OTU_598	0	0	1	15	0	1	0	2	23	4	0	1	0	7	13	0	5	0	4	0	0	0
OTU_507	1	0	0	0	3	0	70	1	0	0	0	4	0	1	0	6	0	21	5	1	0	0
OTU_1007	0	17	1	0	0	0	0	0	0	0	3	0	0	0	0	0	0	0	0	0	0	0
OTU_1018	0	0	3	0	0	0	0	0	17	0	0	0	0	0	0	0	6	0	0	0	0	0
OTU_686	0	0	0	0	7	2	12	1	1	2	0	0	0	3	0	0	1	0	9	5	0	0
OTU_371	0	0	0	0	0	1	0	0	0	0	0	0	0	0	0	140	0	0	0	0	0	0
OTU_593	0	0	0	0	0	0	0	0	0	0	0	0	0	47	0	0	0	0	0	29	0	0
OTU_323	2	0	39	1	13	20	148	12	4	0	48	0	23	1	0	76	0	0	0	0	0	0
OTU_473	4	0	84	0	0	0	0	1	0	4	1	0	0	0	5	0	0	0	0	0	0	0
OTU_538	0	12	3	0	0	0	0	0	0	0	9	0	54	0	0	0	0	0	0	0	0	0
OTU_828	0	0	2	0	23	0	1	0	0	1	4	1	0	0	0	0	0	0	0	0	0	0
OTU_947	19	0	0	0	0	0	0	0	0	0	0	0	0	0	0	0	0	0	0	0	0	0
OTU_520	17	0	10	3	4	2	0	12	0	3	8	9	0	0	4	0	23	0	31	2	0	0
OTU_674	3	0	0	0	3	0	0	0	0	0	0	0	0	0	0	1	7	0	27	0	0	0
OTU_814	1	0	2	0	0	0	0	3	0	1	0	0	0	0	3	8	7	0	0	0	0	0
OTU_1638	0	0	0	0	0	0	3	0	2	0	0	0	0	0	0	0	1	0	0	0	0	0
OTU_1624	0	0	0	0	1	0	0	0	0	0	0	0	0	0	0	0	0	0	2	3	0	0
OTU_317	10	0	1	0	0	1	22	3	12	15	0	5	0	0	7	34	27	0	17	7	0	0
OTU_649	1	0	1	0	0	20	0	0	0	10	2	0	0	0	10	0	0	0	0	0	0	0
OTU_761	0	0	0	0	0	0	0	0	0	0	0	0	0	0	0	41	0	0	0	0	0	0
OTU_524	0	0	0	0	18	0	9	0	0	0	1	3	101	0	0	0	0	0	7	5	0	0
OTU_836	2	10	0	0	0	1	0	0	0	0	0	0	4	0	0	0	0	0	0	0	0	0
OTU_1444	0	0	0	0	0	0	0	0	0	1	0	0	0	5	0	0	0	0	0	0	0	0
OTU_567	0	0	0	0	0	0	0	1	0	0	10	0	0	2	6	7	31	0	1	0	0	0
OTU_756	0	0	0	0	0	4	0	0	0	0	0	0	0	0	0	0	0	0	0	0	0	29
OTU_476	0	0	0	0	0	0	0	0	0	0	0	0	0	0	0	0	0	0	76	0	0	0
OTU_934	0	0	0	0	0	0	0	0	0	0	0	0	27	0	0	0	0	0	0	0	0	0
OTU_384	0	0	0	0	16	0	6	0	2	0	0	17	0	0	0	0	0	0	46	31	0	0
OTU_800	0	0	0	18	0	0	0	0	0	0	0	0	9	0	0	1	0	0	0	0	0	0
OTU_356	5	18	29	0	0	53	0	5	0	2	19	0	0	0	0	0	0	0	0	0	0	0
OTU_739	0	15	1	0	0	1	0	0	0	0	15	0	0	0	0	0	0	0	0	0	0	0
OTU_465	0	120	0	0	0	0	0	0	0	0	0	0	0	0	0	0	0	0	0	0	0	0
OTU_948	1	0	2	0	0	1	0	0	0	1	0	0	13	0	0	15	3	0	0	0	0	0
OTU_704	26	0	2	4	0	0	0	9	1	2	0	0	0	0	2	0	1	0	0	0	0	0
OTU_888	4	0	16	0	0	3	0	2	0	4	4	0	0	0	0	0	0	0	0	0	0	17
OTU_978	0	0	0	0	0	0	0	0	13	0	0	0	0	0	0	0	0	0	0	0	0	0
OTU_689	1	0	0	0	0	0	0	11	0	11	0	0	0	0	14	0	0	0	0	0	0	0
OTU_446	11	0	4	0	0	3	0	17	0	14	9	2	0	8	18	0	0	0	8	5	0	0
OTU_1236	1	0	1	2	0	0	0	0	2	0	2	0	0	0	3	0	0	0	0	0	0	0
OTU_1773	0	0	0	1	3	0	5	0	0	0	0	3	0	22	0	0	0	0	2	5	0	0
OTU_307	0	0	13	0	0	0	2	0	7	0	4	0	0	0	0	170	0	0	0	0	0	0
OTU_499	0	0	0	0	40	0	6	0	0	0	0	10	0	0	0	0	0	0	26	20	0	0
OTU_622	0	0	0	0	4	0	21	0	0	0	0	16	0	12	0	0	0	0	4	0	0	0
OTU_872	5	0	5	0	0	1	0	0	0	3	7	0	0	0	0	1	1	0	0	0	0	0
OTU_621	0	0	8	0	57	1	0	0	0	0	0	2	0	0	0	7	0	0	3	0	0	0
OTU_714	0	0	9	2	0	0	0	0	0	1	0	0	0	0	0	0	2	35	0	0	0	0
OTU_329	33	0	10	0	0	0	0	6	2	11	0	2	0	62	8	0	0	0	9	11	0	0
OTU_482	0	0	0	18	0	0	0	3	66	1	0	0	0	0	0	0	0	0	0	0	0	0
OTU_724	0	0	0	3	30	0	1	0	0	0	0	2	0	0	0	0	0	0	5	0	0	0
OTU_797	0	0	0	10	0	0	1	1	24	5	0	0	0	1	3	2	1	0	0	1	0	0
OTU_199	0	0	14	81	14	1	13	5	3	3	0	0	0	2	8	236	0	19	0	0	0	0
OTU_827	30	0	0	0	0	0	0	30	0	1	0	0	0	0	0	0	0	0	0	0	0	0
OTU_453	0	0	16	5	0	8	0	0	0	0	11	11	0	3	0	18	1	0	0	0	0	0
OTU_297	0	0	1	4	0	0	0	19	3	0	0	0	0	0	0	124	33	0	0	0	0	0
OTU_676	0	0	0	0	0	0	0	0	0	0	0	1	0	33	0	0	0	0	0	0	0	0
OTU_701	0	0	0	0	39	0	0	0	0	0	0	0	0	0	0	0	0	0	0	0	0	0
OTU_600	0	23	0	0	0	3	0	0	0	0	0	1	9	10	0	5	0	0	1	0	0	38
OTU_819	1	0	2	13	16	0	0	11	0	1	0	2	0	1	4	12	4	0	6	4	0	0
OTU_1134	1	0	0	0	7	0	4	0	0	0	0	0	0	0	0	0	1	0	4	2	0	0
OTU_1445	0	0	0	0	0	0	0	0	0	0	3	0	0	0	0	2	9	0	0	0	0	0
OTU_1148	0	0	0	3	0	0	0	0	1	0	0	0	0	0	5	0	0	0	1	0	0	0
OTU_490	0	0	0	0	1	0	3	0	0	0	0	2	0	30	0	0	0	0	31	9	0	0
OTU_1311	0	0	0	0	0	0	0	0	1	0	0	4	0	0	0	2	0	0	1	0	0	0
OTU_558	0	0	0	17	0	0	0	2	3	6	2	6	0	0	0	0	1	0	2	26	0	0
OTU_1602	0	0	0	0	0	0	0	1	0	0	0	0	0	0	0	0	0	0	3	0	0	0
OTU_354	3	0	0	0	0	0	0	121	0	0	1	0	0	0	0	0	0	0	0	0	0	0
OTU_1066	0	0	0	0	0	0	5	0	0	0	0	0	0	0	0	0	0	0	19	0	0	0
OTU_1337	0	0	0	0	0	0	0	0	0	0	0	0	8	0	0	0	0	0	0	0	0	0
OTU_339	9	0	24	0	0	0	0	2	0	64	0	1	0	0	54	118	0	0	0	7	0	0
OTU_503	0	0	0	0	0	0	0	0	0	0	0	0	0	0	0	0	0	0	0	0	0	75
OTU_472	0	0	59	0	0	0	0	0	0	17	0	0	0	0	13	0	2	0	0	0	0	0
OTU_1538	4	0	26	50	0	1	1	1	0	3	0	0	0	0	0	3	15	0	0	0	0	0
OTU_786	0	0	0	39	0	0	0	0	0	0	0	0	0	0	0	0	0	0	0	0	0	0
OTU_605	15	39	0	0	0	1	0	2	0	2	52	0	0	0	0	0	0	0	0	0	0	0
OTU_1629	0	0	0	0	0	0	0	0	0	0	0	0	0	0	0	0	0	0	1	4	0	0
OTU_624	0	0	0	0	0	0	0	0	0	0	0	0	0	0	0	0	64	0	0	0	0	0
OTU_467	9	0	3	0	0	17	0	3	1	0	15	0	0	0	0	15	5	0	3	0	0	0
OTU_1211	1	0	0	0	0	4	0	0	0	0	23	0	0	0	0	0	0	0	0	0	0	0
OTU_1138	0	0	0	0	0	0	0	0	0	0	1	7	0	1	0	0	0	0	1	9	0	0
OTU_391	1	12	2	4	0	3	0	1	0	4	2	0	0	11	5	71	10	0	11	0	0	0
OTU_706	0	0	0	0	0	0	34	0	0	0	0	0	0	0	0	0	0	0	0	0	0	0
OTU_1102	0	0	0	0	0	0	0	0	0	0	1	1	0	0	8	0	0	0	0	4	0	0
OTU_1030	2	0	2	0	2	0	0	2	0	0	0	1	0	3	1	0	1	0	0	0	0	0
OTU_1338	0	0	0	0	2	0	0	0	0	0	0	2	0	0	0	0	0	0	3	4	0	0
OTU_501	1	0	0	0	0	0	0	0	0	0	20	2	32	0	0	0	0	45	2	0	0	0
OTU_633	8	0	3	0	0	0	3	5	0	6	0	0	0	0	0	0	0	0	0	21	0	0
OTU_1091	0	9	0	0	0	0	0	0	0	0	0	0	0	0	0	0	0	0	0	0	0	0
OTU_364	15	4	6	0	4	5	6	0	0	9	15	3	0	7	11	0	0	0	9	9	0	65
OTU_449	0	0	0	4	0	0	1	0	2	2	0	0	0	0	0	67	10	0	0	0	0	0
OTU_448	1	0	11	7	21	1	4	0	2	0	6	0	0	0	5	8	10	0	5	0	0	0
OTU_642	10	0	12	8	0	2	0	6	0	5	5	0	0	0	7	4	0	0	0	0	0	0
OTU_1180	0	0	0	0	0	0	0	0	10	0	0	0	0	0	0	0	0	0	0	0	0	0
OTU_586	1	0	1	0	0	0	2	1	0	1	0	17	0	19	0	0	0	0	0	0	0	0
OTU_824	0	0	0	0	0	0	0	0	0	0	0	0	0	0	0	0	0	20	0	5	0	0
OTU_816	0	0	0	1	0	21	0	0	23	0	0	4	0	0	0	0	0	0	1	0	0	0
OTU_755	3	0	0	5	0	1	1	0	2	0	5	0	6	3	7	0	0	0	5	0	0	0
OTU_1078	1	0	3	1	0	0	0	3	1	0	0	0	0	0	0	2	1	0	0	0	0	0
OTU_846	0	6	0	0	0	1	0	0	0	0	0	0	0	0	0	1	0	54	0	0	0	0
OTU_345	4	0	4	5	6	2	20	6	9	1	10	30	0	14	0	11	0	0	20	13	0	0
OTU_592	10	0	9	0	3	2	3	7	1	9	2	1	0	0	7	0	0	0	0	2	0	0
OTU_383	0	0	0	86	0	0	0	0	12	0	0	0	0	0	0	0	0	0	0	0	0	0
OTU_1636	0	0	0	0	0	0	0	0	0	0	0	0	0	0	0	0	0	0	7	0	0	0
OTU_1319	0	0	0	0	0	0	0	0	0	0	0	0	0	0	0	0	7	0	0	0	0	0
OTU_1891	0	0	0	0	0	0	0	0	2	0	0	0	0	0	0	0	0	0	0	0	0	0
OTU_541	2	0	1	0	11	0	17	31	0	0	0	0	0	3	0	0	8	0	1	1	0	0
OTU_531	0	0	0	0	0	0	0	0	1	0	0	0	0	0	0	0	62	0	0	0	0	0
OTU_478	0	0	0	1	0	0	0	1	6	2	0	0	65	0	0	0	0	0	2	0	0	0
OTU_413	0	0	0	0	0	101	0	0	0	0	1	0	0	0	0	0	0	0	0	0	0	0
OTU_1314	2	0	0	0	0	0	0	1	0	0	0	0	0	0	0	3	4	0	0	0	0	0
OTU_1313	0	0	0	0	0	0	1	0	0	0	1	4	7	0	3	0	2	0	0	0	0	0
OTU_656	0	0	0	0	0	0	0	0	0	0	0	0	0	30	0	0	0	0	2	4	0	0
OTU_661	0	0	0	13	0	0	0	0	0	0	0	1	0	0	0	23	13	0	0	0	0	0
OTU_451	1	114	0	0	0	0	0	1	0	0	0	0	0	0	3	0	0	0	0	0	0	0
OTU_335	3	0	1	17	2	3	0	5	12	3	2	0	0	5	4	4	4	0	110	4	0	0
OTU_1524	0	0	0	0	0	7	0	0	0	0	0	0	0	0	0	0	0	0	0	0	0	0
OTU_258	16	0	8	30	0	0	0	20	19	41	0	0	0	0	30	6	55	0	0	0	0	0
OTU_1409	0	0	0	1	1	0	0	0	0	0	0	5	0	55	0	19	1	0	11	0	0	0
OTU_913	5	0	0	0	0	0	0	10	0	0	3	0	0	0	0	0	0	0	0	0	0	0
OTU_475	0	80	1	0	0	0	0	2	1	0	4	0	3	0	0	2	0	0	0	0	0	0
OTU_589	5	18	6	1	0	6	8	4	0	10	2	6	0	11	4	1	1	0	8	6	0	0
OTU_636	0	0	0	0	0	0	0	0	0	0	0	0	0	2	0	82	0	0	0	0	0	0
OTU_853	0	0	0	0	2	0	1	0	0	1	0	0	0	0	0	0	0	0	23	1	0	0
OTU_663	0	0	0	0	0	0	0	0	0	0	0	5	0	29	0	1	0	0	2	0	0	0
OTU_408	6	0	0	3	2	0	8	0	4	3	0	10	0	34	0	27	16	0	9	7	0	0
OTU_485	0	0	0	0	0	4	0	72	0	0	3	0	0	0	0	0	0	0	0	0	0	0
OTU_443	0	0	0	0	0	0	0	0	0	0	1	0	0	0	0	5	80	0	0	0	0	0
OTU_1143	0	0	0	1	3	0	1	0	2	0	0	4	0	0	0	0	0	0	0	1	0	0
OTU_1132	7	0	0	0	0	0	0	1	0	1	1	0	0	0	7	0	1	0	0	0	0	0
OTU_720	7	0	2	1	0	6	0	4	0	1	4	0	0	0	3	0	3	0	0	0	0	0
OTU_1421	0	0	0	0	0	0	0	0	0	0	0	0	0	0	0	0	0	9	0	0	0	0
OTU_1087	0	0	0	0	2	0	0	0	0	0	0	0	0	0	0	4	3	0	0	2	0	0
OTU_709	6	0	1	0	0	1	0	0	5	0	0	2	0	2	0	0	23	0	1	0	0	0
OTU_1299	0	0	0	0	0	0	2	0	0	0	0	0	0	0	0	5	0	0	0	0	0	0
OTU_1038	0	0	0	0	0	0	0	0	0	0	0	0	0	0	0	0	0	21	0	0	0	0
OTU_1226	0	0	0	5	0	0	0	0	0	0	0	0	0	0	0	0	0	0	0	0	0	0
OTU_941	0	0	14	0	0	15	0	0	0	0	0	0	0	0	0	3	0	0	0	0	0	0
OTU_748	0	0	0	0	0	0	0	0	0	0	0	0	0	0	0	0	0	0	0	0	0	23
OTU_1147	4	0	1	0	0	0	0	0	0	0	0	1	0	0	0	0	0	0	8	13	0	0
OTU_290	0	0	0	0	143	3	23	0	0	0	0	0	0	0	0	0	0	0	15	0	0	0
OTU_483	0	0	0	0	0	0	0	0	0	0	15	0	0	42	0	0	0	0	31	0	0	0
OTU_591	8	0	36	17	0	0	3	9	11	2	2	3	0	12	0	4	17	0	17	0	0	0
OTU_517	10	0	0	11	0	0	0	11	1	11	0	0	0	0	6	1	7	0	0	0	0	0
OTU_1722	0	0	5	0	0	0	0	0	0	0	0	0	0	0	0	0	0	0	0	0	0	0
OTU_1883	0	0	0	0	0	0	0	0	0	3	0	0	0	0	3	0	0	0	0	0	0	0
OTU_737	0	0	0	1	0	25	0	0	0	0	0	0	0	0	0	0	0	0	0	3	0	0
OTU_763	1	0	35	0	0	0	0	2	0	0	0	0	0	0	0	0	0	0	0	0	0	0
OTU_1937	0	0	0	0	0	0	0	1	0	6	0	0	0	0	6	0	0	0	0	0	0	0
OTU_850	0	0	4	17	0	1	0	2	0	0	0	3	0	0	0	0	2	0	2	0	0	0
OTU_1125	0	0	0	1	0	0	0	0	2	0	0	0	0	0	0	3	2	0	0	0	0	0
OTU_459	0	0	0	0	0	2	0	0	0	0	0	0	82	0	0	0	0	0	0	0	0	0
OTU_400	1	19	2	30	20	1	7	0	5	0	15	2	0	3	0	47	19	0	7	0	0	0
OTU_481	0	0	6	0	0	3	4	0	0	0	3	0	0	0	0	2	0	80	0	0	0	0
OTU_1002	0	0	0	0	0	0	0	0	0	0	13	0	0	0	0	0	0	0	0	0	0	0
OTU_953	0	0	0	0	0	0	0	3	0	9	0	0	0	0	5	0	0	0	0	0	0	0
OTU_1530	0	0	0	4	0	0	0	0	0	0	0	0	0	0	0	0	0	0	0	0	0	0
OTU_896	0	0	0	3	0	0	1	0	2	2	0	0	0	0	2	1	7	0	0	0	0	0
OTU_1069	0	0	0	0	1	0	6	0	0	0	0	1	0	1	0	0	0	0	15	5	0	0
OTU_393	0	0	0	0	2	0	0	0	0	0	0	2	0	49	0	15	5	0	62	30	0	0
OTU_703	0	0	0	9	11	0	0	0	0	0	0	0	0	0	0	0	0	0	7	0	0	0
OTU_741	0	0	0	0	0	0	7	0	0	0	0	11	0	12	0	1	0	0	17	0	0	0
OTU_971	1	0	2	0	0	0	5	0	0	1	0	0	0	3	0	0	0	0	2	0	0	0
OTU_1266	0	0	0	0	5	0	6	0	0	0	0	0	0	1	0	0	0	0	10	3	0	0
OTU_1439	7	0	4	0	0	0	0	0	0	1	0	0	0	0	0	0	0	0	0	0	0	0
OTU_601	0	0	0	11	0	0	0	0	0	0	0	2	0	25	0	0	0	0	1	0	0	0
OTU_374	0	0	0	135	0	0	0	0	0	0	0	0	0	0	0	2	1	0	0	0	0	0
OTU_430	0	0	0	1	0	0	0	0	0	0	0	0	0	0	0	6	96	0	0	0	0	0
OTU_1288	0	0	0	0	0	0	0	0	0	0	0	0	10	0	0	0	0	0	0	0	0	0
OTU_1231	0	0	0	0	0	0	0	1	0	0	10	0	0	0	0	0	0	0	0	0	0	0
OTU_623	0	0	56	0	0	0	0	0	0	2	0	0	0	0	0	0	0	0	0	0	0	0
OTU_1613	0	11	0	0	0	0	0	0	0	0	0	0	0	0	0	0	0	0	0	0	0	0
OTU_1805	0	0	0	0	1	0	0	0	0	0	0	1	0	0	0	0	0	0	4	3	0	0
OTU_1201	0	0	0	7	9	0	0	0	0	0	0	0	0	0	0	0	0	0	0	0	0	0
OTU_975	0	0	0	0	0	0	3	0	0	0	0	7	0	0	0	0	0	0	16	5	0	0
OTU_935	0	0	0	0	0	2	0	0	0	0	0	0	0	0	0	0	0	54	0	0	0	0
OTU_1680	0	0	0	1	0	0	0	0	1	0	0	0	0	0	0	0	1	0	1	0	0	0
OTU_957	0	0	0	0	0	0	0	0	0	0	0	0	0	0	0	0	0	0	0	0	0	15
OTU_1011	0	0	0	2	0	0	0	0	0	0	0	0	0	0	0	8	6	0	0	0	0	0
OTU_1367	0	0	0	2	3	0	0	0	0	0	0	0	0	0	0	1	0	0	0	0	0	0
OTU_778	3	0	0	0	0	2	0	0	0	0	2	0	1	0	0	4	0	49	0	0	0	0
OTU_1564	5	0	1	0	0	1	0	0	0	0	0	0	0	0	1	0	0	0	0	0	0	0
OTU_722	0	0	0	31	0	0	0	0	0	0	0	0	0	0	0	0	0	0	0	0	0	0
OTU_1185	0	0	0	7	0	1	0	0	0	0	3	0	0	0	0	0	0	0	2	0	0	0
OTU_401	0	93	0	0	0	0	0	0	0	0	2	0	0	0	0	0	0	0	0	0	0	0
OTU_1264	0	0	0	0	0	0	0	0	2	14	0	0	0	0	4	1	0	0	0	0	0	0
OTU_1535	0	0	0	0	0	1	1	0	0	0	0	1	0	0	0	0	5	0	0	0	0	0
OTU_922	0	0	26	0	0	0	0	0	0	0	0	0	0	0	0	0	0	0	0	0	0	0
OTU_346	0	158	0	0	0	0	0	0	0	0	0	0	0	0	0	0	0	0	0	0	0	0
OTU_884	1	0	1	0	0	0	0	0	0	5	0	4	0	0	8	0	0	0	16	21	0	0
OTU_327	4	23	31	6	0	11	65	3	13	24	12	0	0	0	27	11	5	0	1	0	0	0
OTU_1016	0	0	0	0	15	0	0	0	0	0	0	0	0	0	0	1	0	0	0	0	0	0
OTU_1398	0	0	0	1	0	0	0	0	0	0	0	0	0	0	0	0	6	0	0	0	0	0
OTU_1504	0	5	0	0	0	0	0	0	0	0	1	0	1	0	0	1	0	0	0	0	0	0
OTU_421	121	0	0	0	0	0	0	44	0	3	0	0	0	0	0	0	0	0	0	0	0	0
OTU_921	0	15	0	0	0	0	0	0	2	0	0	0	0	10	0	0	0	0	0	0	0	0
OTU_863	0	0	0	17	0	0	0	0	7	0	0	0	0	0	0	0	1	0	5	9	0	0
OTU_734	0	0	0	0	0	0	0	0	0	0	0	0	0	0	0	0	0	30	0	0	0	0
OTU_662	0	0	0	28	0	0	0	4	5	0	0	0	0	0	0	16	4	0	0	0	0	0
OTU_680	18	0	4	1	0	3	2	0	2	8	0	1	0	0	5	0	0	0	0	0	0	0
OTU_1267	0	0	0	0	0	0	0	0	9	0	2	0	0	0	0	0	0	0	0	0	0	0
OTU_378	0	0	0	0	33	0	17	0	0	0	0	6	0	20	0	20	0	0	27	7	0	0
OTU_848	0	0	1	18	0	0	0	0	10	0	0	0	0	0	3	0	0	0	0	0	0	0
OTU_1980	0	1	0	0	0	0	0	0	0	0	0	0	0	0	0	0	0	7	0	0	0	0
OTU_700	0	0	0	0	0	0	10	0	0	0	0	0	0	31	0	0	0	0	3	0	0	0
OTU_996	0	0	0	0	0	1	0	0	0	0	0	0	18	0	0	1	0	0	0	0	0	0
OTU_582	0	0	0	0	0	0	0	0	0	0	0	0	0	0	0	0	0	51	0	0	0	0
OTU_461	0	0	0	0	0	0	0	0	0	1	0	0	0	0	0	85	0	0	0	0	0	0
OTU_883	0	0	5	0	2	0	2	0	0	0	0	0	0	18	0	0	0	0	2	0	0	0
OTU_657	0	0	0	0	4	0	2	0	0	1	0	0	0	19	0	0	0	0	3	60	0	0
OTU_1088	0	0	0	6	0	0	0	0	5	0	0	0	0	0	0	0	0	0	0	0	0	0
OTU_918	0	0	0	0	0	0	0	0	0	0	0	0	0	0	0	0	0	0	0	0	0	25
OTU_487	0	0	0	2	0	0	0	0	60	0	0	0	0	0	0	1	2	0	0	0	0	0
OTU_749	0	0	0	0	5	0	0	0	0	0	0	0	0	17	0	0	0	0	5	0	0	0
OTU_776	0	0	0	5	0	0	2	0	0	0	0	3	18	0	0	0	0	0	0	0	0	0
OTU_513	7	0	7	38	0	0	0	8	0	0	2	0	0	0	3	0	0	0	0	0	0	0
OTU_1467	12	0	12	11	6	5	12	32	1	13	4	6	1	6	4	18	4	0	30	8	0	0
OTU_777	0	0	0	0	0	0	0	0	0	23	0	0	0	0	12	0	0	0	0	0	0	0
OTU_510	2	0	1	21	4	1	5	2	0	0	0	6	0	5	0	1	13	0	10	0	0	0
OTU_1543	0	0	1	1	0	0	0	0	0	0	0	0	0	0	0	1	1	0	0	0	0	0
OTU_1084	0	0	0	2	0	0	2	0	3	0	0	0	0	0	0	0	0	0	5	2	0	0
OTU_1157	0	14	0	0	1	0	2	0	0	0	1	1	0	1	0	0	0	0	0	1	0	0
OTU_1256	0	0	0	0	0	0	0	0	0	0	0	0	0	0	0	0	0	0	10	0	0	0
OTU_881	0	0	0	0	16	0	8	0	0	0	0	1	0	0	0	0	0	0	3	2	0	0
OTU_333	3	0	35	0	0	126	0	45	0	1	5	0	0	0	5	0	0	0	0	0	0	0
OTU_1917	0	0	0	0	1	0	0	0	0	0	0	0	0	0	0	0	0	0	4	0	0	0
OTU_1696	0	0	0	0	0	0	0	1	0	0	0	0	0	0	2	0	0	0	0	0	0	0
OTU_1346	0	0	0	0	1	0	11	0	0	0	0	0	0	0	0	0	0	0	0	2	0	0
OTU_1089	2	0	1	0	0	0	0	0	0	1	6	0	0	0	0	0	0	0	11	5	0	0
OTU_276	130	0	18	3	0	1	0	10	14	17	1	0	0	0	9	0	2	0	0	0	0	0
OTU_740	3	0	0	2	0	0	2	11	0	0	1	0	0	0	5	4	1	0	9	0	0	0
OTU_753	0	0	0	0	0	0	35	0	0	0	0	0	0	0	0	0	0	0	0	0	0	0
OTU_1762	0	0	1	0	0	42	0	22	0	4	3	0	0	0	0	8	0	0	0	0	0	0
OTU_876	0	0	0	19	0	0	0	0	0	0	0	0	0	0	0	4	0	0	0	0	0	0
OTU_1875	0	0	0	0	0	0	0	0	0	0	0	0	12	0	0	0	0	0	0	0	0	0
OTU_1520	0	0	0	0	0	0	0	1	8	2	6	0	0	0	0	0	0	0	0	0	0	0
OTU_583	0	55	1	0	0	0	0	0	0	0	0	0	0	0	0	0	0	0	0	0	0	0
OTU_769	0	25	0	0	0	0	0	1	0	0	0	0	14	0	0	0	0	0	0	0	0	0
OTU_462	0	0	0	0	0	2	7	1	0	0	0	0	22	0	0	97	0	0	0	0	0	0
OTU_1406	0	0	0	0	0	0	0	0	0	5	0	0	0	0	9	0	0	0	0	0	0	0
OTU_595	0	0	4	0	0	0	0	0	0	8	0	0	0	0	8	22	0	0	0	0	0	0
OTU_1081	4	10	6	0	0	0	0	0	0	0	11	0	0	0	0	0	0	0	0	0	0	0
OTU_912	0	0	7	0	1	0	16	0	0	0	0	8	0	1	0	0	1	0	6	28	0	0
OTU_859	0	0	0	0	0	0	0	0	0	0	0	0	0	0	0	0	0	20	0	1	0	0
OTU_705	0	0	0	0	0	0	0	0	0	1	0	0	0	0	0	45	0	0	0	0	0	0
OTU_670	0	0	0	0	0	0	0	0	0	0	0	0	0	0	0	0	0	35	0	0	0	0
OTU_527	4	0	9	0	0	0	0	3	27	2	0	0	0	0	0	11	13	0	0	0	0	0
OTU_809	1	0	6	0	2	0	0	1	0	7	0	0	0	0	0	0	0	0	4	8	0	0
OTU_612	0	14	0	0	0	0	0	0	0	0	36	0	0	0	0	0	0	0	0	0	0	0
OTU_1072	1	0	2	10	0	0	0	2	0	2	0	0	0	0	0	0	0	0	0	0	0	0
OTU_654	0	8	0	0	0	0	0	1	0	0	26	0	0	0	0	0	0	0	0	0	0	0
OTU_851	0	40	1	0	0	0	0	0	0	0	0	0	7	0	0	0	0	0	0	0	0	0
OTU_1308	4	0	1	0	0	0	0	1	0	3	1	0	0	0	0	0	0	0	0	0	0	0
OTU_1298	0	0	0	2	0	0	1	0	1	1	0	1	0	0	0	2	1	0	2	1	0	16
OTU_435	0	0	0	0	0	0	0	0	0	0	0	0	0	85	0	0	1	0	0	1	0	0
OTU_696	0	0	0	0	6	0	1	0	0	0	0	2	0	0	0	0	0	0	22	3	0	0
OTU_771	0	0	10	0	0	0	0	0	0	20	0	0	0	0	12	2	0	0	0	0	0	0
OTU_414	23	0	0	0	0	20	55	1	0	5	0	0	0	7	4	0	0	0	0	0	0	0
OTU_1291	0	0	0	0	0	0	0	0	3	0	0	0	0	0	0	0	0	0	2	1	0	0
OTU_1597	0	0	0	0	0	0	1	0	0	0	0	0	0	0	0	0	0	0	7	0	0	0
OTU_1455	0	0	0	8	5	0	0	0	1	0	0	0	0	0	0	0	0	0	0	0	0	0
OTU_1603	0	0	0	0	0	0	0	0	0	0	0	0	0	0	0	0	9	0	0	0	0	0
OTU_1826	0	0	0	0	0	0	2	0	0	0	0	0	0	0	0	0	0	0	0	0	0	0
OTU_1825	0	0	0	0	8	0	0	0	0	0	0	0	0	0	0	0	0	0	0	0	0	0
OTU_1245	0	0	0	8	0	0	0	0	0	0	0	0	0	0	1	0	0	0	0	0	0	0
OTU_1297	5	0	4	0	0	2	0	1	2	0	12	0	0	0	0	0	0	0	0	0	0	0
OTU_488	0	0	0	0	0	121	0	0	0	0	7	0	0	0	0	0	0	0	0	0	0	0
OTU_942	0	0	0	30	2	0	0	0	14	0	0	0	0	0	0	0	1	0	0	0	0	0
OTU_832	4	0	0	2	1	0	6	5	4	3	2	4	7	0	0	1	0	0	1	0	0	0
OTU_1177	0	0	0	0	0	0	0	0	1	0	2	0	7	0	0	0	0	0	0	0	0	0
OTU_1734	0	0	0	0	0	0	0	0	0	0	0	0	0	0	0	0	2	0	0	0	0	0
OTU_628	0	0	0	23	0	0	0	0	25	0	0	0	0	0	0	0	0	0	0	0	0	0
OTU_553	0	0	0	2	0	0	0	0	0	0	0	2	0	0	0	0	0	59	0	0	0	0
OTU_782	0	0	0	1	0	0	1	0	0	0	0	4	0	29	0	0	0	0	0	0	0	0
OTU_631	0	0	0	0	0	0	0	0	0	0	0	0	0	38	0	0	0	0	0	0	0	0
OTU_784	0	0	0	0	1	0	0	0	0	0	0	0	0	0	0	0	0	0	30	9	0	0
OTU_862	0	0	0	0	0	0	0	0	0	0	0	0	0	0	0	0	17	0	0	0	0	0
OTU_1580	0	0	0	0	0	0	0	0	0	0	0	9	0	0	0	0	0	0	0	0	0	0
OTU_1880	0	0	0	0	2	0	0	0	0	0	0	0	0	0	0	0	0	0	0	0	0	0
OTU_630	3	0	3	0	0	0	0	0	5	0	2	6	0	22	0	3	0	0	7	14	0	0
OTU_901	0	0	0	0	3	1	0	0	0	0	0	0	0	0	0	0	0	0	58	0	0	0
OTU_1464	0	0	0	0	0	0	0	0	0	0	0	0	6	0	0	0	0	0	0	0	0	0
OTU_568	0	0	52	0	0	0	0	0	0	0	0	0	0	0	0	0	0	0	0	0	0	0
OTU_1892	0	0	0	0	0	0	0	2	0	0	0	0	0	0	2	1	0	0	14	0	0	0
OTU_986	1	0	0	0	0	0	0	0	0	17	0	0	0	0	9	0	0	0	0	0	0	0
OTU_611	1	0	0	14	0	3	0	26	0	3	0	0	0	0	2	0	0	0	0	0	0	0
OTU_1615	0	0	0	1	0	0	0	0	0	0	0	0	0	0	0	0	1	0	1	0	0	0
OTU_1454	0	0	0	13	0	0	0	0	0	0	0	0	0	0	0	0	0	0	0	0	0	0
OTU_1169	10	0	0	0	0	0	0	0	0	0	5	0	0	0	0	0	0	0	0	0	0	0
OTU_506	0	0	0	0	0	0	0	0	0	0	0	0	0	0	3	77	0	0	0	0	0	0
OTU_653	0	0	0	0	3	0	2	0	0	0	0	0	0	0	0	0	0	0	31	2	0	0
OTU_762	0	0	0	0	4	0	5	0	0	0	0	8	0	0	0	0	0	0	12	3	0	0
OTU_1943	0	0	0	0	0	0	0	0	0	0	0	0	0	0	0	0	6	0	0	0	0	0
OTU_1926	0	0	0	4	0	0	0	0	0	0	0	0	0	0	0	0	0	0	0	0	0	0
OTU_822	0	0	0	0	0	0	10	0	0	0	0	0	0	0	0	0	0	0	22	0	0	0
OTU_1785	0	0	0	0	0	0	0	0	0	0	0	0	0	0	0	4	1	0	0	0	0	0
OTU_416	0	0	0	0	0	0	0	0	0	0	0	0	0	68	0	1	0	0	0	35	0	0
OTU_886	0	8	2	0	0	0	0	0	0	0	26	0	0	0	0	0	0	0	0	0	0	0
OTU_798	0	0	0	21	0	2	0	0	0	0	0	0	0	0	0	5	0	0	0	0	0	0
OTU_708	0	0	0	0	0	0	26	0	0	2	0	0	0	0	0	0	0	0	4	1	0	0
OTU_1365	0	6	0	0	0	0	0	0	0	0	0	0	0	0	0	0	0	0	0	0	0	0
OTU_845	0	0	0	0	1	0	5	0	0	0	0	1	0	0	8	0	0	0	0	15	0	0
OTU_1730	0	0	0	0	0	0	0	0	0	0	0	0	2	0	0	0	0	0	0	0	0	0
OTU_1532	0	0	0	0	8	0	0	0	0	0	0	0	0	0	0	0	0	0	1	0	0	0
OTU_993	4	0	1	0	0	0	0	0	12	11	0	0	0	0	5	0	0	0	0	0	0	0
OTU_904	4	0	0	2	0	4	1	1	0	2	1	0	5	0	0	0	0	0	2	0	0	0
OTU_672	0	0	7	8	1	0	50	0	0	0	0	0	0	4	0	1	6	0	0	0	0	0
OTU_646	0	0	10	9	2	0	3	4	0	8	0	2	0	7	0	0	2	0	6	0	0	0
OTU_843	0	24	0	0	0	0	0	0	0	0	0	0	6	0	0	0	0	0	0	0	0	9
OTU_864	0	0	0	11	0	0	1	0	0	0	0	0	0	0	0	0	1	0	4	1	0	0
OTU_1754	0	0	0	0	0	0	0	0	0	0	0	0	0	0	0	0	0	0	3	0	0	0
OTU_796	0	0	23	0	0	0	0	0	0	0	0	0	0	0	0	0	0	0	0	0	0	0
OTU_1655	0	0	0	0	0	0	0	0	0	0	0	0	0	0	0	0	0	5	0	0	0	0
OTU_999	0	0	0	0	0	10	0	3	0	0	0	0	0	0	0	4	1	0	0	0	0	0
OTU_1041	5	0	4	0	0	3	1	1	0	1	0	0	0	0	0	0	0	0	0	0	0	0
OTU_1347	2	0	0	0	0	0	0	0	0	0	5	0	0	0	0	0	0	0	0	0	0	0
OTU_805	0	0	0	0	0	0	0	0	16	0	0	0	0	0	0	0	10	0	0	0	0	0
OTU_902	0	0	28	0	0	0	0	0	0	0	0	0	0	0	0	0	0	0	0	0	0	0
OTU_677	1	0	3	7	0	0	1	2	0	4	6	0	0	0	2	0	7	0	1	0	0	0
OTU_302	4	20	4	21	0	0	0	0	49	0	41	0	0	0	7	28	4	25	0	0	0	0
OTU_1153	0	0	1	0	0	0	1	0	2	0	2	0	0	2	8	0	1	0	1	1	0	0
OTU_1735	0	0	0	0	0	0	0	0	0	0	0	0	0	0	0	0	2	0	0	0	0	0
OTU_673	0	0	0	0	0	0	0	0	0	0	0	0	0	0	0	0	0	0	33	0	0	0
OTU_1080	6	0	2	0	0	2	0	1	8	0	0	0	9	0	0	0	0	0	0	0	0	0
OTU_1872	0	0	0	0	0	0	0	0	0	0	0	0	0	0	0	0	2	0	0	0	0	0
OTU_790	0	0	0	0	0	0	0	0	0	0	0	1	0	0	0	0	0	0	14	14	0	0
OTU_697	0	0	0	15	0	0	0	0	3	0	0	0	0	0	0	0	20	0	0	0	0	0
OTU_1887	4	0	0	0	0	0	0	0	0	0	1	6	0	3	0	0	0	0	0	7	0	0
OTU_1139	0	0	0	0	0	0	1	0	0	0	0	0	0	0	0	5	2	0	0	0	0	0
OTU_1670	0	0	0	1	0	1	0	3	4	1	0	2	0	0	0	0	0	0	4	0	0	0
OTU_1349	0	0	0	8	1	0	0	0	0	0	0	0	0	0	0	0	0	0	0	0	0	0
OTU_1050	0	0	0	12	0	0	2	1	0	1	0	0	0	2	0	0	1	0	4	0	0	0
OTU_956	8	2	1	1	0	1	0	3	2	1	2	0	0	1	2	5	2	0	0	3	0	0
OTU_659	0	0	0	0	0	1	0	0	0	0	0	0	5	0	0	0	0	54	0	0	0	0
OTU_1845	0	0	0	0	0	0	0	0	0	0	0	0	0	0	0	2	0	0	0	0	0	0
OTU_1416	0	0	0	0	0	0	1	0	0	0	0	0	0	0	0	0	0	0	6	0	0	0
OTU_1606	1	0	0	0	0	2	0	0	0	0	1	0	7	0	1	0	0	0	2	0	0	0
OTU_1000	0	0	0	0	0	0	0	0	0	0	0	0	0	0	0	0	0	0	10	0	0	0
OTU_817	0	0	0	0	0	0	0	0	0	0	0	0	0	0	0	26	0	0	0	0	0	0
OTU_1913	2	0	0	5	0	0	0	0	0	23	0	0	0	0	21	13	1	0	0	0	0	0
OTU_1426	0	0	0	0	0	0	0	0	0	0	0	0	0	0	0	6	1	0	0	0	0	0
OTU_544	13	0	20	14	0	4	0	1	3	2	12	6	0	9	0	0	2	0	0	1	0	0
OTU_812	0	0	0	10	0	0	0	0	18	0	0	0	0	0	0	0	0	0	0	0	0	0
OTU_979	0	0	0	0	0	0	0	2	0	13	0	0	0	0	3	0	0	0	0	0	0	0
OTU_497	0	0	15	15	0	0	0	31	1	0	2	0	8	0	3	12	12	0	0	2	0	0
OTU_987	0	0	0	0	0	0	0	0	0	0	0	0	0	0	0	2	15	0	0	0	0	0
OTU_1661	0	3	0	0	0	0	0	0	0	0	0	0	0	0	0	0	0	0	0	0	0	0
OTU_410	0	0	36	24	0	4	46	1	2	1	0	0	0	0	0	6	1	0	0	0	0	0
OTU_505	1	17	3	3	0	18	0	0	0	5	59	0	0	0	1	0	0	0	0	0	0	0
OTU_695	0	0	0	20	0	0	0	0	14	0	0	0	0	2	0	0	0	0	0	0	0	0
OTU_1573	2	0	3	3	0	0	0	1	1	0	0	0	0	0	0	0	0	0	0	0	0	0
OTU_898	13	0	0	0	0	0	0	0	0	0	0	0	0	0	5	1	0	0	0	0	0	0
OTU_1843	0	0	0	0	0	0	0	0	0	0	0	0	0	1	0	0	3	0	0	0	0	0
OTU_1940	0	0	0	0	0	0	0	0	0	2	0	0	0	0	0	0	0	0	0	0	0	0
OTU_1290	0	0	0	1	2	0	0	0	2	0	0	0	0	0	0	5	1	0	2	0	0	0
OTU_1827	0	10	0	0	0	0	0	0	0	0	0	0	0	0	0	0	0	0	0	0	0	0
OTU_616	0	23	0	0	0	0	0	0	0	0	0	0	0	0	0	1	0	38	0	0	0	0
OTU_1172	0	14	0	0	0	0	0	0	0	0	0	0	0	0	0	0	0	0	0	0	0	0
OTU_1058	0	0	1	3	0	0	0	0	2	0	18	0	0	0	0	0	0	0	0	9	0	0
OTU_899	0	0	0	0	0	0	0	0	0	0	0	0	0	0	0	0	0	17	0	0	0	0
OTU_619	1	0	43	0	0	0	0	0	0	11	0	0	0	0	2	0	0	0	11	30	0	0
OTU_1429	0	0	0	0	0	0	0	0	11	0	0	0	0	0	0	0	0	0	0	0	0	0
OTU_491	0	0	28	0	0	0	0	0	1	0	9	0	0	0	0	48	2	0	0	0	0	0
OTU_1924	4	0	0	0	0	0	0	0	0	0	0	0	0	0	0	0	0	0	1	0	0	0
OTU_1283	0	0	4	6	0	0	0	0	0	0	0	0	0	0	0	0	0	0	0	0	0	0
OTU_484	0	0	79	0	0	0	0	0	0	1	0	0	0	4	0	0	6	0	2	0	0	0
OTU_1485	0	0	0	0	3	0	1	0	0	0	0	0	0	0	0	0	0	0	3	0	0	0
OTU_868	2	0	0	0	0	0	0	1	0	0	30	4	0	0	0	0	0	0	0	0	0	0
OTU_754	0	0	2	0	33	0	0	1	0	0	1	0	0	0	0	0	1	0	0	0	0	0
OTU_914	1	0	4	0	0	0	1	1	0	2	0	0	0	6	0	3	1	0	6	2	0	0
OTU_667	0	0	0	0	0	0	0	0	0	0	0	0	0	0	0	0	0	39	0	0	0	0
OTU_1506	0	0	0	0	0	0	0	0	0	0	0	0	0	0	0	8	0	0	0	0	0	0
OTU_1118	0	0	0	1	0	0	0	0	2	0	0	4	0	3	0	0	5	0	1	1	0	0
OTU_1609	0	0	1	0	0	0	0	0	1	0	2	0	0	0	0	0	1	0	0	0	0	0
OTU_1117	1	0	2	0	0	1	0	0	0	0	0	0	0	5	0	0	0	0	2	0	0	0
OTU_1079	1	0	0	0	0	0	0	5	12	0	8	0	0	0	0	0	0	0	0	0	0	0
OTU_1934	3	0	0	0	0	0	0	0	0	0	0	0	0	0	0	0	0	0	0	0	0	0
OTU_552	0	0	0	0	0	0	0	0	0	0	0	0	0	0	0	0	0	54	0	0	0	0
OTU_897	0	22	0	0	0	0	0	0	0	0	0	0	0	0	0	0	0	0	0	0	0	0
OTU_1869	0	0	0	0	0	0	0	0	0	0	0	0	0	0	0	0	0	0	6	0	0	0
OTU_625	6	0	10	0	0	0	0	11	0	7	7	4	0	0	1	0	1	0	2	0	0	0
OTU_1104	0	0	0	3	0	0	0	0	10	0	0	0	0	0	0	0	0	0	0	0	0	0
OTU_1576	0	3	0	0	0	0	0	0	0	0	0	0	0	0	0	0	0	0	0	0	0	0
OTU_1463	0	0	0	0	0	0	0	0	0	0	4	0	0	0	0	0	0	0	0	0	0	0
OTU_1200	0	0	0	6	0	0	0	0	2	0	0	0	0	0	4	0	2	0	0	0	0	0
OTU_639	16	0	0	0	0	3	0	0	0	0	7	0	16	0	2	1	0	0	0	0	0	0
OTU_1130	0	0	0	3	0	0	1	0	7	3	0	0	0	11	0	0	0	0	0	0	0	0
OTU_635	0	0	0	0	0	0	0	0	44	0	0	0	0	0	0	0	4	0	0	0	0	0
OTU_615	0	0	0	0	0	0	0	2	1	0	1	0	0	0	0	0	0	41	0	0	0	0
OTU_854	21	0	1	0	0	0	0	0	0	0	0	0	0	0	0	0	2	0	0	0	0	0
OTU_878	0	0	0	0	0	0	0	0	1	0	0	8	0	0	0	0	0	0	6	0	0	0
OTU_938	0	0	0	0	0	0	0	0	0	0	0	0	0	0	0	19	0	0	0	0	0	0
OTU_818	0	0	0	0	0	0	0	0	0	0	0	10	0	0	0	0	0	0	0	17	0	0
OTU_1076	0	14	0	0	0	0	0	0	0	0	0	0	0	0	0	0	0	0	0	0	0	6
OTU_992	0	0	0	0	0	0	0	1	1	1	0	0	0	0	0	0	0	0	0	17	0	0
OTU_1140	0	0	0	0	0	0	0	0	0	0	0	0	9	0	0	0	0	0	0	0	0	3
OTU_823	23	0	0	0	0	0	0	1	0	0	0	0	0	0	0	0	0	0	0	0	0	0
OTU_1128	0	0	0	0	7	0	1	0	0	0	0	2	0	0	0	0	0	0	0	6	0	0
OTU_991	0	0	0	0	0	0	0	0	0	0	0	0	0	0	0	0	0	17	0	0	0	0
OTU_1048	0	0	0	0	0	0	0	0	18	0	0	0	0	0	0	0	0	0	0	0	0	0
OTU_715	0	0	0	0	0	32	0	0	0	0	0	0	0	0	0	0	0	0	0	0	0	0
OTU_1186	0	0	0	0	0	0	0	1	0	0	0	4	0	3	0	0	0	0	0	0	0	0
OTU_1119	0	0	0	0	0	0	0	0	0	0	0	0	0	0	0	3	11	0	0	0	0	0
OTU_1342	0	0	0	0	1	0	0	0	0	0	0	0	0	0	0	0	0	0	6	0	0	0
OTU_1519	0	0	5	0	0	0	0	0	0	7	0	0	0	0	0	0	0	0	0	0	0	0
OTU_1954	0	0	0	0	2	0	0	1	0	0	0	0	0	0	0	0	0	0	0	0	0	0
OTU_1316	0	0	0	0	0	0	0	2	0	0	0	0	16	0	0	2	0	0	0	0	0	0
OTU_916	0	0	0	0	0	0	5	0	0	0	0	0	0	0	0	5	24	0	0	0	0	0
OTU_1021	0	0	0	0	0	0	0	0	0	0	0	0	0	0	0	0	0	0	0	0	0	14
OTU_1477	0	0	0	0	0	0	0	0	0	0	0	0	0	8	0	0	0	0	0	0	0	0
OTU_1194	0	0	0	0	8	0	10	0	0	0	0	3	0	0	0	0	0	0	0	0	0	0
OTU_738	0	0	1	7	3	1	13	3	0	0	0	5	0	0	0	3	1	0	23	4	0	0
OTU_1296	0	5	0	0	0	0	0	0	0	0	0	0	0	0	0	0	0	0	0	0	0	0
OTU_1022	0	0	0	0	2	0	7	0	0	0	0	1	0	0	0	0	0	0	0	0	0	0
OTU_1461	0	0	0	0	0	0	0	0	0	0	0	4	0	0	0	0	0	0	0	0	0	0
OTU_1873	0	0	0	0	0	0	0	0	0	0	0	0	0	0	0	0	0	0	3	0	0	0
OTU_1757	0	0	0	0	3	0	1	0	0	1	0	0	0	0	0	1	0	0	2	2	0	0
OTU_834	0	0	0	0	0	0	0	0	0	0	0	0	0	0	0	0	0	32	1	0	0	0
OTU_1112	0	0	0	0	0	0	0	9	0	4	1	0	0	0	4	0	0	0	0	0	0	0
OTU_831	0	0	0	0	0	0	0	0	0	0	18	0	0	0	0	0	0	0	0	0	0	0
OTU_1404	0	0	0	2	0	0	0	0	0	0	0	0	0	0	0	0	5	0	0	0	0	0
OTU_773	6	0	0	0	0	0	0	1	0	4	0	0	0	0	4	0	7	0	3	1	0	0
OTU_747	0	12	0	0	0	0	1	0	2	0	0	0	9	0	4	0	0	0	0	0	0	0
OTU_1191	0	0	0	0	0	0	2	0	0	0	0	0	0	0	0	0	0	0	7	0	0	0
OTU_1303	0	0	0	0	0	1	0	0	0	0	0	0	0	0	0	0	8	0	0	0	0	0
OTU_1832	1	0	1	0	0	0	0	0	0	1	0	0	0	0	0	2	1	0	0	0	0	0
OTU_915	5	0	0	0	0	0	0	0	21	0	2	0	0	0	0	0	0	0	0	0	0	0
OTU_573	0	0	0	4	0	0	32	0	0	0	1	26	0	0	0	5	0	0	0	0	0	0
OTU_594	0	0	0	0	0	0	0	0	0	0	0	0	0	0	0	0	0	0	0	0	0	48
OTU_877	0	0	46	0	0	0	0	2	0	0	1	0	0	0	0	0	0	0	0	0	0	0
OTU_718	2	0	49	0	0	1	0	1	0	0	0	0	0	0	0	0	0	0	0	0	0	0
OTU_908	0	0	25	0	0	0	0	0	0	0	0	0	0	0	0	0	0	0	0	0	0	0
OTU_974	2	0	0	0	0	0	1	0	0	0	0	0	0	6	0	1	0	0	2	0	0	0
OTU_905	1	0	2	0	11	0	0	0	0	0	0	0	0	0	0	0	0	0	0	0	0	0
OTU_1044	3	0	4	0	0	0	0	3	0	0	0	0	0	0	9	0	0	0	0	0	0	0
OTU_1109	1	0	0	0	0	0	0	0	0	0	1	0	0	0	8	0	0	0	0	0	0	0
OTU_1273	4	0	1	4	0	0	0	2	5	1	6	0	0	0	0	0	0	0	0	0	0	0
OTU_514	0	0	10	0	0	2	0	1	0	15	7	0	0	0	1	34	7	0	0	0	0	0
OTU_1242	0	3	3	0	0	0	0	0	0	0	17	2	0	0	0	0	0	0	0	0	0	0
OTU_976	0	0	0	3	1	0	5	0	0	1	0	3	0	0	0	0	0	0	7	3	0	0
OTU_1935	0	0	0	0	0	0	0	0	0	0	0	0	0	0	0	0	0	0	2	0	0	0
OTU_599	1	0	0	0	0	0	0	1	1	3	0	0	0	0	3	0	38	0	0	0	0	0
OTU_731	0	0	3	0	0	0	0	0	0	0	4	0	0	0	0	22	0	0	0	0	0	0
OTU_1181	0	12	1	0	0	0	0	0	0	0	1	0	0	0	0	0	0	0	0	0	0	0
OTU_894	0	0	0	0	0	0	0	0	0	9	0	0	0	0	10	0	0	0	0	0	0	0
OTU_1049	0	0	0	0	0	0	2	1	1	0	0	0	0	0	0	2	7	0	2	0	0	0
OTU_1124	0	0	0	0	0	0	0	2	0	0	0	0	0	0	0	13	1	0	0	0	0	0
OTU_1178	0	0	0	0	0	0	0	0	8	0	0	0	0	0	0	0	0	0	0	0	0	0
OTU_1250	0	0	0	0	0	2	0	0	0	6	1	0	0	0	2	0	0	0	0	0	0	0
OTU_1630	0	5	1	0	0	0	0	0	0	0	0	0	0	0	0	0	0	0	0	0	0	0
OTU_640	0	0	0	37	0	0	0	1	0	0	0	0	0	0	0	0	3	0	0	0	0	0
OTU_1599	4	0	0	0	0	0	0	0	0	0	1	0	0	0	0	0	0	0	0	0	0	0
OTU_1163	0	7	0	0	0	3	0	0	0	2	9	0	0	0	0	0	0	0	0	0	0	0
OTU_694	0	0	0	0	0	0	0	0	0	0	0	0	38	0	0	0	0	0	3	0	0	0
OTU_1017	0	0	2	0	0	0	0	0	12	0	1	0	0	0	0	0	0	0	0	0	0	0
OTU_839	5	0	15	0	0	0	0	3	0	0	0	0	0	0	4	0	0	0	0	0	0	0
OTU_1062	0	0	0	0	0	0	0	0	0	0	0	0	0	0	0	0	0	0	0	19	0	0
OTU_929	0	0	0	0	0	0	0	0	0	0	0	0	0	0	0	0	0	0	16	0	0	0
OTU_1055	2	0	1	6	0	0	0	2	0	0	0	0	0	0	0	1	1	0	0	0	0	0
OTU_480	0	0	0	0	10	0	39	0	0	0	0	10	0	10	0	0	0	0	25	10	0	0
OTU_1497	0	0	0	0	0	0	0	0	0	0	0	0	0	4	0	0	1	0	0	0	0	0
OTU_1085	0	0	0	2	0	0	0	1	0	0	0	0	0	0	0	3	0	0	3	0	0	0
OTU_949	1	0	0	0	0	0	1	2	0	1	0	0	0	0	0	0	2	0	5	0	0	0
OTU_1001	1	1	3	7	0	1	0	0	1	0	2	0	0	0	0	0	2	0	0	0	0	0
OTU_1441	0	0	0	0	0	0	0	0	0	0	0	0	0	0	0	4	0	0	0	0	0	0
OTU_847	0	0	0	0	0	0	0	0	0	0	0	0	0	0	0	0	0	19	0	0	0	0
OTU_518	0	0	0	0	0	0	2	0	2	0	0	6	0	0	0	44	1	0	2	0	0	0
OTU_1852	0	0	0	0	0	0	0	0	0	0	0	3	0	0	0	0	0	0	1	0	0	0
OTU_1111	0	0	0	0	0	0	0	0	0	0	0	7	0	0	0	0	0	0	0	9	0	0
OTU_1373	0	0	0	3	0	0	0	0	13	0	0	0	0	0	0	0	0	0	0	0	0	0
OTU_1251	0	0	0	1	0	0	0	0	13	0	0	0	0	0	0	0	0	0	0	0	0	0
OTU_1259	0	0	0	0	0	0	0	0	0	0	0	0	0	0	0	0	10	0	0	0	0	0
OTU_432	2	0	0	42	0	0	0	5	2	1	0	0	0	0	14	9	25	0	2	0	0	0
OTU_710	0	0	3	9	0	0	0	0	10	0	0	16	0	0	0	0	31	0	3	0	0	0
OTU_367	0	0	0	0	23	0	18	0	0	0	0	2	0	20	0	4	0	0	24	28	0	0
OTU_457	10	0	16	0	0	3	0	4	0	34	2	0	0	0	21	1	0	0	0	0	0	0
OTU_1521	0	0	0	0	0	0	4	0	0	0	0	0	0	0	0	2	0	0	0	0	0	0
OTU_895	0	0	2	0	2	0	2	0	0	0	0	1	0	8	0	0	0	0	4	2	0	0
OTU_855	0	0	0	22	0	1	0	0	18	0	0	0	0	0	0	0	0	0	0	0	0	0
OTU_702	0	0	29	0	0	0	0	0	0	0	0	0	0	0	0	0	0	0	0	0	0	0
OTU_857	2	0	4	0	0	1	0	3	1	1	0	0	0	0	0	5	8	0	0	0	0	0
OTU_1853	0	0	0	3	0	0	0	0	0	3	0	0	0	0	0	0	0	0	0	0	0	0
OTU_1167	1	0	0	0	0	0	0	2	0	5	4	0	0	0	0	0	0	0	0	0	0	0
OTU_388	0	0	0	0	1	0	0	0	0	0	0	0	0	0	0	0	0	0	0	0	126	0
OTU_1238	0	0	0	1	0	0	0	0	0	2	0	0	0	0	1	3	3	0	0	0	0	0
OTU_1270	0	0	0	0	0	0	0	0	0	2	0	0	0	4	6	0	0	0	0	0	0	0
OTU_774	0	3	0	0	0	0	0	0	0	0	0	0	0	0	2	0	0	27	0	0	0	0
OTU_1842	0	0	0	0	1	0	0	0	0	0	0	0	0	0	0	0	0	0	2	0	0	0
OTU_1019	0	0	4	7	0	0	0	3	2	1	0	0	0	0	4	1	0	0	0	0	0	0
OTU_1795	0	0	0	1	0	0	0	0	1	0	0	0	0	0	0	2	0	0	0	0	0	0
OTU_1023	0	0	0	3	0	0	1	0	0	0	0	0	0	9	0	0	0	0	2	0	0	0
OTU_1414	0	0	0	0	1	0	0	0	0	0	0	2	0	0	0	0	0	0	0	3	0	0
OTU_1673	0	0	0	0	0	0	0	0	0	0	0	0	0	5	0	0	0	0	0	1	0	0
OTU_1855	0	0	0	3	0	0	0	0	0	0	0	0	0	0	0	2	0	0	0	0	0	0
OTU_1269	0	0	0	0	0	0	0	0	0	0	0	0	0	0	0	0	0	11	0	0	0	0
OTU_574	0	0	0	0	0	0	0	0	0	0	0	0	0	0	0	0	0	54	0	0	0	0
OTU_1321	0	0	0	0	8	0	0	0	0	0	0	0	0	0	0	0	0	0	0	0	0	0
OTU_1752	0	0	0	0	0	0	0	0	0	0	0	0	0	2	0	0	0	0	0	0	0	0
OTU_926	0	0	0	0	0	0	0	0	0	0	2	0	0	0	0	0	0	27	0	0	0	0
OTU_869	1	0	0	4	0	0	0	1	2	2	0	1	0	5	0	0	5	0	0	0	0	0
OTU_1862	0	0	0	0	0	0	0	0	0	2	1	0	0	0	2	0	1	0	0	2	0	0
OTU_1122	0	0	0	0	8	0	0	0	0	0	0	1	0	0	0	0	1	0	0	1	0	0
OTU_1652	0	0	6	0	0	0	0	0	0	1	0	0	0	0	0	3	0	0	0	0	0	0
OTU_1332	0	1	8	0	0	0	0	1	0	0	2	0	1	0	0	4	5	0	0	0	0	0
OTU_963	0	0	0	0	0	0	0	0	0	0	0	0	0	0	0	0	0	16	0	0	0	0
OTU_1514	13	0	0	0	0	0	0	0	0	0	0	0	0	0	0	0	0	0	0	0	0	0
OTU_528	0	0	0	0	8	0	18	0	0	0	0	7	0	4	0	2	15	0	2	0	0	0
OTU_1508	1	0	0	0	0	0	0	0	0	0	0	0	0	9	0	0	0	0	0	0	0	0
OTU_959	0	0	0	0	0	0	28	0	5	0	0	0	0	0	0	0	0	0	0	0	0	0
OTU_802	0	0	0	0	4	0	0	4	0	11	0	0	0	0	12	0	0	0	0	0	0	0
OTU_1473	0	0	0	0	0	0	4	0	0	0	0	0	0	0	0	0	0	0	0	0	0	0
OTU_988	0	20	0	0	0	0	0	0	0	0	0	0	0	0	0	0	0	0	0	0	0	0
OTU_1509	0	0	0	2	0	0	0	0	1	0	0	0	0	0	0	0	0	0	0	0	0	0
OTU_1448	0	0	0	0	0	0	1	0	0	0	0	0	0	11	0	0	0	0	0	0	0	0
OTU_849	0	0	0	0	0	0	0	0	0	0	0	0	0	0	0	0	0	0	0	0	0	21
OTU_1301	0	5	0	0	0	0	0	0	0	0	0	0	0	0	0	0	0	7	0	0	0	0
OTU_1028	1	0	1	0	0	0	1	0	0	1	0	0	0	0	0	8	9	0	0	0	0	0
OTU_1605	0	0	0	0	0	0	0	0	0	0	0	0	0	0	0	1	4	0	0	0	0	0
OTU_1614	0	0	0	0	0	0	0	6	0	0	0	0	0	0	0	0	0	0	0	0	0	0
OTU_815	0	0	0	26	1	0	0	0	0	0	0	0	0	0	0	0	0	0	0	0	0	0
OTU_1567	0	0	0	0	0	0	1	0	0	0	1	1	0	1	0	0	0	0	6	6	0	0
OTU_1006	0	0	0	0	0	0	0	0	0	0	0	0	0	0	0	0	0	15	0	0	0	0
OTU_880	0	0	0	0	1	0	0	0	0	1	0	0	0	2	4	3	1	0	0	4	0	0
OTU_1035	2	0	0	0	2	0	7	0	0	2	0	3	0	0	0	7	0	0	0	0	0	0
OTU_1354	0	0	0	0	0	0	0	0	0	0	0	0	0	1	0	0	0	0	8	0	0	0
OTU_456	0	23	0	0	0	1	0	0	0	0	45	0	0	0	0	0	1	0	2	1	0	0
OTU_1820	0	0	0	0	0	0	0	0	0	0	0	0	0	0	0	0	9	0	0	0	0	0
OTU_668	0	0	0	0	0	0	0	0	0	0	0	0	0	0	0	0	0	43	0	0	0	0
OTU_1646	3	0	0	4	0	0	0	0	31	1	1	0	0	2	0	2	1	0	0	10	0	0
OTU_1647	3	0	2	0	0	0	0	3	0	0	0	0	0	0	0	0	0	0	0	0	0	0
OTU_794	0	0	0	19	0	0	0	0	3	0	1	0	0	1	0	5	2	0	0	0	0	0
OTU_1885	0	0	0	4	0	0	0	0	0	0	0	0	0	0	0	0	0	0	0	0	0	0
OTU_1209	1	0	3	0	2	1	0	0	0	0	0	0	0	0	0	2	0	0	0	0	0	0
OTU_1165	0	0	0	0	0	0	0	0	0	0	0	0	10	0	0	0	0	0	0	0	0	0
OTU_629	0	0	0	0	0	0	2	0	2	0	0	4	0	1	0	0	12	0	24	1	0	0
OTU_1276	0	0	0	0	0	5	0	0	1	0	0	0	0	0	0	0	0	0	0	0	0	0
OTU_1086	0	0	0	0	0	0	0	0	0	18	0	0	0	0	8	0	0	0	0	0	0	0
OTU_803	0	0	0	0	0	0	0	0	0	0	0	0	0	0	0	0	0	0	0	0	0	22
OTU_560	12	0	9	12	0	1	0	4	1	12	4	0	0	0	11	3	2	0	0	0	0	0
OTU_1187	0	0	1	0	0	1	3	0	0	0	0	0	0	4	0	0	0	0	0	4	0	0
OTU_825	0	0	7	3	0	10	1	0	0	1	1	2	0	6	0	0	0	0	0	0	0	0
OTU_858	0	0	0	9	0	0	0	0	0	0	0	0	0	0	0	12	0	0	0	0	0	0
OTU_1287	0	0	0	0	0	0	0	0	0	0	1	0	0	0	0	4	0	0	0	0	0	8
OTU_1397	0	8	0	0	0	0	0	0	0	0	1	0	0	2	0	0	0	0	1	0	0	0
OTU_1166	5	0	0	1	0	0	0	0	0	0	0	0	3	0	0	0	0	0	0	1	0	0
OTU_584	0	0	0	0	0	0	0	1	0	0	3	0	0	0	0	0	0	41	1	0	0	0
OTU_799	7	0	6	1	0	1	0	4	0	7	0	0	0	0	0	9	0	0	0	0	0	0
OTU_602	0	0	1	0	0	0	0	0	0	0	0	0	0	0	0	0	0	0	0	0	53	0
OTU_1146	0	0	3	0	0	0	0	0	0	0	3	0	0	3	0	0	0	0	0	0	0	0
OTU_660	1	0	0	4	0	2	0	2	0	2	0	0	0	0	9	22	0	0	0	0	0	0
OTU_742	0	0	0	0	0	0	0	0	0	0	0	0	0	0	0	35	0	0	0	0	0	0
OTU_1393	0	0	0	0	1	0	1	0	0	0	0	0	0	0	0	0	0	0	5	0	0	0
OTU_1333	1	5	0	0	0	0	0	0	0	1	0	0	0	0	3	2	0	0	0	0	0	0
OTU_1101	0	0	0	2	0	1	0	0	0	1	3	2	0	0	0	0	1	0	0	0	0	0
OTU_719	0	0	0	0	0	0	2	1	0	2	0	4	0	0	13	0	0	0	7	6	0	0
OTU_968	0	0	0	37	1	1	0	0	2	3	0	0	0	3	0	0	0	0	0	0	0	0
OTU_1556	0	0	0	0	0	0	0	0	0	0	0	0	8	0	0	0	0	0	0	0	0	0
OTU_1082	0	6	0	0	1	0	2	0	0	0	0	0	0	0	0	0	0	0	3	0	0	0
OTU_1155	0	0	0	0	0	0	0	0	0	0	0	0	6	0	0	0	0	0	0	0	0	0
OTU_1544	1	0	0	2	0	0	0	0	3	0	0	0	0	0	0	0	0	0	0	0	0	0
OTU_944	0	0	1	0	0	5	0	9	0	1	0	0	0	0	0	4	0	0	0	0	0	0
OTU_1123	1	0	0	0	0	0	0	0	0	1	1	3	0	0	0	9	1	0	0	0	0	0
OTU_1223	0	0	0	4	0	0	0	0	0	1	0	0	0	15	0	0	0	0	0	0	0	0
OTU_1857	0	0	0	0	0	0	2	0	0	0	0	0	0	0	0	0	0	0	0	0	0	0
OTU_1219	3	0	0	0	0	2	0	3	0	7	0	0	0	0	0	0	0	0	0	0	0	0
OTU_1189	0	11	0	0	0	0	0	1	1	1	6	0	0	0	0	0	0	0	0	7	0	0
OTU_985	0	0	0	0	7	0	0	0	0	0	0	0	0	0	0	0	0	0	6	3	0	0
OTU_494	0	0	0	0	0	0	0	63	0	5	0	0	0	0	0	0	0	0	0	0	0	0
OTU_652	0	0	0	10	0	0	12	0	0	0	0	5	0	0	0	0	1	0	8	0	0	0
OTU_1265	0	0	0	2	0	0	0	0	1	1	1	2	0	1	0	0	0	0	1	0	0	0
OTU_1450	0	0	0	0	0	0	0	0	0	0	0	0	0	0	0	10	1	0	0	0	0	0
OTU_1071	0	0	2	0	0	0	0	0	19	0	12	0	0	6	0	0	3	0	1	0	0	0
OTU_1271	0	0	0	0	5	0	0	1	0	0	1	0	0	3	0	0	0	0	4	0	0	0
OTU_1561	0	0	1	0	0	0	0	0	0	1	0	0	0	0	0	0	2	0	0	0	0	0
OTU_967	0	0	4	0	3	1	0	0	1	4	2	0	0	0	0	5	0	0	0	0	0	0
OTU_1589	0	0	0	0	0	1	0	0	0	0	0	0	0	0	0	11	0	0	0	0	0	0
OTU_842	0	0	0	0	8	0	3	0	0	0	0	3	0	0	0	0	0	0	4	2	0	0
OTU_1956	0	1	0	0	0	0	0	0	0	0	0	0	0	0	0	0	0	0	0	0	0	4
OTU_906	2	13	1	0	0	0	3	0	3	2	0	0	0	0	0	0	3	0	0	3	0	0
OTU_887	0	0	0	0	0	0	0	0	0	0	0	0	0	0	0	0	0	0	0	0	0	20
OTU_1073	0	0	0	0	0	0	0	0	0	0	0	0	0	0	0	1	4	0	3	0	0	0
OTU_634	4	0	3	3	0	0	0	0	30	6	0	0	0	0	0	0	0	0	0	0	0	0
OTU_1876	0	0	0	0	0	0	0	0	0	0	2	0	0	0	0	0	0	0	0	0	0	0
OTU_1750	0	0	1	3	0	0	0	0	0	0	0	0	0	0	0	0	0	0	0	0	0	0
OTU_835	4	0	3	0	0	0	0	0	0	0	9	0	0	0	2	0	0	0	0	0	0	0
OTU_891	0	0	0	0	0	0	0	0	0	0	0	0	0	0	0	0	0	20	0	0	0	0
OTU_961	3	0	13	3	0	0	0	2	2	1	1	1	0	0	3	0	0	0	0	0	0	0
OTU_1032	1	0	0	3	0	4	0	0	0	0	6	0	0	0	0	2	0	0	0	0	0	0
OTU_837	15	0	3	0	0	0	0	1	0	19	6	0	0	0	14	0	0	0	0	0	0	0
OTU_820	1	0	0	2	0	0	0	0	0	0	0	1	0	16	0	0	0	0	2	2	0	0
OTU_1107	0	0	0	16	0	0	0	0	0	0	0	0	0	0	0	0	4	0	0	0	0	0
OTU_1415	0	0	0	0	0	0	0	0	9	0	0	0	0	0	0	0	0	0	0	0	0	0
OTU_1780	0	0	0	3	6	0	2	0	0	0	0	0	0	0	0	0	0	0	1	0	0	0
OTU_946	0	0	0	0	0	0	9	0	0	0	0	0	0	6	0	0	0	0	0	17	0	0
OTU_1026	0	0	7	0	1	8	3	0	0	1	0	1	0	2	0	0	0	0	0	0	0	0
OTU_1804	0	0	0	0	0	0	0	0	0	0	0	2	0	0	0	0	0	0	0	0	0	0
OTU_1693	5	0	3	1	0	10	0	1	0	4	14	0	0	0	0	0	0	0	0	0	0	0
OTU_890	0	0	0	0	0	0	0	0	0	0	0	0	0	0	0	20	0	0	0	0	0	0
OTU_1936	0	0	0	0	0	0	0	0	0	0	0	0	0	0	0	0	2	0	0	0	0	0
OTU_1498	0	0	0	0	0	0	0	0	0	0	0	0	0	0	0	0	4	0	0	0	0	0
OTU_1196	0	0	0	0	0	0	0	0	3	0	0	0	0	0	0	9	0	0	0	0	0	0
OTU_960	0	0	0	0	0	0	0	0	0	0	0	0	25	0	0	0	0	0	0	0	0	0
OTU_867	0	0	0	0	0	0	0	21	0	0	0	0	0	0	0	0	0	0	0	0	0	0
OTU_1379	3	0	5	4	0	4	0	0	0	1	0	0	0	0	0	0	0	0	0	0	0	0
OTU_1322	0	0	0	0	0	0	0	0	0	0	0	0	0	0	0	6	0	0	0	0	0	0
OTU_893	0	0	0	0	0	3	0	22	0	0	0	0	0	0	0	0	0	0	0	0	0	0
OTU_1199	0	0	0	0	0	0	0	0	0	4	0	0	0	1	5	12	0	0	0	0	0	0
OTU_1108	0	16	0	0	0	0	0	0	0	0	0	0	0	0	0	0	0	0	0	0	0	0
OTU_751	0	0	0	0	0	29	0	0	0	0	0	0	0	0	0	0	0	0	0	0	0	0
OTU_923	0	0	0	1	0	0	0	0	0	0	0	0	0	0	0	3	19	0	0	0	0	0
OTU_1727	0	0	0	0	0	0	0	0	0	0	0	0	0	0	0	0	0	4	0	0	0	0
OTU_1376	0	0	0	0	0	0	0	0	0	0	0	0	0	0	0	0	0	0	0	0	0	9
OTU_1562	0	0	0	0	1	0	0	0	0	0	0	1	0	2	0	0	0	0	1	2	0	0
OTU_1268	0	0	0	1	0	5	0	0	0	0	0	0	0	0	0	0	0	0	0	0	0	0
OTU_808	0	0	0	0	0	21	0	0	0	0	0	0	0	0	0	0	0	0	0	0	0	0
OTU_1651	0	0	0	0	0	0	0	0	0	0	0	0	0	0	0	0	0	8	0	0	0	0
OTU_1154	0	0	5	0	0	5	0	0	0	0	0	0	0	0	0	0	0	0	0	0	0	0
OTU_1898	0	0	0	0	0	1	0	3	0	0	0	0	0	0	0	0	0	0	0	0	0	0
OTU_1300	3	0	1	0	0	0	0	1	0	1	3	0	0	0	0	0	0	0	0	0	0	0
OTU_1175	0	12	0	0	0	0	0	0	0	0	0	0	0	0	0	0	0	0	0	0	0	0
OTU_1814	0	0	0	0	0	0	0	0	0	0	2	0	0	0	0	0	0	0	0	0	0	0
OTU_428	2	7	0	7	0	18	0	11	1	2	4	0	0	0	3	27	17	0	0	0	0	0
OTU_1689	1	0	0	0	0	0	0	0	0	0	0	0	1	1	0	0	0	0	0	1	0	0
OTU_1685	0	0	0	0	0	0	0	0	0	0	0	0	0	0	0	0	0	4	0	0	0	0
OTU_969	0	0	0	0	0	0	1	0	5	12	0	0	0	0	7	0	1	0	0	0	0	0
OTU_699	0	37	0	0	0	0	0	0	0	0	0	0	0	0	0	0	0	0	0	0	0	0
OTU_1453	1	0	4	2	0	0	0	0	0	0	0	0	0	0	0	1	1	0	1	0	0	0
OTU_1114	10	0	1	1	0	0	1	1	0	0	0	0	0	0	0	0	2	0	8	0	0	0
OTU_1262	0	0	0	0	0	0	0	0	0	0	0	0	0	12	0	13	0	0	0	0	0	0
OTU_1307	0	0	0	0	1	0	1	1	1	1	0	1	0	0	0	0	2	0	1	1	0	0
OTU_1193	0	0	1	0	0	2	0	0	1	0	0	0	0	0	0	15	0	0	0	0	0	0
OTU_1366	0	0	0	0	0	0	0	0	0	0	2	0	1	0	0	0	0	7	0	0	0	0
OTU_866	0	0	0	0	0	0	5	0	0	0	0	0	0	22	0	0	0	0	0	0	0	0
OTU_644	2	0	10	20	2	1	17	0	2	0	0	1	0	0	1	6	15	0	1	0	0	0
OTU_1024	0	0	0	4	0	0	0	0	5	2	0	3	0	0	0	0	1	0	1	3	0	0
OTU_1581	0	0	0	0	0	0	0	0	0	0	5	0	0	0	0	0	0	0	0	0	0	0
OTU_1753	0	0	0	0	3	0	0	0	0	0	0	0	0	0	0	0	0	0	0	0	0	0
OTU_1437	2	0	1	0	0	4	0	0	0	0	0	0	0	0	1	0	0	0	0	0	0	0
OTU_775	0	0	0	0	0	0	0	0	0	0	0	0	0	0	0	0	0	0	0	24	0	0
OTU_539	3	0	55	0	0	9	0	0	0	1	2	0	0	0	0	0	0	0	0	0	0	0
OTU_1099	14	0	0	0	0	0	0	1	0	0	0	0	0	0	0	0	0	0	0	0	0	0
OTU_669	0	0	0	0	0	0	0	0	0	0	0	0	0	0	0	0	0	31	0	0	0	0
OTU_2002	0	0	1	0	0	0	0	0	0	0	1	1	0	0	0	0	1	0	0	0	0	0
OTU_1640	0	0	0	0	0	0	0	0	0	0	0	0	0	0	0	0	0	0	0	0	0	8
OTU_973	0	0	9	0	0	0	0	0	4	0	0	2	0	0	0	0	2	0	0	0	0	0
OTU_717	0	0	2	0	0	0	0	0	0	0	0	0	0	0	3	40	0	0	0	0	0	0
OTU_994	0	0	1	0	0	0	1	0	0	0	0	0	0	3	0	0	0	0	12	0	0	0
OTU_1385	0	0	0	0	0	0	0	0	5	0	0	0	0	0	0	0	0	0	0	0	0	0
OTU_1551	0	0	0	7	0	0	0	0	0	0	0	0	0	0	0	0	0	0	0	0	0	0
OTU_1275	0	0	0	0	0	0	0	0	0	0	0	0	0	0	0	0	5	0	0	0	0	0
OTU_1335	3	0	2	0	0	0	0	0	0	0	0	0	0	0	0	0	0	0	0	0	0	0
OTU_874	0	0	0	0	3	0	5	0	0	0	0	2	0	9	0	0	0	0	16	15	0	0
OTU_725	0	0	0	2	0	0	0	0	3	0	0	0	0	0	0	1	28	0	0	0	0	0
OTU_1149	0	0	0	0	0	0	0	0	0	0	3	0	0	0	0	11	0	0	0	0	0	0
OTU_760	26	0	0	7	11	10	0	1	0	0	2	0	0	0	0	5	0	0	1	0	0	0
OTU_1115	0	0	0	0	13	0	0	0	0	0	0	0	0	0	0	0	0	0	0	0	0	0
OTU_1639	0	0	0	0	0	0	0	0	4	0	5	0	0	0	0	0	0	0	0	0	0	0
OTU_1227	0	13	0	0	0	0	0	0	0	0	0	0	0	0	0	0	0	0	0	0	0	0
OTU_1168	0	0	0	7	0	0	0	0	0	0	0	0	0	0	0	0	1	0	0	0	0	0
OTU_1412	0	0	0	1	0	0	0	5	0	0	0	0	0	11	0	0	0	0	0	0	0	0
OTU_804	5	0	0	0	11	0	2	0	0	0	0	0	0	0	0	0	0	0	1	0	0	0
OTU_687	2	0	0	0	0	0	3	2	0	1	0	0	0	0	4	0	0	0	0	0	0	27
OTU_1905	0	0	0	0	1	0	0	0	0	0	0	0	0	0	0	0	0	0	0	1	0	0
OTU_1359	0	0	0	0	0	0	0	0	0	0	0	0	0	0	0	0	0	0	8	0	0	0
OTU_1849	0	0	0	0	0	0	0	0	0	0	0	0	0	0	0	0	5	0	0	0	0	0
OTU_1336	0	0	0	0	0	1	0	0	0	1	1	0	0	0	2	3	0	0	0	0	0	0
OTU_829	0	0	1	2	3	0	1	0	0	0	0	0	0	14	0	0	1	0	7	31	0	0
OTU_1068	0	0	0	0	0	0	0	0	0	0	0	0	0	0	0	0	0	8	0	0	0	0
OTU_647	0	0	0	8	0	0	0	0	36	0	0	0	0	0	0	0	0	0	0	0	0	0
OTU_1215	0	0	0	0	0	0	0	0	0	0	0	0	0	2	0	0	0	15	0	0	0	0
OTU_726	3	7	0	0	0	2	1	10	0	6	0	4	0	0	1	2	1	0	1	2	0	0
OTU_1341	0	0	0	0	0	0	0	0	0	0	0	0	0	0	0	0	0	4	0	0	0	0
OTU_1075	0	0	0	0	1	0	1	0	0	0	0	0	0	0	0	0	0	0	4	3	0	0
OTU_1572	0	0	0	0	0	0	0	0	0	0	0	0	4	0	0	0	0	0	0	0	0	0
OTU_1344	0	0	0	0	0	2	0	0	0	2	0	0	0	0	1	0	0	0	0	0	0	0
OTU_746	0	0	1	1	1	0	10	0	0	0	0	1	0	5	0	0	0	0	8	0	0	0
OTU_1944	0	0	0	0	0	0	0	0	0	0	0	3	0	0	0	0	0	0	0	0	0	0
OTU_1156	0	0	0	0	0	0	0	0	3	0	7	0	0	0	0	0	0	0	0	9	0	0
OTU_1979	0	0	0	0	0	0	0	0	0	0	0	0	0	0	0	0	0	0	6	0	0	0
OTU_810	0	0	0	16	0	0	0	0	0	0	0	0	0	0	0	0	1	9	0	0	0	0
OTU_1836	0	0	0	0	0	0	0	0	0	0	0	0	0	0	0	0	0	8	0	0	0	0
OTU_1057	2	0	15	0	0	0	0	0	0	0	0	0	0	0	0	0	0	0	0	0	0	0
OTU_930	0	0	0	0	0	0	0	0	13	0	0	0	0	0	0	0	3	0	0	0	0	0
OTU_1077	0	0	0	3	0	0	0	0	0	0	0	0	0	0	0	6	2	0	0	0	0	0
OTU_980	0	0	9	6	0	0	0	1	0	0	0	0	0	0	0	0	0	0	0	0	0	0
OTU_1284	0	0	0	0	0	0	0	0	0	4	0	0	0	0	3	0	0	0	0	0	0	0
OTU_1061	0	0	0	0	0	0	0	0	0	0	0	0	0	0	0	0	0	14	0	0	0	0
OTU_764	0	0	0	22	0	0	0	0	0	0	0	0	0	7	0	0	6	0	2	0	0	0
OTU_1588	1	0	1	0	0	0	0	2	0	0	0	0	0	0	0	0	0	0	0	0	0	0
OTU_781	2	0	13	0	0	1	0	2	0	2	15	0	0	0	0	0	0	0	0	0	0	0
OTU_1184	0	0	0	0	1	0	0	0	0	0	0	0	0	0	0	0	0	11	0	0	0	0
OTU_1368	0	0	0	6	0	0	1	0	0	0	0	0	0	0	0	0	2	0	0	0	0	0
OTU_1583	0	0	8	0	0	0	0	0	0	0	0	0	0	0	0	0	0	0	2	0	0	0
OTU_1039	2	0	1	1	0	1	0	0	0	2	0	0	0	0	1	0	0	0	0	0	0	0
OTU_1746	0	0	0	0	0	0	0	0	1	0	0	0	0	0	0	0	1	0	0	0	0	0
OTU_1607	0	0	2	0	0	2	0	0	0	0	0	0	0	0	0	1	1	0	0	1	0	0
OTU_766	0	0	0	0	0	0	0	0	0	0	0	0	0	0	3	0	0	0	0	0	0	46
OTU_1326	0	0	0	0	0	1	0	0	0	0	0	0	0	0	0	0	0	10	0	0	0	0
OTU_1863	4	0	0	0	0	0	0	0	0	0	0	0	0	0	0	0	0	0	0	0	0	0
OTU_792	0	0	0	0	0	5	0	0	0	0	0	0	21	0	0	0	0	0	0	0	0	0
OTU_1197	0	0	0	0	1	0	0	0	0	0	0	0	0	1	0	0	0	0	8	0	0	0
OTU_1948	0	0	0	0	0	0	0	0	0	0	0	0	0	0	0	0	6	0	0	0	0	0
OTU_1626	0	0	2	0	0	4	0	0	0	3	0	0	0	0	0	0	0	0	0	0	0	0
OTU_1369	0	0	0	3	0	0	0	0	0	0	0	0	0	7	0	0	0	0	0	0	0	0
OTU_841	0	0	0	0	0	0	0	0	0	0	2	0	5	0	4	0	0	10	0	0	0	0
OTU_1328	0	0	0	3	0	1	0	1	0	0	1	0	0	0	0	0	0	0	0	0	0	0
OTU_1474	0	0	0	1	0	0	0	0	0	0	0	0	0	0	0	10	15	0	0	0	0	0
OTU_1126	0	0	0	0	0	0	0	0	0	0	0	0	8	0	0	0	0	0	0	0	0	0
OTU_1810	0	0	0	0	0	0	0	0	0	0	2	0	0	0	0	0	1	0	3	0	0	0
OTU_1563	0	0	0	8	0	0	0	0	0	0	0	0	0	0	0	0	0	0	0	0	0	0
OTU_1051	0	0	0	0	0	0	0	0	0	3	2	0	3	8	0	0	0	0	0	0	0	0
OTU_990	2	0	1	1	0	3	0	1	0	4	0	0	0	0	2	3	0	0	0	0	0	0
OTU_1516	0	0	0	0	0	0	0	0	0	4	2	0	0	0	0	0	1	0	0	0	0	0
OTU_682	0	0	0	0	0	0	0	1	0	0	0	0	0	0	0	30	3	0	0	0	0	0
OTU_1244	0	0	0	0	0	7	0	0	3	0	0	0	0	0	0	0	0	0	1	0	0	0
OTU_1216	0	0	0	0	0	0	0	0	0	0	0	0	0	0	0	0	0	0	11	0	0	0
OTU_910	0	14	0	0	0	0	0	0	0	0	0	0	0	0	0	0	0	0	0	0	0	0
OTU_1537	0	0	0	0	1	0	1	0	0	0	0	3	0	0	0	1	0	0	1	0	0	0
OTU_1789	0	0	0	0	0	0	0	0	0	0	0	0	0	0	0	0	0	2	0	0	0	0
OTU_1774	0	0	0	0	0	0	0	0	0	0	0	0	0	0	0	0	3	0	0	0	0	0
OTU_1357	1	0	0	0	0	0	0	0	6	0	0	0	0	0	0	0	0	0	0	3	0	0
OTU_983	0	0	0	0	0	0	0	0	0	0	0	0	13	0	0	6	0	0	0	0	0	0
OTU_1684	0	0	0	0	0	0	0	0	0	0	0	0	0	6	0	0	0	0	0	0	0	0
OTU_1747	0	0	0	0	0	0	6	0	0	0	1	1	0	0	0	0	0	0	1	0	0	0
OTU_1449	0	0	0	0	0	2	0	0	0	0	2	0	0	0	0	0	0	0	0	0	0	0
OTU_1483	0	8	0	0	0	0	0	0	0	0	0	0	0	0	0	0	0	0	0	0	0	0
OTU_903	0	0	0	0	0	0	0	0	0	0	0	0	0	0	0	4	0	11	0	0	0	0
OTU_1950	0	0	0	0	0	0	0	0	0	0	0	0	0	0	0	4	0	0	0	0	0	0
OTU_1623	0	0	4	0	0	1	0	0	0	0	0	0	0	0	0	0	0	0	0	0	0	0
OTU_1312	3	0	0	0	0	0	0	0	1	0	0	0	0	0	1	0	0	0	0	0	0	0
OTU_1740	0	0	0	0	0	0	0	0	0	0	0	0	0	0	0	0	0	0	0	0	0	2
OTU_1619	0	0	0	0	0	0	0	0	0	0	0	0	0	0	0	0	2	0	0	4	0	0
OTU_721	0	29	0	0	0	0	0	0	0	0	0	0	0	0	0	0	0	0	0	0	0	0
OTU_1241	0	0	0	2	0	0	4	0	0	0	0	0	0	0	0	0	0	0	0	1	0	0
OTU_1634	0	0	0	0	0	0	0	0	0	0	0	0	0	0	0	0	0	0	4	1	0	0
OTU_1225	0	0	0	0	0	0	0	0	16	0	0	0	0	0	0	0	0	0	0	0	0	0
OTU_1627	0	0	0	0	0	0	0	0	0	3	0	0	0	0	0	0	0	0	0	3	0	0
OTU_1045	0	0	0	0	0	0	0	0	0	0	0	0	0	0	0	0	0	14	0	0	0	0
OTU_1515	6	0	0	0	0	0	0	1	0	0	1	0	0	0	0	0	0	0	0	0	0	0
OTU_735	0	0	0	0	0	0	0	0	0	0	0	0	0	0	0	0	27	0	0	0	0	0
OTU_1744	0	0	0	0	0	0	0	0	0	0	0	1	0	0	0	0	0	0	0	3	0	0
OTU_1610	0	0	0	0	0	0	0	0	0	0	0	0	0	0	0	0	0	0	0	4	0	0
OTU_1427	0	0	0	0	4	0	0	0	0	0	0	0	0	0	0	0	0	0	0	4	0	0
OTU_1592	0	0	0	0	0	0	0	0	0	0	0	0	0	0	0	8	1	0	0	0	0	0
OTU_1222	0	0	0	1	0	0	0	0	4	0	0	0	0	0	0	0	6	0	0	0	0	0
OTU_1009	0	0	0	0	0	0	10	0	0	0	0	0	0	5	0	0	1	0	0	2	0	0
OTU_989	5	0	0	1	0	0	0	0	0	5	0	0	0	0	11	0	0	0	0	0	0	0
OTU_1317	0	0	1	0	0	10	0	0	0	0	0	0	0	0	0	0	0	0	0	0	0	0
OTU_1324	0	0	0	0	1	0	0	0	0	0	0	0	0	0	0	0	0	0	7	0	0	0
OTU_1798	0	0	1	1	0	0	0	0	0	0	0	0	0	0	0	0	0	0	0	0	0	0
OTU_1034	0	0	0	0	0	0	0	0	0	0	0	0	0	0	0	9	0	0	0	0	0	0
OTU_995	0	0	0	0	0	0	0	0	0	0	0	0	0	0	0	0	0	14	0	0	0	0
OTU_1904	0	0	1	0	0	0	0	0	1	2	0	0	0	0	0	1	0	0	0	0	0	0
OTU_844	0	3	0	0	0	0	0	0	0	0	0	0	0	0	0	0	0	19	0	0	0	0
OTU_1190	0	0	0	0	0	0	0	0	0	0	0	0	2	0	3	4	0	0	0	0	0	0
OTU_1839	0	0	0	0	0	0	0	0	0	0	0	0	0	0	0	0	0	0	0	0	0	2
OTU_1174	0	0	0	19	0	1	0	0	0	0	0	0	0	0	0	0	2	0	0	0	0	0
OTU_683	0	23	0	0	0	0	0	0	0	0	0	0	0	0	0	0	0	20	0	0	0	0
OTU_1248	0	0	0	0	0	0	0	0	6	0	0	0	0	0	0	0	0	0	0	0	0	0
OTU_997	0	0	0	0	0	1	0	0	0	0	17	0	0	0	0	0	0	0	0	0	0	0
OTU_1642	0	0	0	0	0	0	0	0	0	0	0	0	0	0	0	0	0	0	0	9	0	0
OTU_1343	0	0	0	0	0	0	0	0	0	0	0	0	0	0	0	0	1	0	1	2	0	0
OTU_1466	0	2	0	0	0	0	0	0	0	0	2	0	0	0	0	0	0	0	0	0	0	0
OTU_852	0	0	0	0	3	0	3	0	0	0	0	2	0	3	0	0	0	0	6	6	0	0
OTU_911	0	9	2	0	0	0	0	0	0	0	0	1	7	0	0	0	0	0	0	0	0	0
OTU_1788	0	0	0	0	0	0	0	0	4	0	0	0	0	0	0	0	0	0	0	0	0	0
OTU_821	0	0	0	0	0	0	0	24	0	0	0	0	0	0	0	0	0	0	0	0	0	0
OTU_1796	2	0	0	0	0	0	0	0	0	0	0	0	0	0	0	0	0	0	0	0	0	0
OTU_1681	0	0	0	0	0	0	0	9	0	0	0	0	0	0	0	0	0	0	0	0	0	0
OTU_1511	0	0	0	0	0	1	0	0	0	0	0	0	0	0	4	0	1	0	0	0	0	0
OTU_1899	0	0	0	1	0	0	0	0	0	0	0	0	0	0	0	0	0	0	1	3	0	0
OTU_1435	0	0	0	0	0	0	0	0	0	0	0	5	0	0	0	0	0	0	0	0	0	0
OTU_1043	0	0	0	0	1	0	0	0	0	0	0	10	0	0	0	0	1	0	2	0	0	0
OTU_984	0	0	1	3	3	1	0	2	0	0	1	0	0	0	0	1	0	0	0	0	0	0
OTU_1065	0	0	1	1	0	0	1	0	0	0	0	3	0	3	0	1	0	0	1	2	0	0
OTU_1495	0	0	0	0	0	0	0	0	0	0	0	0	0	0	0	0	0	0	0	3	0	0
OTU_1391	5	0	0	0	0	0	0	0	0	0	0	0	0	0	0	0	0	0	0	0	0	0
OTU_1896	0	0	0	0	0	0	0	3	0	0	0	0	0	0	0	0	0	0	0	0	0	0
OTU_1800	0	0	0	0	0	0	0	0	0	0	5	0	0	0	0	0	0	0	0	4	0	0
OTU_1831	0	0	0	0	0	0	0	0	0	0	1	0	0	0	0	0	0	0	5	0	0	0
OTU_1054	0	0	0	0	1	0	7	0	0	1	0	2	0	0	0	0	0	0	2	0	0	0
OTU_1897	0	0	1	0	1	0	1	0	1	0	0	0	0	0	0	0	0	0	0	0	0	0
OTU_919	9	0	1	0	1	0	0	2	0	6	1	1	0	2	0	0	0	0	0	2	0	0
OTU_833	0	0	0	0	0	0	2	0	1	0	0	0	0	0	0	0	0	0	0	0	0	19
OTU_952	8	0	0	0	0	0	0	2	0	3	0	0	2	0	2	0	0	9	0	0	0	0
OTU_1013	0	0	0	0	0	0	1	1	0	0	0	0	0	0	0	0	0	0	0	0	0	20
OTU_712	0	0	0	2	1	0	18	0	1	0	0	0	0	0	0	7	0	0	1	0	0	0
OTU_1484	1	1	1	1	0	0	0	0	1	0	1	0	1	1	1	0	0	0	1	0	0	0
OTU_620	0	0	0	0	0	0	0	0	0	0	0	0	9	0	5	0	0	39	0	0	0	0
OTU_1801	3	0	1	0	0	0	0	0	0	0	0	0	0	0	0	0	0	0	0	0	0	0
OTU_1151	0	7	0	0	0	0	0	0	0	0	2	0	0	0	0	3	3	0	0	0	0	0
OTU_1229	0	0	0	0	3	0	1	0	0	0	0	0	0	0	0	0	0	0	2	1	0	0
OTU_1408	0	0	0	0	0	0	5	0	0	0	0	0	0	0	0	0	0	0	0	0	0	0
OTU_1815	0	0	0	0	1	0	0	0	0	0	0	0	0	0	0	0	0	0	4	0	0	0
OTU_1403	7	0	0	0	0	0	3	0	0	0	0	0	1	0	0	0	0	0	0	0	0	0
OTU_981	0	0	0	3	0	0	1	0	1	1	0	3	0	3	0	1	0	0	3	0	0	0
OTU_965	0	0	16	0	0	0	0	1	0	0	0	0	0	0	0	0	0	0	0	0	0	0
OTU_1886	0	14	0	0	0	0	0	0	0	0	0	0	0	0	0	0	0	0	0	0	0	0
OTU_1362	0	0	1	0	0	0	0	0	0	5	0	0	0	0	2	6	0	0	0	0	0	0
OTU_1494	0	0	0	0	2	0	0	0	0	1	0	4	0	0	0	0	0	0	0	0	0	0
OTU_1235	0	0	0	0	0	0	0	0	0	0	0	6	0	0	0	0	0	0	0	0	0	0
OTU_838	0	0	0	0	0	0	1	0	0	0	0	3	0	15	0	4	1	0	2	0	0	0
OTU_1083	0	0	1	0	0	0	0	0	0	0	11	0	0	0	0	0	0	0	0	0	0	0
OTU_1536	2	0	0	0	0	1	1	1	0	1	0	0	0	0	0	0	0	0	0	3	0	0
OTU_1912	0	0	0	0	0	1	0	0	0	0	0	0	0	0	0	0	1	0	0	0	0	0
OTU_1927	0	0	0	0	5	0	0	0	0	0	0	0	0	0	0	0	0	0	0	0	0	0
OTU_933	0	0	0	0	0	0	1	0	0	0	0	0	0	0	0	0	0	0	13	3	0	0
OTU_1650	0	0	0	0	0	0	0	0	5	0	0	0	0	0	0	0	0	0	0	0	0	0
OTU_1033	0	0	0	0	0	0	0	0	0	0	0	0	0	0	0	0	0	0	10	0	0	0
OTU_1370	0	0	0	0	0	0	0	0	0	0	0	0	0	0	0	0	0	9	0	0	0	0
OTU_772	19	0	4	0	0	0	0	1	0	0	0	3	0	0	0	0	1	0	0	0	0	0
OTU_1900	0	2	0	0	0	0	0	0	0	0	0	0	0	0	0	0	0	0	0	0	0	0
OTU_1748	0	0	2	0	0	0	0	0	0	0	0	1	0	0	0	0	1	0	0	0	0	0
OTU_1144	0	0	2	0	1	0	0	0	0	0	0	0	0	4	0	0	0	0	1	0	0	0
OTU_1475	0	0	0	0	0	0	0	0	2	0	0	5	0	0	0	0	0	0	2	0	0	0
OTU_1866	3	0	0	0	0	0	0	0	0	0	0	0	0	0	0	0	0	0	0	0	0	0
OTU_1656	0	0	0	0	0	0	0	0	0	0	0	0	0	0	0	0	0	0	3	0	0	0
OTU_1771	0	0	2	0	0	1	0	0	0	0	0	0	0	0	0	0	0	0	0	0	0	0
OTU_1008	0	0	0	0	0	0	0	0	0	0	0	0	0	0	0	16	2	0	0	0	0	0
OTU_972	0	0	0	0	0	0	0	0	0	0	0	0	0	0	0	0	16	0	0	0	0	0
OTU_1203	0	0	0	0	1	0	3	0	0	0	2	0	0	1	0	0	0	0	0	0	0	0
OTU_1280	0	0	0	0	9	0	0	0	0	0	0	0	0	0	0	0	0	0	0	0	0	0
OTU_1478	0	0	0	0	0	0	0	0	5	0	0	0	0	0	0	0	0	0	0	0	0	0
OTU_1160	0	0	0	0	0	0	0	0	8	0	0	0	0	0	0	0	0	0	0	0	0	0
OTU_943	0	0	0	13	0	0	0	0	0	0	0	0	0	0	4	0	0	0	0	0	0	0
OTU_1644	0	0	0	0	0	0	0	0	0	0	0	0	0	0	4	4	0	0	0	0	0	0
OTU_1309	0	0	2	9	0	0	0	0	0	1	0	0	0	0	0	0	0	0	0	0	0	0
OTU_1724	0	0	0	0	0	0	0	0	0	0	0	0	4	0	0	0	0	0	0	0	0	0
OTU_1446	0	0	0	0	0	0	0	0	2	0	0	0	0	0	0	3	1	0	0	0	0	0
OTU_1247	0	0	0	0	0	0	0	2	0	0	3	0	0	0	0	0	5	0	0	0	0	0
OTU_917	0	0	0	10	0	0	0	0	0	0	0	0	0	0	0	0	7	0	0	0	0	0
OTU_1507	0	0	0	0	0	0	0	0	7	0	0	0	0	0	0	0	0	0	0	0	0	0
OTU_1545	0	0	1	0	0	0	0	5	0	0	0	0	0	0	0	0	0	0	0	0	0	0
OTU_1920	0	0	0	0	1	0	0	0	0	0	0	1	0	1	0	1	0	0	1	2	0	0
OTU_1822	0	0	0	0	0	0	0	0	2	0	0	0	0	0	0	1	0	0	0	0	0	0
OTU_1465	0	0	1	0	0	0	0	1	0	0	5	0	0	0	0	0	0	0	0	0	0	0
OTU_1911	0	0	0	0	0	0	0	0	0	0	0	0	0	0	2	0	0	0	0	0	0	0
OTU_1571	0	0	1	0	0	0	0	0	7	0	0	0	0	0	0	0	1	0	0	0	0	0
OTU_936	0	0	0	0	2	0	1	0	0	0	0	6	0	0	0	0	0	0	10	6	0	0
OTU_1577	0	0	0	0	0	0	0	0	3	0	0	0	0	0	0	7	0	0	0	0	0	0
OTU_907	6	0	1	0	0	1	0	6	0	0	0	0	0	0	3	0	0	0	0	0	0	0
OTU_1388	0	0	0	0	0	0	0	0	0	0	0	0	0	0	0	5	0	0	0	0	0	0
OTU_951	0	0	0	0	0	0	0	0	0	8	0	0	0	0	13	0	0	0	0	0	0	0
OTU_716	0	0	0	0	0	0	0	0	52	0	0	0	0	0	0	0	0	0	0	0	0	0
OTU_789	3	0	0	6	0	0	0	0	1	0	0	0	0	4	0	13	1	0	0	0	0	0
OTU_1901	0	0	0	0	0	0	0	2	0	0	0	0	0	0	0	0	0	0	0	0	0	0
OTU_1212	0	0	0	0	0	0	0	0	0	0	0	0	0	6	2	0	0	0	0	0	0	0
OTU_1205	0	0	0	0	0	0	0	0	0	0	0	0	0	0	1	1	5	0	0	1	0	0
OTU_1208	0	0	0	0	0	0	0	0	0	0	0	0	0	0	0	11	0	0	0	0	0	0
OTU_1381	0	0	1	8	0	0	1	6	0	0	0	0	0	0	1	0	0	0	0	0	0	0
OTU_1462	0	0	0	0	0	0	0	0	0	0	0	0	0	2	0	0	0	0	0	4	0	0
OTU_1095	0	5	0	0	0	0	0	0	0	0	7	0	0	0	0	0	0	0	0	0	0	0
OTU_1772	0	0	0	0	0	0	0	0	0	0	0	0	0	0	0	0	0	0	0	4	0	0
OTU_1725	0	0	0	0	0	0	0	0	0	0	0	0	0	0	0	2	0	0	0	0	0	0
OTU_1517	0	0	0	0	0	0	0	0	0	0	0	0	0	0	0	0	7	0	0	0	0	0
OTU_1460	4	0	0	0	0	0	0	0	0	0	0	0	0	0	0	0	0	0	0	0	0	0
OTU_1239	0	0	0	0	0	0	0	0	0	0	0	0	0	0	0	0	0	12	0	0	0	0
OTU_1991	0	0	0	0	0	0	5	0	0	0	0	0	0	0	0	8	0	0	0	0	0	0
OTU_871	0	0	0	0	0	0	0	0	2	0	0	0	0	0	0	14	2	0	0	0	0	0
OTU_860	0	20	0	0	0	0	0	1	0	0	1	0	0	0	0	0	0	0	0	0	0	0
OTU_1489	0	0	0	1	0	0	0	0	0	0	0	0	0	0	0	0	7	0	0	0	0	0
OTU_1417	0	0	0	0	0	0	0	0	1	0	0	0	0	0	0	3	0	0	0	0	0	0
OTU_1127	0	0	0	0	1	0	0	0	0	0	0	2	0	1	0	0	0	0	3	2	0	0
OTU_1706	0	0	2	0	0	0	0	0	0	0	0	9	0	1	0	0	0	0	7	0	0	0
OTU_1070	0	0	0	5	0	0	0	0	0	0	0	0	0	0	0	1	1	0	0	0	0	0
OTU_1953	0	0	0	0	0	0	0	0	0	0	0	0	2	2	0	2	0	0	1	1	0	0
OTU_1100	6	0	2	0	0	0	2	9	0	1	0	0	0	0	3	0	0	0	0	0	0	0
OTU_1340	3	0	0	0	0	0	0	2	0	2	2	0	0	0	0	0	0	0	0	0	0	0
OTU_1230	0	0	0	0	0	0	0	0	0	0	0	0	0	10	0	0	0	0	0	0	0	0
OTU_1490	0	0	0	0	0	0	7	0	0	0	0	1	0	1	0	0	0	0	0	0	0	0
OTU_950	0	0	0	0	0	0	0	0	0	0	0	0	0	0	0	4	8	0	0	0	0	0
OTU_1628	0	0	0	0	0	0	0	0	0	0	0	0	0	0	0	0	4	0	0	0	0	0
OTU_1348	0	0	0	0	0	0	0	0	0	0	0	1	0	0	0	0	0	0	4	5	0	0
OTU_1281	0	0	0	0	0	0	0	0	0	0	0	0	9	0	0	0	0	0	0	0	0	0
OTU_1688	1	0	0	2	0	1	0	0	0	4	0	0	0	0	2	0	0	0	0	0	0	0
OTU_1594	0	0	0	6	0	0	0	0	0	0	0	0	0	0	0	0	0	0	0	0	0	0
OTU_1240	0	0	0	0	0	0	0	0	0	0	0	0	0	0	0	0	0	0	9	0	0	0
OTU_1452	0	0	0	0	0	0	2	0	0	0	0	0	0	0	0	6	0	0	0	0	0	0
OTU_1677	0	0	3	1	0	0	0	0	0	0	0	0	0	0	4	3	0	0	0	0	0	0
OTU_1331	0	0	0	0	0	0	0	0	0	0	0	0	0	0	0	0	0	0	0	0	0	10
OTU_1221	0	0	0	0	0	0	0	0	0	0	0	0	0	6	0	0	1	0	0	0	0	0
OTU_1142	2	0	6	0	0	0	0	1	0	0	0	0	0	0	0	0	0	0	0	0	0	0
OTU_1486	0	0	0	1	1	0	1	0	0	0	3	7	0	0	0	0	0	0	0	0	0	0
OTU_1593	0	0	0	4	0	1	2	0	0	0	0	0	0	0	0	0	0	0	0	0	0	0
OTU_1304	0	0	0	0	0	0	0	0	0	0	0	0	0	0	0	0	0	8	0	0	0	0
OTU_1527	0	0	1	0	0	0	0	3	0	0	3	0	0	0	0	0	0	0	0	0	0	0
OTU_1120	0	0	0	0	0	0	0	0	0	2	0	0	0	0	0	0	1	0	5	0	0	0
OTU_1261	0	0	0	0	1	0	2	0	0	0	1	3	0	4	0	0	0	0	0	0	0	0
OTU_1505	0	0	0	0	0	0	1	0	0	0	0	0	0	2	1	0	0	0	0	0	0	0
OTU_1503	0	0	0	0	0	0	0	0	0	3	0	0	0	0	0	0	3	0	0	0	0	0
OTU_826	0	0	0	0	6	0	6	0	0	0	0	7	0	0	0	0	0	0	0	2	0	0
OTU_1612	0	0	0	0	0	7	0	0	0	0	0	0	0	0	0	0	0	0	0	0	0	0
OTU_791	0	0	0	0	0	0	0	27	0	2	0	0	0	0	0	0	0	0	0	0	0	0
OTU_1574	0	11	0	0	0	0	0	0	0	0	0	0	0	0	0	1	0	4	0	0	0	0
OTU_1550	0	0	0	0	0	0	0	0	0	0	0	0	0	0	3	0	3	0	0	0	0	0
OTU_1909	0	0	0	0	0	0	0	0	0	0	0	0	0	0	0	0	3	0	0	0	0	0
OTU_1998	1	0	0	0	0	1	0	0	0	0	1	0	0	0	0	0	0	0	0	0	0	0
OTU_1542	0	4	2	0	0	0	0	0	0	0	0	0	0	0	0	0	0	0	0	0	0	0
OTU_1213	0	13	0	0	0	0	0	0	0	0	0	0	0	0	0	0	0	0	0	0	0	0
OTU_1064	0	0	0	0	4	0	2	0	0	0	0	0	0	0	0	0	0	0	4	2	0	0
OTU_1837	0	0	0	0	0	0	0	0	0	0	0	2	0	0	0	0	0	0	2	0	0	0
OTU_1252	0	0	0	2	0	0	0	1	4	0	1	0	0	0	0	1	0	0	0	0	0	0
OTU_1029	0	0	0	0	0	0	0	0	0	0	0	0	0	0	0	0	0	11	0	0	0	0
OTU_1557	0	0	0	0	0	0	0	0	0	0	0	0	0	0	0	4	0	0	0	0	0	0
OTU_1472	0	0	0	0	0	0	1	0	0	0	0	0	0	0	0	0	3	0	0	0	0	0
OTU_1433	0	0	0	0	0	0	0	0	0	0	0	0	0	0	0	0	0	0	10	0	0	0
OTU_1232	0	0	0	0	0	0	0	0	0	0	0	0	12	0	0	0	0	0	0	0	0	0
OTU_1113	0	0	0	0	0	0	0	0	0	0	0	0	0	0	0	0	0	0	10	0	0	0
OTU_840	0	0	0	0	0	0	0	0	0	0	2	0	0	19	0	0	0	0	0	0	0	0
OTU_1818	0	0	0	2	0	0	0	0	0	0	0	0	0	0	0	0	0	0	0	0	0	0
OTU_1570	0	0	0	5	0	0	0	0	0	0	0	0	0	0	0	2	0	0	0	0	0	0
OTU_1531	0	0	0	0	0	0	0	0	0	0	0	0	0	0	0	0	12	0	0	0	0	0
OTU_1451	0	0	0	0	0	0	0	0	0	0	0	0	0	0	4	0	0	0	0	0	0	0
OTU_1707	2	0	0	0	0	0	0	1	0	2	0	0	0	0	0	0	0	0	0	0	0	0
OTU_1929	3	0	0	0	0	0	0	0	0	0	0	0	0	0	0	0	0	0	0	0	0	0
OTU_1598	0	0	0	3	0	0	0	0	3	0	0	0	0	0	0	0	0	0	0	0	0	0
OTU_1559	0	0	0	0	0	0	0	0	0	1	0	0	0	0	1	0	2	0	0	0	0	0
OTU_1129	0	0	0	0	1	0	0	0	0	0	0	0	0	9	0	0	0	0	5	1	0	0
OTU_1320	0	0	0	0	0	0	0	0	0	0	0	0	0	0	0	0	0	6	0	0	0	0
OTU_1110	0	0	0	0	0	0	0	0	0	0	0	0	0	0	0	0	0	9	0	0	0	0
OTU_1674	0	0	5	0	0	0	0	1	0	0	0	0	0	0	0	0	0	0	0	0	0	0
OTU_1352	3	0	0	0	0	0	0	2	0	1	1	0	0	0	0	0	1	0	0	0	0	0
OTU_1802	0	0	0	4	0	0	0	0	0	0	0	0	0	0	0	0	0	0	0	0	0	0
OTU_1447	0	0	0	0	0	1	0	0	0	0	0	0	0	0	4	0	0	0	0	0	0	0
OTU_1182	0	0	1	1	0	0	0	0	12	0	0	0	0	0	0	0	0	0	0	0	0	0
OTU_1293	3	0	0	0	0	0	0	0	0	0	0	0	0	4	0	0	0	0	0	0	0	0
OTU_1547	0	0	0	0	0	0	0	0	0	0	0	0	0	0	0	0	4	0	0	0	0	0
OTU_1105	0	0	0	0	0	0	0	0	0	0	0	0	11	0	0	0	0	0	0	0	0	0
OTU_1816	0	0	0	0	0	0	2	0	0	0	0	0	0	0	0	0	0	0	0	0	0	0
OTU_1292	0	0	0	0	1	0	7	0	0	0	0	0	0	0	0	0	0	0	0	0	0	0
OTU_1768	0	0	0	2	0	0	0	0	0	0	0	0	0	1	0	0	0	0	6	1	0	0
OTU_920	3	0	0	0	0	0	0	4	0	6	0	0	0	0	6	0	0	0	0	0	0	0
OTU_1942	0	0	0	0	0	0	0	2	0	0	0	0	0	0	0	0	0	0	0	0	0	0
OTU_1723	0	0	0	0	0	0	0	0	0	0	0	0	0	0	0	0	1	0	1	0	0	0
OTU_1179	0	0	0	0	1	0	6	0	0	0	0	1	0	0	0	0	0	0	5	3	0	0
OTU_1755	0	0	0	0	0	0	2	0	0	0	0	0	0	0	0	0	0	0	4	0	0	0
OTU_1903	0	0	0	0	0	0	1	0	0	0	0	0	0	0	0	0	0	0	1	1	0	0
OTU_1941	1	0	0	0	0	0	0	1	0	0	0	0	0	0	1	0	0	0	0	0	0	0
OTU_1458	1	3	0	0	0	0	0	0	0	0	0	0	0	0	0	0	0	0	0	0	0	0
OTU_1907	0	0	0	0	0	0	1	0	1	0	0	0	0	0	0	0	0	0	2	0	0	0
OTU_1234	0	0	0	0	0	0	0	0	5	0	0	0	0	0	0	0	0	0	0	0	0	0
OTU_1121	0	0	0	0	0	0	0	0	0	0	0	0	0	0	0	13	0	0	0	0	0	0
OTU_1218	0	0	0	2	0	0	0	0	0	0	0	0	0	0	6	2	0	0	0	0	0	0
OTU_1546	1	0	0	3	0	0	0	0	1	0	0	1	0	0	2	0	1	0	0	0	0	0
OTU_1540	0	0	0	0	2	0	3	0	0	0	0	0	0	0	0	0	0	0	0	0	0	0
OTU_1210	3	0	0	0	0	0	0	0	0	1	4	0	0	0	0	0	1	0	0	0	0	0
OTU_1919	0	0	0	0	0	0	0	2	0	0	0	0	0	0	0	0	0	0	0	0	0	0
OTU_1659	0	0	0	0	0	0	0	0	0	0	0	0	0	0	0	0	16	0	0	0	0	0
OTU_1587	0	0	0	3	0	0	0	0	1	0	0	2	0	0	0	0	0	0	1	2	0	0
OTU_1364	0	0	1	0	0	0	0	0	0	0	0	0	0	0	0	1	5	0	0	0	0	0
OTU_1918	0	0	0	0	0	0	0	0	1	0	0	0	0	0	0	4	2	0	0	0	0	0
OTU_1135	0	0	0	0	0	0	0	0	0	0	0	0	0	0	0	8	0	0	0	0	0	0
OTU_1512	0	0	0	0	0	0	0	0	0	0	4	0	0	0	0	4	0	0	0	0	0	0
OTU_1721	0	0	0	0	0	0	0	0	2	0	0	0	0	0	0	0	0	0	0	0	0	0
OTU_1090	0	0	0	0	0	0	0	0	0	0	0	0	0	0	0	0	0	0	0	0	0	11
OTU_1906	0	3	0	0	0	0	0	0	0	0	0	0	0	0	0	0	0	0	0	0	0	0
OTU_1405	3	5	0	0	0	0	0	8	2	8	0	0	0	0	0	0	0	0	0	0	0	0
OTU_1042	0	0	0	0	0	0	12	0	0	0	0	1	0	0	0	0	0	0	0	0	0	0
OTU_1819	0	0	0	2	0	0	0	0	1	0	0	0	0	0	0	0	0	0	0	0	0	0
OTU_889	1	9	0	0	0	2	0	0	0	0	0	0	5	0	0	0	0	0	0	0	0	0
OTU_1641	0	0	0	0	0	0	3	0	0	0	0	1	1	0	0	0	0	0	0	0	0	0
OTU_1192	0	0	0	0	0	6	0	0	0	0	0	0	0	0	0	0	4	0	0	0	0	0
OTU_1859	1	0	2	0	0	0	0	0	0	1	3	0	0	0	0	0	0	0	0	0	0	0
OTU_1586	0	0	0	1	0	0	0	0	0	0	0	0	0	0	0	0	5	0	0	0	0	0
OTU_1047	0	0	0	3	0	3	0	0	0	0	5	0	0	0	0	2	0	0	1	0	0	0
OTU_1027	0	0	0	0	0	0	0	0	0	0	0	0	0	0	0	0	0	0	2	10	0	0
OTU_1394	0	0	3	0	0	0	0	0	0	0	0	0	0	0	0	0	2	0	0	0	0	0
OTU_1910	0	0	0	0	0	0	2	0	0	0	0	0	0	0	0	0	0	0	0	0	0	0
OTU_954	0	9	0	0	5	0	0	0	0	0	4	0	0	0	0	0	0	0	0	0	0	0
OTU_1973	0	0	0	0	0	0	2	0	0	0	0	0	0	0	0	0	0	0	2	0	0	0
OTU_1590	0	0	3	0	0	0	0	0	0	0	1	0	0	0	0	0	0	0	0	0	0	0
OTU_1353	0	0	0	2	0	0	0	0	2	0	0	0	0	0	0	1	1	0	0	0	0	0
OTU_1220	2	0	0	0	0	0	2	0	0	0	0	0	0	3	0	0	1	0	0	0	0	0
OTU_1813	0	0	0	0	0	0	0	0	0	0	3	0	0	0	0	0	0	0	0	0	0	0
OTU_1470	0	0	0	0	0	0	0	0	0	0	0	0	0	0	0	8	0	0	0	0	0	0
OTU_1874	4	0	0	0	0	0	0	0	0	0	0	0	0	0	0	0	0	0	0	0	0	0
OTU_1631	0	0	0	0	0	0	0	0	0	0	0	0	4	0	0	0	0	0	0	0	0	0
OTU_1575	0	0	0	0	0	0	1	0	0	0	0	0	0	0	0	0	0	0	0	6	0	0
OTU_1440	0	0	0	4	0	0	1	0	0	0	0	0	0	0	0	0	0	0	0	0	0	0
OTU_1056	0	0	0	0	0	0	0	0	0	0	0	0	0	0	0	0	0	0	0	0	0	15
OTU_1330	0	0	0	0	1	0	0	0	0	0	1	0	0	2	0	0	0	0	0	2	0	0
OTU_1318	0	0	0	0	1	0	4	0	2	0	0	0	0	1	0	0	0	0	1	0	0	0
OTU_1371	0	0	0	0	1	0	0	1	0	0	0	0	0	2	0	1	0	0	0	1	0	0
OTU_1808	0	0	1	0	0	1	0	0	0	0	1	0	0	0	0	0	0	0	0	0	0	0
OTU_1611	0	0	0	0	0	0	5	0	0	0	0	0	0	0	0	0	1	0	0	0	0	0
OTU_1654	0	0	0	2	0	0	0	1	0	0	2	1	0	0	0	0	1	0	0	0	0	0
OTU_1997	0	0	2	0	0	0	0	0	0	4	0	0	0	0	0	0	0	0	0	0	0	0
OTU_1812	0	0	0	0	0	0	0	0	0	0	0	0	0	0	1	0	0	0	2	0	0	0
OTU_1851	0	0	0	0	0	0	0	0	0	0	0	0	0	0	0	2	0	0	0	0	0	0
OTU_1356	0	0	0	0	0	0	0	0	0	2	0	0	0	0	3	4	0	0	0	0	0	0
OTU_1036	4	7	0	0	0	0	0	0	0	0	11	0	0	0	0	0	0	0	0	0	0	0
OTU_1198	0	4	0	0	0	0	1	0	0	0	0	0	0	3	0	0	0	1	5	0	0	0
OTU_1806	0	0	0	0	0	0	1	0	0	0	0	0	0	0	0	0	0	0	0	3	0	0
OTU_1419	0	0	0	0	0	0	0	0	0	0	6	0	0	0	0	0	0	0	0	0	0	0
OTU_1807	0	0	0	0	0	0	0	0	0	0	0	0	0	0	0	5	0	0	0	0	0	0
OTU_1850	0	0	0	0	0	0	0	0	0	0	0	0	2	0	0	0	0	0	0	0	0	0
OTU_1895	1	0	0	0	0	1	0	0	0	0	2	0	0	0	0	0	0	0	0	0	0	0
OTU_1214	0	0	7	0	0	0	0	0	0	0	0	0	0	0	0	2	0	0	0	0	0	0
OTU_1374	0	0	0	0	0	0	0	0	0	0	0	0	0	0	0	0	0	7	0	0	0	0
OTU_1327	6	0	0	0	0	0	0	0	0	0	0	0	0	0	0	0	0	0	0	0	0	0
OTU_1360	0	0	0	2	0	0	0	0	20	0	0	0	0	0	0	0	0	0	0	0	0	0
OTU_1387	0	0	0	0	0	0	0	0	0	0	0	0	0	0	0	0	0	0	0	7	0	0
OTU_856	0	0	0	3	0	0	2	0	2	0	0	0	0	0	0	0	2	0	0	9	0	0
OTU_1456	0	0	0	0	0	0	0	0	5	0	0	0	0	0	1	0	5	0	0	0	0	0
OTU_1625	0	0	0	0	0	0	0	0	0	0	0	0	3	0	0	0	0	0	0	0	0	0
OTU_1794	0	0	0	0	2	0	0	0	2	0	0	0	0	0	0	0	0	0	1	0	0	0
OTU_1014	0	0	0	0	0	0	1	0	13	0	0	0	0	6	0	0	0	0	0	0	0	0
OTU_1074	0	0	0	0	5	0	3	4	0	0	0	0	0	0	0	0	0	0	0	0	0	0
OTU_932	0	0	4	0	0	0	2	0	0	1	0	5	0	0	0	0	1	0	2	2	0	0
OTU_1616	1	0	0	0	0	0	0	0	0	1	0	0	0	0	2	0	0	0	0	0	0	0
OTU_1756	0	0	0	0	0	0	1	0	0	0	0	1	0	0	0	0	0	0	0	2	0	0
OTU_1720	5	4	0	0	0	0	2	0	0	0	0	0	1	0	0	0	0	0	3	0	0	0
OTU_1285	0	0	0	0	0	0	0	0	0	0	0	0	0	0	9	0	0	0	0	0	0	0
OTU_1672	0	0	0	0	0	0	0	0	0	0	0	0	4	0	0	0	0	0	0	0	0	0
OTU_1392	1	0	0	0	0	1	0	0	0	2	0	0	0	0	0	0	0	0	0	0	0	0
OTU_1492	0	0	0	0	0	0	0	0	0	0	0	2	0	1	0	2	0	0	0	0	0	0
OTU_1491	0	0	0	0	0	0	0	0	0	0	0	0	1	0	3	0	0	0	0	0	0	0
OTU_1425	0	0	0	3	0	0	0	0	0	0	0	0	0	0	0	3	3	0	0	0	0	0
OTU_1797	0	0	2	0	0	0	0	0	0	0	0	0	0	0	0	0	0	0	0	0	0	0
OTU_1888	0	0	0	0	0	0	7	0	0	0	0	0	0	0	0	0	0	0	0	0	0	0
OTU_1856	0	0	0	0	0	0	2	0	0	0	0	0	0	0	0	0	0	0	0	0	0	0
OTU_1622	0	0	0	0	0	0	0	0	0	0	0	0	0	0	5	1	0	0	0	0	0	0
OTU_1410	0	3	0	0	0	0	0	0	0	1	0	0	0	0	0	0	0	0	0	0	0	0
OTU_1560	0	0	0	0	0	0	0	0	0	0	0	4	0	0	0	0	0	0	0	0	0	0
OTU_1195	0	0	0	0	2	0	0	0	0	0	0	2	0	4	0	0	0	0	4	1	0	0
OTU_1025	1	0	0	0	0	0	0	0	0	0	0	2	0	0	0	0	0	11	0	0	0	0
OTU_1879	0	0	0	0	0	0	0	0	0	0	0	0	0	0	0	0	0	0	0	7	0	0
OTU_1579	0	0	0	0	0	0	0	0	0	0	0	0	0	0	0	0	4	0	0	0	0	0
OTU_1012	0	0	3	1	0	2	0	0	0	0	2	0	0	0	0	0	8	0	0	0	0	0
OTU_1272	0	0	0	0	1	0	1	0	0	0	0	0	0	6	0	0	0	0	0	0	0	0
OTU_1523	0	0	0	0	0	0	0	0	0	0	0	6	0	0	0	0	0	0	0	0	0	0
OTU_1699	2	0	0	0	0	0	0	0	0	0	0	0	0	0	0	0	0	0	0	0	0	0
OTU_1500	0	0	0	0	0	0	0	0	0	0	0	0	0	0	0	0	0	4	0	0	0	0
OTU_1703	0	0	0	0	0	0	0	1	0	0	0	0	3	0	0	0	0	0	1	0	0	0
OTU_1295	0	0	0	0	0	0	0	0	0	0	0	0	13	0	0	0	0	0	0	0	0	0
OTU_1488	1	0	0	0	0	1	0	3	0	0	0	0	0	0	0	0	0	0	0	0	0	0
OTU_1877	1	0	0	1	0	0	0	0	0	0	0	2	0	0	0	0	0	0	5	0	0	0
OTU_1809	0	0	0	0	0	0	0	0	0	0	0	0	0	5	0	0	0	0	0	0	0	0
OTU_1858	0	0	0	0	0	0	0	0	0	0	2	0	0	0	0	0	0	0	0	0	0	0
OTU_1595	2	0	0	0	0	0	0	0	1	0	0	0	0	0	2	0	0	0	0	0	0	0
OTU_1481	0	0	0	0	0	2	0	0	0	0	1	0	0	0	0	0	0	0	0	0	0	0
OTU_1951	0	0	0	0	0	0	2	0	0	0	0	0	0	0	0	0	0	0	0	0	0	0
OTU_1860	0	0	0	1	0	0	0	0	0	0	0	0	0	0	0	3	0	0	0	0	0	0
OTU_977	0	0	0	0	0	0	0	0	0	0	0	0	0	0	0	0	0	0	11	0	0	0
OTU_1390	0	0	0	0	0	0	0	2	0	2	2	0	0	0	0	0	0	0	0	0	0	0
OTU_1355	0	0	0	0	0	0	0	0	0	0	0	0	0	0	7	0	0	0	0	0	0	0
OTU_1739	0	0	0	5	0	0	0	0	0	0	0	0	0	0	0	0	0	0	0	0	0	0
OTU_1990	0	0	0	3	0	0	0	0	0	0	0	0	0	0	0	0	0	0	0	0	0	0
OTU_1020	0	0	0	0	0	0	0	0	9	0	0	0	0	0	0	0	0	0	0	0	0	0
OTU_1713	0	0	1	0	0	1	0	0	0	0	1	0	0	0	0	0	0	0	0	0	0	0
OTU_1383	0	0	0	0	0	0	0	0	0	0	0	0	0	0	7	0	0	0	0	0	0	0
OTU_1637	2	0	0	0	0	1	0	2	0	0	0	0	0	0	0	0	0	0	0	0	0	0
OTU_1310	0	0	0	0	0	0	0	0	0	0	2	0	0	0	0	7	0	0	0	0	0	0
OTU_1787	0	0	0	2	0	0	0	0	0	0	0	0	0	0	0	0	0	0	0	0	0	0
OTU_1881	0	0	0	0	0	0	0	0	0	0	0	2	0	0	0	0	0	0	0	0	0	0
OTU_1977	0	0	0	1	0	0	0	0	3	0	0	0	0	0	0	0	0	0	0	0	0	0
OTU_1946	0	0	0	0	0	1	0	1	0	0	0	0	0	0	0	0	0	0	0	0	0	0
OTU_1582	0	0	0	4	0	0	0	0	0	0	0	0	0	0	0	0	0	0	0	0	0	0
OTU_1705	0	0	0	0	0	0	0	0	0	0	0	0	0	0	0	0	0	0	1	3	0	0
OTU_1854	0	0	0	0	4	0	0	0	0	0	0	0	0	0	0	0	0	0	1	0	0	0
OTU_1679	0	0	0	0	0	0	0	0	0	0	0	0	6	0	0	0	0	0	0	0	0	0
OTU_1401	0	0	0	1	1	0	0	0	0	1	1	3	0	0	0	0	2	0	0	0	0	0
OTU_1716	0	0	0	4	0	0	0	0	0	0	0	0	0	0	0	0	0	0	0	0	0	0
OTU_1549	1	0	0	0	1	0	1	0	1	1	0	1	0	2	0	0	0	0	0	1	0	0
OTU_1092	0	0	0	0	0	0	0	0	0	0	0	0	0	0	0	0	0	0	7	1	0	0
OTU_1963	0	0	0	0	0	0	0	0	0	5	0	0	0	0	1	0	0	0	0	0	0	0
OTU_1558	0	0	0	0	0	0	2	0	0	0	0	1	0	3	0	0	0	0	0	1	0	0
OTU_1718	1	0	0	0	0	0	0	0	0	0	3	0	0	0	0	0	0	0	0	0	0	0
OTU_1653	0	0	0	0	0	0	0	0	0	0	0	0	0	0	0	3	0	0	0	0	0	0
OTU_1378	0	0	0	0	0	0	0	3	2	0	0	0	0	0	0	0	0	0	0	0	0	0
OTU_927	0	0	2	0	0	0	0	0	0	0	0	0	0	0	0	3	8	0	0	0	0	0
OTU_1399	0	0	0	0	0	0	2	0	0	0	0	0	0	0	0	0	0	0	0	4	0	0
OTU_1339	0	0	0	0	0	0	0	1	0	3	0	0	0	0	0	0	0	0	0	0	0	0
OTU_1260	0	0	0	0	0	0	0	0	0	0	0	0	0	0	0	0	0	8	0	0	0	0
OTU_1715	0	0	0	0	0	0	0	0	0	0	0	0	0	0	0	0	0	5	0	0	0	0
OTU_1351	0	0	0	0	0	0	0	6	0	0	0	0	0	0	0	0	0	0	0	0	0	0
OTU_1315	0	0	0	0	0	0	4	0	0	0	0	0	0	0	0	0	0	0	2	0	0	0
OTU_1970	0	0	0	0	0	0	0	0	0	0	0	0	0	0	0	0	0	0	0	3	0	0
OTU_1657	0	0	0	2	0	0	0	1	0	0	0	0	0	0	0	0	0	0	0	0	0	0
OTU_1469	0	0	0	0	0	0	0	0	0	0	0	0	0	0	0	0	0	4	0	0	0	0
OTU_1423	1	3	0	0	0	0	0	0	0	0	0	1	0	0	0	4	2	0	0	0	0	0
OTU_1712	0	0	0	0	0	0	0	0	0	0	0	0	0	0	0	0	0	0	6	0	0	0
OTU_1799	0	0	0	4	3	0	0	0	0	0	0	0	0	0	0	0	0	0	0	0	0	0
OTU_1982	0	0	0	0	0	0	0	0	0	0	0	0	0	2	0	0	0	0	0	0	0	0
OTU_1334	0	0	0	0	0	0	0	0	0	0	0	0	0	0	6	0	0	0	0	0	0	0
OTU_1981	0	0	0	0	0	0	0	0	0	0	0	0	0	0	0	0	0	0	0	2	0	0
OTU_1442	0	0	0	0	0	0	0	0	0	0	0	0	0	0	0	0	5	0	0	0	0	0
OTU_1384	0	0	0	0	0	0	0	0	10	0	0	0	0	0	0	0	0	0	0	0	0	0
OTU_1131	0	0	3	0	0	0	0	0	11	0	0	0	0	0	0	0	0	0	0	0	0	0
OTU_1422	0	0	0	0	0	0	1	0	0	0	3	0	7	0	0	0	0	0	0	0	0	0
OTU_1468	0	0	0	0	0	0	0	0	0	0	0	0	0	0	0	3	0	0	0	0	0	0
OTU_1325	0	0	0	0	0	0	0	0	0	0	0	0	0	4	0	0	0	0	0	0	0	0
OTU_1960	0	1	0	1	0	0	0	0	0	0	0	0	1	0	0	0	0	0	0	0	0	0
OTU_1704	0	0	0	0	0	0	0	0	0	0	0	0	0	0	0	2	0	0	0	0	0	0
OTU_1396	0	0	0	0	1	0	0	0	0	0	0	0	0	0	0	0	0	0	3	0	0	0
OTU_1103	0	0	0	1	0	0	0	0	0	0	0	0	0	0	0	0	0	0	5	4	0	0
OTU_1430	0	0	0	0	0	0	0	0	0	1	0	0	0	0	6	0	0	0	0	0	0	0
OTU_1432	0	0	0	0	0	0	0	0	0	0	0	0	0	0	0	0	0	0	0	0	0	4
OTU_1792	0	0	0	0	0	0	0	0	0	0	0	0	0	0	2	0	0	0	0	0	0	0
OTU_1525	0	0	3	0	0	0	0	0	8	0	0	0	0	0	0	0	1	0	0	0	0	0
OTU_1518	0	0	0	0	0	0	0	0	0	0	0	0	0	0	0	0	0	0	3	0	0	0
OTU_1499	0	0	0	3	0	0	0	0	0	0	0	0	0	0	0	1	0	0	0	0	0	0
OTU_1992	0	0	0	0	0	0	0	0	7	0	0	0	0	0	0	0	0	0	0	0	0	0
OTU_1363	0	0	0	0	0	0	0	0	0	0	0	0	1	0	0	0	0	7	0	0	0	0
OTU_1253	0	0	0	0	0	0	0	0	1	6	0	0	0	0	2	0	0	0	0	0	0	0
OTU_1766	0	0	0	0	0	1	0	0	0	0	0	1	0	0	0	0	0	0	0	0	0	0
OTU_1765	0	0	3	0	0	0	0	0	0	0	0	0	0	0	0	0	0	0	0	0	0	0
OTU_1884	0	0	0	0	0	0	3	0	0	0	0	4	0	0	0	0	0	0	0	0	0	0
OTU_1188	0	0	0	0	0	0	0	0	0	0	0	0	0	0	0	1	8	0	0	0	0	0
OTU_1817	0	0	0	0	0	0	0	0	0	0	0	0	0	3	0	0	0	0	0	0	0	0
OTU_1380	0	0	0	0	0	0	1	0	0	0	0	0	0	0	0	1	0	0	2	1	0	0
OTU_1932	0	0	0	0	2	0	0	0	0	0	0	0	0	0	0	0	0	0	0	0	0	0
OTU_1844	0	0	0	0	0	1	0	0	0	0	0	0	0	0	0	0	0	0	0	2	0	0
OTU_1645	0	0	0	0	0	0	0	1	0	3	1	0	0	0	0	0	0	0	0	0	0	0
OTU_1389	0	0	0	0	0	0	0	0	0	0	0	0	0	0	0	0	3	0	0	2	0	0
OTU_1555	0	0	0	0	0	0	0	0	3	1	0	0	0	0	0	0	0	0	0	0	0	0
OTU_1868	0	0	0	0	0	0	0	0	0	0	0	0	0	0	0	0	4	0	0	0	0	0
OTU_1522	2	0	0	0	0	0	4	0	0	0	0	0	0	6	0	0	0	0	0	0	0	0
OTU_1763	0	0	0	0	0	0	0	0	0	0	0	0	0	0	0	3	0	0	0	0	0	0
OTU_1761	0	0	0	0	1	0	0	0	0	0	0	1	0	0	0	0	0	0	0	1	0	0
OTU_1420	0	0	0	0	0	0	0	5	0	0	0	0	0	0	0	0	0	0	0	0	0	0
OTU_1769	0	0	0	0	0	0	0	0	0	0	0	0	0	0	0	0	0	2	0	0	0	0
OTU_1770	0	0	0	0	0	0	0	0	0	0	0	0	0	0	5	0	0	0	0	0	0	0
OTU_1821	0	0	0	5	0	0	0	0	0	0	2	0	0	0	0	0	1	0	0	0	0	0
OTU_1159	0	0	0	0	0	0	0	0	6	0	0	0	0	0	0	0	0	0	0	0	0	0
OTU_1306	6	0	0	0	0	3	0	0	0	0	0	0	0	0	0	0	0	0	0	0	0	0
OTU_1578	0	0	0	0	1	0	0	0	0	0	1	0	0	0	0	0	0	0	6	3	0	0
OTU_1758	0	0	0	0	0	0	0	0	0	0	2	0	0	0	0	0	0	0	0	0	0	0
OTU_1890	0	0	0	0	0	0	0	0	0	2	0	0	0	0	0	0	0	0	0	0	0	0
OTU_1996	0	0	0	0	0	1	0	0	0	1	0	1	0	0	0	0	0	0	0	0	0	0
OTU_1995	2	0	0	0	0	0	0	0	0	0	0	0	0	0	0	0	0	0	0	0	0	0
OTU_1361	0	0	0	7	0	0	0	0	0	0	0	0	0	0	0	0	0	0	0	0	0	0
OTU_1173	0	0	0	0	0	3	0	0	0	0	1	0	0	0	0	4	2	0	0	0	0	0
OTU_1431	0	0	0	3	0	0	0	0	0	0	0	0	0	0	0	0	2	0	0	0	0	0
OTU_1719	1	0	0	0	0	0	1	0	0	0	0	3	0	0	0	0	0	0	0	0	0	0
OTU_1781	0	0	0	0	2	0	0	0	0	0	0	0	0	0	0	0	0	0	3	0	0	0
OTU_1830	0	0	0	7	0	0	0	0	0	0	0	0	0	0	0	0	0	0	0	0	0	0
OTU_1760	2	0	0	0	0	0	0	0	0	0	0	0	0	0	0	0	0	0	0	0	0	0
OTU_1510	0	0	0	0	0	0	3	0	0	0	0	0	0	0	0	0	0	0	1	0	0	0
OTU_1493	0	0	0	0	0	0	0	0	0	0	0	0	6	0	0	0	0	0	0	0	0	0
OTU_1968	0	0	0	0	0	0	0	0	0	0	0	0	0	0	0	2	0	0	0	0	0	0
OTU_1776	0	8	0	0	0	0	0	0	0	0	0	0	0	0	0	0	0	0	0	0	0	0
OTU_1411	0	0	1	1	0	0	2	0	0	0	0	0	0	0	0	4	2	0	0	0	0	0
OTU_1323	0	0	0	0	0	0	5	0	0	0	0	0	0	0	0	0	0	0	0	0	0	0
OTU_1136	0	0	0	0	0	6	0	0	0	0	0	0	0	0	0	0	0	0	0	0	0	0
OTU_1513	0	0	0	4	0	0	0	0	0	0	0	0	0	0	0	0	0	0	0	0	0	0
OTU_1428	0	4	0	0	0	0	0	0	0	0	2	0	0	0	0	0	0	0	0	0	0	0
OTU_1141	0	0	0	0	0	0	0	0	0	0	0	0	10	0	0	0	0	0	0	0	0	0
OTU_1777	0	0	0	0	0	0	0	0	0	0	0	0	0	0	0	3	0	0	0	0	0	0
OTU_1894	0	0	0	0	0	0	0	0	0	2	0	0	0	0	0	0	0	0	0	0	0	0
OTU_1566	0	0	0	0	0	0	4	0	0	0	0	0	0	0	0	0	0	0	0	0	0	0
OTU_1782	0	0	0	0	0	0	0	0	0	0	0	0	0	0	2	0	0	0	0	0	0	0
OTU_962	3	0	0	0	0	0	0	0	0	0	0	0	0	0	0	0	0	10	0	0	0	0
OTU_1649	1	0	3	0	0	0	0	0	0	0	0	0	0	0	0	0	0	0	0	0	0	0
OTU_1969	0	0	0	0	0	0	0	0	1	0	0	0	0	0	0	0	1	0	0	0	0	0
OTU_1976	0	0	0	3	0	0	0	0	0	0	0	0	0	0	0	0	0	0	0	0	0	0
OTU_1994	1	0	1	0	0	0	0	0	0	0	2	0	0	0	0	0	0	0	0	0	0	0
OTU_1945	0	0	0	0	1	0	1	0	2	0	0	0	0	0	0	0	0	0	1	0	0	0
OTU_1803	0	0	0	0	0	0	0	0	0	0	0	0	2	0	0	0	0	0	0	0	0	0
OTU_1893	0	0	0	3	0	0	0	0	0	0	0	0	0	0	0	0	0	0	0	0	0	0
OTU_1591	0	0	0	0	0	0	0	0	0	0	0	0	3	0	0	0	0	0	0	0	0	0
OTU_1984	0	0	0	0	0	0	1	0	0	0	0	0	0	1	0	0	0	0	0	0	0	0
OTU_1743	0	0	4	0	0	0	0	0	0	0	0	0	0	0	0	0	0	0	0	0	0	0
OTU_1848	0	0	0	0	0	0	3	0	0	0	0	0	0	0	0	0	0	0	0	0	0	0
OTU_1665	0	0	0	0	0	0	0	0	0	1	0	0	0	0	1	0	0	0	0	0	0	0
OTU_1329	0	0	0	0	8	0	2	0	0	0	0	0	0	0	0	0	0	0	0	0	0	0
OTU_1632	0	0	0	0	0	0	0	0	0	0	0	0	0	0	0	5	0	0	0	0	0	0
OTU_1971	0	0	0	0	0	0	1	0	0	0	0	1	0	0	0	0	0	0	0	0	0	0
OTU_1775	0	0	0	0	0	0	0	0	0	0	0	0	0	0	0	0	0	0	0	3	0	0
OTU_1502	0	0	0	2	0	0	0	0	0	1	0	0	0	0	0	2	0	0	0	0	0	0
OTU_1675	0	0	0	2	0	0	0	0	1	0	0	0	0	0	0	0	0	0	0	0	0	0
OTU_1698	0	0	0	0	0	0	0	0	0	0	0	0	0	0	0	0	7	0	1	0	0	0
OTU_1840	0	0	0	0	1	0	0	0	0	0	0	2	0	0	0	0	0	0	0	0	0	0
OTU_1989	0	0	1	0	0	0	0	1	0	0	0	0	0	0	0	0	0	0	0	0	0	0
OTU_1529	0	0	0	2	0	0	1	0	0	0	0	2	0	0	0	0	0	0	2	0	0	0
OTU_1228	0	0	0	0	0	0	0	0	0	1	0	0	0	0	8	0	0	0	0	0	0	0
OTU_1202	0	12	0	0	0	0	0	0	0	0	0	0	0	0	0	0	0	0	0	0	0	0
OTU_1952	0	0	0	0	0	2	0	0	0	0	0	0	0	0	0	1	1	0	0	0	0	0
OTU_1643	0	0	0	0	0	0	0	0	0	0	0	0	6	0	0	0	0	0	0	0	0	0
OTU_1372	0	0	0	0	0	0	0	5	0	0	1	0	0	0	0	0	0	0	1	0	0	0
OTU_1600	0	0	0	3	0	0	0	0	0	0	0	0	0	0	0	0	3	0	0	0	0	0
OTU_1418	0	0	0	0	0	0	0	0	0	0	0	0	0	0	0	0	6	0	0	0	0	0
OTU_1783	1	0	0	0	0	0	0	0	0	0	5	0	0	0	0	0	0	0	0	0	0	0
OTU_1767	0	0	1	0	0	0	0	0	0	0	0	0	0	0	0	0	0	0	1	3	0	0
OTU_1005	0	0	0	0	0	0	0	0	0	0	1	0	0	8	0	2	0	0	0	0	0	0
OTU_1838	0	0	0	0	0	0	0	0	0	0	4	0	0	0	0	0	0	0	0	0	0	0
OTU_1635	0	0	0	1	1	0	1	0	0	0	0	0	0	0	0	1	0	0	0	1	0	0
OTU_1457	0	0	1	0	0	1	0	0	0	0	2	0	0	0	0	0	0	0	0	0	0	0
OTU_1964	0	0	7	0	0	0	0	0	0	0	0	0	0	0	0	0	0	0	0	0	0	0
OTU_1925	0	0	0	0	0	0	0	0	2	0	0	0	0	0	0	0	1	0	0	0	0	0
OTU_1676	0	0	0	1	0	0	0	0	0	0	0	0	0	0	0	0	3	0	0	0	0	0
OTU_1972	0	0	0	0	0	0	1	0	0	0	0	0	0	0	0	0	1	0	1	0	0	0
OTU_1861	0	0	4	0	0	0	0	0	0	0	0	0	0	0	0	0	0	0	0	0	0	0
OTU_1692	0	0	3	0	0	0	0	0	0	0	0	0	1	5	0	0	0	0	0	0	0	0
OTU_1660	0	0	0	0	0	0	0	0	2	0	0	0	0	0	0	0	0	0	0	0	0	0
OTU_1988	0	0	0	0	0	0	0	0	0	0	0	0	0	0	0	1	0	0	0	2	0	0
OTU_2003	0	0	0	0	0	0	0	0	0	0	0	1	0	0	0	0	0	0	3	0	0	0
OTU_1487	0	0	0	0	0	0	0	0	0	0	0	0	0	0	0	6	2	0	0	0	0	0
OTU_1759	3	0	0	0	0	0	0	0	0	0	0	0	0	0	0	0	0	0	0	0	0	0
OTU_1601	0	0	0	0	0	0	4	0	0	0	0	0	0	0	0	0	0	0	0	0	0	0
OTU_1667	0	0	0	0	0	0	1	0	0	0	0	1	0	1	0	0	0	0	3	1	0	0
OTU_1778	0	0	0	0	0	0	1	0	0	2	0	0	0	0	0	0	0	0	0	0	0	0
OTU_1779	0	0	0	0	0	0	0	0	0	0	0	0	0	0	0	0	0	0	0	0	0	2
OTU_1604	4	0	0	0	0	0	0	0	0	0	0	0	0	0	0	0	0	0	0	0	0	0
OTU_1434	0	0	0	0	0	0	0	0	2	0	0	3	0	0	0	0	0	0	0	0	0	0
OTU_1959	0	0	0	0	0	0	0	0	0	0	0	0	0	0	0	4	0	0	0	0	0	0
OTU_1983	0	0	0	0	0	0	0	0	0	0	0	0	0	0	0	0	0	0	0	0	0	2
OTU_1697	0	0	0	0	0	0	0	1	0	0	2	0	0	0	0	0	0	0	0	0	0	0
OTU_1620	0	0	0	0	0	5	0	0	0	0	1	0	0	0	0	0	0	0	0	0	0	0
OTU_1496	0	0	0	0	0	0	0	0	0	0	0	0	0	6	0	0	0	0	0	0	0	0
OTU_1648	4	0	0	0	0	0	0	0	0	0	0	0	0	0	0	0	0	0	0	0	0	0
OTU_1878	0	0	0	0	1	0	1	0	0	0	0	0	0	0	0	0	0	0	1	0	0	0
OTU_1413	0	0	0	0	0	0	0	0	0	0	0	0	0	0	0	5	1	0	0	0	0	0
OTU_1633	0	0	0	0	0	0	0	0	0	0	7	0	0	0	0	0	0	0	0	0	0	0
OTU_1928	0	0	0	0	0	0	0	0	0	0	0	0	0	0	0	0	0	2	0	0	0	0
OTU_1204	0	0	0	0	0	0	0	0	0	0	0	0	0	8	0	0	0	0	0	1	0	0
OTU_1978	0	0	1	0	0	0	0	0	1	0	0	0	0	0	0	0	0	0	0	0	0	0
OTU_1459	2	0	0	0	4	0	0	0	0	0	1	0	0	1	1	0	0	0	0	0	0	0
OTU_1702	0	0	0	0	0	0	0	0	0	2	0	0	0	0	0	0	0	0	0	0	0	0
OTU_1914	0	0	0	0	0	0	0	0	0	0	0	0	0	0	0	3	0	0	0	0	0	0
OTU_1986	0	0	0	0	0	0	0	0	0	0	0	0	0	0	0	0	0	0	2	0	0	0
OTU_1764	0	0	0	0	0	0	2	0	0	0	0	0	0	0	0	0	0	0	0	0	0	0
OTU_1742	0	0	0	0	0	0	3	0	0	0	0	0	0	0	0	0	0	0	0	0	0	0
OTU_1690	0	0	0	4	0	0	0	0	0	0	0	0	0	0	0	0	0	0	0	0	0	0
OTU_1358	0	0	0	5	0	0	0	0	0	0	0	0	0	0	0	0	0	0	0	0	0	0
OTU_1255	0	0	0	0	0	0	0	0	8	0	0	0	0	0	0	0	0	0	0	0	0	0
OTU_1710	0	0	0	0	0	0	0	0	0	0	0	0	0	0	0	2	0	0	0	0	0	0
OTU_1618	0	0	0	0	0	0	0	0	0	0	0	0	0	0	0	0	0	0	5	0	0	0
OTU_1711	0	0	0	0	0	0	0	0	0	0	0	0	0	2	0	0	0	0	0	0	0	0
OTU_1063	0	0	0	10	0	0	0	0	0	0	0	0	0	0	0	0	0	0	0	0	0	0
OTU_1278	0	0	0	0	0	0	0	0	0	0	0	0	7	0	0	0	0	0	0	0	0	0
OTU_1617	0	0	0	0	0	0	0	0	0	0	0	0	0	0	0	0	0	0	4	0	0	0
OTU_1841	0	0	0	0	3	0	0	0	0	0	0	0	0	0	0	0	0	0	0	0	0	0
OTU_1294	0	0	0	0	0	0	7	0	0	1	0	0	0	0	0	0	0	0	1	0	0	0
OTU_1923	0	0	0	0	0	0	0	0	0	0	0	0	4	0	0	0	0	0	0	0	0	0
OTU_1501	0	0	0	0	0	0	0	0	0	0	0	0	0	0	0	0	0	0	3	0	0	0
OTU_1534	0	0	0	0	0	0	0	0	0	0	0	0	0	0	0	0	0	0	9	0	0	0
OTU_1930	0	0	0	1	0	0	0	0	3	0	1	0	0	0	0	0	0	0	0	0	0	0
OTU_1833	0	0	1	0	0	0	2	0	0	0	0	0	0	2	0	0	0	0	0	0	0	0
OTU_1658	0	0	0	1	0	1	0	0	0	0	0	0	0	0	0	1	0	0	0	0	0	0
OTU_1717	0	0	0	0	0	0	0	0	0	0	0	0	0	0	0	0	2	0	0	0	0	0
OTU_1965	0	0	0	0	2	0	1	0	0	0	0	0	0	0	0	0	0	0	2	0	0	0
OTU_1975	0	0	0	0	0	0	0	0	0	0	3	0	0	0	0	0	0	0	0	0	0	0
OTU_1666	1	0	1	0	0	0	0	0	0	0	0	0	0	0	1	0	0	0	0	0	0	0
OTU_1793	0	0	1	0	0	0	0	0	0	0	0	0	0	0	0	1	0	0	0	0	0	0
OTU_1678	0	0	0	0	0	1	0	1	0	0	1	0	0	0	0	0	0	0	0	0	0	0
OTU_1933	0	0	2	0	0	0	0	0	0	1	0	0	0	0	0	0	0	0	0	0	0	0
OTU_1402	0	0	1	0	0	0	1	0	0	0	2	1	0	0	1	0	0	0	0	0	0	0
OTU_1867	0	0	0	0	0	0	0	0	0	0	0	0	0	0	0	2	0	0	0	0	0	0
OTU_1864	0	0	0	0	0	0	0	2	0	0	0	0	0	0	0	0	0	0	0	0	0	0
OTU_1786	0	0	0	1	0	0	0	0	0	0	0	0	0	0	0	0	2	0	0	0	0	0
OTU_1870	0	0	0	0	0	0	0	0	1	0	0	0	0	0	0	0	3	0	0	0	0	0
OTU_1947	0	0	0	0	2	0	0	0	0	0	0	0	0	0	0	0	0	0	0	0	0	0
OTU_1608	0	3	0	0	0	0	0	0	0	0	0	0	0	0	0	0	0	0	0	0	0	0
OTU_1691	2	0	0	0	0	0	0	0	0	0	0	0	0	0	0	0	0	0	0	0	0	0
OTU_1548	0	0	0	0	0	0	0	0	0	0	0	0	0	5	0	0	0	0	0	0	0	0
OTU_1829	0	0	0	0	0	0	0	0	0	0	0	0	3	0	0	0	0	0	0	0	0	0
OTU_1443	0	0	0	0	0	0	0	0	0	0	4	0	0	0	0	0	0	0	0	0	0	0
OTU_1784	0	0	0	0	0	0	0	2	0	0	0	0	0	0	0	0	0	0	0	0	0	0
OTU_1539	1	0	0	0	0	0	0	0	1	0	0	0	0	0	0	1	0	0	0	0	0	0
OTU_1476	0	0	0	0	0	0	0	0	1	0	0	0	0	0	0	1	0	0	1	0	0	0
OTU_1400	0	0	1	3	0	1	0	0	0	0	0	0	0	0	0	0	0	0	0	0	0	0
OTU_1237	0	0	5	0	0	0	0	0	0	0	0	0	0	0	0	0	0	0	0	0	0	0
OTU_1958	0	0	0	0	0	0	0	0	2	0	0	0	0	0	0	0	0	0	0	0	0	0
OTU_1438	0	0	0	4	0	0	0	0	0	0	0	0	0	0	0	0	1	0	1	1	0	0
OTU_1791	0	0	0	0	0	0	0	0	2	0	0	0	0	0	0	0	0	0	0	0	0	0
OTU_1569	0	0	0	0	0	0	0	0	2	0	1	0	0	0	0	0	0	0	0	0	0	0
OTU_1949	0	0	0	0	0	3	0	0	0	0	0	0	0	0	0	0	0	0	0	0	0	0
OTU_1790	0	0	0	0	0	0	0	1	0	1	0	0	0	0	0	0	0	0	0	0	0	0
OTU_1541	0	0	4	0	0	0	0	0	0	0	0	0	0	0	0	0	0	0	0	0	0	0
OTU_1729	0	0	0	0	0	0	0	1	0	0	0	0	0	0	0	0	1	0	0	0	0	0
OTU_1728	0	0	0	0	0	0	0	0	0	0	0	0	0	0	0	0	0	0	2	0	0	0
OTU_1664	0	0	0	0	5	0	0	0	0	0	0	0	0	0	0	0	0	0	0	0	0	0
OTU_1526	0	0	0	0	0	0	0	0	0	0	0	0	0	0	0	0	0	0	5	0	0	0
OTU_1731	0	0	0	0	0	0	0	0	0	0	0	0	0	0	0	0	3	0	0	0	0	0
OTU_1568	0	0	0	0	0	0	0	5	0	0	0	0	0	0	0	0	0	0	0	0	0	0
OTU_1686	0	0	5	0	0	0	0	0	0	0	0	0	0	0	0	0	0	0	0	0	0	0
OTU_1732	2	0	0	0	0	0	1	0	0	0	0	0	0	0	0	0	0	0	0	0	0	0
OTU_1921	0	0	0	1	0	0	1	1	0	0	0	0	0	1	0	0	0	0	0	0	0	0
OTU_1938	0	0	0	0	0	0	0	0	0	0	0	0	0	0	0	0	0	0	2	0	0	0
OTU_1823	0	0	0	0	0	1	0	0	0	0	2	0	0	0	0	0	0	0	0	0	0	0
OTU_2001	0	0	0	0	0	0	1	0	0	0	0	2	0	0	0	0	0	0	0	0	0	0
OTU_1668	0	0	0	4	0	0	0	0	1	0	0	0	0	0	0	0	1	0	0	1	0	0
OTU_1621	0	0	0	0	3	0	0	0	0	0	0	0	0	0	0	0	1	0	0	0	0	0
OTU_1683	0	0	0	1	0	0	0	0	0	0	2	0	0	0	0	0	0	0	0	0	0	0
OTU_1961	0	0	0	0	1	0	0	0	0	0	0	2	0	0	0	0	0	0	0	0	0	0
OTU_1533	0	0	0	0	1	0	0	0	0	0	0	3	0	0	0	0	0	0	0	0	0	0
OTU_1554	0	0	1	1	0	2	0	0	0	0	0	0	0	0	0	0	0	0	0	0	0	0
OTU_1957	0	0	0	0	2	0	0	0	0	0	0	0	0	0	0	0	0	0	0	0	0	0
OTU_1708	0	0	0	0	0	0	0	0	0	0	1	0	0	0	0	2	0	0	0	0	0	0
OTU_1726	0	0	0	0	0	0	2	0	0	0	0	0	0	0	0	0	0	0	0	0	0	0
OTU_1479	5	0	0	0	0	0	0	0	0	0	0	0	0	0	0	0	0	0	0	0	0	0
OTU_1682	0	0	0	0	0	0	0	0	0	0	0	0	0	0	0	0	3	0	0	0	0	0
OTU_1687	0	0	0	2	0	0	0	0	0	0	0	0	0	0	0	0	0	0	0	0	0	0
OTU_1701	0	0	0	0	0	0	0	2	0	0	0	0	0	0	0	0	0	0	0	0	0	0
OTU_1700	0	0	0	0	0	0	0	0	0	2	0	0	0	0	0	0	0	0	0	0	0	0
OTU_1999	0	2	0	0	0	0	0	0	0	0	0	0	0	0	0	0	0	1	0	0	0	0
OTU_1902	0	0	0	0	3	0	0	0	0	0	0	0	0	0	0	0	0	0	0	0	0	0
OTU_1865	0	0	0	0	0	0	0	0	0	0	0	0	0	0	0	0	3	0	0	0	0	0
OTU_1967	2	0	0	0	0	0	0	0	0	0	0	0	1	0	0	0	0	0	0	0	0	0
OTU_1694	0	0	0	0	0	0	0	0	0	0	0	0	0	0	0	0	0	0	2	0	0	0
OTU_1987	0	0	0	0	0	0	0	0	0	0	0	0	0	0	0	0	0	0	2	0	0	0
OTU_1709	0	0	0	0	0	0	0	0	0	0	0	1	0	1	0	0	0	0	0	0	0	0
OTU_1962	0	0	0	0	0	0	0	0	0	0	0	0	0	0	0	3	0	0	0	0	0	0
OTU_1915	0	0	0	0	0	0	0	0	2	0	0	0	0	0	0	0	1	0	0	0	0	0
OTU_1966	0	1	0	0	0	0	0	0	0	0	1	0	0	0	0	0	0	0	0	0	0	0
OTU_1889	0	0	0	0	0	0	0	0	0	0	0	0	0	0	0	0	0	0	3	0	0	0
OTU_1663	0	0	0	0	0	0	0	0	0	0	0	0	0	0	0	0	0	0	2	0	0	0
OTU_1908	0	0	0	0	0	2	0	0	0	0	0	2	0	0	0	0	0	0	0	0	0	0
OTU_1738	0	0	0	0	0	2	0	0	0	0	1	0	0	0	0	0	0	0	0	0	0	0
OTU_1931	0	0	0	2	0	0	0	0	0	0	0	0	0	0	0	0	0	0	0	0	0	0
OTU_1871	0	0	2	0	0	0	0	0	0	0	0	0	0	0	0	0	0	0	0	0	0	0
OTU_1993	0	0	0	0	0	0	0	0	0	0	0	0	0	0	0	0	2	0	0	0	0	0
OTU_1834	0	0	0	0	0	0	0	0	0	0	0	0	0	0	0	0	0	0	0	2	0	0
OTU_1751	0	0	0	0	0	0	0	0	0	0	0	0	0	0	0	0	3	0	0	0	0	0
OTU_1847	0	0	2	0	0	0	0	0	0	0	0	0	0	0	0	0	0	0	0	0	0	0
OTU_1669	0	0	0	0	0	0	0	0	0	0	0	0	0	0	1	2	0	0	0	0	0	0
OTU_1749	0	0	0	0	0	0	0	0	0	0	0	0	0	0	2	0	0	0	0	0	0	0
OTU_1922	0	0	0	0	0	0	0	0	2	0	0	0	0	0	0	0	0	0	0	0	0	0
OTU_2004	0	0	0	0	0	0	0	0	1	0	1	0	0	0	0	0	0	0	0	0	0	0
OTU_1553	0	0	0	0	0	0	0	1	0	2	0	0	0	0	0	0	0	0	0	0	0	0
OTU_1835	0	0	0	0	0	0	0	0	0	0	0	0	0	0	0	2	0	0	0	0	0	0
OTU_1985	0	0	2	0	0	0	0	0	0	0	0	0	0	0	0	0	0	0	0	0	0	0
OTU_1741	0	2	0	0	0	0	0	0	0	0	0	0	0	0	0	0	0	0	0	0	0	0
OTU_1671	0	0	0	0	0	0	0	0	0	0	0	0	0	0	0	0	0	0	2	0	0	0
