"feature"	"metadata"	"value"	"name"	"coef"	"null_hypothesis"	"stderr"	"pval_individual"	"qval_individual"	"pval_joint"	"qval_joint"	"error"	"model"	"N"	"N_not_zero"
"OTU_1436"	"Geese"	"high"	"Geesehigh"	5.50064080130203	0.71715364990908	0.797212381969549	0.0000287147782942476	0.0176443812987643	0.0000287147782942476	0.0136942809202417	NA	"abundance"	18	18
"OTU_242"	"Geese"	"high"	"Geesehigh"	4.53295601652804	0.71715364990908	0.595893137286205	0.0000311800567400766	0.0176443812987643	0.0000311800567400766	0.0136942809202417	NA	"abundance"	18	16
"OTU_245"	"Geese"	"high"	"Geesehigh"	5.59223370442528	0.71715364990908	0.694076861358726	0.0000262264183428229	0.0176443812987643	0.0000262264183428229	0.0136942809202417	NA	"abundance"	18	14
"OTU_34"	"Geese"	"high"	"Geesehigh"	-8.12598815768976	0.71715364990908	1.15190507299665	0.0000179811211971082	0.0176443812987643	0.0000179811211971082	0.0136942809202417	NA	"abundance"	18	13
"OTU_41"	"Geese"	"high"	"Geesehigh"	6.33275356893958	0.71715364990908	0.776714834249885	0.0000323354574809365	0.0176443812987643	0.0000646698693800624	0.0236691721931029	NA	"abundance"	18	13
"OTU_72"	"Geese"	"high"	"Geesehigh"	5.05758986312033	0.71715364990908	0.704155008020614	0.0000300613536811101	0.0176443812987643	0.0000300613536811101	0.0136942809202417	NA	"abundance"	18	17
"OTU_32"	"Geese"	"high"	"Geesehigh"	-4.76955048807727	0.71715364990908	0.900014592661475	0.0000872315312636651	0.0407994333367485	0.0000872315312636651	0.0273657775221441	NA	"abundance"	18	14
"OTU_125"	"Geese"	"high"	"Geesehigh"	-6.0684684529923	0.71715364990908	0.991601876593495	0.000141774304986964	0.0483791897787648	0.000141774304986964	0.0345929304168191	NA	"abundance"	18	11
"OTU_23"	"Geese"	"high"	"Geesehigh"	-3.12409583263517	0.71715364990908	0.743546501348486	0.000139094083946301	0.0483791897787648	0.000139094083946301	0.0345929304168191	NA	"abundance"	18	18
"OTU_589"	"Geese"	"low"	"Geeselow"	-1.88448273460477	0.830285980745297	0.487370879950039	0.000147767836831902	0.0483791897787648	0.000295513838330203	0.0648948388973125	NA	"abundance"	18	15
"OTU_2"	"Geese"	"low"	"Geeselow"	-3.48715584278567	0.830285980745297	0.848697418535939	0.000175270249588189	0.0521667997410663	0.000350509779515986	0.0699744978015551	NA	"abundance"	18	17
"OTU_26"	"Geese"	"high"	"Geesehigh"	-4.51592934717647	0.71715364990908	1.06206036370344	0.000242752493326837	0.0611362817809279	0.000485446057880657	0.0710693028737281	NA	"abundance"	18	17
"OTU_48"	"Geese"	"high"	"Geesehigh"	-5.61318508731198	0.71715364990908	1.16872613216296	0.000225827738149498	0.0611362817809279	0.000451604478131678	0.0708373881412261	NA	"abundance"	18	14
"OTU_81"	"Geese"	"low"	"Geeselow"	5.44118487049797	0.830285980745297	0.942142651846563	0.000304273567695246	0.0711565471881596	0.000608454552986493	0.0835103873973962	NA	"abundance"	18	16
"OTU_113"	"Geese"	"high"	"Geesehigh"	2.96094955012254	0.71715364990908	0.461222857861309	0.000385481840362134	0.0835049291120757	0.000385481840362134	0.0705431767862705	NA	"abundance"	18	17
"OTU_242"	"Geese"	"low"	"Geeselow"	3.76513677967506	0.830285980745297	0.622390083233216	0.000446023699366638	0.0835049291120757	0.000446023699366638	0.0708373881412261	NA	"abundance"	18	16
"OTU_268"	"Geese"	"low"	"Geeselow"	-2.62048111663008	0.830285980745297	0.747852232613435	0.000432370467535304	0.0835049291120757	0.00086455399084941	0.0974567176836012	NA	"abundance"	18	17
"OTU_361"	"Geese"	"high"	"Geesehigh"	7.29079884761191	0.71715364990908	0.609562700295775	0.000459098571782945	0.0835049291120757	0.000917986372067278	0.0974567176836012	NA	"abundance"	18	7
"OTU_105"	"Geese"	"high"	"Geesehigh"	-5.07691954800493	0.71715364990908	1.137411515408	0.000493398912548182	0.0835673884338338	0.000986554382609461	0.0974567176836012	NA	"abundance"	18	13
"OTU_330"	"Geese"	"high"	"Geesehigh"	-2.79407018921018	0.71715364990908	0.710329428180137	0.000510491071678887	0.0835673884338338	0.00102072154222351	0.0974567176836012	NA	"abundance"	18	14
"OTU_270"	"Geese"	"high"	"Geesehigh"	-2.16643871256975	0.71715364990908	0.617940903074541	0.000662290491665329	0.098560866805104	0.00132414235463531	0.116312664431165	NA	"abundance"	18	15
"OTU_6"	"Geese"	"high"	"Geesehigh"	-4.39203648698151	0.71715364990908	1.18393897783254	0.000657364045054454	0.098560866805104	0.000657364045054454	0.08491596723174	NA	"abundance"	18	18
"OTU_112"	"Geese"	"high"	"Geesehigh"	-7.05757778733811	0.71715364990908	1.0918100643538	0.000878182882562584	0.110309926165575	0.00175559455994994	0.132695715321189	NA	"abundance"	18	8
"OTU_149"	"Geese"	"high"	"Geesehigh"	-5.09852761816145	0.71715364990908	1.191939889552	0.000911586513960394	0.110309926165575	0.00182234203794835	0.132695715321189	NA	"abundance"	18	12
"OTU_15"	"Geese"	"low"	"Geeselow"	-2.98241835813474	0.830285980745297	0.89188722354928	0.000805745889218112	0.110309926165575	0.00161084255199823	0.132695715321189	NA	"abundance"	18	17
"OTU_2"	"Geese"	"high"	"Geesehigh"	-2.74848299557876	0.71715364990908	0.809201238163327	0.000865827172793265	0.110309926165575	0.00173090468889338	0.132695715321189	NA	"abundance"	18	17
"OTU_269"	"Geese"	"low"	"Geeselow"	4.15702576222555	0.830285980745297	0.813086559781932	0.00101078124159049	0.110309926165575	0.00101078124159049	0.0974567176836012	NA	"abundance"	18	18
"OTU_32"	"Geese"	"low"	"Geeselow"	-2.63248593523509	0.830285980745297	0.770726451128614	0.000973040492151078	0.110309926165575	0.00194513417650279	0.133484832862504	NA	"abundance"	18	14
"OTU_625"	"Geese"	"low"	"Geeselow"	-2.79420191138981	0.830285980745297	0.582556080029789	0.00085478044599685	0.110309926165575	0.00170883024238284	0.132695715321189	NA	"abundance"	18	9
"OTU_87"	"Geese"	"high"	"Geesehigh"	-2.17545313414272	0.71715364990908	0.696382393136762	0.000985062245131396	0.110309926165575	0.000985062245131396	0.0974567176836012	NA	"abundance"	18	18
"OTU_142"	"Geese"	"high"	"Geesehigh"	-3.22477297610316	0.71715364990908	0.968605286530037	0.00108716398907793	0.112148821359746	0.00108716398907793	0.0994755050006308	NA	"abundance"	18	18
"OTU_576"	"Geese"	"high"	"Geesehigh"	-2.23712068067119	0.71715364990908	0.611060607025544	0.00109613997663771	0.112148821359746	0.00219107843042704	0.145806310097508	NA	"abundance"	18	12
"OTU_1480"	"Geese"	"high"	"Geesehigh"	-3.10373439325971	0.71715364990908	0.91072389602109	0.00113879643446602	0.112982409892174	0.00227629601161288	0.147021942397114	NA	"abundance"	18	16
"OTU_11"	"Geese"	"low"	"Geeselow"	4.08864281977972	0.830285980745297	0.827245412726356	0.00157295586756145	0.151466397364594	0.00314343754496161	0.191749690242658	NA	"abundance"	18	17
"OTU_144"	"Geese"	"high"	"Geesehigh"	-3.40365278700748	0.71715364990908	0.961129252452694	0.00170731479964847	0.159707104401403	0.00341171467547185	0.197161195456215	NA	"abundance"	18	13
"OTU_159"	"Geese"	"high"	"Geesehigh"	-5.52760663085081	0.71715364990908	1.37673178456507	0.0019816720181729	0.166358825320463	0.00395941701235819	0.21207023802777	NA	"abundance"	18	11
"OTU_266"	"Geese"	"high"	"Geesehigh"	-3.81666710103548	0.71715364990908	1.19774029824683	0.00187320909606414	0.166358825320463	0.00187320909606414	0.132695715321189	NA	"abundance"	18	18
"OTU_274"	"Geese"	"high"	"Geesehigh"	4.73292580366323	0.71715364990908	0.981643529046263	0.00192039647478082	0.166358825320463	0.00383710502694128	0.21207023802777	NA	"abundance"	18	14
"OTU_509"	"Geese"	"high"	"Geesehigh"	3.28475708027379	0.71715364990908	0.326821700772765	0.00193793770801443	0.166358825320463	0.00387211981346871	0.21207023802777	NA	"abundance"	18	6
"OTU_88"	"Geese"	"high"	"Geesehigh"	5.50912599419354	0.71715364990908	1.08331378644361	0.00231901663491396	0.189811511567708	0.00463265543167492	0.23669488710744	NA	"abundance"	18	11
"OTU_278"	"Geese"	"high"	"Geesehigh"	2.88311136185563	0.71715364990908	0.527650278684128	0.00264626375608223	0.206282560414601	0.00264626375608223	0.166034148810188	NA	"abundance"	18	13
"OTU_34"	"Geese"	"low"	"Geeselow"	-3.37632613373384	0.830285980745297	1.05154065430816	0.00260648019287302	0.206282560414601	0.00520616664675019	0.259835044460532	NA	"abundance"	18	13
"OTU_48"	"Geese"	"low"	"Geeselow"	-3.67664700781773	0.830285980745297	1.16872613216296	0.00272193364108053	0.207246761416225	0.00543645835941462	0.265299167939433	NA	"abundance"	18	14
"OTU_1480"	"Geese"	"low"	"Geeselow"	-2.51793083149841	0.830285980745297	0.91072389602109	0.00293313850932619	0.218252169989408	0.0058576737171375	0.279640249626825	NA	"abundance"	18	16
"OTU_1028"	"Geese"	"low"	"Geeselow"	3.17331360351924	0.830285980745297	0.247978975652585	0.00312542355260703	0.22425641031262	0.00624107883283087	0.28197171258038	NA	"abundance"	18	6
"OTU_308"	"Geese"	"low"	"Geeselow"	-3.85023450520148	0.830285980745297	0.979706264086946	0.00315082311373871	0.22425641031262	0.00629171854118335	0.28197171258038	NA	"abundance"	18	8
"OTU_21"	"Geese"	"high"	"Geesehigh"	5.04039511930988	0.71715364990908	1.22861551516432	0.00324123962042422	0.225783372707849	0.00324123962042422	0.192371951525719	NA	"abundance"	18	18
"OTU_573"	"Geese"	"high"	"Geesehigh"	4.80211633793109	0.71715364990908	0.197358671204861	0.00353357816275324	0.24101947718446	0.00705467015087419	0.300950284637266	NA	"abundance"	18	5
"OTU_78"	"Geese"	"high"	"Geesehigh"	-5.34473152568227	0.71715364990908	1.59868601341242	0.00436465445523349	0.291630177274172	0.00871025870195338	0.300950284637266	NA	"abundance"	18	12
"OTU_142"	"Geese"	"low"	"Geeselow"	-2.40388559025874	0.830285980745297	0.968605286530037	0.00463473594973585	0.303282709237351	0.00463473594973585	0.23669488710744	NA	"abundance"	18	18
"OTU_197"	"Geese"	"high"	"Geesehigh"	-5.80028041430957	0.71715364990908	1.34181898264514	0.00472431831738085	0.303282709237351	0.00942631745119776	0.300950284637266	NA	"abundance"	18	8
"OTU_104"	"Geese"	"low"	"Geeselow"	-0.811601150694197	0.830285980745297	0.585266994982193	0.0142527160538823	0.341579191975099	0.0142527160538823	0.300950284637266	NA	"abundance"	18	18
"OTU_115"	"Geese"	"high"	"Geesehigh"	-1.67734526682839	0.71715364990908	0.862955115946039	0.0154104960601276	0.341579191975099	0.0154104960601276	0.300950284637266	NA	"abundance"	18	18
"OTU_1187"	"Geese"	"high"	"Geesehigh"	2.02692912718133	0.71715364990908	0.293450094141307	0.0275974541488696	0.341579191975099	0.0544332888222403	0.371342225006612	NA	"abundance"	18	5
"OTU_119"	"Geese"	"high"	"Geesehigh"	4.60547281025428	0.71715364990908	1.49435958222444	0.032133702895359	0.341579191975099	0.0632348309289508	0.371342225006612	NA	"abundance"	18	11
"OTU_1217"	"Geese"	"high"	"Geesehigh"	2.04451306737384	0.71715364990908	0.512480292437851	0.0255765727811448	0.341579191975099	0.0504989844870604	0.371342225006612	NA	"abundance"	18	17
"OTU_1246"	"Geese"	"high"	"Geesehigh"	7.86858378036759	0.71715364990908	0.785237398248242	0.0122494707763677	0.341579191975099	0.0243488920184344	0.300950284637266	NA	"abundance"	18	4
"OTU_125"	"Geese"	"low"	"Geeselow"	-0.873065750459672	0.830285980745297	0.592595465987109	0.0219912464036459	0.341579191975099	0.043498877888906	0.371342225006612	NA	"abundance"	18	11
"OTU_126"	"Geese"	"low"	"Geeselow"	3.9254668516883	0.830285980745297	1.01995835987611	0.00985132117411414	0.341579191975099	0.0196055938193527	0.300950284637266	NA	"abundance"	18	16
"OTU_1274"	"Geese"	"high"	"Geesehigh"	-2.57141598469471	0.71715364990908	0.995247632883957	0.00842302687355478	0.341579191975099	0.0167751063653969	0.300950284637266	NA	"abundance"	18	13
"OTU_1274"	"Geese"	"low"	"Geeselow"	-2.56577627759774	0.830285980745297	1.09023915766833	0.0112078206893991	0.341579191975099	0.0222900261341924	0.300950284637266	NA	"abundance"	18	13
"OTU_136"	"Geese"	"high"	"Geesehigh"	-3.08571981996441	0.71715364990908	1.36335429496295	0.0167878002361574	0.341579191975099	0.0332937702355458	0.303603302723752	NA	"abundance"	18	15
"OTU_137"	"Geese"	"low"	"Geeselow"	4.18128854295802	0.830285980745297	0.93852056128204	0.0120199438871462	0.341579191975099	0.0238954087232423	0.300950284637266	NA	"abundance"	18	9
"OTU_141"	"Geese"	"high"	"Geesehigh"	5.26902556897202	0.71715364990908	1.4949192281937	0.0141757039552038	0.341579191975099	0.0281504573277821	0.300950284637266	NA	"abundance"	18	12
"OTU_1467"	"Geese"	"low"	"Geeselow"	-0.954062568860051	0.830285980745297	0.554066327237441	0.00674516745810971	0.341579191975099	0.0134448376321815	0.300950284637266	NA	"abundance"	18	17
"OTU_149"	"Geese"	"low"	"Geeselow"	-1.15561337597979	0.830285980745297	0.668215698779916	0.0166251469330563	0.341579191975099	0.0329738983555669	0.303603302723752	NA	"abundance"	18	12
"OTU_15"	"Geese"	"high"	"Geesehigh"	-1.73818602434541	0.71715364990908	0.85038110148036	0.0130078919578326	0.341579191975099	0.0258465786624785	0.300950284637266	NA	"abundance"	18	17
"OTU_152"	"Geese"	"high"	"Geesehigh"	-2.48951343364527	0.71715364990908	1.06383550474815	0.0123001059586958	0.341579191975099	0.0244489193107965	0.300950284637266	NA	"abundance"	18	14
"OTU_152"	"Geese"	"low"	"Geeselow"	-1.81234019226281	0.830285980745297	0.911014298928774	0.0148973104935143	0.341579191975099	0.0295726911270884	0.300950284637266	NA	"abundance"	18	14
"OTU_159"	"Geese"	"low"	"Geeselow"	-1.79001603557396	0.830285980745297	0.822754608146084	0.0133043620603219	0.341579191975099	0.0264317180708117	0.300950284637266	NA	"abundance"	18	11
"OTU_161"	"Geese"	"high"	"Geesehigh"	-2.89221971297846	0.71715364990908	1.24834030900785	0.0130437250706059	0.341579191975099	0.0259173113774943	0.300950284637266	NA	"abundance"	18	16
"OTU_165"	"Geese"	"high"	"Geesehigh"	-2.67916137260225	0.71715364990908	1.25168379722049	0.020762315638394	0.341579191975099	0.0410935575261198	0.362415471194213	NA	"abundance"	18	14
"OTU_167"	"Geese"	"high"	"Geesehigh"	-1.39127635328148	0.71715364990908	0.808901004544478	0.0281066676933275	0.341579191975099	0.0554233506178318	0.371342225006612	NA	"abundance"	18	13
"OTU_167"	"Geese"	"low"	"Geeselow"	-1.06698821788718	0.830285980745297	0.738422211629332	0.0288208283872432	0.341579191975099	0.0568110166255595	0.371342225006612	NA	"abundance"	18	13
"OTU_172"	"Geese"	"low"	"Geeselow"	-0.667849470385902	0.830285980745297	0.476850261906554	0.00808350157544768	0.341579191975099	0.0161016601531751	0.300950284637266	NA	"abundance"	18	17
"OTU_190"	"Geese"	"high"	"Geesehigh"	2.70691979898859	0.71715364990908	0.757704074196353	0.0227930412895133	0.341579191975099	0.0450665598478012	0.371342225006612	NA	"abundance"	18	16
"OTU_20"	"Geese"	"high"	"Geesehigh"	10.5616414574123	0.71715364990908	2.9319287554564	0.0202112316298582	0.341579191975099	0.0400139693757205	0.354617255729507	NA	"abundance"	18	8
"OTU_207"	"Geese"	"high"	"Geesehigh"	-3.58379775160783	0.71715364990908	1.35049170403281	0.0194459649904402	0.341579191975099	0.0385137844264709	0.345209267757266	NA	"abundance"	18	9
"OTU_207"	"Geese"	"low"	"Geeselow"	-2.53084628692441	0.830285980745297	1.02087577043619	0.0167472995677671	0.341579191975099	0.0332141270927217	0.303603302723752	NA	"abundance"	18	9
"OTU_254"	"Geese"	"low"	"Geeselow"	-2.8796723574337	0.830285980745297	1.13031147519009	0.0136907927523815	0.341579191975099	0.0271941476985743	0.300950284637266	NA	"abundance"	18	9
"OTU_266"	"Geese"	"low"	"Geeselow"	-2.33449005905943	0.830285980745297	1.19774029824683	0.0188061828032633	0.341579191975099	0.0188061828032633	0.300950284637266	NA	"abundance"	18	18
"OTU_274"	"Geese"	"low"	"Geeselow"	3.34591679032073	0.830285980745297	1.01383707730892	0.0313459600229853	0.341579191975099	0.061709350836208	0.371342225006612	NA	"abundance"	18	14
"OTU_293"	"Geese"	"low"	"Geeselow"	8.18841779311922	0.830285980745297	0.638780067651137	0.00763702118954956	0.341579191975099	0.0152157182864495	0.300950284637266	NA	"abundance"	18	4
"OTU_3"	"Geese"	"low"	"Geeselow"	-0.713541532161984	0.830285980745297	0.472857398890979	0.00602799671773857	0.341579191975099	0.00602799671773857	0.281648527492636	NA	"abundance"	18	18
"OTU_321"	"Geese"	"low"	"Geeselow"	-0.653103666898539	0.830285980745297	0.502394027949172	0.0200858662710123	0.341579191975099	0.0397682905181676	0.354617255729507	NA	"abundance"	18	10
"OTU_330"	"Geese"	"low"	"Geeselow"	-1.63156871057052	0.830285980745297	0.710329428180137	0.00556268935819304	0.341579191975099	0.0110944352034903	0.300950284637266	NA	"abundance"	18	14
"OTU_332"	"Geese"	"high"	"Geesehigh"	-2.81589777144377	0.71715364990908	1.05606540497336	0.00557464705249977	0.341579191975099	0.0111182174152396	0.300950284637266	NA	"abundance"	18	16
"OTU_337"	"Geese"	"high"	"Geesehigh"	2.78891592309867	0.71715364990908	0.820868428220714	0.0286702700669803	0.341579191975099	0.0565185557482471	0.371342225006612	NA	"abundance"	18	15
"OTU_345"	"Geese"	"high"	"Geesehigh"	2.30128407281818	0.71715364990908	0.627098172836212	0.0298216850034758	0.341579191975099	0.0587540371105051	0.371342225006612	NA	"abundance"	18	15
"OTU_364"	"Geese"	"high"	"Geesehigh"	-0.448277912583827	0.71715364990908	0.404681216445021	0.0237219509881283	0.341579191975099	0.0468811710175735	0.371342225006612	NA	"abundance"	18	12
"OTU_4"	"Geese"	"low"	"Geeselow"	-0.29913425128917	0.830285980745297	0.466359585748345	0.0318493245561737	0.341579191975099	0.0318493245561737	0.300950284637266	NA	"abundance"	18	18
"OTU_405"	"Geese"	"high"	"Geesehigh"	4.5147768842806	0.71715364990908	1.09363281860933	0.0262738494035837	0.341579191975099	0.0518573836446852	0.371342225006612	NA	"abundance"	18	7
"OTU_405"	"Geese"	"low"	"Geeselow"	6.81530045625623	0.830285980745297	1.41187389777994	0.0133880150846899	0.341579191975099	0.0265967912214719	0.300950284637266	NA	"abundance"	18	7
"OTU_407"	"Geese"	"high"	"Geesehigh"	3.60609697386627	0.71715364990908	0.844859591891457	0.00714567526060539	0.341579191975099	0.0142402898462808	0.300950284637266	NA	"abundance"	18	13
"OTU_452"	"Geese"	"low"	"Geeselow"	-0.354386972073386	0.830285980745297	0.316270245586285	0.00717879922075415	0.341579191975099	0.0143060632832564	0.300950284637266	NA	"abundance"	18	10
"OTU_46"	"Geese"	"high"	"Geesehigh"	-2.17709706960625	0.71715364990908	1.05868653065178	0.0160926065379519	0.341579191975099	0.0160926065379519	0.300950284637266	NA	"abundance"	18	18
"OTU_464"	"Geese"	"high"	"Geesehigh"	-2.00119264764954	0.71715364990908	0.794284915944409	0.0150453614416812	0.341579191975099	0.0298643599824516	0.300950284637266	NA	"abundance"	18	9
"OTU_464"	"Geese"	"low"	"Geeselow"	-2.39249784309671	0.830285980745297	0.794284915944409	0.00692972768936317	0.341579191975099	0.0138114342528776	0.300950284637266	NA	"abundance"	18	9
"OTU_50"	"Geese"	"high"	"Geesehigh"	2.89004023412766	0.71715364990908	0.847884360256964	0.0232221069328487	0.341579191975099	0.0232221069328487	0.300950284637266	NA	"abundance"	18	18
"OTU_537"	"Geese"	"low"	"Geeselow"	-4.07664704188982	0.830285980745297	1.34732160397415	0.00668428585157932	0.341579191975099	0.013323892025813	0.300950284637266	NA	"abundance"	18	10
"OTU_55"	"Geese"	"low"	"Geeselow"	7.19248297128344	0.830285980745297	1.17982746562862	0.0057881611173396	0.341579191975099	0.0115428194255589	0.300950284637266	NA	"abundance"	18	7
"OTU_562"	"Geese"	"low"	"Geeselow"	5.19185369014021	0.830285980745297	0.368139592082428	0.00755312343027059	0.341579191975099	0.0150491971869883	0.300950284637266	NA	"abundance"	18	4
"OTU_586"	"Geese"	"high"	"Geesehigh"	3.61821584104593	0.71715364990908	0.832276582266132	0.0184821260766588	0.341579191975099	0.036622663169004	0.330960363453222	NA	"abundance"	18	7
"OTU_592"	"Geese"	"high"	"Geesehigh"	-0.979311670303918	0.71715364990908	0.56940325615845	0.0177703928856312	0.341579191975099	0.0352249989079527	0.319645031412662	NA	"abundance"	18	12
"OTU_598"	"Geese"	"low"	"Geeselow"	3.12117099086579	0.830285980745297	0.756008825038244	0.0168006009421897	0.341579191975099	0.0333189416923607	0.303603302723752	NA	"abundance"	18	11
"OTU_608"	"Geese"	"low"	"Geeselow"	-1.30291650563524	0.830285980745297	0.684120647394589	0.0215057414789928	0.341579191975099	0.0425489860414242	0.371342225006612	NA	"abundance"	18	8
"OTU_625"	"Geese"	"high"	"Geesehigh"	-1.4661304394265	0.71715364990908	0.582556080029789	0.0107866132238792	0.341579191975099	0.0214568754229168	0.300950284637266	NA	"abundance"	18	9
"OTU_639"	"Geese"	"low"	"Geeselow"	-2.62359513902729	0.830285980745297	0.890631255269297	0.0307158854788432	0.341579191975099	0.060488305336937	0.371342225006612	NA	"abundance"	18	5
"OTU_7"	"Geese"	"high"	"Geesehigh"	10.3420702192545	0.71715364990908	2.48571883729348	0.00831878846453105	0.341579191975099	0.0165683746875445	0.300950284637266	NA	"abundance"	18	9
"OTU_70"	"Geese"	"high"	"Geesehigh"	2.67451214707257	0.71715364990908	0.74239337778678	0.020605962791068	0.341579191975099	0.020605962791068	0.300950284637266	NA	"abundance"	18	18
"OTU_719"	"Geese"	"low"	"Geeselow"	3.58338165336184	0.830285980745297	0.730826469149478	0.0202285217326563	0.341579191975099	0.0400478503738241	0.354617255729507	NA	"abundance"	18	7
"OTU_726"	"Geese"	"high"	"Geesehigh"	-1.14487143785449	0.71715364990908	0.681179577836777	0.0282747164254238	0.341579191975099	0.0557499732619094	0.371342225006612	NA	"abundance"	18	11
"OTU_726"	"Geese"	"low"	"Geeselow"	-1.80560478945826	0.830285980745297	0.735758035501848	0.00747971501293376	0.341579191975099	0.0149034838891928	0.300950284637266	NA	"abundance"	18	11
"OTU_754"	"Geese"	"high"	"Geesehigh"	5.00039540627811	0.71715364990908	0.454838925093752	0.0120830661122304	0.341579191975099	0.0240201317377883	0.300950284637266	NA	"abundance"	18	5
"OTU_78"	"Geese"	"low"	"Geeselow"	-1.47757279996793	0.830285980745297	0.896242420398878	0.0306263777355633	0.341579191975099	0.0603147804579252	0.371342225006612	NA	"abundance"	18	12
"OTU_80"	"Geese"	"low"	"Geeselow"	-1.83527946386028	0.830285980745297	0.931268194253642	0.0191585524278983	0.341579191975099	0.0379500547246641	0.341550492521977	NA	"abundance"	18	11
"OTU_872"	"Geese"	"low"	"Geeselow"	-2.01781768250431	0.830285980745297	0.800360118177406	0.0167500093656244	0.341579191975099	0.0332194559175003	0.303603302723752	NA	"abundance"	18	7
"OTU_90"	"Geese"	"low"	"Geeselow"	-1.59485377936529	0.830285980745297	0.863438671793308	0.0152967985789121	0.341579191975099	0.0303596051110604	0.300950284637266	NA	"abundance"	18	16
"OTU_101"	"Geese"	"high"	"Geesehigh"	-5.88887792057369	0	2.5128918126196	0.0191054750593011	0.341579191975099	0.0191054750593011	0.300950284637266	NA	"prevalence"	18	11
"OTU_1010"	"Geese"	"high"	"Geesehigh"	-5.88887792057369	0	2.5128918126196	0.0191054750593011	0.341579191975099	0.0191054750593011	0.300950284637266	NA	"prevalence"	18	6
"OTU_1010"	"Geese"	"low"	"Geeselow"	-5.8888779205737	0	2.5128918126196	0.0191054750593011	0.341579191975099	0.0191054750593011	0.300950284637266	NA	"prevalence"	18	6
"OTU_1041"	"Geese"	"low"	"Geeselow"	-4.33073332140674	0	2.02356433823224	0.0323425624655711	0.341579191975099	0.0323425624655711	0.300950284637266	NA	"prevalence"	18	6
"OTU_1069"	"Geese"	"high"	"Geesehigh"	5.88887792057369	0	2.5128918126196	0.0191054750593011	0.341579191975099	0.0191054750593011	0.300950284637266	NA	"prevalence"	18	6
"OTU_107"	"Geese"	"low"	"Geeselow"	-4.33073332140673	0	2.02356433823224	0.0323425624655712	0.341579191975099	0.0323425624655712	0.300950284637266	NA	"prevalence"	18	7
"OTU_112"	"Geese"	"high"	"Geesehigh"	-4.33073332140674	0	2.02356433823225	0.0323425624655714	0.341579191975099	0.00175559455994994	0.132695715321189	NA	"prevalence"	18	8
"OTU_112"	"Geese"	"low"	"Geeselow"	-4.33073332140674	0	2.02356433823225	0.0323425624655714	0.341579191975099	0.0636390835843034	0.371342225006612	NA	"prevalence"	18	8
"OTU_1133"	"Geese"	"high"	"Geesehigh"	-4.33073332140674	0	2.02356433823224	0.0323425624655712	0.341579191975099	0.0323425624655712	0.300950284637266	NA	"prevalence"	18	7
"OTU_1152"	"Geese"	"high"	"Geesehigh"	-5.88887792057369	0	2.5128918126196	0.0191054750593011	0.341579191975099	0.0191054750593011	0.300950284637266	NA	"prevalence"	18	8
"OTU_117"	"Geese"	"high"	"Geesehigh"	-5.88887792057369	0	2.5128918126196	0.0191054750593011	0.341579191975099	0.0191054750593011	0.300950284637266	NA	"prevalence"	18	8
"OTU_1179"	"Geese"	"high"	"Geesehigh"	4.33073332140674	0	2.02356433823224	0.032342562465571	0.341579191975099	0.032342562465571	0.300950284637266	NA	"prevalence"	18	5
"OTU_1195"	"Geese"	"high"	"Geesehigh"	4.33073332140674	0	2.02356433823224	0.0323425624655712	0.341579191975099	0.0323425624655712	0.300950284637266	NA	"prevalence"	18	5
"OTU_120"	"Geese"	"high"	"Geesehigh"	-5.88887792057369	0	2.5128918126196	0.019105475059301	0.341579191975099	0.019105475059301	0.300950284637266	NA	"prevalence"	18	10
"OTU_1206"	"Geese"	"low"	"Geeselow"	-4.33073332140673	0	2.02356433823224	0.032342562465571	0.341579191975099	0.0636390835843026	0.371342225006612	NA	"prevalence"	18	10
"OTU_124"	"Geese"	"high"	"Geesehigh"	-4.33073332140674	0	2.02356433823225	0.0323425624655712	0.341579191975099	0.063639083584303	0.371342225006612	NA	"prevalence"	18	10
"OTU_1266"	"Geese"	"high"	"Geesehigh"	4.33073332140674	0	2.02356433823224	0.0323425624655711	0.341579191975099	0.0323425624655711	0.300950284637266	NA	"prevalence"	18	5
"OTU_1273"	"Geese"	"high"	"Geesehigh"	-4.33073332140674	0	2.02356433823224	0.0323425624655711	0.341579191975099	0.0323425624655711	0.300950284637266	NA	"prevalence"	18	7
"OTU_128"	"Geese"	"high"	"Geesehigh"	-5.88887792057369	0	2.5128918126196	0.019105475059301	0.341579191975099	0.019105475059301	0.300950284637266	NA	"prevalence"	18	10
"OTU_1297"	"Geese"	"high"	"Geesehigh"	-4.33073332140673	0	2.02356433823224	0.0323425624655712	0.341579191975099	0.0323425624655712	0.300950284637266	NA	"prevalence"	18	6
"OTU_1305"	"Geese"	"high"	"Geesehigh"	4.33073332140674	0	2.02356433823224	0.0323425624655712	0.341579191975099	0.0323425624655712	0.300950284637266	NA	"prevalence"	18	5
"OTU_1308"	"Geese"	"high"	"Geesehigh"	-4.33073332140674	0	2.02356433823224	0.0323425624655712	0.341579191975099	0.0323425624655712	0.300950284637266	NA	"prevalence"	18	5
"OTU_1308"	"Geese"	"low"	"Geeselow"	-4.33073332140674	0	2.02356433823224	0.0323425624655712	0.341579191975099	0.0323425624655712	0.300950284637266	NA	"prevalence"	18	5
"OTU_132"	"Geese"	"high"	"Geesehigh"	-4.33073332140674	0	2.02356433823224	0.032342562465571	0.341579191975099	0.032342562465571	0.300950284637266	NA	"prevalence"	18	11
"OTU_148"	"Geese"	"high"	"Geesehigh"	4.33073332140674	0	2.02356433823224	0.0323425624655711	0.341579191975099	0.0636390835843029	0.371342225006612	NA	"prevalence"	18	10
"OTU_1482"	"Geese"	"high"	"Geesehigh"	-4.33073332140674	0	2.02356433823225	0.0323425624655712	0.341579191975099	0.0636390835843031	0.371342225006612	NA	"prevalence"	18	10
"OTU_149"	"Geese"	"high"	"Geesehigh"	-4.33073332140674	0	2.02356433823224	0.0323425624655712	0.341579191975099	0.00182234203794835	0.132695715321189	NA	"prevalence"	18	12
"OTU_159"	"Geese"	"high"	"Geesehigh"	-4.33073332140674	0	2.02356433823225	0.0323425624655713	0.341579191975099	0.00395941701235819	0.21207023802777	NA	"prevalence"	18	11
"OTU_162"	"Geese"	"high"	"Geesehigh"	4.33073332140674	0	2.02356433823224	0.0323425624655711	0.341579191975099	0.0636390835843029	0.371342225006612	NA	"prevalence"	18	9
"OTU_166"	"Geese"	"low"	"Geeselow"	-4.33073332140674	0	2.02356433823225	0.0323425624655714	0.341579191975099	0.0636390835843034	0.371342225006612	NA	"prevalence"	18	11
"OTU_1693"	"Geese"	"high"	"Geesehigh"	-5.88887792057369	0	2.5128918126196	0.0191054750593012	0.341579191975099	0.0191054750593012	0.300950284637266	NA	"prevalence"	18	7
"OTU_1693"	"Geese"	"low"	"Geeselow"	-4.33073332140673	0	2.02356433823224	0.0323425624655713	0.341579191975099	0.0636390835843033	0.371342225006612	NA	"prevalence"	18	7
"OTU_173"	"Geese"	"high"	"Geesehigh"	-4.33073332140674	0	2.02356433823224	0.0323425624655711	0.341579191975099	0.0636390835843027	0.371342225006612	NA	"prevalence"	18	11
"OTU_1736"	"Geese"	"high"	"Geesehigh"	5.88887792057369	0	2.5128918126196	0.0191054750593011	0.341579191975099	0.0191054750593011	0.300950284637266	NA	"prevalence"	18	6
"OTU_175"	"Geese"	"high"	"Geesehigh"	4.33073332140674	0	2.02356433823224	0.0323425624655709	0.341579191975099	0.0323425624655709	0.300950284637266	NA	"prevalence"	18	6
"OTU_176"	"Geese"	"high"	"Geesehigh"	-5.88887792057369	0	2.51289181261959	0.0191054750593011	0.341579191975099	0.0191054750593011	0.300950284637266	NA	"prevalence"	18	7
"OTU_176"	"Geese"	"low"	"Geeselow"	-4.33073332140673	0	2.02356433823224	0.0323425624655711	0.341579191975099	0.0636390835843028	0.371342225006612	NA	"prevalence"	18	7
"OTU_1762"	"Geese"	"high"	"Geesehigh"	-4.33073332140674	0	2.02356433823224	0.0323425624655711	0.341579191975099	0.0323425624655711	0.300950284637266	NA	"prevalence"	18	6
"OTU_1773"	"Geese"	"high"	"Geesehigh"	5.88887792057369	0	2.51289181261959	0.019105475059301	0.341579191975099	0.019105475059301	0.300950284637266	NA	"prevalence"	18	7
"OTU_179"	"Geese"	"high"	"Geesehigh"	-4.33073332140674	0	2.02356433823224	0.0323425624655711	0.341579191975099	0.0323425624655711	0.300950284637266	NA	"prevalence"	18	6
"OTU_1811"	"Geese"	"high"	"Geesehigh"	-5.88887792057369	0	2.5128918126196	0.0191054750593011	0.341579191975099	0.0191054750593011	0.300950284637266	NA	"prevalence"	18	11
"OTU_183"	"Geese"	"high"	"Geesehigh"	-5.88887792057369	0	2.5128918126196	0.0191054750593011	0.341579191975099	0.0191054750593011	0.300950284637266	NA	"prevalence"	18	8
"OTU_194"	"Geese"	"high"	"Geesehigh"	-4.33073332140674	0	2.02356433823224	0.0323425624655711	0.341579191975099	0.0323425624655711	0.300950284637266	NA	"prevalence"	18	6
"OTU_1955"	"Geese"	"high"	"Geesehigh"	-5.88887792057369	0	2.51289181261959	0.0191054750593011	0.341579191975099	0.0191054750593011	0.300950284637266	NA	"prevalence"	18	7
"OTU_1955"	"Geese"	"low"	"Geeselow"	-4.33073332140673	0	2.02356433823224	0.0323425624655711	0.341579191975099	0.0636390835843028	0.371342225006612	NA	"prevalence"	18	7
"OTU_197"	"Geese"	"high"	"Geesehigh"	-4.33073332140674	0	2.02356433823224	0.0323425624655712	0.341579191975099	0.00942631745119776	0.300950284637266	NA	"prevalence"	18	8
"OTU_197"	"Geese"	"low"	"Geeselow"	-4.33073332140673	0	2.02356433823224	0.0323425624655712	0.341579191975099	0.0636390835843031	0.371342225006612	NA	"prevalence"	18	8
"OTU_201"	"Geese"	"high"	"Geesehigh"	-4.33073332140674	0	2.02356433823224	0.0323425624655711	0.341579191975099	0.0323425624655711	0.300950284637266	NA	"prevalence"	18	6
"OTU_202"	"Geese"	"high"	"Geesehigh"	-4.33073332140674	0	2.02356433823225	0.0323425624655713	0.341579191975099	0.0636390835843032	0.371342225006612	NA	"prevalence"	18	10
"OTU_207"	"Geese"	"high"	"Geesehigh"	-4.33073332140674	0	2.02356433823224	0.0323425624655711	0.341579191975099	0.0385137844264709	0.345209267757266	NA	"prevalence"	18	9
"OTU_217"	"Geese"	"high"	"Geesehigh"	-5.88887792057369	0	2.5128918126196	0.0191054750593011	0.341579191975099	0.0191054750593011	0.300950284637266	NA	"prevalence"	18	11
"OTU_219"	"Geese"	"high"	"Geesehigh"	-5.88887792057369	0	2.5128918126196	0.0191054750593011	0.341579191975099	0.0191054750593011	0.300950284637266	NA	"prevalence"	18	8
"OTU_220"	"Geese"	"high"	"Geesehigh"	-5.88887792057369	0	2.5128918126196	0.019105475059301	0.341579191975099	0.019105475059301	0.300950284637266	NA	"prevalence"	18	12
"OTU_222"	"Geese"	"high"	"Geesehigh"	-5.88887792057369	0	2.5128918126196	0.019105475059301	0.341579191975099	0.019105475059301	0.300950284637266	NA	"prevalence"	18	9
"OTU_223"	"Geese"	"high"	"Geesehigh"	-5.88887792057369	0	2.5128918126196	0.0191054750593011	0.341579191975099	0.0191054750593011	0.300950284637266	NA	"prevalence"	18	11
"OTU_224"	"Geese"	"high"	"Geesehigh"	-5.88887792057369	0	2.5128918126196	0.0191054750593011	0.341579191975099	0.0191054750593011	0.300950284637266	NA	"prevalence"	18	6
"OTU_224"	"Geese"	"low"	"Geeselow"	-5.8888779205737	0	2.5128918126196	0.0191054750593011	0.341579191975099	0.0191054750593011	0.300950284637266	NA	"prevalence"	18	6
"OTU_239"	"Geese"	"high"	"Geesehigh"	-4.33073332140674	0	2.02356433823224	0.0323425624655712	0.341579191975099	0.0323425624655712	0.300950284637266	NA	"prevalence"	18	7
"OTU_240"	"Geese"	"high"	"Geesehigh"	-5.88887792057369	0	2.51289181261959	0.0191054750593011	0.341579191975099	0.0191054750593011	0.300950284637266	NA	"prevalence"	18	7
"OTU_240"	"Geese"	"low"	"Geeselow"	-4.33073332140673	0	2.02356433823224	0.0323425624655711	0.341579191975099	0.0636390835843028	0.371342225006612	NA	"prevalence"	18	7
"OTU_248"	"Geese"	"high"	"Geesehigh"	4.33073332140674	0	2.02356433823224	0.0323425624655711	0.341579191975099	0.0323425624655711	0.300950284637266	NA	"prevalence"	18	6
"OTU_251"	"Geese"	"high"	"Geesehigh"	-4.33073332140674	0	2.02356433823224	0.0323425624655712	0.341579191975099	0.063639083584303	0.371342225006612	NA	"prevalence"	18	13
"OTU_254"	"Geese"	"high"	"Geesehigh"	-5.88887792057369	0	2.5128918126196	0.0191054750593011	0.341579191975099	0.0191054750593011	0.300950284637266	NA	"prevalence"	18	9
"OTU_255"	"Geese"	"high"	"Geesehigh"	-5.88887792057369	0	2.51289181261959	0.0191054750593011	0.341579191975099	0.0191054750593011	0.300950284637266	NA	"prevalence"	18	7
"OTU_255"	"Geese"	"low"	"Geeselow"	-4.33073332140673	0	2.02356433823224	0.0323425624655711	0.341579191975099	0.0636390835843028	0.371342225006612	NA	"prevalence"	18	7
"OTU_265"	"Geese"	"high"	"Geesehigh"	-4.33073332140674	0	2.02356433823224	0.0323425624655711	0.341579191975099	0.0323425624655711	0.300950284637266	NA	"prevalence"	18	7
"OTU_271"	"Geese"	"high"	"Geesehigh"	-4.33073332140674	0	2.02356433823224	0.0323425624655712	0.341579191975099	0.0323425624655712	0.300950284637266	NA	"prevalence"	18	5
"OTU_271"	"Geese"	"low"	"Geeselow"	-4.33073332140674	0	2.02356433823224	0.0323425624655711	0.341579191975099	0.0323425624655711	0.300950284637266	NA	"prevalence"	18	5
"OTU_273"	"Geese"	"high"	"Geesehigh"	5.88887792057369	0	2.5128918126196	0.0191054750593011	0.341579191975099	0.0191054750593011	0.300950284637266	NA	"prevalence"	18	6
"OTU_276"	"Geese"	"high"	"Geesehigh"	-5.88887792057369	0	2.5128918126196	0.019105475059301	0.341579191975099	0.019105475059301	0.300950284637266	NA	"prevalence"	18	10
"OTU_285"	"Geese"	"high"	"Geesehigh"	5.8888779205737	0	2.5128918126196	0.0191054750593012	0.341579191975099	0.0191054750593012	0.300950284637266	NA	"prevalence"	18	10
"OTU_294"	"Geese"	"high"	"Geesehigh"	-4.33073332140674	0	2.02356433823224	0.0323425624655712	0.341579191975099	0.0323425624655712	0.300950284637266	NA	"prevalence"	18	8
"OTU_299"	"Geese"	"high"	"Geesehigh"	-4.33073332140673	0	2.02356433823224	0.0323425624655712	0.341579191975099	0.0323425624655712	0.300950284637266	NA	"prevalence"	18	8
"OTU_305"	"Geese"	"high"	"Geesehigh"	-5.88887792057369	0	2.5128918126196	0.019105475059301	0.341579191975099	0.019105475059301	0.300950284637266	NA	"prevalence"	18	10
"OTU_308"	"Geese"	"high"	"Geesehigh"	-4.33073332140673	0	2.02356433823224	0.0323425624655711	0.341579191975099	0.0323425624655711	0.300950284637266	NA	"prevalence"	18	8
"OTU_31"	"Geese"	"high"	"Geesehigh"	-5.88887792057369	0	2.5128918126196	0.0191054750593011	0.341579191975099	0.0191054750593011	0.300950284637266	NA	"prevalence"	18	10
"OTU_310"	"Geese"	"high"	"Geesehigh"	-4.33073332140674	0	2.02356433823224	0.0323425624655712	0.341579191975099	0.063639083584303	0.371342225006612	NA	"prevalence"	18	8
"OTU_310"	"Geese"	"low"	"Geeselow"	-4.33073332140673	0	2.02356433823224	0.0323425624655712	0.341579191975099	0.0636390835843031	0.371342225006612	NA	"prevalence"	18	8
"OTU_314"	"Geese"	"high"	"Geesehigh"	-5.88887792057369	0	2.51289181261959	0.0191054750593011	0.341579191975099	0.0191054750593011	0.300950284637266	NA	"prevalence"	18	7
"OTU_314"	"Geese"	"low"	"Geeselow"	-4.33073332140673	0	2.02356433823224	0.0323425624655711	0.341579191975099	0.0636390835843028	0.371342225006612	NA	"prevalence"	18	7
"OTU_321"	"Geese"	"high"	"Geesehigh"	-5.88887792057369	0	2.5128918126196	0.019105475059301	0.341579191975099	0.019105475059301	0.300950284637266	NA	"prevalence"	18	10
"OTU_324"	"Geese"	"high"	"Geesehigh"	-5.88887792057369	0	2.51289181261959	0.0191054750593011	0.341579191975099	0.0191054750593011	0.300950284637266	NA	"prevalence"	18	7
"OTU_324"	"Geese"	"low"	"Geeselow"	-4.33073332140673	0	2.02356433823224	0.0323425624655711	0.341579191975099	0.0636390835843028	0.371342225006612	NA	"prevalence"	18	7
"OTU_333"	"Geese"	"high"	"Geesehigh"	-5.88887792057369	0	2.51289181261959	0.0191054750593011	0.341579191975099	0.0191054750593011	0.300950284637266	NA	"prevalence"	18	7
"OTU_333"	"Geese"	"low"	"Geeselow"	-4.33073332140673	0	2.02356433823224	0.0323425624655711	0.341579191975099	0.0636390835843028	0.371342225006612	NA	"prevalence"	18	7
"OTU_356"	"Geese"	"high"	"Geesehigh"	-5.88887792057369	0	2.5128918126196	0.0191054750593011	0.341579191975099	0.0191054750593011	0.300950284637266	NA	"prevalence"	18	6
"OTU_356"	"Geese"	"low"	"Geeselow"	-5.8888779205737	0	2.5128918126196	0.0191054750593011	0.341579191975099	0.0191054750593011	0.300950284637266	NA	"prevalence"	18	6
"OTU_359"	"Geese"	"high"	"Geesehigh"	5.88887792057369	0	2.5128918126196	0.0191054750593011	0.341579191975099	0.0191054750593011	0.300950284637266	NA	"prevalence"	18	6
"OTU_36"	"Geese"	"high"	"Geesehigh"	-4.33073332140674	0	2.02356433823224	0.0323425624655709	0.341579191975099	0.0636390835843025	0.371342225006612	NA	"prevalence"	18	9
"OTU_367"	"Geese"	"high"	"Geesehigh"	5.88887792057369	0	2.5128918126196	0.0191054750593011	0.341579191975099	0.0191054750593011	0.300950284637266	NA	"prevalence"	18	7
"OTU_372"	"Geese"	"high"	"Geesehigh"	-5.88887792057369	0	2.5128918126196	0.0191054750593011	0.341579191975099	0.0191054750593011	0.300950284637266	NA	"prevalence"	18	6
"OTU_372"	"Geese"	"low"	"Geeselow"	-5.8888779205737	0	2.5128918126196	0.0191054750593011	0.341579191975099	0.0191054750593011	0.300950284637266	NA	"prevalence"	18	6
"OTU_376"	"Geese"	"high"	"Geesehigh"	-4.33073332140674	0	2.02356433823225	0.0323425624655714	0.341579191975099	0.0636390835843034	0.371342225006612	NA	"prevalence"	18	13
"OTU_378"	"Geese"	"high"	"Geesehigh"	5.88887792057369	0	2.5128918126196	0.0191054750593011	0.341579191975099	0.0191054750593011	0.300950284637266	NA	"prevalence"	18	7
"OTU_379"	"Geese"	"high"	"Geesehigh"	5.88887792057369	0	2.5128918126196	0.0191054750593011	0.341579191975099	0.0191054750593011	0.300950284637266	NA	"prevalence"	18	6
"OTU_384"	"Geese"	"high"	"Geesehigh"	4.33073332140674	0	2.02356433823224	0.0323425624655709	0.341579191975099	0.0323425624655709	0.300950284637266	NA	"prevalence"	18	6
"OTU_387"	"Geese"	"high"	"Geesehigh"	4.33073332140674	0	2.02356433823224	0.0323425624655711	0.341579191975099	0.0636390835843027	0.371342225006612	NA	"prevalence"	18	9
"OTU_393"	"Geese"	"high"	"Geesehigh"	4.33073332140674	0	2.02356433823224	0.0323425624655711	0.341579191975099	0.0323425624655711	0.300950284637266	NA	"prevalence"	18	7
"OTU_398"	"Geese"	"high"	"Geesehigh"	-4.33073332140674	0	2.02356433823224	0.0323425624655711	0.341579191975099	0.0636390835843028	0.371342225006612	NA	"prevalence"	18	11
"OTU_399"	"Geese"	"low"	"Geeselow"	-4.33073332140674	0	2.02356433823224	0.032342562465571	0.341579191975099	0.0636390835843027	0.371342225006612	NA	"prevalence"	18	10
"OTU_412"	"Geese"	"high"	"Geesehigh"	-4.33073332140674	0	2.02356433823224	0.0323425624655712	0.341579191975099	0.0323425624655712	0.300950284637266	NA	"prevalence"	18	7
"OTU_417"	"Geese"	"high"	"Geesehigh"	-4.33073332140674	0	2.02356433823224	0.0323425624655711	0.341579191975099	0.0323425624655711	0.300950284637266	NA	"prevalence"	18	9
"OTU_420"	"Geese"	"high"	"Geesehigh"	-5.88887792057369	0	2.5128918126196	0.0191054750593011	0.341579191975099	0.0191054750593011	0.300950284637266	NA	"prevalence"	18	8
"OTU_425"	"Geese"	"high"	"Geesehigh"	-4.33073332140674	0	2.02356433823224	0.0323425624655711	0.341579191975099	0.0323425624655711	0.300950284637266	NA	"prevalence"	18	6
"OTU_428"	"Geese"	"high"	"Geesehigh"	-4.33073332140674	0	2.02356433823224	0.0323425624655711	0.341579191975099	0.0323425624655711	0.300950284637266	NA	"prevalence"	18	10
"OTU_43"	"Geese"	"high"	"Geesehigh"	-4.33073332140674	0	2.02356433823224	0.0323425624655711	0.341579191975099	0.0323425624655711	0.300950284637266	NA	"prevalence"	18	8
"OTU_436"	"Geese"	"high"	"Geesehigh"	5.88887792057369	0	2.5128918126196	0.0191054750593011	0.341579191975099	0.0191054750593011	0.300950284637266	NA	"prevalence"	18	6
"OTU_441"	"Geese"	"high"	"Geesehigh"	-4.33073332140674	0	2.02356433823224	0.0323425624655711	0.341579191975099	0.0323425624655711	0.300950284637266	NA	"prevalence"	18	9
"OTU_442"	"Geese"	"high"	"Geesehigh"	-5.88887792057369	0	2.5128918126196	0.0191054750593011	0.341579191975099	0.0191054750593011	0.300950284637266	NA	"prevalence"	18	8
"OTU_444"	"Geese"	"high"	"Geesehigh"	-5.88887792057369	0	2.5128918126196	0.0191054750593011	0.341579191975099	0.0191054750593011	0.300950284637266	NA	"prevalence"	18	10
"OTU_446"	"Geese"	"low"	"Geeselow"	-4.33073332140674	0	2.02356433823225	0.0323425624655712	0.341579191975099	0.0636390835843031	0.371342225006612	NA	"prevalence"	18	11
"OTU_452"	"Geese"	"high"	"Geesehigh"	-5.88887792057369	0	2.5128918126196	0.019105475059301	0.341579191975099	0.019105475059301	0.300950284637266	NA	"prevalence"	18	10
"OTU_457"	"Geese"	"high"	"Geesehigh"	-5.88887792057369	0	2.5128918126196	0.0191054750593011	0.341579191975099	0.0191054750593011	0.300950284637266	NA	"prevalence"	18	8
"OTU_460"	"Geese"	"high"	"Geesehigh"	-4.33073332140674	0	2.02356433823224	0.0323425624655711	0.341579191975099	0.0323425624655711	0.300950284637266	NA	"prevalence"	18	6
"OTU_468"	"Geese"	"high"	"Geesehigh"	4.33073332140674	0	2.02356433823224	0.0323425624655712	0.341579191975099	0.0323425624655712	0.300950284637266	NA	"prevalence"	18	8
"OTU_473"	"Geese"	"high"	"Geesehigh"	-4.33073332140674	0	2.02356433823224	0.0323425624655711	0.341579191975099	0.0323425624655711	0.300950284637266	NA	"prevalence"	18	6
"OTU_480"	"Geese"	"high"	"Geesehigh"	5.88887792057369	0	2.5128918126196	0.0191054750593011	0.341579191975099	0.0191054750593011	0.300950284637266	NA	"prevalence"	18	6
"OTU_489"	"Geese"	"high"	"Geesehigh"	-4.33073332140674	0	2.02356433823224	0.0323425624655711	0.341579191975099	0.0323425624655711	0.300950284637266	NA	"prevalence"	18	6
"OTU_490"	"Geese"	"high"	"Geesehigh"	5.88887792057369	0	2.5128918126196	0.0191054750593011	0.341579191975099	0.0191054750593011	0.300950284637266	NA	"prevalence"	18	6
"OTU_499"	"Geese"	"high"	"Geesehigh"	4.33073332140674	0	2.02356433823224	0.032342562465571	0.341579191975099	0.032342562465571	0.300950284637266	NA	"prevalence"	18	5
"OTU_505"	"Geese"	"high"	"Geesehigh"	-4.33073332140674	0	2.02356433823224	0.0323425624655711	0.341579191975099	0.0323425624655711	0.300950284637266	NA	"prevalence"	18	7
"OTU_514"	"Geese"	"high"	"Geesehigh"	-4.33073332140673	0	2.02356433823224	0.0323425624655712	0.341579191975099	0.0323425624655712	0.300950284637266	NA	"prevalence"	18	8
"OTU_526"	"Geese"	"high"	"Geesehigh"	-4.33073332140674	0	2.02356433823224	0.0323425624655711	0.341579191975099	0.0323425624655711	0.300950284637266	NA	"prevalence"	18	6
"OTU_528"	"Geese"	"high"	"Geesehigh"	4.33073332140673	0	2.02356433823224	0.0323425624655711	0.341579191975099	0.0323425624655711	0.300950284637266	NA	"prevalence"	18	7
"OTU_536"	"Geese"	"high"	"Geesehigh"	-4.33073332140674	0	2.02356433823224	0.0323425624655712	0.341579191975099	0.0323425624655712	0.300950284637266	NA	"prevalence"	18	6
"OTU_537"	"Geese"	"high"	"Geesehigh"	-5.88887792057369	0	2.5128918126196	0.019105475059301	0.341579191975099	0.019105475059301	0.300950284637266	NA	"prevalence"	18	10
"OTU_539"	"Geese"	"high"	"Geesehigh"	-4.33073332140674	0	2.02356433823224	0.0323425624655712	0.341579191975099	0.0323425624655712	0.300950284637266	NA	"prevalence"	18	5
"OTU_539"	"Geese"	"low"	"Geeselow"	-4.33073332140674	0	2.02356433823224	0.0323425624655712	0.341579191975099	0.0323425624655712	0.300950284637266	NA	"prevalence"	18	5
"OTU_540"	"Geese"	"high"	"Geesehigh"	-4.33073332140674	0	2.02356433823224	0.0323425624655711	0.341579191975099	0.0636390835843028	0.371342225006612	NA	"prevalence"	18	10
"OTU_542"	"Geese"	"high"	"Geesehigh"	-4.33073332140674	0	2.02356433823225	0.0323425624655713	0.341579191975099	0.0323425624655713	0.300950284637266	NA	"prevalence"	18	7
"OTU_547"	"Geese"	"high"	"Geesehigh"	5.88887792057369	0	2.51289181261959	0.019105475059301	0.341579191975099	0.019105475059301	0.300950284637266	NA	"prevalence"	18	7
"OTU_549"	"Geese"	"high"	"Geesehigh"	-4.33073332140674	0	2.02356433823224	0.0323425624655712	0.341579191975099	0.0323425624655712	0.300950284637266	NA	"prevalence"	18	6
"OTU_557"	"Geese"	"high"	"Geesehigh"	-4.33073332140674	0	2.02356433823224	0.0323425624655711	0.341579191975099	0.0323425624655711	0.300950284637266	NA	"prevalence"	18	8
"OTU_560"	"Geese"	"high"	"Geesehigh"	-5.88887792057369	0	2.5128918126196	0.0191054750593011	0.341579191975099	0.0191054750593011	0.300950284637266	NA	"prevalence"	18	11
"OTU_571"	"Geese"	"high"	"Geesehigh"	-4.33073332140673	0	2.02356433823224	0.0323425624655712	0.341579191975099	0.0323425624655712	0.300950284637266	NA	"prevalence"	18	6
"OTU_572"	"Geese"	"high"	"Geesehigh"	-4.33073332140674	0	2.02356433823224	0.0323425624655712	0.341579191975099	0.0323425624655712	0.300950284637266	NA	"prevalence"	18	9
"OTU_585"	"Geese"	"high"	"Geesehigh"	-4.33073332140674	0	2.02356433823224	0.0323425624655712	0.341579191975099	0.0323425624655712	0.300950284637266	NA	"prevalence"	18	7
"OTU_588"	"Geese"	"high"	"Geesehigh"	4.33073332140674	0	2.02356433823224	0.0323425624655712	0.341579191975099	0.063639083584303	0.371342225006612	NA	"prevalence"	18	7
"OTU_60"	"Geese"	"high"	"Geesehigh"	-5.88887792057369	0	2.51289181261959	0.0191054750593011	0.341579191975099	0.0191054750593011	0.300950284637266	NA	"prevalence"	18	7
"OTU_60"	"Geese"	"low"	"Geeselow"	-4.33073332140673	0	2.02356433823224	0.0323425624655711	0.341579191975099	0.0636390835843028	0.371342225006612	NA	"prevalence"	18	7
"OTU_605"	"Geese"	"high"	"Geesehigh"	-4.33073332140674	0	2.02356433823225	0.0323425624655713	0.341579191975099	0.0323425624655713	0.300950284637266	NA	"prevalence"	18	5
"OTU_605"	"Geese"	"low"	"Geeselow"	-4.33073332140674	0	2.02356433823224	0.0323425624655712	0.341579191975099	0.0323425624655712	0.300950284637266	NA	"prevalence"	18	5
"OTU_614"	"Geese"	"high"	"Geesehigh"	-4.33073332140674	0	2.02356433823224	0.0323425624655712	0.341579191975099	0.0323425624655712	0.300950284637266	NA	"prevalence"	18	6
"OTU_62"	"Geese"	"high"	"Geesehigh"	-4.33073332140673	0	2.02356433823225	0.0323425624655714	0.341579191975099	0.0636390835843034	0.371342225006612	NA	"prevalence"	18	11
"OTU_622"	"Geese"	"high"	"Geesehigh"	4.33073332140674	0	2.02356433823224	0.0323425624655712	0.341579191975099	0.0323425624655712	0.300950284637266	NA	"prevalence"	18	5
"OTU_627"	"Geese"	"high"	"Geesehigh"	-4.33073332140674	0	2.02356433823224	0.0323425624655711	0.341579191975099	0.0323425624655711	0.300950284637266	NA	"prevalence"	18	7
"OTU_629"	"Geese"	"high"	"Geesehigh"	4.33073332140674	0	2.02356433823224	0.0323425624655712	0.341579191975099	0.0323425624655712	0.300950284637266	NA	"prevalence"	18	7
"OTU_637"	"Geese"	"high"	"Geesehigh"	-4.33073332140674	0	2.02356433823225	0.0323425624655713	0.341579191975099	0.0323425624655713	0.300950284637266	NA	"prevalence"	18	5
"OTU_637"	"Geese"	"low"	"Geeselow"	-4.33073332140674	0	2.02356433823224	0.0323425624655712	0.341579191975099	0.0323425624655712	0.300950284637266	NA	"prevalence"	18	5
"OTU_642"	"Geese"	"high"	"Geesehigh"	-5.88887792057369	0	2.5128918126196	0.0191054750593011	0.341579191975099	0.0191054750593011	0.300950284637266	NA	"prevalence"	18	9
"OTU_649"	"Geese"	"high"	"Geesehigh"	-4.33073332140674	0	2.02356433823224	0.0323425624655711	0.341579191975099	0.0323425624655711	0.300950284637266	NA	"prevalence"	18	6
"OTU_65"	"Geese"	"high"	"Geesehigh"	-5.88887792057369	0	2.51289181261959	0.0191054750593011	0.341579191975099	0.0191054750593011	0.300950284637266	NA	"prevalence"	18	7
"OTU_65"	"Geese"	"low"	"Geeselow"	-4.33073332140673	0	2.02356433823224	0.0323425624655711	0.341579191975099	0.0636390835843028	0.371342225006612	NA	"prevalence"	18	7
"OTU_691"	"Geese"	"high"	"Geesehigh"	-5.88887792057369	0	2.51289181261959	0.0191054750593011	0.341579191975099	0.0191054750593011	0.300950284637266	NA	"prevalence"	18	7
"OTU_691"	"Geese"	"low"	"Geeselow"	-4.33073332140673	0	2.02356433823224	0.0323425624655711	0.341579191975099	0.0636390835843028	0.371342225006612	NA	"prevalence"	18	7
"OTU_692"	"Geese"	"high"	"Geesehigh"	-4.33073332140674	0	2.02356433823224	0.0323425624655712	0.341579191975099	0.0323425624655712	0.300950284637266	NA	"prevalence"	18	7
"OTU_696"	"Geese"	"high"	"Geesehigh"	4.33073332140674	0	2.02356433823224	0.032342562465571	0.341579191975099	0.032342562465571	0.300950284637266	NA	"prevalence"	18	5
"OTU_7"	"Geese"	"high"	"Geesehigh"	4.33073332140674	0	2.02356433823224	0.0323425624655711	0.341579191975099	0.0165683746875445	0.300950284637266	NA	"prevalence"	18	9
"OTU_707"	"Geese"	"high"	"Geesehigh"	-5.88887792057369	0	2.5128918126196	0.0191054750593011	0.341579191975099	0.0191054750593011	0.300950284637266	NA	"prevalence"	18	6
"OTU_707"	"Geese"	"low"	"Geeselow"	-5.8888779205737	0	2.5128918126196	0.0191054750593011	0.341579191975099	0.0191054750593011	0.300950284637266	NA	"prevalence"	18	6
"OTU_720"	"Geese"	"high"	"Geesehigh"	-5.88887792057369	0	2.5128918126196	0.0191054750593012	0.341579191975099	0.0191054750593012	0.300950284637266	NA	"prevalence"	18	9
"OTU_729"	"Geese"	"high"	"Geesehigh"	4.33073332140674	0	2.02356433823225	0.0323425624655712	0.341579191975099	0.0323425624655712	0.300950284637266	NA	"prevalence"	18	10
"OTU_729"	"Geese"	"low"	"Geeselow"	4.33073332140674	0	2.02356433823225	0.0323425624655713	0.341579191975099	0.0323425624655713	0.300950284637266	NA	"prevalence"	18	10
"OTU_736"	"Geese"	"high"	"Geesehigh"	4.33073332140674	0	2.02356433823224	0.032342562465571	0.341579191975099	0.032342562465571	0.300950284637266	NA	"prevalence"	18	5
"OTU_744"	"Geese"	"low"	"Geeselow"	-5.88887792057369	0	2.5128918126196	0.0191054750593012	0.341579191975099	0.0191054750593012	0.300950284637266	NA	"prevalence"	18	8
"OTU_762"	"Geese"	"high"	"Geesehigh"	4.33073332140674	0	2.02356433823224	0.032342562465571	0.341579191975099	0.032342562465571	0.300950284637266	NA	"prevalence"	18	5
"OTU_78"	"Geese"	"high"	"Geesehigh"	-4.33073332140674	0	2.02356433823224	0.0323425624655712	0.341579191975099	0.00871025870195338	0.300950284637266	NA	"prevalence"	18	12
"OTU_781"	"Geese"	"high"	"Geesehigh"	-5.88887792057369	0	2.5128918126196	0.0191054750593011	0.341579191975099	0.0191054750593011	0.300950284637266	NA	"prevalence"	18	6
"OTU_781"	"Geese"	"low"	"Geeselow"	-5.8888779205737	0	2.5128918126196	0.0191054750593011	0.341579191975099	0.0191054750593011	0.300950284637266	NA	"prevalence"	18	6
"OTU_799"	"Geese"	"high"	"Geesehigh"	-4.33073332140673	0	2.02356433823224	0.0323425624655713	0.341579191975099	0.0323425624655713	0.300950284637266	NA	"prevalence"	18	7
"OTU_80"	"Geese"	"high"	"Geesehigh"	-5.88887792057369	0	2.51289181261959	0.019105475059301	0.341579191975099	0.019105475059301	0.300950284637266	NA	"prevalence"	18	11
"OTU_83"	"Geese"	"high"	"Geesehigh"	4.33073332140674	0	2.02356433823224	0.0323425624655712	0.341579191975099	0.063639083584303	0.371342225006612	NA	"prevalence"	18	8
"OTU_837"	"Geese"	"high"	"Geesehigh"	-4.33073332140674	0	2.02356433823224	0.0323425624655711	0.341579191975099	0.0323425624655711	0.300950284637266	NA	"prevalence"	18	6
"OTU_842"	"Geese"	"high"	"Geesehigh"	4.33073332140674	0	2.02356433823224	0.032342562465571	0.341579191975099	0.032342562465571	0.300950284637266	NA	"prevalence"	18	5
"OTU_85"	"Geese"	"high"	"Geesehigh"	5.88887792057369	0	2.5128918126196	0.019105475059301	0.341579191975099	0.019105475059301	0.300950284637266	NA	"prevalence"	18	10
"OTU_852"	"Geese"	"high"	"Geesehigh"	5.88887792057369	0	2.5128918126196	0.0191054750593011	0.341579191975099	0.0191054750593011	0.300950284637266	NA	"prevalence"	18	6
"OTU_857"	"Geese"	"high"	"Geesehigh"	-4.33073332140673	0	2.02356433823224	0.0323425624655711	0.341579191975099	0.0323425624655711	0.300950284637266	NA	"prevalence"	18	8
"OTU_872"	"Geese"	"high"	"Geesehigh"	-4.33073332140674	0	2.02356433823224	0.0323425624655712	0.341579191975099	0.0323425624655712	0.300950284637266	NA	"prevalence"	18	7
"OTU_874"	"Geese"	"high"	"Geesehigh"	5.88887792057369	0	2.5128918126196	0.0191054750593011	0.341579191975099	0.0191054750593011	0.300950284637266	NA	"prevalence"	18	6
"OTU_881"	"Geese"	"high"	"Geesehigh"	4.33073332140674	0	2.02356433823224	0.032342562465571	0.341579191975099	0.032342562465571	0.300950284637266	NA	"prevalence"	18	5
"OTU_888"	"Geese"	"high"	"Geesehigh"	-5.88887792057369	0	2.5128918126196	0.0191054750593011	0.341579191975099	0.0191054750593011	0.300950284637266	NA	"prevalence"	18	6
"OTU_888"	"Geese"	"low"	"Geeselow"	-5.8888779205737	0	2.5128918126196	0.0191054750593011	0.341579191975099	0.0191054750593011	0.300950284637266	NA	"prevalence"	18	6
"OTU_895"	"Geese"	"high"	"Geesehigh"	4.33073332140674	0	2.02356433823224	0.0323425624655712	0.341579191975099	0.063639083584303	0.371342225006612	NA	"prevalence"	18	7
"OTU_900"	"Geese"	"high"	"Geesehigh"	-4.33073332140673	0	2.02356433823224	0.0323425624655712	0.341579191975099	0.063639083584303	0.371342225006612	NA	"prevalence"	18	13
"OTU_912"	"Geese"	"high"	"Geesehigh"	4.33073332140674	0	2.02356433823224	0.0323425624655711	0.341579191975099	0.0636390835843029	0.371342225006612	NA	"prevalence"	18	8
"OTU_919"	"Geese"	"low"	"Geeselow"	-4.33073332140674	0	2.02356433823224	0.032342562465571	0.341579191975099	0.032342562465571	0.300950284637266	NA	"prevalence"	18	9
"OTU_931"	"Geese"	"high"	"Geesehigh"	-4.33073332140674	0	2.02356433823224	0.0323425624655712	0.341579191975099	0.0323425624655712	0.300950284637266	NA	"prevalence"	18	5
"OTU_931"	"Geese"	"low"	"Geeselow"	-4.33073332140674	0	2.02356433823224	0.0323425624655711	0.341579191975099	0.0323425624655711	0.300950284637266	NA	"prevalence"	18	5
"OTU_936"	"Geese"	"high"	"Geesehigh"	4.33073332140674	0	2.02356433823224	0.032342562465571	0.341579191975099	0.032342562465571	0.300950284637266	NA	"prevalence"	18	5
"OTU_94"	"Geese"	"high"	"Geesehigh"	-4.33073332140674	0	2.02356433823225	0.0323425624655712	0.341579191975099	0.0323425624655712	0.300950284637266	NA	"prevalence"	18	9
"OTU_990"	"Geese"	"high"	"Geesehigh"	-4.33073332140673	0	2.02356433823224	0.0323425624655712	0.341579191975099	0.0323425624655712	0.300950284637266	NA	"prevalence"	18	8
"OTU_156"	"Geese"	"high"	"Geesehigh"	7.530921961913	0.71715364990908	1.2516291441043	0.0325581840496918	0.342750786426659	0.06405633275077	0.371342225006612	NA	"abundance"	18	4
"OTU_232"	"Geese"	"high"	"Geesehigh"	-2.56823208122042	0.71715364990908	1.11916470559563	0.0333193529642111	0.349639620528292	0.0655285266464685	0.371342225006612	NA	"abundance"	18	8
"OTU_103"	"Geese"	"high"	"Geesehigh"	3.99688231151347	0.71715364990908	1.3742326476378	0.0417602215483768	0.380372290721429	0.081776526992984	0.401566478048725	NA	"abundance"	18	12
"OTU_1047"	"Geese"	"high"	"Geesehigh"	-2.91812670345771	0.71715364990908	0.730763798169962	0.0395095522187736	0.380372290721429	0.0774580997210192	0.401566478048725	NA	"abundance"	18	5
"OTU_1093"	"Geese"	"low"	"Geeselow"	3.11538993766286	0.830285980745297	0.890218403466634	0.0379862931547729	0.380372290721429	0.0745296278419054	0.401566478048725	NA	"abundance"	18	10
"OTU_117"	"Geese"	"low"	"Geeselow"	-2.55755376949125	0.830285980745297	1.27442737338172	0.0380631973575101	0.380372290721429	0.0746775877219434	0.401566478048725	NA	"abundance"	18	8
"OTU_332"	"Geese"	"low"	"Geeselow"	-1.385561429733	0.830285980745297	0.944573613682508	0.0364606781534474	0.380372290721429	0.0715919752554856	0.389148459557046	NA	"abundance"	18	16
"OTU_492"	"Geese"	"low"	"Geeselow"	3.04261614732241	0.830285980745297	0.967462408927408	0.0418718915697979	0.380372290721429	0.0819905278359628	0.401566478048725	NA	"abundance"	18	15
"OTU_578"	"Geese"	"low"	"Geeselow"	-1.39756764860465	0.830285980745297	0.829559746095396	0.0370565199780195	0.380372290721429	0.0727398542831577	0.394411654335344	NA	"abundance"	18	9
"OTU_66"	"Geese"	"high"	"Geesehigh"	-3.29276584821669	0.71715364990908	1.74489724116794	0.0407216885393136	0.380372290721429	0.0797851211611343	0.401566478048725	NA	"abundance"	18	15
"OTU_680"	"Geese"	"high"	"Geesehigh"	-1.66770893954643	0.71715364990908	0.92076860559895	0.042986483679575	0.380372290721429	0.0841251295800157	0.401606053386336	NA	"abundance"	18	9
"OTU_744"	"Geese"	"high"	"Geesehigh"	-1.80082910842984	0.71715364990908	0.935803425558016	0.0377777714572758	0.380372290721429	0.0741283828982734	0.400950563656671	NA	"abundance"	18	8
"OTU_1041"	"Geese"	"high"	"Geesehigh"	-2.77258872223978	0	1.36930639376292	0.0428866195529395	0.380372290721429	0.0839339769692004	0.401566478048725	NA	"prevalence"	18	6
"OTU_1093"	"Geese"	"low"	"Geeselow"	-2.77258872223978	0	1.36930638829352	0.0428866187221539	0.380372290721429	0.0745296278419054	0.401566478048725	NA	"prevalence"	18	10
"OTU_1157"	"Geese"	"high"	"Geesehigh"	2.77258872223978	0	1.36930639376292	0.0428866195529395	0.380372290721429	0.0839339769692004	0.401566478048725	NA	"prevalence"	18	6
"OTU_1282"	"Geese"	"high"	"Geesehigh"	-2.77258872223978	0	1.36930638829352	0.042886618722154	0.380372290721429	0.0839339753788886	0.401566478048725	NA	"prevalence"	18	8
"OTU_1297"	"Geese"	"low"	"Geeselow"	-2.77258872223978	0	1.36930639376292	0.0428866195529395	0.380372290721429	0.0839339769692004	0.401566478048725	NA	"prevalence"	18	6
"OTU_1538"	"Geese"	"high"	"Geesehigh"	-2.77258869561124	0	1.36921985568994	0.0428734775331413	0.380372290721429	0.0839088199904979	0.401566478048725	NA	"prevalence"	18	9
"OTU_1567"	"Geese"	"high"	"Geesehigh"	2.77258872223978	0	1.36930639376292	0.0428866195529395	0.380372290721429	0.0839339769692004	0.401566478048725	NA	"prevalence"	18	6
"OTU_1762"	"Geese"	"low"	"Geeselow"	-2.77258872223978	0	1.36930639376292	0.0428866195529395	0.380372290721429	0.0839339769692004	0.401566478048725	NA	"prevalence"	18	6
"OTU_179"	"Geese"	"low"	"Geeselow"	-2.77258872223978	0	1.36930639376292	0.0428866195529395	0.380372290721429	0.0839339769692004	0.401566478048725	NA	"prevalence"	18	6
"OTU_194"	"Geese"	"low"	"Geeselow"	-2.77258872223978	0	1.36930639376292	0.0428866195529395	0.380372290721429	0.0839339769692004	0.401566478048725	NA	"prevalence"	18	6
"OTU_201"	"Geese"	"low"	"Geeselow"	-2.77258872223978	0	1.36930639376292	0.0428866195529395	0.380372290721429	0.0839339769692004	0.401566478048725	NA	"prevalence"	18	6
"OTU_264"	"Geese"	"high"	"Geesehigh"	-2.77258872223978	0	1.36930638829352	0.0428866187221541	0.380372290721429	0.0839339753788888	0.401566478048725	NA	"prevalence"	18	8
"OTU_28"	"Geese"	"high"	"Geesehigh"	-2.77258872223978	0	1.36930638829352	0.042886618722154	0.380372290721429	0.0839339753788887	0.401566478048725	NA	"prevalence"	18	8
"OTU_281"	"Geese"	"high"	"Geesehigh"	2.77258869561124	0	1.36921985568994	0.0428734775331412	0.380372290721429	0.0839088199904977	0.401566478048725	NA	"prevalence"	18	7
"OTU_292"	"Geese"	"high"	"Geesehigh"	2.77258872223978	0	1.36930638829352	0.0428866187221539	0.380372290721429	0.0839339753788884	0.401566478048725	NA	"prevalence"	18	10
"OTU_30"	"Geese"	"high"	"Geesehigh"	-2.77258869561124	0	1.36921985568994	0.0428734775331412	0.380372290721429	0.0839088199904977	0.401566478048725	NA	"prevalence"	18	9
"OTU_364"	"Geese"	"low"	"Geeselow"	-2.77258872223978	0	1.36930639376292	0.0428866195529396	0.380372290721429	0.0839339769692007	0.401566478048725	NA	"prevalence"	18	12
"OTU_381"	"Geese"	"high"	"Geesehigh"	2.77258872223978	0	1.36930638829352	0.042886618722154	0.380372290721429	0.0839339753788885	0.401566478048725	NA	"prevalence"	18	10
"OTU_386"	"Geese"	"high"	"Geesehigh"	2.77258872223978	0	1.36930638829352	0.0428866187221538	0.380372290721429	0.0839339753788883	0.401566478048725	NA	"prevalence"	18	10
"OTU_405"	"Geese"	"high"	"Geesehigh"	2.77258869561124	0	1.36921985568994	0.0428734775331411	0.380372290721429	0.0518573836446852	0.371342225006612	NA	"prevalence"	18	7
"OTU_425"	"Geese"	"low"	"Geeselow"	-2.77258872223978	0	1.36930639376292	0.0428866195529394	0.380372290721429	0.0839339769692003	0.401566478048725	NA	"prevalence"	18	6
"OTU_454"	"Geese"	"low"	"Geeselow"	2.77258869561124	0	1.36921985568994	0.0428734775331411	0.380372290721429	0.0839088199904974	0.401566478048725	NA	"prevalence"	18	7
"OTU_460"	"Geese"	"low"	"Geeselow"	-2.77258872223978	0	1.36930639376292	0.0428866195529395	0.380372290721429	0.0839339769692004	0.401566478048725	NA	"prevalence"	18	6
"OTU_467"	"Geese"	"high"	"Geesehigh"	-2.77258869561124	0	1.36921985568994	0.0428734775331412	0.380372290721429	0.0839088199904977	0.401566478048725	NA	"prevalence"	18	9
"OTU_473"	"Geese"	"low"	"Geeselow"	-2.77258872223978	0	1.36930639376292	0.0428866195529395	0.380372290721429	0.0839339769692004	0.401566478048725	NA	"prevalence"	18	6
"OTU_489"	"Geese"	"low"	"Geeselow"	-2.77258872223978	0	1.36930639376292	0.0428866195529395	0.380372290721429	0.0839339769692004	0.401566478048725	NA	"prevalence"	18	6
"OTU_512"	"Geese"	"high"	"Geesehigh"	-2.77258869561124	0	1.36921985568994	0.0428734775331412	0.380372290721429	0.0839088199904977	0.401566478048725	NA	"prevalence"	18	7
"OTU_512"	"Geese"	"low"	"Geeselow"	-2.77258869561124	0	1.36921985568994	0.0428734775331412	0.380372290721429	0.0839088199904976	0.401566478048725	NA	"prevalence"	18	7
"OTU_524"	"Geese"	"high"	"Geesehigh"	2.77258872223978	0	1.36930639376292	0.0428866195529395	0.380372290721429	0.0839339769692004	0.401566478048725	NA	"prevalence"	18	6
"OTU_526"	"Geese"	"low"	"Geeselow"	-2.77258872223978	0	1.36930639376292	0.0428866195529395	0.380372290721429	0.0839339769692004	0.401566478048725	NA	"prevalence"	18	6
"OTU_536"	"Geese"	"low"	"Geeselow"	-2.77258872223978	0	1.36930639376291	0.0428866195529394	0.380372290721429	0.0839339769692002	0.401566478048725	NA	"prevalence"	18	6
"OTU_549"	"Geese"	"low"	"Geeselow"	-2.77258872223978	0	1.36930639376291	0.0428866195529394	0.380372290721429	0.0839339769692002	0.401566478048725	NA	"prevalence"	18	6
"OTU_565"	"Geese"	"high"	"Geesehigh"	-2.77258872223978	0	1.36930638829352	0.042886618722154	0.380372290721429	0.0839339753788886	0.401566478048725	NA	"prevalence"	18	8
"OTU_571"	"Geese"	"low"	"Geeselow"	-2.77258872223978	0	1.36930639376292	0.0428866195529395	0.380372290721429	0.0839339769692004	0.401566478048725	NA	"prevalence"	18	6
"OTU_614"	"Geese"	"low"	"Geeselow"	-2.77258872223978	0	1.36930639376292	0.0428866195529395	0.380372290721429	0.0839339769692004	0.401566478048725	NA	"prevalence"	18	6
"OTU_632"	"Geese"	"high"	"Geesehigh"	-2.77258872223978	0	1.36930638829352	0.042886618722154	0.380372290721429	0.0839339753788886	0.401566478048725	NA	"prevalence"	18	8
"OTU_649"	"Geese"	"low"	"Geeselow"	-2.77258872223978	0	1.36930639376292	0.0428866195529395	0.380372290721429	0.0839339769692004	0.401566478048725	NA	"prevalence"	18	6
"OTU_657"	"Geese"	"high"	"Geesehigh"	2.77258872223978	0	1.36930639376292	0.0428866195529395	0.380372290721429	0.0839339769692004	0.401566478048725	NA	"prevalence"	18	6
"OTU_67"	"Geese"	"low"	"Geeselow"	2.77258872223978	0	1.36930638829352	0.0428866187221539	0.380372290721429	0.0839339753788884	0.401566478048725	NA	"prevalence"	18	10
"OTU_74"	"Geese"	"low"	"Geeselow"	-2.77258869561124	0	1.36921985568994	0.0428734775331413	0.380372290721429	0.0839088199904979	0.401566478048725	NA	"prevalence"	18	11
"OTU_746"	"Geese"	"high"	"Geesehigh"	2.77258869561124	0	1.36921985568994	0.0428734775331413	0.380372290721429	0.0839088199904979	0.401566478048725	NA	"prevalence"	18	7
"OTU_813"	"Geese"	"low"	"Geeselow"	2.77258869561124	0	1.36921985568994	0.0428734775331413	0.380372290721429	0.0839088199904979	0.401566478048725	NA	"prevalence"	18	9
"OTU_829"	"Geese"	"high"	"Geesehigh"	2.77258872223978	0	1.36930638829352	0.0428866187221539	0.380372290721429	0.0839339753788883	0.401566478048725	NA	"prevalence"	18	8
"OTU_837"	"Geese"	"low"	"Geeselow"	-2.77258872223978	0	1.36930639376292	0.0428866195529395	0.380372290721429	0.0839339769692004	0.401566478048725	NA	"prevalence"	18	6
"OTU_896"	"Geese"	"low"	"Geeselow"	2.77258869561124	0	1.36921985568994	0.0428734775331412	0.380372290721429	0.0839088199904977	0.401566478048725	NA	"prevalence"	18	7
"OTU_904"	"Geese"	"low"	"Geeselow"	-2.77258872223978	0	1.36930638829352	0.0428866187221539	0.380372290721429	0.0839339753788884	0.401566478048725	NA	"prevalence"	18	8
"OTU_961"	"Geese"	"high"	"Geesehigh"	-2.77258869561124	0	1.36921985568994	0.0428734775331413	0.380372290721429	0.0839088199904979	0.401566478048725	NA	"prevalence"	18	9
"OTU_976"	"Geese"	"high"	"Geesehigh"	2.77258869561124	0	1.36921985568994	0.0428734775331413	0.380372290721429	0.0839088199904979	0.401566478048725	NA	"prevalence"	18	7
"OTU_250"	"Geese"	"high"	"Geesehigh"	-2.66729718393383	0.71715364990908	1.4611036975718	0.0435125446177911	0.383989409915493	0.0851317476964669	0.405529973842606	NA	"abundance"	18	13
"OTU_398"	"Geese"	"high"	"Geesehigh"	-2.80232687722425	0.71715364990908	1.47227113992085	0.0443635683904609	0.390447104597766	0.0636390835843028	0.371342225006612	NA	"abundance"	18	11
"OTU_98"	"Geese"	"high"	"Geesehigh"	2.36287651546095	0.71715364990908	0.734762970887892	0.0448514849610251	0.393683007405888	0.0876913142188411	0.413840882563828	NA	"abundance"	18	17
"OTU_446"	"Geese"	"high"	"Geesehigh"	-0.615942028662145	0.71715364990908	0.545545086121628	0.0452066046277627	0.395739100404532	0.0883695721535546	0.413840882563828	NA	"abundance"	18	11
"OTU_1017"	"Geese"	"low"	"Geeselow"	3.72470568718317	0.830285980745297	0.276122869013342	0.0645340313200141	0.408136014392838	0.124903421441616	0.413840882563828	NA	"abundance"	18	3
"OTU_1047"	"Geese"	"low"	"Geeselow"	-1.38866255780795	0.830285980745297	0.596666142671533	0.0668647144262464	0.408136014392838	0.129258538817189	0.413840882563828	NA	"abundance"	18	5
"OTU_105"	"Geese"	"low"	"Geeselow"	-0.997505540867472	0.830285980745297	0.843526955977401	0.0568393604409003	0.408136014392838	0.11044800798647	0.413840882563828	NA	"abundance"	18	13
"OTU_1060"	"Geese"	"high"	"Geesehigh"	-2.14245239528774	0.71715364990908	1.31354489201567	0.067049300898433	0.408136014392838	0.129602993045897	0.413840882563828	NA	"abundance"	18	10
"OTU_1072"	"Geese"	"low"	"Geeselow"	2.69043633225318	0.830285980745297	0.637620310049213	0.0632905881723342	0.408136014392838	0.122575477793468	0.413840882563828	NA	"abundance"	18	5
"OTU_1078"	"Geese"	"low"	"Geeselow"	-0.571032535528622	0.830285980745297	0.552965251075229	0.0546365804475963	0.408136014392838	0.106288004972186	0.413840882563828	NA	"abundance"	18	7
"OTU_11"	"Geese"	"high"	"Geesehigh"	2.44258518090323	0.71715364990908	0.78874755315961	0.048721775903203	0.408136014392838	0.0950697403592441	0.413840882563828	NA	"abundance"	18	17
"OTU_1217"	"Geese"	"low"	"Geeselow"	1.92642065233718	0.830285980745297	0.537493865221644	0.0635823093761044	0.408136014392838	0.12312190868661	0.413840882563828	NA	"abundance"	18	17
"OTU_122"	"Geese"	"low"	"Geeselow"	4.83196521905498	0.830285980745297	1.82942327878322	0.0538330483780388	0.408136014392838	0.104768099658405	0.413840882563828	NA	"abundance"	18	13
"OTU_127"	"Geese"	"high"	"Geesehigh"	7.92413255763109	0.71715364990908	2.72766337144422	0.0576381314794625	0.408136014392838	0.111954108758481	0.413840882563828	NA	"abundance"	18	7
"OTU_14"	"Geese"	"high"	"Geesehigh"	-1.42250172927232	0.71715364990908	1.01185524426834	0.0531861748816299	0.408136014392838	0.0531861748816299	0.371342225006612	NA	"abundance"	18	18
"OTU_140"	"Geese"	"low"	"Geeselow"	4.9003197974618	0.830285980745297	1.73953352933987	0.05811883891962	0.408136014392838	0.112859878401875	0.413840882563828	NA	"abundance"	18	8
"OTU_154"	"Geese"	"high"	"Geesehigh"	-3.43081094753435	0.71715364990908	1.88145861733157	0.0552947383626698	0.408136014392838	0.107531968634744	0.413840882563828	NA	"abundance"	18	12
"OTU_1662"	"Geese"	"low"	"Geeselow"	-1.54523141790038	0.830285980745297	0.951840675287202	0.0680285100697817	0.408136014392838	0.131429141957249	0.413840882563828	NA	"abundance"	18	6
"OTU_172"	"Geese"	"high"	"Geesehigh"	-0.276090331755239	0.71715364990908	0.454658885399861	0.0559614683233418	0.408136014392838	0.108791250709779	0.413840882563828	NA	"abundance"	18	17
"OTU_173"	"Geese"	"high"	"Geesehigh"	-3.94496457533727	0.71715364990908	2.15230034198171	0.0625184960995213	0.408136014392838	0.0636390835843027	0.371342225006612	NA	"abundance"	18	11
"OTU_188"	"Geese"	"high"	"Geesehigh"	2.95296624409266	0.71715364990908	1.01713014160168	0.0496265392797267	0.408136014392838	0.0967902851585712	0.413840882563828	NA	"abundance"	18	15
"OTU_192"	"Geese"	"high"	"Geesehigh"	-2.42963782653308	0.71715364990908	1.38663969425725	0.0475772794494607	0.408136014392838	0.0928909613791093	0.413840882563828	NA	"abundance"	18	13
"OTU_195"	"Geese"	"low"	"Geeselow"	3.97264125716804	0.830285980745297	1.40700783182002	0.053063503735683	0.408136014392838	0.103311272042659	0.413840882563828	NA	"abundance"	18	12
"OTU_204"	"Geese"	"low"	"Geeselow"	3.86448424254288	0.830285980745297	1.34928271893279	0.0660636268163382	0.408136014392838	0.127762850844548	0.413840882563828	NA	"abundance"	18	9
"OTU_232"	"Geese"	"low"	"Geeselow"	-3.21446333739832	0.830285980745297	1.69201799264392	0.062782781827992	0.408136014392838	0.121623885961923	0.413840882563828	NA	"abundance"	18	8
"OTU_259"	"Geese"	"high"	"Geesehigh"	-1.89018897752122	0.71715364990908	1.27080682047245	0.0661365446684068	0.408136014392838	0.127899046796137	0.413840882563828	NA	"abundance"	18	14
"OTU_300"	"Geese"	"low"	"Geeselow"	-2.10339523127531	0.830285980745297	1.30346574055677	0.0487292866169027	0.408136014392838	0.0950840298596131	0.413840882563828	NA	"abundance"	18	13
"OTU_336"	"Geese"	"low"	"Geeselow"	6.03851266852758	0.830285980745297	0.439959238110652	0.0551363162284808	0.408136014392838	0.107232619089715	0.413840882563828	NA	"abundance"	18	3
"OTU_375"	"Geese"	"high"	"Geesehigh"	2.90804109166119	0.71715364990908	1.00734502085564	0.0561157788102699	0.408136014392838	0.109082576989057	0.413840882563828	NA	"abundance"	18	13
"OTU_53"	"Geese"	"low"	"Geeselow"	-2.88641398671043	0.830285980745297	1.67574301970713	0.0469127633552753	0.408136014392838	0.0916247193449225	0.413840882563828	NA	"abundance"	18	15
"OTU_576"	"Geese"	"low"	"Geeselow"	1.80719707784773	0.830285980745297	0.461918400622217	0.0681888820625787	0.408136014392838	0.131728040488213	0.413840882563828	NA	"abundance"	18	12
"OTU_578"	"Geese"	"high"	"Geesehigh"	-1.51913513022912	0.71715364990908	0.940632336787845	0.0567941946894992	0.408136014392838	0.11036280882857	0.413840882563828	NA	"abundance"	18	9
"OTU_59"	"Geese"	"high"	"Geesehigh"	2.91029398273494	0.71715364990908	1.08186586179577	0.0637561200568004	0.408136014392838	0.123447397268904	0.413840882563828	NA	"abundance"	18	17
"OTU_6"	"Geese"	"low"	"Geeselow"	-1.51369080676417	0.830285980745297	1.18393897783254	0.0669850093643716	0.408136014392838	0.0669850093643716	0.371342225006612	NA	"abundance"	18	18
"OTU_646"	"Geese"	"high"	"Geesehigh"	-0.640215184363006	0.71715364990908	0.560800202042712	0.0508710754072761	0.408136014392838	0.0991542845014594	0.413840882563828	NA	"abundance"	18	10
"OTU_66"	"Geese"	"low"	"Geeselow"	-2.51193922806755	0.830285980745297	1.6368587038493	0.064070932616985	0.408136014392838	0.12403678082756	0.413840882563828	NA	"abundance"	18	15
"OTU_677"	"Geese"	"high"	"Geesehigh"	-1.39287908549303	0.71715364990908	0.888504002647683	0.0516668905005848	0.408136014392838	0.10066431342717	0.413840882563828	NA	"abundance"	18	10
"OTU_680"	"Geese"	"low"	"Geeselow"	-1.18733471942413	0.830285980745297	0.812041581816845	0.0487545510411037	0.408136014392838	0.0951320958349878	0.413840882563828	NA	"abundance"	18	9
"OTU_686"	"Geese"	"high"	"Geesehigh"	2.13890807193882	0.71715364990908	0.575561648042601	0.0472708332260733	0.408136014392838	0.0923071347782594	0.413840882563828	NA	"abundance"	18	10
"OTU_692"	"Geese"	"low"	"Geeselow"	-2.58546554924771	0.830285980745297	1.45625722176903	0.0663254892004219	0.408136014392838	0.128251907883169	0.413840882563828	NA	"abundance"	18	7
"OTU_738"	"Geese"	"high"	"Geesehigh"	2.43633895868169	0.71715364990908	0.778709594909776	0.0615211377912629	0.408136014392838	0.119257425187394	0.413840882563828	NA	"abundance"	18	11
"OTU_767"	"Geese"	"high"	"Geesehigh"	3.39247031805846	0.71715364990908	0.844389236370447	0.0522038133527762	0.408136014392838	0.101682388576981	0.413840882563828	NA	"abundance"	18	6
"OTU_9"	"Geese"	"high"	"Geesehigh"	-0.753704941360444	0.71715364990908	0.701782964831768	0.0573998377089926	0.408136014392838	0.0573998377089926	0.371342225006612	NA	"abundance"	18	18
"OTU_95"	"Geese"	"low"	"Geeselow"	-0.9969170740189	0.830285980745297	0.840988334214015	0.0485097152241996	0.408136014392838	0.0946662379772662	0.413840882563828	NA	"abundance"	18	17
"OTU_992"	"Geese"	"high"	"Geesehigh"	4.65178229007785	0.71715364990908	0.310862656667462	0.0550516429971294	0.408136014392838	0.107072602597575	0.413840882563828	NA	"abundance"	18	4
"OTU_100"	"Geese"	"high"	"Geesehigh"	-3.56347816869307	0	1.9536256781446	0.0681470476674244	0.408136014392838	0.0681470476674244	0.371342225006612	NA	"prevalence"	18	4
"OTU_100"	"Geese"	"low"	"Geeselow"	-3.56347816869307	0	1.9536256781446	0.0681470476674243	0.408136014392838	0.0681470476674243	0.371342225006612	NA	"prevalence"	18	4
"OTU_1001"	"Geese"	"high"	"Geesehigh"	-3.56347816869307	0	1.9536256781446	0.0681470476674243	0.408136014392838	0.0681470476674243	0.371342225006612	NA	"prevalence"	18	7
"OTU_1046"	"Geese"	"high"	"Geesehigh"	-3.56347816869307	0	1.9536256781446	0.0681470476674244	0.408136014392838	0.0681470476674244	0.371342225006612	NA	"prevalence"	18	5
"OTU_105"	"Geese"	"high"	"Geesehigh"	-3.56347816869307	0	1.9536256781446	0.0681470476674243	0.408136014392838	0.000986554382609461	0.0974567176836012	NA	"prevalence"	18	13
"OTU_1064"	"Geese"	"high"	"Geesehigh"	3.56347816869307	0	1.9536256781446	0.0681470476674244	0.408136014392838	0.0681470476674244	0.371342225006612	NA	"prevalence"	18	4
"OTU_1072"	"Geese"	"high"	"Geesehigh"	-3.56347816869307	0	1.9536256781446	0.0681470476674244	0.408136014392838	0.0681470476674244	0.371342225006612	NA	"prevalence"	18	5
"OTU_1080"	"Geese"	"high"	"Geesehigh"	-3.56347816869307	0	1.9536256781446	0.0681470476674245	0.408136014392838	0.0681470476674245	0.371342225006612	NA	"prevalence"	18	5
"OTU_1089"	"Geese"	"low"	"Geeselow"	-3.56347816869307	0	1.9536256781446	0.0681470476674244	0.408136014392838	0.0681470476674244	0.371342225006612	NA	"prevalence"	18	6
"OTU_1118"	"Geese"	"high"	"Geesehigh"	3.56347816869307	0	1.9536256781446	0.0681470476674243	0.408136014392838	0.0681470476674243	0.371342225006612	NA	"prevalence"	18	7
"OTU_1128"	"Geese"	"high"	"Geesehigh"	3.56347816869307	0	1.9536256781446	0.0681470476674243	0.408136014392838	0.0681470476674243	0.371342225006612	NA	"prevalence"	18	4
"OTU_1129"	"Geese"	"high"	"Geesehigh"	3.56347816869307	0	1.9536256781446	0.0681470476674244	0.408136014392838	0.0681470476674244	0.371342225006612	NA	"prevalence"	18	4
"OTU_1132"	"Geese"	"high"	"Geesehigh"	-3.56347816869307	0	1.9536256781446	0.0681470476674244	0.408136014392838	0.0681470476674244	0.371342225006612	NA	"prevalence"	18	6
"OTU_1143"	"Geese"	"high"	"Geesehigh"	3.56347816869307	0	1.9536256781446	0.0681470476674242	0.408136014392838	0.0681470476674242	0.371342225006612	NA	"prevalence"	18	6
"OTU_1152"	"Geese"	"low"	"Geeselow"	-3.56347816869307	0	1.9536256781446	0.0681470476674243	0.408136014392838	0.131650075229062	0.413840882563828	NA	"prevalence"	18	8
"OTU_116"	"Geese"	"high"	"Geesehigh"	3.56347816869307	0	1.9536256781446	0.0681470476674242	0.408136014392838	0.0681470476674242	0.371342225006612	NA	"prevalence"	18	8
"OTU_116"	"Geese"	"low"	"Geeselow"	3.56347816869307	0	1.9536256781446	0.0681470476674242	0.408136014392838	0.0681470476674242	0.371342225006612	NA	"prevalence"	18	8
"OTU_1167"	"Geese"	"high"	"Geesehigh"	-3.56347816869307	0	1.9536256781446	0.0681470476674242	0.408136014392838	0.0681470476674242	0.371342225006612	NA	"prevalence"	18	4
"OTU_1167"	"Geese"	"low"	"Geeselow"	-3.56347816869307	0	1.9536256781446	0.0681470476674244	0.408136014392838	0.0681470476674244	0.371342225006612	NA	"prevalence"	18	4
"OTU_117"	"Geese"	"low"	"Geeselow"	-3.56347816869307	0	1.9536256781446	0.0681470476674242	0.408136014392838	0.0746775877219434	0.401566478048725	NA	"prevalence"	18	8
"OTU_118"	"Geese"	"high"	"Geesehigh"	-3.56347816869307	0	1.9536256781446	0.0681470476674244	0.408136014392838	0.0681470476674244	0.371342225006612	NA	"prevalence"	18	4
"OTU_118"	"Geese"	"low"	"Geeselow"	-3.56347816869307	0	1.9536256781446	0.0681470476674242	0.408136014392838	0.0681470476674242	0.371342225006612	NA	"prevalence"	18	4
"OTU_1183"	"Geese"	"high"	"Geesehigh"	-3.56347816869307	0	1.9536256781446	0.0681470476674243	0.408136014392838	0.0681470476674243	0.371342225006612	NA	"prevalence"	18	5
"OTU_119"	"Geese"	"high"	"Geesehigh"	3.56347816869307	0	1.9536256781446	0.0681470476674244	0.408136014392838	0.0632348309289508	0.371342225006612	NA	"prevalence"	18	11
"OTU_1200"	"Geese"	"low"	"Geeselow"	3.56347816869307	0	1.9536256781446	0.0681470476674243	0.408136014392838	0.0681470476674243	0.371342225006612	NA	"prevalence"	18	4
"OTU_1219"	"Geese"	"high"	"Geesehigh"	-3.56347816869307	0	1.9536256781446	0.0681470476674243	0.408136014392838	0.0681470476674243	0.371342225006612	NA	"prevalence"	18	4
"OTU_1219"	"Geese"	"low"	"Geeselow"	-3.56347816869307	0	1.9536256781446	0.0681470476674243	0.408136014392838	0.0681470476674243	0.371342225006612	NA	"prevalence"	18	4
"OTU_1290"	"Geese"	"low"	"Geeselow"	3.56347816869307	0	1.9536256781446	0.0681470476674243	0.408136014392838	0.0681470476674243	0.371342225006612	NA	"prevalence"	18	6
"OTU_130"	"Geese"	"low"	"Geeselow"	-3.56347816869307	0	1.9536256781446	0.0681470476674243	0.408136014392838	0.131650075229062	0.413840882563828	NA	"prevalence"	18	11
"OTU_131"	"Geese"	"high"	"Geesehigh"	-3.56347816869307	0	1.9536256781446	0.0681470476674244	0.408136014392838	0.0681470476674244	0.371342225006612	NA	"prevalence"	18	6
"OTU_1338"	"Geese"	"high"	"Geesehigh"	3.56347816869307	0	1.9536256781446	0.0681470476674244	0.408136014392838	0.0681470476674244	0.371342225006612	NA	"prevalence"	18	4
"OTU_1379"	"Geese"	"high"	"Geesehigh"	-3.56347816869307	0	1.9536256781446	0.0681470476674244	0.408136014392838	0.0681470476674244	0.371342225006612	NA	"prevalence"	18	5
"OTU_140"	"Geese"	"high"	"Geesehigh"	-3.56347816869307	0	1.9536256781446	0.0681470476674244	0.408136014392838	0.0681470476674244	0.371342225006612	NA	"prevalence"	18	8
"OTU_1409"	"Geese"	"high"	"Geesehigh"	3.56347816869307	0	1.9536256781446	0.0681470476674244	0.408136014392838	0.0681470476674244	0.371342225006612	NA	"prevalence"	18	7
"OTU_141"	"Geese"	"high"	"Geesehigh"	3.56347816869307	0	1.9536256781446	0.0681470476674245	0.408136014392838	0.0281504573277821	0.300950284637266	NA	"prevalence"	18	12
"OTU_144"	"Geese"	"low"	"Geeselow"	-3.56347816869307	0	1.9536256781446	0.0681470476674243	0.408136014392838	0.131650075229062	0.413840882563828	NA	"prevalence"	18	13
"OTU_155"	"Geese"	"high"	"Geesehigh"	3.56347816869307	0	1.9536256781446	0.0681470476674246	0.408136014392838	0.0681470476674246	0.371342225006612	NA	"prevalence"	18	5
"OTU_16"	"Geese"	"high"	"Geesehigh"	-3.56347816869307	0	1.9536256781446	0.0681470476674245	0.408136014392838	0.0681470476674245	0.371342225006612	NA	"prevalence"	18	4
"OTU_16"	"Geese"	"low"	"Geeselow"	-3.56347816869307	0	1.9536256781446	0.0681470476674243	0.408136014392838	0.0681470476674243	0.371342225006612	NA	"prevalence"	18	4
"OTU_163"	"Geese"	"low"	"Geeselow"	3.56347816869307	0	1.9536256781446	0.0681470476674243	0.408136014392838	0.0681470476674243	0.371342225006612	NA	"prevalence"	18	7
"OTU_1662"	"Geese"	"high"	"Geesehigh"	-3.56347816869307	0	1.9536256781446	0.0681470476674244	0.408136014392838	0.0681470476674244	0.371342225006612	NA	"prevalence"	18	6
"OTU_180"	"Geese"	"low"	"Geeselow"	-3.56347816869307	0	1.9536256781446	0.0681470476674245	0.408136014392838	0.131650075229063	0.413840882563828	NA	"prevalence"	18	11
"OTU_183"	"Geese"	"low"	"Geeselow"	-3.56347816869307	0	1.9536256781446	0.0681470476674243	0.408136014392838	0.131650075229062	0.413840882563828	NA	"prevalence"	18	8
"OTU_192"	"Geese"	"high"	"Geesehigh"	-3.56347816869307	0	1.9536256781446	0.0681470476674243	0.408136014392838	0.0928909613791093	0.413840882563828	NA	"prevalence"	18	13
"OTU_200"	"Geese"	"high"	"Geesehigh"	-3.56347816869307	0	1.9536256781446	0.0681470476674244	0.408136014392838	0.131650075229063	0.413840882563828	NA	"prevalence"	18	10
"OTU_200"	"Geese"	"low"	"Geeselow"	-3.56347816869307	0	1.9536256781446	0.0681470476674245	0.408136014392838	0.131650075229063	0.413840882563828	NA	"prevalence"	18	10
"OTU_207"	"Geese"	"low"	"Geeselow"	-3.56347816869307	0	1.9536256781446	0.0681470476674243	0.408136014392838	0.0332141270927217	0.303603302723752	NA	"prevalence"	18	9
"OTU_216"	"Geese"	"low"	"Geeselow"	3.56347816869307	0	1.9536256781446	0.0681470476674243	0.408136014392838	0.0681470476674243	0.371342225006612	NA	"prevalence"	18	4
"OTU_219"	"Geese"	"low"	"Geeselow"	-3.56347816869307	0	1.9536256781446	0.0681470476674242	0.408136014392838	0.131650075229062	0.413840882563828	NA	"prevalence"	18	8
"OTU_228"	"Geese"	"high"	"Geesehigh"	-3.56347816869307	0	1.9536256781446	0.0681470476674244	0.408136014392838	0.0681470476674244	0.371342225006612	NA	"prevalence"	18	6
"OTU_237"	"Geese"	"high"	"Geesehigh"	-3.56347816869307	0	1.9536256781446	0.0681470476674243	0.408136014392838	0.0681470476674243	0.371342225006612	NA	"prevalence"	18	6
"OTU_244"	"Geese"	"high"	"Geesehigh"	3.56347816869307	0	1.9536256781446	0.0681470476674244	0.408136014392838	0.131650075229063	0.413840882563828	NA	"prevalence"	18	9
"OTU_258"	"Geese"	"high"	"Geesehigh"	-3.56347816869307	0	1.9536256781446	0.0681470476674242	0.408136014392838	0.0681470476674242	0.371342225006612	NA	"prevalence"	18	9
"OTU_275"	"Geese"	"high"	"Geesehigh"	3.56347816869307	0	1.9536256781446	0.0681470476674245	0.408136014392838	0.131650075229063	0.413840882563828	NA	"prevalence"	18	10
"OTU_285"	"Geese"	"low"	"Geeselow"	3.56347816869307	0	1.9536256781446	0.0681470476674243	0.408136014392838	0.0681470476674243	0.371342225006612	NA	"prevalence"	18	10
"OTU_298"	"Geese"	"high"	"Geesehigh"	-3.56347816869307	0	1.9536256781446	0.0681470476674241	0.408136014392838	0.131650075229062	0.413840882563828	NA	"prevalence"	18	10
"OTU_298"	"Geese"	"low"	"Geeselow"	-3.56347816869307	0	1.9536256781446	0.0681470476674241	0.408136014392838	0.131650075229062	0.413840882563828	NA	"prevalence"	18	10
"OTU_313"	"Geese"	"high"	"Geesehigh"	-3.56347816869307	0	1.9536256781446	0.0681470476674244	0.408136014392838	0.0681470476674244	0.371342225006612	NA	"prevalence"	18	4
"OTU_313"	"Geese"	"low"	"Geeselow"	-3.56347816869307	0	1.9536256781446	0.0681470476674243	0.408136014392838	0.0681470476674243	0.371342225006612	NA	"prevalence"	18	4
"OTU_326"	"Geese"	"high"	"Geesehigh"	-3.56347816869307	0	1.9536256781446	0.0681470476674242	0.408136014392838	0.0681470476674242	0.371342225006612	NA	"prevalence"	18	6
"OTU_327"	"Geese"	"high"	"Geesehigh"	-3.56347816869307	0	1.9536256781446	0.0681470476674241	0.408136014392838	0.131650075229062	0.413840882563828	NA	"prevalence"	18	13
"OTU_328"	"Geese"	"high"	"Geesehigh"	-3.56347816869307	0	1.9536256781446	0.0681470476674244	0.408136014392838	0.0681470476674244	0.371342225006612	NA	"prevalence"	18	4
"OTU_328"	"Geese"	"low"	"Geeselow"	-3.56347816869307	0	1.9536256781446	0.0681470476674243	0.408136014392838	0.0681470476674243	0.371342225006612	NA	"prevalence"	18	4
"OTU_36"	"Geese"	"low"	"Geeselow"	-3.56347816869307	0	1.9536256781446	0.0681470476674241	0.408136014392838	0.131650075229062	0.413840882563828	NA	"prevalence"	18	9
"OTU_382"	"Geese"	"high"	"Geesehigh"	-3.56347816869307	0	1.9536256781446	0.0681470476674243	0.408136014392838	0.0681470476674243	0.371342225006612	NA	"prevalence"	18	5
"OTU_390"	"Geese"	"high"	"Geesehigh"	-3.56347816869307	0	1.9536256781446	0.0681470476674244	0.408136014392838	0.0681470476674244	0.371342225006612	NA	"prevalence"	18	4
"OTU_390"	"Geese"	"low"	"Geeselow"	-3.56347816869307	0	1.9536256781446	0.0681470476674245	0.408136014392838	0.0681470476674245	0.371342225006612	NA	"prevalence"	18	4
"OTU_391"	"Geese"	"high"	"Geesehigh"	-3.56347816869307	0	1.9536256781446	0.0681470476674242	0.408136014392838	0.131650075229062	0.413840882563828	NA	"prevalence"	18	12
"OTU_392"	"Geese"	"low"	"Geeselow"	3.56347816869307	0	1.9536256781446	0.0681470476674244	0.408136014392838	0.0681470476674244	0.371342225006612	NA	"prevalence"	18	6
"OTU_396"	"Geese"	"high"	"Geesehigh"	-3.56347816869307	0	1.9536256781446	0.0681470476674244	0.408136014392838	0.0681470476674244	0.371342225006612	NA	"prevalence"	18	4
"OTU_396"	"Geese"	"low"	"Geeselow"	-3.56347816869307	0	1.9536256781446	0.0681470476674242	0.408136014392838	0.0681470476674242	0.371342225006612	NA	"prevalence"	18	4
"OTU_403"	"Geese"	"low"	"Geeselow"	3.56347816869307	0	1.9536256781446	0.0681470476674243	0.408136014392838	0.0681470476674243	0.371342225006612	NA	"prevalence"	18	5
"OTU_407"	"Geese"	"high"	"Geesehigh"	3.56347816869307	0	1.9536256781446	0.0681470476674244	0.408136014392838	0.0142402898462808	0.300950284637266	NA	"prevalence"	18	13
"OTU_408"	"Geese"	"high"	"Geesehigh"	3.56347816869307	0	1.9536256781446	0.0681470476674243	0.408136014392838	0.131650075229062	0.413840882563828	NA	"prevalence"	18	12
"OTU_41"	"Geese"	"low"	"Geeselow"	-3.56347816869307	0	1.9536256781446	0.0681470476674244	0.408136014392838	0.131650075229063	0.413840882563828	NA	"prevalence"	18	13
"OTU_420"	"Geese"	"low"	"Geeselow"	-3.56347816869307	0	1.9536256781446	0.0681470476674242	0.408136014392838	0.131650075229062	0.413840882563828	NA	"prevalence"	18	8
"OTU_434"	"Geese"	"high"	"Geesehigh"	-3.56347816869307	0	1.9536256781446	0.0681470476674242	0.408136014392838	0.0681470476674242	0.371342225006612	NA	"prevalence"	18	7
"OTU_442"	"Geese"	"low"	"Geeselow"	-3.56347816869307	0	1.9536256781446	0.0681470476674243	0.408136014392838	0.131650075229062	0.413840882563828	NA	"prevalence"	18	8
"OTU_447"	"Geese"	"low"	"Geeselow"	3.56347816869307	0	1.9536256781446	0.0681470476674241	0.408136014392838	0.0681470476674241	0.371342225006612	NA	"prevalence"	18	4
"OTU_457"	"Geese"	"low"	"Geeselow"	-3.56347816869307	0	1.9536256781446	0.0681470476674242	0.408136014392838	0.131650075229062	0.413840882563828	NA	"prevalence"	18	8
"OTU_458"	"Geese"	"high"	"Geesehigh"	-3.56347816869307	0	1.9536256781446	0.0681470476674246	0.408136014392838	0.0681470476674246	0.371342225006612	NA	"prevalence"	18	8
"OTU_463"	"Geese"	"high"	"Geesehigh"	-3.56347816869307	0	1.9536256781446	0.0681470476674243	0.408136014392838	0.131650075229062	0.413840882563828	NA	"prevalence"	18	13
"OTU_471"	"Geese"	"high"	"Geesehigh"	-3.56347816869307	0	1.9536256781446	0.0681470476674243	0.408136014392838	0.0681470476674243	0.371342225006612	NA	"prevalence"	18	5
"OTU_487"	"Geese"	"low"	"Geeselow"	3.56347816869307	0	1.9536256781446	0.0681470476674242	0.408136014392838	0.0681470476674242	0.371342225006612	NA	"prevalence"	18	4
"OTU_507"	"Geese"	"high"	"Geesehigh"	3.56347816869307	0	1.9536256781446	0.0681470476674243	0.408136014392838	0.131650075229062	0.413840882563828	NA	"prevalence"	18	10
"OTU_513"	"Geese"	"high"	"Geesehigh"	-3.56347816869307	0	1.9536256781446	0.0681470476674246	0.408136014392838	0.0681470476674246	0.371342225006612	NA	"prevalence"	18	6
"OTU_521"	"Geese"	"high"	"Geesehigh"	3.56347816869307	0	1.9536256781446	0.0681470476674244	0.408136014392838	0.0681470476674244	0.371342225006612	NA	"prevalence"	18	5
"OTU_527"	"Geese"	"high"	"Geesehigh"	-3.56347816869307	0	1.9536256781446	0.0681470476674245	0.408136014392838	0.0681470476674245	0.371342225006612	NA	"prevalence"	18	7
"OTU_529"	"Geese"	"high"	"Geesehigh"	3.56347816869307	0	1.9536256781446	0.0681470476674245	0.408136014392838	0.131650075229063	0.413840882563828	NA	"prevalence"	18	10
"OTU_554"	"Geese"	"low"	"Geeselow"	-3.56347816869307	0	1.9536256781446	0.068147047667424	0.408136014392838	0.068147047667424	0.371342225006612	NA	"prevalence"	18	5
"OTU_575"	"Geese"	"high"	"Geesehigh"	3.56347816869307	0	1.9536256781446	0.0681470476674244	0.408136014392838	0.131650075229063	0.413840882563828	NA	"prevalence"	18	10
"OTU_580"	"Geese"	"high"	"Geesehigh"	-3.56347816869307	0	1.9536256781446	0.0681470476674244	0.408136014392838	0.0681470476674244	0.371342225006612	NA	"prevalence"	18	6
"OTU_586"	"Geese"	"low"	"Geeselow"	-3.56347816869307	0	1.9536256781446	0.0681470476674245	0.408136014392838	0.0681470476674245	0.371342225006612	NA	"prevalence"	18	7
"OTU_592"	"Geese"	"low"	"Geeselow"	-3.56347816869307	0	1.9536256781446	0.0681470476674243	0.408136014392838	0.131650075229062	0.413840882563828	NA	"prevalence"	18	12
"OTU_608"	"Geese"	"high"	"Geesehigh"	-3.56347816869307	0	1.9536256781446	0.0681470476674246	0.408136014392838	0.0681470476674246	0.371342225006612	NA	"prevalence"	18	8
"OTU_609"	"Geese"	"low"	"Geeselow"	3.56347816869307	0	1.9536256781446	0.068147047667424	0.408136014392838	0.068147047667424	0.371342225006612	NA	"prevalence"	18	7
"OTU_611"	"Geese"	"high"	"Geesehigh"	-3.56347816869307	0	1.9536256781446	0.0681470476674245	0.408136014392838	0.0681470476674245	0.371342225006612	NA	"prevalence"	18	6
"OTU_617"	"Geese"	"low"	"Geeselow"	3.56347816869307	0	1.9536256781446	0.0681470476674242	0.408136014392838	0.0681470476674242	0.371342225006612	NA	"prevalence"	18	4
"OTU_633"	"Geese"	"low"	"Geeselow"	-3.56347816869307	0	1.9536256781446	0.0681470476674243	0.408136014392838	0.0681470476674243	0.371342225006612	NA	"prevalence"	18	6
"OTU_643"	"Geese"	"low"	"Geeselow"	3.56347816869307	0	1.9536256781446	0.0681470476674242	0.408136014392838	0.0681470476674242	0.371342225006612	NA	"prevalence"	18	4
"OTU_653"	"Geese"	"high"	"Geesehigh"	3.56347816869307	0	1.9536256781446	0.0681470476674244	0.408136014392838	0.0681470476674244	0.371342225006612	NA	"prevalence"	18	4
"OTU_660"	"Geese"	"high"	"Geesehigh"	-3.56347816869307	0	1.9536256781446	0.0681470476674242	0.408136014392838	0.0681470476674242	0.371342225006612	NA	"prevalence"	18	7
"OTU_664"	"Geese"	"high"	"Geesehigh"	-3.56347816869307	0	1.9536256781446	0.0681470476674244	0.408136014392838	0.0681470476674244	0.371342225006612	NA	"prevalence"	18	4
"OTU_664"	"Geese"	"low"	"Geeselow"	-3.56347816869307	0	1.9536256781446	0.0681470476674243	0.408136014392838	0.0681470476674243	0.371342225006612	NA	"prevalence"	18	4
"OTU_690"	"Geese"	"low"	"Geeselow"	3.56347816869307	0	1.9536256781446	0.0681470476674242	0.408136014392838	0.0681470476674242	0.371342225006612	NA	"prevalence"	18	4
"OTU_704"	"Geese"	"high"	"Geesehigh"	-3.56347816869307	0	1.9536256781446	0.0681470476674245	0.408136014392838	0.0681470476674245	0.371342225006612	NA	"prevalence"	18	8
"OTU_718"	"Geese"	"high"	"Geesehigh"	-3.56347816869307	0	1.9536256781446	0.0681470476674245	0.408136014392838	0.0681470476674245	0.371342225006612	NA	"prevalence"	18	4
"OTU_718"	"Geese"	"low"	"Geeselow"	-3.56347816869307	0	1.9536256781446	0.0681470476674241	0.408136014392838	0.0681470476674241	0.371342225006612	NA	"prevalence"	18	4
"OTU_724"	"Geese"	"high"	"Geesehigh"	3.56347816869307	0	1.9536256781446	0.0681470476674246	0.408136014392838	0.0681470476674246	0.371342225006612	NA	"prevalence"	18	5
"OTU_725"	"Geese"	"low"	"Geeselow"	3.56347816869307	0	1.9536256781446	0.0681470476674242	0.408136014392838	0.0681470476674242	0.371342225006612	NA	"prevalence"	18	4
"OTU_733"	"Geese"	"high"	"Geesehigh"	3.56347816869307	0	1.9536256781446	0.0681470476674243	0.408136014392838	0.0681470476674243	0.371342225006612	NA	"prevalence"	18	7
"OTU_741"	"Geese"	"high"	"Geesehigh"	3.56347816869307	0	1.9536256781446	0.0681470476674241	0.408136014392838	0.0681470476674241	0.371342225006612	NA	"prevalence"	18	5
"OTU_744"	"Geese"	"high"	"Geesehigh"	-3.56347816869307	0	1.9536256781446	0.0681470476674244	0.408136014392838	0.0741283828982734	0.400950563656671	NA	"prevalence"	18	8
"OTU_750"	"Geese"	"high"	"Geesehigh"	-3.56347816869307	0	1.9536256781446	0.0681470476674244	0.408136014392838	0.0681470476674244	0.371342225006612	NA	"prevalence"	18	4
"OTU_750"	"Geese"	"low"	"Geeselow"	-3.56347816869307	0	1.9536256781446	0.0681470476674242	0.408136014392838	0.0681470476674242	0.371342225006612	NA	"prevalence"	18	4
"OTU_787"	"Geese"	"high"	"Geesehigh"	-3.56347816869307	0	1.9536256781446	0.0681470476674244	0.408136014392838	0.0681470476674244	0.371342225006612	NA	"prevalence"	18	6
"OTU_809"	"Geese"	"low"	"Geeselow"	-3.56347816869307	0	1.9536256781446	0.0681470476674244	0.408136014392838	0.0681470476674244	0.371342225006612	NA	"prevalence"	18	7
"OTU_814"	"Geese"	"high"	"Geesehigh"	-3.56347816869307	0	1.9536256781446	0.0681470476674245	0.408136014392838	0.0681470476674245	0.371342225006612	NA	"prevalence"	18	7
"OTU_826"	"Geese"	"high"	"Geesehigh"	3.56347816869307	0	1.9536256781446	0.0681470476674243	0.408136014392838	0.0681470476674243	0.371342225006612	NA	"prevalence"	18	4
"OTU_838"	"Geese"	"high"	"Geesehigh"	3.56347816869307	0	1.9536256781446	0.0681470476674244	0.408136014392838	0.0681470476674244	0.371342225006612	NA	"prevalence"	18	6
"OTU_84"	"Geese"	"high"	"Geesehigh"	3.56347816869307	0	1.9536256781446	0.0681470476674245	0.408136014392838	0.0681470476674245	0.371342225006612	NA	"prevalence"	18	7
"OTU_845"	"Geese"	"high"	"Geesehigh"	3.56347816869307	0	1.9536256781446	0.0681470476674244	0.408136014392838	0.0681470476674244	0.371342225006612	NA	"prevalence"	18	5
"OTU_85"	"Geese"	"low"	"Geeselow"	3.56347816869307	0	1.9536256781446	0.068147047667424	0.408136014392838	0.068147047667424	0.371342225006612	NA	"prevalence"	18	10
"OTU_861"	"Geese"	"high"	"Geesehigh"	-3.56347816869307	0	1.9536256781446	0.0681470476674243	0.408136014392838	0.131650075229062	0.413840882563828	NA	"prevalence"	18	11
"OTU_870"	"Geese"	"high"	"Geesehigh"	3.56347816869307	0	1.9536256781446	0.0681470476674244	0.408136014392838	0.131650075229063	0.413840882563828	NA	"prevalence"	18	10
"OTU_907"	"Geese"	"high"	"Geesehigh"	-3.56347816869307	0	1.9536256781446	0.0681470476674244	0.408136014392838	0.0681470476674244	0.371342225006612	NA	"prevalence"	18	5
"OTU_925"	"Geese"	"low"	"Geeselow"	3.56347816869307	0	1.9536256781446	0.0681470476674242	0.408136014392838	0.0681470476674242	0.371342225006612	NA	"prevalence"	18	4
"OTU_944"	"Geese"	"high"	"Geesehigh"	-3.56347816869307	0	1.9536256781446	0.0681470476674243	0.408136014392838	0.0681470476674243	0.371342225006612	NA	"prevalence"	18	5
"OTU_948"	"Geese"	"high"	"Geesehigh"	-3.56347816869307	0	1.9536256781446	0.0681470476674244	0.408136014392838	0.0681470476674244	0.371342225006612	NA	"prevalence"	18	6
"OTU_956"	"Geese"	"high"	"Geesehigh"	-3.56347816869307	0	1.9536256781446	0.0681470476674243	0.408136014392838	0.131650075229062	0.413840882563828	NA	"prevalence"	18	13
"OTU_966"	"Geese"	"high"	"Geesehigh"	-3.56347816869307	0	1.9536256781446	0.0681470476674242	0.408136014392838	0.0681470476674242	0.371342225006612	NA	"prevalence"	18	7
"OTU_975"	"Geese"	"high"	"Geesehigh"	3.56347816869307	0	1.9536256781446	0.0681470476674243	0.408136014392838	0.0681470476674243	0.371342225006612	NA	"prevalence"	18	4
"OTU_317"	"Geese"	"low"	"Geeselow"	2.52069955374937	0.830285980745297	0.821486086091406	0.0686474433743018	0.410130893444278	0.132582415266776	0.415929977036914	NA	"abundance"	18	13
"OTU_517"	"Geese"	"low"	"Geeselow"	-1.33262547267462	0.830285980745297	0.974848302415341	0.068988274960042	0.411416415699777	0.133217167838122	0.417325107806726	NA	"abundance"	18	8
"OTU_391"	"Geese"	"low"	"Geeselow"	2.4353878744644	0.830285980745297	0.772267214329144	0.0693762154215882	0.412977689618691	0.133939371576954	0.418989829035599	NA	"abundance"	18	12
"OTU_400"	"Geese"	"low"	"Geeselow"	2.9954058663688	0.830285980745297	1.06308486046855	0.069694753669276	0.414120913817077	0.134532148649531	0.420245516976344	NA	"abundance"	18	13
"OTU_109"	"Geese"	"high"	"Geesehigh"	1.87773559739342	0.71715364990908	0.573152298772455	0.0706829399828912	0.419231785333308	0.136369801961157	0.425380802708383	NA	"abundance"	18	16
"OTU_44"	"Geese"	"high"	"Geesehigh"	-3.83925299920189	0.71715364990908	2.25743194489402	0.071606039842805	0.423938832631724	0.138084654743641	0.430119009669553	NA	"abundance"	18	13
"OTU_133"	"Geese"	"low"	"Geeselow"	-1.59853931322449	0.830285980745297	1.1879649590509	0.07212699087304	0.425833185230004	0.13905167893368	0.432517686881533	NA	"abundance"	18	12
"OTU_162"	"Geese"	"high"	"Geesehigh"	6.14605040457451	0.71715364990908	2.48907534288583	0.0723162037226275	0.425833185230004	0.0636390835843029	0.371342225006612	NA	"abundance"	18	9
"OTU_660"	"Geese"	"low"	"Geeselow"	2.39800105386194	0.830285980745297	0.683036227270534	0.0722550323684008	0.425833185230004	0.139289275034243	0.43264391509929	NA	"abundance"	18	7
"OTU_453"	"Geese"	"low"	"Geeselow"	-1.72255480738621	0.830285980745297	1.12682990468588	0.0738521616040476	0.434096906807275	0.142250181434505	0.441216664449397	NA	"abundance"	18	8
"OTU_181"	"Geese"	"low"	"Geeselow"	-0.826783045582278	0.830285980745297	0.854506105225364	0.0745102704105245	0.437180332121966	0.1434687604244	0.444357001837321	NA	"abundance"	18	17
"OTU_569"	"Geese"	"low"	"Geeselow"	5.14552094917503	0.830285980745297	1.24652997733252	0.0746613243021473	0.437282962012934	0.143748335257744	0.444357001837321	NA	"abundance"	18	5
"OTU_424"	"Geese"	"high"	"Geesehigh"	2.25122076522602	0.71715364990908	0.724808322705033	0.0758683411179575	0.443558837178916	0.145980677051924	0.450243773603969	NA	"abundance"	18	10
"OTU_365"	"Geese"	"low"	"Geeselow"	-1.87047928771664	0.830285980745297	1.3632942717196	0.0763694741844612	0.445692795864395	0.146906651781711	0.452464245880278	NA	"abundance"	18	13
"OTU_557"	"Geese"	"low"	"Geeselow"	-2.37406212742027	0.830285980745297	1.49861213540277	0.0768268166907681	0.447564053106005	0.147751273618699	0.4544282869281	NA	"abundance"	18	8
"OTU_1044"	"Geese"	"low"	"Geeselow"	1.82019257261347	0.830285980745297	0.285814726043071	0.0820949645159335	0.448935872870522	0.157450345832995	0.470306740308573	NA	"abundance"	18	4
"OTU_1279"	"Geese"	"high"	"Geesehigh"	-0.968128791021062	0.71715364990908	0.8885640989574	0.0802898033217083	0.448935872870522	0.0802898033217083	0.401566478048725	NA	"abundance"	18	18
"OTU_1289"	"Geese"	"low"	"Geeselow"	-0.746370327677261	0.830285980745297	0.799575494499029	0.0819567094931415	0.448935872870522	0.15719651675534	0.470306740308573	NA	"abundance"	18	12
"OTU_137"	"Geese"	"high"	"Geesehigh"	-2.1035104893201	0.71715364990908	1.48393130227544	0.107391113841416	0.448935872870522	0.203249376350732	0.470306740308573	NA	"abundance"	18	9
"OTU_1375"	"Geese"	"high"	"Geesehigh"	3.15736387860295	0.71715364990908	1.30640474206785	0.100529546451129	0.448935872870522	0.190952903192589	0.470306740308573	NA	"abundance"	18	11
"OTU_141"	"Geese"	"low"	"Geeselow"	3.72018116010549	0.830285980745297	1.58560128537289	0.102255959024416	0.448935872870522	0.194055636892828	0.470306740308573	NA	"abundance"	18	12
"OTU_1436"	"Geese"	"low"	"Geeselow"	2.19574879935546	0.830285980745297	0.797212381969549	0.110031537159346	0.448935872870522	0.110031537159346	0.413840882563828	NA	"abundance"	18	18
"OTU_148"	"Geese"	"high"	"Geesehigh"	3.83078208919545	0.71715364990908	1.70803123764054	0.111837790566342	0.448935872870522	0.0636390835843029	0.371342225006612	NA	"abundance"	18	10
"OTU_150"	"Geese"	"low"	"Geeselow"	2.59876389921468	0.830285980745297	0.996615576425039	0.0994112312763238	0.448935872870522	0.188939869648773	0.470306740308573	NA	"abundance"	18	17
"OTU_1522"	"Geese"	"high"	"Geesehigh"	1.81709846750941	0.71715364990908	0.166398017156288	0.124836089506908	0.448935872870522	0.234088129770439	0.470306740308573	NA	"abundance"	18	3
"OTU_169"	"Geese"	"low"	"Geeselow"	4.49778486261428	0.830285980745297	2.11738231224085	0.127201298156004	0.448935872870522	0.238222426059435	0.470306740308573	NA	"abundance"	18	10
"OTU_174"	"Geese"	"high"	"Geesehigh"	3.37396748377701	0.71715364990908	1.33106230935362	0.0782393865072255	0.448935872870522	0.150357371413424	0.461796905767663	NA	"abundance"	18	12
"OTU_177"	"Geese"	"high"	"Geesehigh"	2.35054408682276	0.71715364990908	0.915682492426354	0.100955296811226	0.448935872870522	0.19171862166821	0.470306740308573	NA	"abundance"	18	16
"OTU_199"	"Geese"	"low"	"Geeselow"	3.04519331283041	0.830285980745297	1.22570797742592	0.105085878183722	0.448935872870522	0.199128714573799	0.470306740308573	NA	"abundance"	18	12
"OTU_214"	"Geese"	"low"	"Geeselow"	2.14063379564171	0.830285980745297	0.710422495051115	0.0902834891443378	0.448935872870522	0.1724158698766	0.470306740308573	NA	"abundance"	18	16
"OTU_223"	"Geese"	"low"	"Geeselow"	2.63377644332803	0.830285980745297	0.979766294261861	0.100307480427537	0.448935872870522	0.190553370225353	0.470306740308573	NA	"abundance"	18	11
"OTU_23"	"Geese"	"low"	"Geeselow"	-0.48322433491512	0.830285980745297	0.743546501348486	0.10020054582078	0.448935872870522	0.10020054582078	0.413840882563828	NA	"abundance"	18	18
"OTU_231"	"Geese"	"high"	"Geesehigh"	3.71998573824091	0.71715364990908	1.15554954490591	0.0819746274771846	0.448935872870522	0.157229415404346	0.470306740308573	NA	"abundance"	18	6
"OTU_234"	"Geese"	"high"	"Geesehigh"	-2.04010335114098	0.71715364990908	1.50572964045109	0.0979342226133486	0.448935872870522	0.186277333267816	0.470306740308573	NA	"abundance"	18	13
"OTU_251"	"Geese"	"low"	"Geeselow"	-0.461319496692586	0.830285980745297	0.731177329198357	0.110275483364328	0.448935872870522	0.208390284497419	0.470306740308573	NA	"abundance"	18	13
"OTU_253"	"Geese"	"high"	"Geesehigh"	3.13498532841602	0.71715364990908	1.22982289781136	0.0824608048482425	0.448935872870522	0.158121825360265	0.470306740308573	NA	"abundance"	18	12
"OTU_26"	"Geese"	"low"	"Geeselow"	-0.984939960848826	0.830285980745297	1.0126348243118	0.0958282390856102	0.448935872870522	0.182473426764972	0.470306740308573	NA	"abundance"	18	17
"OTU_262"	"Geese"	"high"	"Geesehigh"	-1.26932784130423	0.71715364990908	1.145136326914	0.12339401834512	0.448935872870522	0.231561952926884	0.470306740308573	NA	"abundance"	18	11
"OTU_278"	"Geese"	"low"	"Geeselow"	-0.512481183082299	0.830285980745297	0.729053629933055	0.0976032016788466	0.448935872870522	0.185680018379732	0.470306740308573	NA	"abundance"	18	13
"OTU_337"	"Geese"	"low"	"Geeselow"	2.32753554088815	0.830285980745297	0.909377268547941	0.127388012011022	0.448935872870522	0.238548318417923	0.470306740308573	NA	"abundance"	18	15
"OTU_343"	"Geese"	"low"	"Geeselow"	-0.875606049875547	0.830285980745297	1.04730017084075	0.128298452753731	0.448935872870522	0.24013641252846	0.470306740308573	NA	"abundance"	18	16
"OTU_38"	"Geese"	"low"	"Geeselow"	-0.199456741810528	0.830285980745297	0.567124208204736	0.0944716692883735	0.448935872870522	0.180018442278615	0.470306740308573	NA	"abundance"	18	17
"OTU_386"	"Geese"	"high"	"Geesehigh"	-1.70936819376965	0.71715364990908	1.18246553184822	0.0809290552283484	0.448935872870522	0.0839339753788883	0.401566478048725	NA	"abundance"	18	10
"OTU_389"	"Geese"	"high"	"Geesehigh"	-2.23694795270781	0.71715364990908	1.69989168683207	0.126723088882008	0.448935872870522	0.212397171168328	0.470306740308573	NA	"abundance"	18	10
"OTU_395"	"Geese"	"high"	"Geesehigh"	3.41125652041619	0.71715364990908	1.54979224336587	0.126570639302734	0.448935872870522	0.237121151871966	0.470306740308573	NA	"abundance"	18	10
"OTU_409"	"Geese"	"high"	"Geesehigh"	4.87676723912053	0.71715364990908	0.71411145303064	0.110478217823895	0.448935872870522	0.208750999034246	0.470306740308573	NA	"abundance"	18	4
"OTU_420"	"Geese"	"low"	"Geeselow"	-1.47461628155792	0.830285980745297	1.29500711570345	0.126160959095202	0.448935872870522	0.131650075229062	0.413840882563828	NA	"abundance"	18	8
"OTU_431"	"Geese"	"low"	"Geeselow"	3.31000275994682	0.830285980745297	1.41597472994604	0.124129527748982	0.448935872870522	0.23285091583878	0.470306740308573	NA	"abundance"	18	10
"OTU_432"	"Geese"	"low"	"Geeselow"	2.80600317201104	0.830285980745297	1.03014231659046	0.104597175193773	0.448935872870522	0.198253781329029	0.470306740308573	NA	"abundance"	18	9
"OTU_440"	"Geese"	"high"	"Geesehigh"	2.87020165749233	0.71715364990908	1.29706935870826	0.122522119417409	0.448935872870522	0.230032569088284	0.470306740308573	NA	"abundance"	18	16
"OTU_441"	"Geese"	"low"	"Geeselow"	2.87933149660717	0.830285980745297	1.04050540628839	0.0909732253182449	0.448935872870522	0.173670322911686	0.470306740308573	NA	"abundance"	18	9
"OTU_445"	"Geese"	"low"	"Geeselow"	4.93342295730749	0.830285980745297	0.577965116729776	0.0904498736872925	0.448935872870522	0.172718567724538	0.470306740308573	NA	"abundance"	18	4
"OTU_454"	"Geese"	"high"	"Geesehigh"	5.25355749408977	0.71715364990908	1.96874598293445	0.0829312036106167	0.448935872870522	0.158984822688928	0.470306740308573	NA	"abundance"	18	7
"OTU_455"	"Geese"	"low"	"Geeselow"	-3.04034615687045	0.830285980745297	1.19010257979797	0.0836718007896999	0.448935872870522	0.160342631332009	0.470306740308573	NA	"abundance"	18	4
"OTU_463"	"Geese"	"high"	"Geesehigh"	-0.880775894096617	0.71715364990908	0.90817159356164	0.112200709882777	0.448935872870522	0.131650075229062	0.413840882563828	NA	"abundance"	18	13
"OTU_510"	"Geese"	"high"	"Geesehigh"	2.17148398842844	0.71715364990908	0.852204962299577	0.126043683289785	0.448935872870522	0.236200356482315	0.470306740308573	NA	"abundance"	18	12
"OTU_527"	"Geese"	"low"	"Geeselow"	2.37045472339072	0.830285980745297	0.83780364598461	0.127566209430013	0.448935872870522	0.238859281071684	0.470306740308573	NA	"abundance"	18	7
"OTU_532"	"Geese"	"high"	"Geesehigh"	2.36580412599006	0.71715364990908	0.902776948294867	0.0982756701765468	0.448935872870522	0.186893233004444	0.470306740308573	NA	"abundance"	18	14
"OTU_54"	"Geese"	"high"	"Geesehigh"	-2.21091305363053	0.71715364990908	1.50824600901345	0.0793819907744853	0.448935872870522	0.15246248108965	0.466956218232736	NA	"abundance"	18	14
"OTU_540"	"Geese"	"low"	"Geeselow"	-0.904992010380164	0.830285980745297	0.857181998477115	0.0835574209389784	0.448935872870522	0.160132999283983	0.470306740308573	NA	"abundance"	18	10
"OTU_573"	"Geese"	"low"	"Geeselow"	1.42637346555983	0.830285980745297	0.197358671204861	0.113707744630549	0.448935872870522	0.214486038072131	0.470306740308573	NA	"abundance"	18	5
"OTU_579"	"Geese"	"high"	"Geesehigh"	2.50830524431684	0.71715364990908	0.924159801216316	0.103601895165917	0.448935872870522	0.196470437649865	0.470306740308573	NA	"abundance"	18	9
"OTU_58"	"Geese"	"low"	"Geeselow"	3.4519979363012	0.830285980745297	1.38212620335162	0.085183134411714	0.448935872870522	0.163110102435224	0.470306740308573	NA	"abundance"	18	14
"OTU_592"	"Geese"	"low"	"Geeselow"	-0.531941532184895	0.830285980745297	0.720244478630799	0.0933267976799239	0.448935872870522	0.131650075229062	0.413840882563828	NA	"abundance"	18	12
"OTU_607"	"Geese"	"high"	"Geesehigh"	5.27335481453076	0.71715364990908	0.765732536273814	0.107703494046106	0.448935872870522	0.203806945462472	0.470306740308573	NA	"abundance"	18	3
"OTU_62"	"Geese"	"low"	"Geeselow"	-3.40108446988434	0.830285980745297	2.18976202164098	0.0895766802571216	0.448935872870522	0.171129378868357	0.470306740308573	NA	"abundance"	18	11
"OTU_63"	"Geese"	"high"	"Geesehigh"	-1.94520824251589	0.71715364990908	1.45256400223272	0.0927210772500153	0.448935872870522	0.176844956333627	0.470306740308573	NA	"abundance"	18	15
"OTU_63"	"Geese"	"low"	"Geeselow"	-2.15079576245264	0.830285980745297	1.54843842914194	0.0785742076838578	0.448935872870522	0.15097450925457	0.463044723914853	NA	"abundance"	18	15
"OTU_630"	"Geese"	"high"	"Geesehigh"	2.11949881948217	0.71715364990908	0.701875261614844	0.0982588092981262	0.448935872870522	0.186862824991567	0.470306740308573	NA	"abundance"	18	9
"OTU_632"	"Geese"	"high"	"Geesehigh"	-2.64448303768576	0.71715364990908	1.71524371404902	0.107898895129483	0.448935872870522	0.0839339753788886	0.401566478048725	NA	"abundance"	18	8
"OTU_646"	"Geese"	"low"	"Geeselow"	-0.527229271610781	0.830285980745297	0.70100025255339	0.0963304541662944	0.448935872870522	0.183381351932704	0.470306740308573	NA	"abundance"	18	10
"OTU_675"	"Geese"	"high"	"Geesehigh"	-1.14412433313298	0.71715364990908	0.994693916015576	0.0964189228843997	0.448935872870522	0.183541237078612	0.470306740308573	NA	"abundance"	18	12
"OTU_68"	"Geese"	"high"	"Geesehigh"	-1.57845697319864	0.71715364990908	1.33306866725867	0.111751134848519	0.448935872870522	0.211013953557105	0.470306740308573	NA	"abundance"	18	15
"OTU_693"	"Geese"	"high"	"Geesehigh"	3.73437239396661	0.71715364990908	1.36637602418073	0.0928094324690892	0.448935872870522	0.177005274182944	0.470306740308573	NA	"abundance"	18	7
"OTU_704"	"Geese"	"low"	"Geeselow"	-1.27354578943802	0.830285980745297	1.00289111656628	0.082042486297778	0.448935872870522	0.157354003037635	0.470306740308573	NA	"abundance"	18	8
"OTU_709"	"Geese"	"low"	"Geeselow"	2.98209643924362	0.830285980745297	1.04258788285711	0.0950074183288212	0.448935872870522	0.180988427120135	0.470306740308573	NA	"abundance"	18	8
"OTU_719"	"Geese"	"high"	"Geesehigh"	1.95517071283531	0.71715364990908	0.516772352206217	0.0822201151556942	0.448935872870522	0.157680082975173	0.470306740308573	NA	"abundance"	18	7
"OTU_754"	"Geese"	"low"	"Geeselow"	-0.377307552820892	0.830285980745297	0.454838925093752	0.12136854411103	0.448935872870522	0.228006764722429	0.470306740308573	NA	"abundance"	18	5
"OTU_76"	"Geese"	"low"	"Geeselow"	3.86577931678957	0.830285980745297	1.57202983298711	0.0859772423153131	0.448935872870522	0.16456239843448	0.470306740308573	NA	"abundance"	18	12
"OTU_814"	"Geese"	"low"	"Geeselow"	1.96873449156654	0.830285980745297	0.611286066157968	0.125082953311465	0.448935872870522	0.234520161413812	0.470306740308573	NA	"abundance"	18	7
"OTU_855"	"Geese"	"low"	"Geeselow"	4.19640456969701	0.830285980745297	0.496176046480132	0.0949805217034401	0.448935872870522	0.180939743903823	0.470306740308573	NA	"abundance"	18	3
"OTU_86"	"Geese"	"low"	"Geeselow"	-3.96855935973469	0.830285980745297	2.47399857338969	0.0886472953927385	0.448935872870522	0.16943624780503	0.470306740308573	NA	"abundance"	18	11
"OTU_882"	"Geese"	"high"	"Geesehigh"	1.9271031923809	0.71715364990908	0.62166118039149	0.0866874114090552	0.448935872870522	0.165860115521308	0.470306740308573	NA	"abundance"	18	13
"OTU_884"	"Geese"	"high"	"Geesehigh"	3.07424711831914	0.71715364990908	1.00848833251558	0.081336375369075	0.448935872870522	0.156057144779971	0.470306740308573	NA	"abundance"	18	7
"OTU_906"	"Geese"	"high"	"Geesehigh"	1.61417491447436	0.71715364990908	0.406817346726488	0.104788000250056	0.448935872870522	0.198595475503705	0.470306740308573	NA	"abundance"	18	7
"OTU_915"	"Geese"	"low"	"Geeselow"	3.40956722760203	0.830285980745297	0.488287629602585	0.121183000361001	0.448935872870522	0.227680681145508	0.470306740308573	NA	"abundance"	18	3
"OTU_937"	"Geese"	"high"	"Geesehigh"	-0.974901253122915	0.71715364990908	0.978434896598813	0.108116478652763	0.448935872870522	0.204543784349253	0.470306740308573	NA	"abundance"	18	17
"OTU_941"	"Geese"	"low"	"Geeselow"	-2.83059039713409	0.830285980745297	0.664165538607668	0.115687619663592	0.448935872870522	0.217991613983756	0.470306740308573	NA	"abundance"	18	3
"OTU_948"	"Geese"	"low"	"Geeselow"	2.39916687959801	0.830285980745297	0.704028129110456	0.0916537985648641	0.448935872870522	0.17490717833836	0.470306740308573	NA	"abundance"	18	6
"OTU_1003"	"Geese"	"high"	"Geesehigh"	2.0053335695261	0	1.2636615865337	0.112530096943186	0.448935872870522	0.212397171168329	0.470306740308573	NA	"prevalence"	18	6
"OTU_1009"	"Geese"	"high"	"Geesehigh"	2.94443896028685	0	1.9383788667248	0.128757111980885	0.448935872870522	0.128757111980885	0.413840882563828	NA	"prevalence"	18	4
"OTU_1011"	"Geese"	"low"	"Geeselow"	2.94443896028685	0	1.9383788667248	0.128757111980885	0.448935872870522	0.128757111980885	0.413840882563828	NA	"prevalence"	18	3
"OTU_1012"	"Geese"	"high"	"Geesehigh"	-2.94443896028685	0	1.9383788667248	0.128757111980885	0.448935872870522	0.128757111980885	0.413840882563828	NA	"prevalence"	18	5
"OTU_1019"	"Geese"	"high"	"Geesehigh"	-2.94443896028685	0	1.9383788667248	0.128757111980885	0.448935872870522	0.128757111980885	0.413840882563828	NA	"prevalence"	18	7
"OTU_1022"	"Geese"	"high"	"Geesehigh"	2.94443896028685	0	1.9383788667248	0.128757111980885	0.448935872870522	0.128757111980885	0.413840882563828	NA	"prevalence"	18	3
"OTU_1023"	"Geese"	"high"	"Geesehigh"	2.94443896028685	0	1.9383788667248	0.128757111980885	0.448935872870522	0.128757111980885	0.413840882563828	NA	"prevalence"	18	4
"OTU_1026"	"Geese"	"low"	"Geeselow"	-2.94443896028685	0	1.9383788667248	0.128757111980885	0.448935872870522	0.128757111980885	0.413840882563828	NA	"prevalence"	18	7
"OTU_103"	"Geese"	"high"	"Geesehigh"	2.94443896028685	0	1.93837886672479	0.128757111980885	0.448935872870522	0.081776526992984	0.401566478048725	NA	"prevalence"	18	12
"OTU_1031"	"Geese"	"high"	"Geesehigh"	-2.94443896028685	0	1.93837886672479	0.128757111980885	0.448935872870522	0.128757111980885	0.413840882563828	NA	"prevalence"	18	4
"OTU_1032"	"Geese"	"high"	"Geesehigh"	-2.94443896028685	0	1.93837886672479	0.128757111980885	0.448935872870522	0.128757111980885	0.413840882563828	NA	"prevalence"	18	5
"OTU_1037"	"Geese"	"high"	"Geesehigh"	-2.94443896028685	0	1.93837886672479	0.128757111980885	0.448935872870522	0.128757111980885	0.413840882563828	NA	"prevalence"	18	4
"OTU_1040"	"Geese"	"low"	"Geeselow"	2.94443896028685	0	1.9383788667248	0.128757111980885	0.448935872870522	0.128757111980885	0.413840882563828	NA	"prevalence"	18	3
"OTU_1043"	"Geese"	"high"	"Geesehigh"	2.94443896028685	0	1.9383788667248	0.128757111980885	0.448935872870522	0.128757111980885	0.413840882563828	NA	"prevalence"	18	4
"OTU_1044"	"Geese"	"high"	"Geesehigh"	-2.94443896028685	0	1.93837886672479	0.128757111980885	0.448935872870522	0.128757111980885	0.413840882563828	NA	"prevalence"	18	4
"OTU_1046"	"Geese"	"low"	"Geeselow"	-2.00533356952611	0	1.26366160792384	0.112530103027776	0.448935872870522	0.21239718196811	0.470306740308573	NA	"prevalence"	18	5
"OTU_1053"	"Geese"	"high"	"Geesehigh"	-2.94443896028685	0	1.9383788667248	0.128757111980885	0.448935872870522	0.128757111980885	0.413840882563828	NA	"prevalence"	18	5
"OTU_1054"	"Geese"	"high"	"Geesehigh"	2.00533356952611	0	1.26366160792384	0.112530103027776	0.448935872870522	0.212397181968111	0.470306740308573	NA	"prevalence"	18	5
"OTU_1055"	"Geese"	"high"	"Geesehigh"	-2.94443896028685	0	1.93837886672479	0.128757111980885	0.448935872870522	0.128757111980885	0.413840882563828	NA	"prevalence"	18	6
"OTU_106"	"Geese"	"low"	"Geeselow"	2.94443896028685	0	1.9383788667248	0.128757111980885	0.448935872870522	0.128757111980885	0.413840882563828	NA	"prevalence"	18	3
"OTU_107"	"Geese"	"high"	"Geesehigh"	-2.00533356952611	0	1.26366160792384	0.112530103027777	0.448935872870522	0.212397181968111	0.470306740308573	NA	"prevalence"	18	7
"OTU_1072"	"Geese"	"low"	"Geeselow"	-2.00533356952611	0	1.26366160792384	0.112530103027776	0.448935872870522	0.122575477793468	0.413840882563828	NA	"prevalence"	18	5
"OTU_1077"	"Geese"	"low"	"Geeselow"	2.94443896028685	0	1.9383788667248	0.128757111980885	0.448935872870522	0.128757111980885	0.413840882563828	NA	"prevalence"	18	3
"OTU_1078"	"Geese"	"high"	"Geesehigh"	-2.94443896028685	0	1.9383788667248	0.128757111980885	0.448935872870522	0.128757111980885	0.413840882563828	NA	"prevalence"	18	7
"OTU_1079"	"Geese"	"high"	"Geesehigh"	-2.94443896028684	0	1.93837886672479	0.128757111980885	0.448935872870522	0.128757111980885	0.413840882563828	NA	"prevalence"	18	4
"OTU_1080"	"Geese"	"low"	"Geeselow"	-2.00533356952611	0	1.26366160792384	0.112530103027776	0.448935872870522	0.21239718196811	0.470306740308573	NA	"prevalence"	18	5
"OTU_1081"	"Geese"	"high"	"Geesehigh"	-2.94443896028685	0	1.9383788667248	0.128757111980885	0.448935872870522	0.128757111980885	0.413840882563828	NA	"prevalence"	18	3
"OTU_1081"	"Geese"	"low"	"Geeselow"	-2.94443896028684	0	1.9383788667248	0.128757111980886	0.448935872870522	0.128757111980886	0.413840882563828	NA	"prevalence"	18	3
"OTU_1082"	"Geese"	"high"	"Geesehigh"	2.94443896028685	0	1.9383788667248	0.128757111980885	0.448935872870522	0.128757111980885	0.413840882563828	NA	"prevalence"	18	3
"OTU_1084"	"Geese"	"high"	"Geesehigh"	2.94443896028685	0	1.93837886672479	0.128757111980885	0.448935872870522	0.128757111980885	0.413840882563828	NA	"prevalence"	18	5
"OTU_1094"	"Geese"	"high"	"Geesehigh"	-2.94443896028684	0	1.93837886672479	0.128757111980885	0.448935872870522	0.128757111980885	0.413840882563828	NA	"prevalence"	18	3
"OTU_1094"	"Geese"	"low"	"Geeselow"	-2.94443896028684	0	1.93837886672479	0.128757111980885	0.448935872870522	0.128757111980885	0.413840882563828	NA	"prevalence"	18	3
"OTU_1097"	"Geese"	"high"	"Geesehigh"	-2.94443896028685	0	1.93837886672479	0.128757111980885	0.448935872870522	0.128757111980885	0.413840882563828	NA	"prevalence"	18	4
"OTU_110"	"Geese"	"high"	"Geesehigh"	-2.94443896028684	0	1.93837886672479	0.128757111980885	0.448935872870522	0.128757111980885	0.413840882563828	NA	"prevalence"	18	3
"OTU_110"	"Geese"	"low"	"Geeselow"	-2.94443896028685	0	1.9383788667248	0.128757111980886	0.448935872870522	0.128757111980886	0.413840882563828	NA	"prevalence"	18	3
"OTU_1100"	"Geese"	"high"	"Geesehigh"	-2.00533356952611	0	1.2636615865337	0.112530096943186	0.448935872870522	0.212397171168329	0.470306740308573	NA	"prevalence"	18	6
"OTU_1100"	"Geese"	"low"	"Geeselow"	-2.00533356952611	0	1.2636615865337	0.112530096943185	0.448935872870522	0.212397171168328	0.470306740308573	NA	"prevalence"	18	6
"OTU_1112"	"Geese"	"high"	"Geesehigh"	-2.94443896028685	0	1.93837886672479	0.128757111980885	0.448935872870522	0.128757111980885	0.413840882563828	NA	"prevalence"	18	4
"OTU_1117"	"Geese"	"low"	"Geeselow"	-2.94443896028684	0	1.9383788667248	0.128757111980886	0.448935872870522	0.128757111980886	0.413840882563828	NA	"prevalence"	18	5
"OTU_1118"	"Geese"	"low"	"Geeselow"	2.94443896028685	0	1.93837886672479	0.128757111980885	0.448935872870522	0.128757111980885	0.413840882563828	NA	"prevalence"	18	7
"OTU_1122"	"Geese"	"high"	"Geesehigh"	2.94443896028684	0	1.93837886672479	0.128757111980885	0.448935872870522	0.128757111980885	0.413840882563828	NA	"prevalence"	18	4
"OTU_1133"	"Geese"	"low"	"Geeselow"	-2.00533356952611	0	1.26366160792384	0.112530103027776	0.448935872870522	0.21239718196811	0.470306740308573	NA	"prevalence"	18	7
"OTU_1134"	"Geese"	"high"	"Geesehigh"	2.0053335695261	0	1.2636615865337	0.112530096943186	0.448935872870522	0.212397171168329	0.470306740308573	NA	"prevalence"	18	6
"OTU_1138"	"Geese"	"high"	"Geesehigh"	2.00533356952611	0	1.26366160792384	0.112530103027776	0.448935872870522	0.21239718196811	0.470306740308573	NA	"prevalence"	18	5
"OTU_1148"	"Geese"	"low"	"Geeselow"	2.94443896028685	0	1.93837886672479	0.128757111980885	0.448935872870522	0.128757111980885	0.413840882563828	NA	"prevalence"	18	4
"OTU_1163"	"Geese"	"high"	"Geesehigh"	-2.94443896028685	0	1.9383788667248	0.128757111980885	0.448935872870522	0.128757111980885	0.413840882563828	NA	"prevalence"	18	3
"OTU_1163"	"Geese"	"low"	"Geeselow"	-2.94443896028685	0	1.9383788667248	0.128757111980885	0.448935872870522	0.128757111980885	0.413840882563828	NA	"prevalence"	18	3
"OTU_1176"	"Geese"	"low"	"Geeselow"	2.94443896028685	0	1.9383788667248	0.128757111980885	0.448935872870522	0.128757111980885	0.413840882563828	NA	"prevalence"	18	3
"OTU_1183"	"Geese"	"low"	"Geeselow"	-2.00533356952611	0	1.26366160792384	0.112530103027777	0.448935872870522	0.212397181968111	0.470306740308573	NA	"prevalence"	18	5
"OTU_1194"	"Geese"	"high"	"Geesehigh"	2.94443896028685	0	1.9383788667248	0.128757111980885	0.448935872870522	0.128757111980885	0.413840882563828	NA	"prevalence"	18	3
"OTU_1197"	"Geese"	"high"	"Geesehigh"	2.94443896028685	0	1.9383788667248	0.128757111980885	0.448935872870522	0.128757111980885	0.413840882563828	NA	"prevalence"	18	3
"OTU_1198"	"Geese"	"high"	"Geesehigh"	2.94443896028684	0	1.93837886672479	0.128757111980885	0.448935872870522	0.128757111980885	0.413840882563828	NA	"prevalence"	18	4
"OTU_1206"	"Geese"	"high"	"Geesehigh"	-2.94443896028685	0	1.93837886672479	0.128757111980885	0.448935872870522	0.240935830076111	0.470306740308573	NA	"prevalence"	18	10
"OTU_121"	"Geese"	"high"	"Geesehigh"	-2.00533356952611	0	1.26366160792384	0.112530103027776	0.448935872870522	0.21239718196811	0.470306740308573	NA	"prevalence"	18	11
"OTU_1211"	"Geese"	"high"	"Geesehigh"	-2.94443896028685	0	1.93837886672479	0.128757111980885	0.448935872870522	0.128757111980885	0.413840882563828	NA	"prevalence"	18	3
"OTU_1211"	"Geese"	"low"	"Geeselow"	-2.94443896028685	0	1.93837886672479	0.128757111980885	0.448935872870522	0.128757111980885	0.413840882563828	NA	"prevalence"	18	3
"OTU_1218"	"Geese"	"low"	"Geeselow"	2.94443896028685	0	1.9383788667248	0.128757111980885	0.448935872870522	0.128757111980885	0.413840882563828	NA	"prevalence"	18	3
"OTU_122"	"Geese"	"high"	"Geesehigh"	2.94443896028685	0	1.93837886672479	0.128757111980885	0.448935872870522	0.240935830076112	0.470306740308573	NA	"prevalence"	18	13
"OTU_1222"	"Geese"	"low"	"Geeselow"	2.94443896028685	0	1.9383788667248	0.128757111980885	0.448935872870522	0.128757111980885	0.413840882563828	NA	"prevalence"	18	3
"OTU_1224"	"Geese"	"low"	"Geeselow"	2.94443896028685	0	1.9383788667248	0.128757111980885	0.448935872870522	0.128757111980885	0.413840882563828	NA	"prevalence"	18	3
"OTU_123"	"Geese"	"high"	"Geesehigh"	-2.94443896028685	0	1.9383788667248	0.128757111980885	0.448935872870522	0.128757111980885	0.413840882563828	NA	"prevalence"	18	6
"OTU_1236"	"Geese"	"high"	"Geesehigh"	-2.94443896028685	0	1.93837886672479	0.128757111980885	0.448935872870522	0.128757111980885	0.413840882563828	NA	"prevalence"	18	6
"OTU_1238"	"Geese"	"low"	"Geeselow"	2.00533356952611	0	1.26366160792384	0.112530103027776	0.448935872870522	0.21239718196811	0.470306740308573	NA	"prevalence"	18	5
"OTU_124"	"Geese"	"low"	"Geeselow"	-2.94443896028685	0	1.9383788667248	0.128757111980885	0.448935872870522	0.240935830076113	0.470306740308573	NA	"prevalence"	18	10
"OTU_1246"	"Geese"	"low"	"Geeselow"	-2.94443896028685	0	1.93837886672479	0.128757111980885	0.448935872870522	0.128757111980885	0.413840882563828	NA	"prevalence"	18	4
"OTU_1250"	"Geese"	"high"	"Geesehigh"	-2.94443896028685	0	1.9383788667248	0.128757111980885	0.448935872870522	0.128757111980885	0.413840882563828	NA	"prevalence"	18	4
"OTU_1261"	"Geese"	"high"	"Geesehigh"	2.00533356952611	0	1.26366160792384	0.112530103027776	0.448935872870522	0.21239718196811	0.470306740308573	NA	"prevalence"	18	5
"OTU_127"	"Geese"	"low"	"Geeselow"	2.0053335695261	0	1.2636615865337	0.112530096943186	0.448935872870522	0.212397171168329	0.470306740308573	NA	"prevalence"	18	7
"OTU_1273"	"Geese"	"low"	"Geeselow"	-2.00533356952611	0	1.26366160792384	0.112530103027776	0.448935872870522	0.212397181968111	0.470306740308573	NA	"prevalence"	18	7
"OTU_1274"	"Geese"	"low"	"Geeselow"	-2.94443896028685	0	1.93837886672479	0.128757111980885	0.448935872870522	0.0222900261341924	0.300950284637266	NA	"prevalence"	18	13
"OTU_1282"	"Geese"	"low"	"Geeselow"	-2.00533356952611	0	1.2636615865337	0.112530096943186	0.448935872870522	0.212397171168328	0.470306740308573	NA	"prevalence"	18	8
"OTU_129"	"Geese"	"low"	"Geeselow"	2.94443896028685	0	1.9383788667248	0.128757111980885	0.448935872870522	0.128757111980885	0.413840882563828	NA	"prevalence"	18	3
"OTU_1298"	"Geese"	"high"	"Geesehigh"	2.00533356952611	0	1.2636615865337	0.112530096943186	0.448935872870522	0.212397171168328	0.470306740308573	NA	"prevalence"	18	9
"OTU_1298"	"Geese"	"low"	"Geeselow"	2.00533356952611	0	1.2636615865337	0.112530096943186	0.448935872870522	0.212397171168328	0.470306740308573	NA	"prevalence"	18	9
"OTU_13"	"Geese"	"low"	"Geeselow"	-2.94443896028685	0	1.93837886672479	0.128757111980885	0.448935872870522	0.240935830076112	0.470306740308573	NA	"prevalence"	18	13
"OTU_130"	"Geese"	"high"	"Geesehigh"	-2.94443896028685	0	1.93837886672479	0.128757111980885	0.448935872870522	0.240935830076112	0.470306740308573	NA	"prevalence"	18	11
"OTU_1307"	"Geese"	"high"	"Geesehigh"	2.00533356952611	0	1.2636615865337	0.112530096943186	0.448935872870522	0.212397171168329	0.470306740308573	NA	"prevalence"	18	9
"OTU_133"	"Geese"	"high"	"Geesehigh"	2.94443896028685	0	1.9383788667248	0.128757111980885	0.448935872870522	0.240935830076112	0.470306740308573	NA	"prevalence"	18	12
"OTU_1346"	"Geese"	"high"	"Geesehigh"	2.94443896028685	0	1.9383788667248	0.128757111980885	0.448935872870522	0.128757111980885	0.413840882563828	NA	"prevalence"	18	3
"OTU_1348"	"Geese"	"high"	"Geesehigh"	2.94443896028684	0	1.9383788667248	0.128757111980886	0.448935872870522	0.128757111980886	0.413840882563828	NA	"prevalence"	18	3
"OTU_137"	"Geese"	"high"	"Geesehigh"	-2.00533356952611	0	1.2636615865337	0.112530096943186	0.448935872870522	0.203249376350732	0.470306740308573	NA	"prevalence"	18	9
"OTU_1379"	"Geese"	"low"	"Geeselow"	-2.00533356952611	0	1.26366160792384	0.112530103027777	0.448935872870522	0.212397181968111	0.470306740308573	NA	"prevalence"	18	5
"OTU_1382"	"Geese"	"low"	"Geeselow"	2.94443896028684	0	1.93837886672479	0.128757111980885	0.448935872870522	0.128757111980885	0.413840882563828	NA	"prevalence"	18	5
"OTU_1405"	"Geese"	"high"	"Geesehigh"	-2.94443896028684	0	1.93837886672479	0.128757111980885	0.448935872870522	0.128757111980885	0.413840882563828	NA	"prevalence"	18	4
"OTU_1409"	"Geese"	"low"	"Geeselow"	2.94443896028685	0	1.9383788667248	0.128757111980885	0.448935872870522	0.128757111980885	0.413840882563828	NA	"prevalence"	18	7
"OTU_1439"	"Geese"	"high"	"Geesehigh"	-2.94443896028684	0	1.9383788667248	0.128757111980885	0.448935872870522	0.128757111980885	0.413840882563828	NA	"prevalence"	18	3
"OTU_1439"	"Geese"	"low"	"Geeselow"	-2.94443896028684	0	1.9383788667248	0.128757111980885	0.448935872870522	0.128757111980885	0.413840882563828	NA	"prevalence"	18	3
"OTU_1456"	"Geese"	"low"	"Geeselow"	2.94443896028685	0	1.9383788667248	0.128757111980885	0.448935872870522	0.128757111980885	0.413840882563828	NA	"prevalence"	18	3
"OTU_1474"	"Geese"	"low"	"Geeselow"	2.94443896028685	0	1.9383788667248	0.128757111980885	0.448935872870522	0.128757111980885	0.413840882563828	NA	"prevalence"	18	3
"OTU_1482"	"Geese"	"low"	"Geeselow"	-2.94443896028685	0	1.9383788667248	0.128757111980886	0.448935872870522	0.240935830076113	0.470306740308573	NA	"prevalence"	18	10
"OTU_152"	"Geese"	"high"	"Geesehigh"	-2.94443896028685	0	1.9383788667248	0.128757111980886	0.448935872870522	0.0244489193107965	0.300950284637266	NA	"prevalence"	18	14
"OTU_1520"	"Geese"	"high"	"Geesehigh"	-2.94443896028685	0	1.9383788667248	0.128757111980885	0.448935872870522	0.128757111980885	0.413840882563828	NA	"prevalence"	18	4
"OTU_156"	"Geese"	"low"	"Geeselow"	-2.94443896028685	0	1.93837886672479	0.128757111980885	0.448935872870522	0.128757111980885	0.413840882563828	NA	"prevalence"	18	4
"OTU_1573"	"Geese"	"high"	"Geesehigh"	-2.94443896028685	0	1.9383788667248	0.128757111980885	0.448935872870522	0.128757111980885	0.413840882563828	NA	"prevalence"	18	5
"OTU_160"	"Geese"	"low"	"Geeselow"	2.00533356952611	0	1.26366160792384	0.112530103027777	0.448935872870522	0.212397181968112	0.470306740308573	NA	"prevalence"	18	7
"OTU_163"	"Geese"	"high"	"Geesehigh"	2.94443896028684	0	1.93837886672479	0.128757111980885	0.448935872870522	0.128757111980885	0.413840882563828	NA	"prevalence"	18	7
"OTU_165"	"Geese"	"high"	"Geesehigh"	-2.94443896028685	0	1.9383788667248	0.128757111980885	0.448935872870522	0.0410935575261198	0.362415471194213	NA	"prevalence"	18	14
"OTU_167"	"Geese"	"high"	"Geesehigh"	-2.94443896028685	0	1.9383788667248	0.128757111980885	0.448935872870522	0.0554233506178318	0.371342225006612	NA	"prevalence"	18	13
"OTU_168"	"Geese"	"high"	"Geesehigh"	-2.94443896028685	0	1.93837886672479	0.128757111980885	0.448935872870522	0.128757111980885	0.413840882563828	NA	"prevalence"	18	4
"OTU_1688"	"Geese"	"high"	"Geesehigh"	-2.94443896028685	0	1.9383788667248	0.128757111980885	0.448935872870522	0.128757111980885	0.413840882563828	NA	"prevalence"	18	5
"OTU_170"	"Geese"	"low"	"Geeselow"	-2.00533356952611	0	1.2636615865337	0.112530096943186	0.448935872870522	0.212397171168328	0.470306740308573	NA	"prevalence"	18	8
"OTU_174"	"Geese"	"high"	"Geesehigh"	2.94443896028685	0	1.9383788667248	0.128757111980886	0.448935872870522	0.150357371413424	0.461796905767663	NA	"prevalence"	18	12
"OTU_1768"	"Geese"	"high"	"Geesehigh"	2.94443896028685	0	1.93837886672479	0.128757111980885	0.448935872870522	0.128757111980885	0.413840882563828	NA	"prevalence"	18	4
"OTU_178"	"Geese"	"high"	"Geesehigh"	-2.94443896028685	0	1.9383788667248	0.128757111980885	0.448935872870522	0.128757111980885	0.413840882563828	NA	"prevalence"	18	4
"OTU_1780"	"Geese"	"high"	"Geesehigh"	2.94443896028685	0	1.9383788667248	0.128757111980885	0.448935872870522	0.128757111980885	0.413840882563828	NA	"prevalence"	18	4
"OTU_180"	"Geese"	"high"	"Geesehigh"	-2.94443896028684	0	1.93837886672479	0.128757111980885	0.448935872870522	0.240935830076113	0.470306740308573	NA	"prevalence"	18	11
"OTU_187"	"Geese"	"low"	"Geeselow"	2.94443896028685	0	1.9383788667248	0.128757111980885	0.448935872870522	0.128757111980885	0.413840882563828	NA	"prevalence"	18	3
"OTU_188"	"Geese"	"low"	"Geeselow"	-2.94443896028684	0	1.9383788667248	0.128757111980886	0.448935872870522	0.240935830076113	0.470306740308573	NA	"prevalence"	18	15
"OTU_195"	"Geese"	"high"	"Geesehigh"	2.0053335695261	0	1.2636615865337	0.112530096943186	0.448935872870522	0.212397171168329	0.470306740308573	NA	"prevalence"	18	12
"OTU_195"	"Geese"	"low"	"Geeselow"	2.00533356952611	0	1.2636615865337	0.112530096943186	0.448935872870522	0.103311272042659	0.413840882563828	NA	"prevalence"	18	12
"OTU_2000"	"Geese"	"high"	"Geesehigh"	2.00533356952611	0	1.2636615865337	0.112530096943186	0.448935872870522	0.212397171168328	0.470306740308573	NA	"prevalence"	18	6
"OTU_202"	"Geese"	"low"	"Geeselow"	-2.94443896028685	0	1.9383788667248	0.128757111980886	0.448935872870522	0.240935830076113	0.470306740308573	NA	"prevalence"	18	10
"OTU_206"	"Geese"	"low"	"Geeselow"	2.94443896028684	0	1.93837886672479	0.128757111980885	0.448935872870522	0.240935830076113	0.470306740308573	NA	"prevalence"	18	10
"OTU_218"	"Geese"	"high"	"Geesehigh"	-2.0053335695261	0	1.2636615865337	0.112530096943186	0.448935872870522	0.212397171168329	0.470306740308573	NA	"prevalence"	18	7
"OTU_222"	"Geese"	"low"	"Geeselow"	-2.94443896028685	0	1.93837886672479	0.128757111980885	0.448935872870522	0.240935830076112	0.470306740308573	NA	"prevalence"	18	9
"OTU_227"	"Geese"	"high"	"Geesehigh"	2.94443896028685	0	1.9383788667248	0.128757111980885	0.448935872870522	0.240935830076112	0.470306740308573	NA	"prevalence"	18	10
"OTU_231"	"Geese"	"high"	"Geesehigh"	2.00533356952611	0	1.2636615865337	0.112530096943186	0.448935872870522	0.157229415404346	0.470306740308573	NA	"prevalence"	18	6
"OTU_234"	"Geese"	"high"	"Geesehigh"	-2.94443896028685	0	1.9383788667248	0.128757111980885	0.448935872870522	0.186277333267816	0.470306740308573	NA	"prevalence"	18	13
"OTU_239"	"Geese"	"low"	"Geeselow"	-2.00533356952611	0	1.26366160792384	0.112530103027776	0.448935872870522	0.21239718196811	0.470306740308573	NA	"prevalence"	18	7
"OTU_254"	"Geese"	"low"	"Geeselow"	-2.94443896028685	0	1.9383788667248	0.128757111980885	0.448935872870522	0.0271941476985743	0.300950284637266	NA	"prevalence"	18	9
"OTU_257"	"Geese"	"high"	"Geesehigh"	2.94443896028685	0	1.93837886672479	0.128757111980885	0.448935872870522	0.240935830076112	0.470306740308573	NA	"prevalence"	18	13
"OTU_259"	"Geese"	"high"	"Geesehigh"	-2.94443896028685	0	1.9383788667248	0.128757111980885	0.448935872870522	0.127899046796137	0.413840882563828	NA	"prevalence"	18	14
"OTU_264"	"Geese"	"low"	"Geeselow"	-2.0053335695261	0	1.2636615865337	0.112530096943186	0.448935872870522	0.212397171168329	0.470306740308573	NA	"prevalence"	18	8
"OTU_265"	"Geese"	"low"	"Geeselow"	-2.00533356952612	0	1.26366160792384	0.112530103027776	0.448935872870522	0.21239718196811	0.470306740308573	NA	"prevalence"	18	7
"OTU_267"	"Geese"	"high"	"Geesehigh"	-2.94443896028684	0	1.93837886672479	0.128757111980885	0.448935872870522	0.128757111980885	0.413840882563828	NA	"prevalence"	18	3
"OTU_267"	"Geese"	"low"	"Geeselow"	-2.94443896028685	0	1.9383788667248	0.128757111980886	0.448935872870522	0.128757111980886	0.413840882563828	NA	"prevalence"	18	3
"OTU_274"	"Geese"	"high"	"Geesehigh"	2.94443896028684	0	1.93837886672479	0.128757111980885	0.448935872870522	0.00383710502694128	0.21207023802777	NA	"prevalence"	18	14
"OTU_278"	"Geese"	"low"	"Geeselow"	-2.00533356952611	0	1.26366160792384	0.112530103027776	0.448935872870522	0.185680018379732	0.470306740308573	NA	"prevalence"	18	13
"OTU_28"	"Geese"	"low"	"Geeselow"	-2.00533356952611	0	1.2636615865337	0.112530096943186	0.448935872870522	0.212397171168329	0.470306740308573	NA	"prevalence"	18	8
"OTU_282"	"Geese"	"low"	"Geeselow"	2.94443896028685	0	1.9383788667248	0.128757111980885	0.448935872870522	0.128757111980885	0.413840882563828	NA	"prevalence"	18	3
"OTU_288"	"Geese"	"high"	"Geesehigh"	-2.00533356952611	0	1.2636615865337	0.112530096943186	0.448935872870522	0.212397171168328	0.470306740308573	NA	"prevalence"	18	10
"OTU_292"	"Geese"	"low"	"Geeselow"	2.00533356952611	0	1.2636615865337	0.112530096943185	0.448935872870522	0.212397171168328	0.470306740308573	NA	"prevalence"	18	10
"OTU_293"	"Geese"	"high"	"Geesehigh"	-2.94443896028685	0	1.93837886672479	0.128757111980885	0.448935872870522	0.128757111980885	0.413840882563828	NA	"prevalence"	18	4
"OTU_300"	"Geese"	"high"	"Geesehigh"	-2.94443896028685	0	1.9383788667248	0.128757111980885	0.448935872870522	0.240935830076112	0.470306740308573	NA	"prevalence"	18	13
"OTU_302"	"Geese"	"high"	"Geesehigh"	-2.94443896028684	0	1.9383788667248	0.128757111980885	0.448935872870522	0.128757111980885	0.413840882563828	NA	"prevalence"	18	9
"OTU_302"	"Geese"	"low"	"Geeselow"	2.94443896028685	0	1.9383788667248	0.128757111980885	0.448935872870522	0.240935830076112	0.470306740308573	NA	"prevalence"	18	9
"OTU_309"	"Geese"	"high"	"Geesehigh"	-2.94443896028684	0	1.93837886672479	0.128757111980885	0.448935872870522	0.128757111980885	0.413840882563828	NA	"prevalence"	18	3
"OTU_309"	"Geese"	"low"	"Geeselow"	-2.94443896028685	0	1.9383788667248	0.128757111980886	0.448935872870522	0.128757111980886	0.413840882563828	NA	"prevalence"	18	3
"OTU_319"	"Geese"	"low"	"Geeselow"	-2.94443896028685	0	1.9383788667248	0.128757111980885	0.448935872870522	0.128757111980885	0.413840882563828	NA	"prevalence"	18	6
"OTU_345"	"Geese"	"low"	"Geeselow"	-2.94443896028684	0	1.93837886672479	0.128757111980886	0.448935872870522	0.240935830076113	0.470306740308573	NA	"prevalence"	18	15
"OTU_347"	"Geese"	"high"	"Geesehigh"	2.00533356952611	0	1.2636615865337	0.112530096943186	0.448935872870522	0.212397171168328	0.470306740308573	NA	"prevalence"	18	7
"OTU_349"	"Geese"	"high"	"Geesehigh"	2.94443896028685	0	1.9383788667248	0.128757111980885	0.448935872870522	0.128757111980885	0.413840882563828	NA	"prevalence"	18	4
"OTU_35"	"Geese"	"high"	"Geesehigh"	-2.94443896028685	0	1.9383788667248	0.128757111980885	0.448935872870522	0.240935830076112	0.470306740308573	NA	"prevalence"	18	15
"OTU_352"	"Geese"	"high"	"Geesehigh"	-2.00533356952611	0	1.2636615865337	0.112530096943186	0.448935872870522	0.212397171168329	0.470306740308573	NA	"prevalence"	18	10
"OTU_354"	"Geese"	"high"	"Geesehigh"	-2.94443896028684	0	1.93837886672479	0.128757111980885	0.448935872870522	0.128757111980885	0.413840882563828	NA	"prevalence"	18	3
"OTU_354"	"Geese"	"low"	"Geeselow"	-2.94443896028685	0	1.93837886672479	0.128757111980885	0.448935872870522	0.128757111980885	0.413840882563828	NA	"prevalence"	18	3
"OTU_355"	"Geese"	"high"	"Geesehigh"	2.94443896028685	0	1.9383788667248	0.128757111980885	0.448935872870522	0.128757111980885	0.413840882563828	NA	"prevalence"	18	3
"OTU_366"	"Geese"	"high"	"Geesehigh"	-2.94443896028685	0	1.93837886672479	0.128757111980885	0.448935872870522	0.128757111980885	0.413840882563828	NA	"prevalence"	18	4
"OTU_370"	"Geese"	"high"	"Geesehigh"	2.94443896028685	0	1.9383788667248	0.128757111980885	0.448935872870522	0.128757111980885	0.413840882563828	NA	"prevalence"	18	3
"OTU_374"	"Geese"	"low"	"Geeselow"	2.94443896028685	0	1.9383788667248	0.128757111980885	0.448935872870522	0.128757111980885	0.413840882563828	NA	"prevalence"	18	3
"OTU_381"	"Geese"	"low"	"Geeselow"	2.00533356952611	0	1.2636615865337	0.112530096943186	0.448935872870522	0.212397171168328	0.470306740308573	NA	"prevalence"	18	10
"OTU_382"	"Geese"	"low"	"Geeselow"	-2.00533356952611	0	1.26366160792384	0.112530103027776	0.448935872870522	0.21239718196811	0.470306740308573	NA	"prevalence"	18	5
"OTU_386"	"Geese"	"low"	"Geeselow"	2.00533356952611	0	1.2636615865337	0.112530096943185	0.448935872870522	0.212397171168328	0.470306740308573	NA	"prevalence"	18	10
"OTU_389"	"Geese"	"high"	"Geesehigh"	-2.00533356952611	0	1.2636615865337	0.112530096943185	0.448935872870522	0.212397171168328	0.470306740308573	NA	"prevalence"	18	10
"OTU_394"	"Geese"	"high"	"Geesehigh"	-2.00533356952611	0	1.2636615865337	0.112530096943186	0.448935872870522	0.212397171168328	0.470306740308573	NA	"prevalence"	18	8
"OTU_399"	"Geese"	"high"	"Geesehigh"	-2.94443896028685	0	1.93837886672479	0.128757111980885	0.448935872870522	0.240935830076112	0.470306740308573	NA	"prevalence"	18	10
"OTU_407"	"Geese"	"low"	"Geeselow"	2.00533356952611	0	1.26366160792384	0.112530103027776	0.448935872870522	0.21239718196811	0.470306740308573	NA	"prevalence"	18	13
"OTU_410"	"Geese"	"high"	"Geesehigh"	-2.00533356952611	0	1.2636615865337	0.112530096943186	0.448935872870522	0.212397171168329	0.470306740308573	NA	"prevalence"	18	9
"OTU_412"	"Geese"	"low"	"Geeselow"	-2.00533356952611	0	1.26366160792384	0.112530103027776	0.448935872870522	0.212397181968111	0.470306740308573	NA	"prevalence"	18	7
"OTU_414"	"Geese"	"low"	"Geeselow"	-2.00533356952611	0	1.2636615865337	0.112530096943186	0.448935872870522	0.212397171168329	0.470306740308573	NA	"prevalence"	18	7
"OTU_415"	"Geese"	"high"	"Geesehigh"	-2.94443896028685	0	1.9383788667248	0.128757111980885	0.448935872870522	0.240935830076112	0.470306740308573	NA	"prevalence"	18	13
"OTU_418"	"Geese"	"high"	"Geesehigh"	-2.94443896028685	0	1.9383788667248	0.128757111980885	0.448935872870522	0.128757111980885	0.413840882563828	NA	"prevalence"	18	5
"OTU_421"	"Geese"	"high"	"Geesehigh"	-2.94443896028685	0	1.93837886672479	0.128757111980885	0.448935872870522	0.128757111980885	0.413840882563828	NA	"prevalence"	18	3
"OTU_421"	"Geese"	"low"	"Geeselow"	-2.94443896028685	0	1.93837886672479	0.128757111980885	0.448935872870522	0.128757111980885	0.413840882563828	NA	"prevalence"	18	3
"OTU_430"	"Geese"	"low"	"Geeselow"	2.94443896028685	0	1.9383788667248	0.128757111980885	0.448935872870522	0.128757111980885	0.413840882563828	NA	"prevalence"	18	3
"OTU_431"	"Geese"	"high"	"Geesehigh"	2.94443896028685	0	1.9383788667248	0.128757111980885	0.448935872870522	0.240935830076112	0.470306740308573	NA	"prevalence"	18	10
"OTU_44"	"Geese"	"high"	"Geesehigh"	-2.94443896028685	0	1.93837886672479	0.128757111980885	0.448935872870522	0.138084654743641	0.430119009669553	NA	"prevalence"	18	13
"OTU_449"	"Geese"	"low"	"Geeselow"	2.00533356952611	0	1.2636615865337	0.112530096943186	0.448935872870522	0.212397171168329	0.470306740308573	NA	"prevalence"	18	6
"OTU_455"	"Geese"	"high"	"Geesehigh"	-2.94443896028684	0	1.93837886672479	0.128757111980885	0.448935872870522	0.128757111980885	0.413840882563828	NA	"prevalence"	18	4
"OTU_468"	"Geese"	"low"	"Geeselow"	2.94443896028684	0	1.93837886672479	0.128757111980885	0.448935872870522	0.128757111980885	0.413840882563828	NA	"prevalence"	18	8
"OTU_47"	"Geese"	"low"	"Geeselow"	-2.94443896028685	0	1.9383788667248	0.128757111980885	0.448935872870522	0.128757111980885	0.413840882563828	NA	"prevalence"	18	4
"OTU_471"	"Geese"	"low"	"Geeselow"	-2.00533356952611	0	1.26366160792384	0.112530103027776	0.448935872870522	0.212397181968111	0.470306740308573	NA	"prevalence"	18	5
"OTU_479"	"Geese"	"low"	"Geeselow"	-2.00533356952611	0	1.2636615865337	0.112530096943186	0.448935872870522	0.212397171168328	0.470306740308573	NA	"prevalence"	18	9
"OTU_485"	"Geese"	"high"	"Geesehigh"	-2.94443896028685	0	1.9383788667248	0.128757111980885	0.448935872870522	0.128757111980885	0.413840882563828	NA	"prevalence"	18	3
"OTU_485"	"Geese"	"low"	"Geeselow"	-2.94443896028685	0	1.9383788667248	0.128757111980885	0.448935872870522	0.128757111980885	0.413840882563828	NA	"prevalence"	18	3
"OTU_493"	"Geese"	"high"	"Geesehigh"	2.94443896028685	0	1.93837886672479	0.128757111980885	0.448935872870522	0.240935830076112	0.470306740308573	NA	"prevalence"	18	10
"OTU_502"	"Geese"	"high"	"Geesehigh"	2.94443896028685	0	1.9383788667248	0.128757111980885	0.448935872870522	0.128757111980885	0.413840882563828	NA	"prevalence"	18	3
"OTU_505"	"Geese"	"low"	"Geeselow"	-2.00533356952612	0	1.26366160792384	0.112530103027776	0.448935872870522	0.21239718196811	0.470306740308573	NA	"prevalence"	18	7
"OTU_508"	"Geese"	"high"	"Geesehigh"	2.00533356952611	0	1.26366160792384	0.112530103027776	0.448935872870522	0.212397181968111	0.470306740308573	NA	"prevalence"	18	5
"OTU_511"	"Geese"	"high"	"Geesehigh"	-2.00533356952611	0	1.2636615865337	0.112530096943185	0.448935872870522	0.212397171168328	0.470306740308573	NA	"prevalence"	18	11
"OTU_516"	"Geese"	"high"	"Geesehigh"	-2.94443896028684	0	1.93837886672479	0.128757111980885	0.448935872870522	0.128757111980885	0.413840882563828	NA	"prevalence"	18	4
"OTU_517"	"Geese"	"high"	"Geesehigh"	-2.94443896028685	0	1.9383788667248	0.128757111980885	0.448935872870522	0.128757111980885	0.413840882563828	NA	"prevalence"	18	8
"OTU_518"	"Geese"	"high"	"Geesehigh"	2.94443896028685	0	1.93837886672479	0.128757111980885	0.448935872870522	0.128757111980885	0.413840882563828	NA	"prevalence"	18	6
"OTU_518"	"Geese"	"low"	"Geeselow"	2.94443896028685	0	1.93837886672479	0.128757111980885	0.448935872870522	0.128757111980885	0.413840882563828	NA	"prevalence"	18	6
"OTU_519"	"Geese"	"high"	"Geesehigh"	2.94443896028685	0	1.9383788667248	0.128757111980885	0.448935872870522	0.128757111980885	0.413840882563828	NA	"prevalence"	18	3
"OTU_52"	"Geese"	"high"	"Geesehigh"	2.94443896028685	0	1.93837886672479	0.128757111980885	0.448935872870522	0.128757111980885	0.413840882563828	NA	"prevalence"	18	5
"OTU_520"	"Geese"	"low"	"Geeselow"	-2.94443896028684	0	1.93837886672479	0.128757111980886	0.448935872870522	0.240935830076113	0.470306740308573	NA	"prevalence"	18	13
"OTU_523"	"Geese"	"high"	"Geesehigh"	-2.94443896028685	0	1.93837886672479	0.128757111980885	0.448935872870522	0.128757111980885	0.413840882563828	NA	"prevalence"	18	3
"OTU_523"	"Geese"	"low"	"Geeselow"	-2.94443896028685	0	1.9383788667248	0.128757111980886	0.448935872870522	0.128757111980886	0.413840882563828	NA	"prevalence"	18	3
"OTU_53"	"Geese"	"low"	"Geeselow"	-2.94443896028685	0	1.9383788667248	0.128757111980885	0.448935872870522	0.0916247193449225	0.413840882563828	NA	"prevalence"	18	15
"OTU_530"	"Geese"	"high"	"Geesehigh"	-2.94443896028685	0	1.93837886672479	0.128757111980885	0.448935872870522	0.128757111980885	0.413840882563828	NA	"prevalence"	18	4
"OTU_54"	"Geese"	"high"	"Geesehigh"	-2.94443896028685	0	1.9383788667248	0.128757111980886	0.448935872870522	0.15246248108965	0.466956218232736	NA	"prevalence"	18	14
"OTU_540"	"Geese"	"low"	"Geeselow"	-2.94443896028685	0	1.9383788667248	0.128757111980885	0.448935872870522	0.160132999283983	0.470306740308573	NA	"prevalence"	18	10
"OTU_542"	"Geese"	"low"	"Geeselow"	-2.00533356952612	0	1.26366160792384	0.112530103027776	0.448935872870522	0.21239718196811	0.470306740308573	NA	"prevalence"	18	7
"OTU_544"	"Geese"	"high"	"Geesehigh"	-2.94443896028684	0	1.93837886672479	0.128757111980885	0.448935872870522	0.240935830076113	0.470306740308573	NA	"prevalence"	18	12
"OTU_544"	"Geese"	"low"	"Geeselow"	-2.94443896028684	0	1.93837886672479	0.128757111980885	0.448935872870522	0.240935830076113	0.470306740308573	NA	"prevalence"	18	12
"OTU_554"	"Geese"	"high"	"Geesehigh"	-2.00533356952611	0	1.26366160792384	0.112530103027777	0.448935872870522	0.212397181968111	0.470306740308573	NA	"prevalence"	18	5
"OTU_565"	"Geese"	"low"	"Geeselow"	-2.00533356952611	0	1.2636615865337	0.112530096943186	0.448935872870522	0.212397171168328	0.470306740308573	NA	"prevalence"	18	8
"OTU_566"	"Geese"	"high"	"Geesehigh"	-2.94443896028684	0	1.93837886672479	0.128757111980885	0.448935872870522	0.128757111980885	0.413840882563828	NA	"prevalence"	18	4
"OTU_576"	"Geese"	"high"	"Geesehigh"	-2.00533356952611	0	1.2636615865337	0.112530096943186	0.448935872870522	0.00219107843042704	0.145806310097508	NA	"prevalence"	18	12
"OTU_585"	"Geese"	"low"	"Geeselow"	-2.00533356952611	0	1.26366160792384	0.112530103027776	0.448935872870522	0.212397181968111	0.470306740308573	NA	"prevalence"	18	7
"OTU_597"	"Geese"	"high"	"Geesehigh"	-2.94443896028685	0	1.9383788667248	0.128757111980885	0.448935872870522	0.128757111980885	0.413840882563828	NA	"prevalence"	18	4
"OTU_599"	"Geese"	"high"	"Geesehigh"	-2.94443896028685	0	1.93837886672479	0.128757111980885	0.448935872870522	0.128757111980885	0.413840882563828	NA	"prevalence"	18	6
"OTU_601"	"Geese"	"high"	"Geesehigh"	2.94443896028685	0	1.93837886672479	0.128757111980885	0.448935872870522	0.128757111980885	0.413840882563828	NA	"prevalence"	18	4
"OTU_604"	"Geese"	"high"	"Geesehigh"	-2.94443896028685	0	1.93837886672479	0.128757111980885	0.448935872870522	0.128757111980885	0.413840882563828	NA	"prevalence"	18	6
"OTU_609"	"Geese"	"high"	"Geesehigh"	2.94443896028685	0	1.93837886672479	0.128757111980885	0.448935872870522	0.128757111980885	0.413840882563828	NA	"prevalence"	18	7
"OTU_61"	"Geese"	"high"	"Geesehigh"	-2.94443896028685	0	1.93837886672479	0.128757111980885	0.448935872870522	0.128757111980885	0.413840882563828	NA	"prevalence"	18	3
"OTU_61"	"Geese"	"low"	"Geeselow"	-2.94443896028685	0	1.93837886672479	0.128757111980885	0.448935872870522	0.128757111980885	0.413840882563828	NA	"prevalence"	18	3
"OTU_610"	"Geese"	"high"	"Geesehigh"	-2.94443896028685	0	1.93837886672479	0.128757111980885	0.448935872870522	0.128757111980885	0.413840882563828	NA	"prevalence"	18	5
"OTU_618"	"Geese"	"high"	"Geesehigh"	2.94443896028685	0	1.9383788667248	0.128757111980885	0.448935872870522	0.128757111980885	0.413840882563828	NA	"prevalence"	18	3
"OTU_625"	"Geese"	"high"	"Geesehigh"	-2.00533356952611	0	1.2636615865337	0.112530096943186	0.448935872870522	0.0214568754229168	0.300950284637266	NA	"prevalence"	18	9
"OTU_625"	"Geese"	"low"	"Geeselow"	-2.00533356952611	0	1.2636615865337	0.112530096943185	0.448935872870522	0.00170883024238284	0.132695715321189	NA	"prevalence"	18	9
"OTU_627"	"Geese"	"low"	"Geeselow"	-2.00533356952612	0	1.26366160792384	0.112530103027776	0.448935872870522	0.21239718196811	0.470306740308573	NA	"prevalence"	18	7
"OTU_632"	"Geese"	"low"	"Geeselow"	-2.00533356952611	0	1.2636615865337	0.112530096943186	0.448935872870522	0.212397171168328	0.470306740308573	NA	"prevalence"	18	8
"OTU_634"	"Geese"	"high"	"Geesehigh"	-2.94443896028685	0	1.93837886672479	0.128757111980885	0.448935872870522	0.128757111980885	0.413840882563828	NA	"prevalence"	18	5
"OTU_639"	"Geese"	"high"	"Geesehigh"	-2.94443896028685	0	1.93837886672479	0.128757111980885	0.448935872870522	0.128757111980885	0.413840882563828	NA	"prevalence"	18	5
"OTU_642"	"Geese"	"low"	"Geeselow"	-2.94443896028685	0	1.9383788667248	0.128757111980885	0.448935872870522	0.240935830076112	0.470306740308573	NA	"prevalence"	18	9
"OTU_652"	"Geese"	"high"	"Geesehigh"	2.94443896028685	0	1.93837886672479	0.128757111980885	0.448935872870522	0.128757111980885	0.413840882563828	NA	"prevalence"	18	5
"OTU_656"	"Geese"	"high"	"Geesehigh"	2.94443896028685	0	1.9383788667248	0.128757111980885	0.448935872870522	0.128757111980885	0.413840882563828	NA	"prevalence"	18	3
"OTU_661"	"Geese"	"low"	"Geeselow"	2.94443896028685	0	1.93837886672479	0.128757111980885	0.448935872870522	0.128757111980885	0.413840882563828	NA	"prevalence"	18	4
"OTU_662"	"Geese"	"low"	"Geeselow"	2.00533356952611	0	1.26366160792384	0.112530103027776	0.448935872870522	0.21239718196811	0.470306740308573	NA	"prevalence"	18	5
"OTU_663"	"Geese"	"high"	"Geesehigh"	2.94443896028685	0	1.9383788667248	0.128757111980886	0.448935872870522	0.128757111980886	0.413840882563828	NA	"prevalence"	18	4
"OTU_666"	"Geese"	"high"	"Geesehigh"	2.94443896028685	0	1.93837886672479	0.128757111980885	0.448935872870522	0.240935830076112	0.470306740308573	NA	"prevalence"	18	9
"OTU_666"	"Geese"	"low"	"Geeselow"	-2.94443896028685	0	1.93837886672479	0.128757111980885	0.448935872870522	0.128757111980885	0.413840882563828	NA	"prevalence"	18	9
"OTU_67"	"Geese"	"high"	"Geesehigh"	2.00533356952611	0	1.2636615865337	0.112530096943186	0.448935872870522	0.212397171168328	0.470306740308573	NA	"prevalence"	18	10
"OTU_675"	"Geese"	"high"	"Geesehigh"	-2.00533356952611	0	1.2636615865337	0.112530096943186	0.448935872870522	0.183541237078612	0.470306740308573	NA	"prevalence"	18	12
"OTU_677"	"Geese"	"high"	"Geesehigh"	-2.00533356952611	0	1.2636615865337	0.112530096943186	0.448935872870522	0.10066431342717	0.413840882563828	NA	"prevalence"	18	10
"OTU_678"	"Geese"	"high"	"Geesehigh"	2.00533356952611	0	1.26366160792384	0.112530103027776	0.448935872870522	0.212397181968111	0.470306740308573	NA	"prevalence"	18	5
"OTU_68"	"Geese"	"low"	"Geeselow"	-2.94443896028685	0	1.9383788667248	0.128757111980886	0.448935872870522	0.240935830076113	0.470306740308573	NA	"prevalence"	18	15
"OTU_681"	"Geese"	"low"	"Geeselow"	2.94443896028685	0	1.93837886672479	0.128757111980885	0.448935872870522	0.128757111980885	0.413840882563828	NA	"prevalence"	18	5
"OTU_688"	"Geese"	"high"	"Geesehigh"	-2.00533356952611	0	1.2636615865337	0.112530096943186	0.448935872870522	0.212397171168329	0.470306740308573	NA	"prevalence"	18	8
"OTU_689"	"Geese"	"high"	"Geesehigh"	-2.94443896028684	0	1.93837886672479	0.128757111980885	0.448935872870522	0.128757111980885	0.413840882563828	NA	"prevalence"	18	4
"OTU_692"	"Geese"	"low"	"Geeselow"	-2.00533356952611	0	1.26366160792384	0.112530103027776	0.448935872870522	0.128251907883169	0.413840882563828	NA	"prevalence"	18	7
"OTU_697"	"Geese"	"low"	"Geeselow"	2.94443896028685	0	1.9383788667248	0.128757111980885	0.448935872870522	0.128757111980885	0.413840882563828	NA	"prevalence"	18	3
"OTU_700"	"Geese"	"high"	"Geesehigh"	2.94443896028685	0	1.9383788667248	0.128757111980885	0.448935872870522	0.128757111980885	0.413840882563828	NA	"prevalence"	18	3
"OTU_71"	"Geese"	"low"	"Geeselow"	-2.94443896028685	0	1.9383788667248	0.128757111980885	0.448935872870522	0.128757111980885	0.413840882563828	NA	"prevalence"	18	5
"OTU_712"	"Geese"	"high"	"Geesehigh"	2.94443896028685	0	1.9383788667248	0.128757111980885	0.448935872870522	0.128757111980885	0.413840882563828	NA	"prevalence"	18	6
"OTU_712"	"Geese"	"low"	"Geeselow"	2.94443896028685	0	1.9383788667248	0.128757111980885	0.448935872870522	0.128757111980885	0.413840882563828	NA	"prevalence"	18	6
"OTU_720"	"Geese"	"low"	"Geeselow"	-2.94443896028684	0	1.9383788667248	0.128757111980885	0.448935872870522	0.240935830076112	0.470306740308573	NA	"prevalence"	18	9
"OTU_730"	"Geese"	"high"	"Geesehigh"	-2.94443896028685	0	1.93837886672479	0.128757111980885	0.448935872870522	0.128757111980885	0.413840882563828	NA	"prevalence"	18	5
"OTU_733"	"Geese"	"low"	"Geeselow"	2.94443896028685	0	1.93837886672479	0.128757111980885	0.448935872870522	0.128757111980885	0.413840882563828	NA	"prevalence"	18	7
"OTU_739"	"Geese"	"high"	"Geesehigh"	-2.94443896028684	0	1.93837886672479	0.128757111980885	0.448935872870522	0.128757111980885	0.413840882563828	NA	"prevalence"	18	3
"OTU_739"	"Geese"	"low"	"Geeselow"	-2.94443896028685	0	1.9383788667248	0.128757111980886	0.448935872870522	0.128757111980886	0.413840882563828	NA	"prevalence"	18	3
"OTU_749"	"Geese"	"high"	"Geesehigh"	2.94443896028685	0	1.9383788667248	0.128757111980885	0.448935872870522	0.128757111980885	0.413840882563828	NA	"prevalence"	18	3
"OTU_76"	"Geese"	"high"	"Geesehigh"	-2.94443896028684	0	1.93837886672479	0.128757111980885	0.448935872870522	0.240935830076112	0.470306740308573	NA	"prevalence"	18	12
"OTU_76"	"Geese"	"low"	"Geeselow"	-2.94443896028684	0	1.93837886672479	0.128757111980886	0.448935872870522	0.16456239843448	0.470306740308573	NA	"prevalence"	18	12
"OTU_763"	"Geese"	"high"	"Geesehigh"	-2.94443896028685	0	1.93837886672479	0.128757111980885	0.448935872870522	0.128757111980885	0.413840882563828	NA	"prevalence"	18	3
"OTU_763"	"Geese"	"low"	"Geeselow"	-2.94443896028685	0	1.93837886672479	0.128757111980885	0.448935872870522	0.128757111980885	0.413840882563828	NA	"prevalence"	18	3
"OTU_765"	"Geese"	"high"	"Geesehigh"	-2.94443896028685	0	1.93837886672479	0.128757111980885	0.448935872870522	0.128757111980885	0.413840882563828	NA	"prevalence"	18	4
"OTU_768"	"Geese"	"high"	"Geesehigh"	-2.94443896028685	0	1.9383788667248	0.128757111980885	0.448935872870522	0.128757111980885	0.413840882563828	NA	"prevalence"	18	6
"OTU_778"	"Geese"	"high"	"Geesehigh"	-2.94443896028685	0	1.9383788667248	0.128757111980885	0.448935872870522	0.128757111980885	0.413840882563828	NA	"prevalence"	18	5
"OTU_782"	"Geese"	"high"	"Geesehigh"	2.94443896028685	0	1.9383788667248	0.128757111980885	0.448935872870522	0.128757111980885	0.413840882563828	NA	"prevalence"	18	4
"OTU_784"	"Geese"	"high"	"Geesehigh"	2.94443896028685	0	1.9383788667248	0.128757111980885	0.448935872870522	0.128757111980885	0.413840882563828	NA	"prevalence"	18	3
"OTU_789"	"Geese"	"low"	"Geeselow"	2.00533356952611	0	1.2636615865337	0.112530096943185	0.448935872870522	0.212397171168328	0.470306740308573	NA	"prevalence"	18	6
"OTU_790"	"Geese"	"high"	"Geesehigh"	2.94443896028684	0	1.9383788667248	0.128757111980886	0.448935872870522	0.128757111980886	0.413840882563828	NA	"prevalence"	18	3
"OTU_794"	"Geese"	"low"	"Geeselow"	2.00533356952611	0	1.2636615865337	0.112530096943186	0.448935872870522	0.212397171168329	0.470306740308573	NA	"prevalence"	18	6
"OTU_795"	"Geese"	"low"	"Geeselow"	2.94443896028685	0	1.9383788667248	0.128757111980885	0.448935872870522	0.128757111980885	0.413840882563828	NA	"prevalence"	18	3
"OTU_797"	"Geese"	"low"	"Geeselow"	2.00533356952611	0	1.2636615865337	0.112530096943186	0.448935872870522	0.212397171168329	0.470306740308573	NA	"prevalence"	18	10
"OTU_799"	"Geese"	"low"	"Geeselow"	-2.00533356952611	0	1.26366160792384	0.112530103027776	0.448935872870522	0.21239718196811	0.470306740308573	NA	"prevalence"	18	7
"OTU_801"	"Geese"	"high"	"Geesehigh"	2.94443896028685	0	1.9383788667248	0.128757111980886	0.448935872870522	0.128757111980886	0.413840882563828	NA	"prevalence"	18	4
"OTU_806"	"Geese"	"low"	"Geeselow"	2.94443896028685	0	1.9383788667248	0.128757111980885	0.448935872870522	0.128757111980885	0.413840882563828	NA	"prevalence"	18	4
"OTU_810"	"Geese"	"low"	"Geeselow"	2.94443896028685	0	1.9383788667248	0.128757111980885	0.448935872870522	0.128757111980885	0.413840882563828	NA	"prevalence"	18	3
"OTU_820"	"Geese"	"high"	"Geesehigh"	2.00533356952611	0	1.2636615865337	0.112530096943186	0.448935872870522	0.212397171168329	0.470306740308573	NA	"prevalence"	18	6
"OTU_825"	"Geese"	"low"	"Geeselow"	-2.0053335695261	0	1.2636615865337	0.112530096943186	0.448935872870522	0.212397171168329	0.470306740308573	NA	"prevalence"	18	8
"OTU_827"	"Geese"	"high"	"Geesehigh"	-2.94443896028685	0	1.93837886672479	0.128757111980885	0.448935872870522	0.128757111980885	0.413840882563828	NA	"prevalence"	18	3
"OTU_827"	"Geese"	"low"	"Geeselow"	-2.94443896028685	0	1.93837886672479	0.128757111980885	0.448935872870522	0.128757111980885	0.413840882563828	NA	"prevalence"	18	3
"OTU_828"	"Geese"	"low"	"Geeselow"	-2.94443896028684	0	1.93837886672479	0.128757111980885	0.448935872870522	0.128757111980885	0.413840882563828	NA	"prevalence"	18	6
"OTU_835"	"Geese"	"high"	"Geesehigh"	-2.94443896028685	0	1.93837886672479	0.128757111980885	0.448935872870522	0.128757111980885	0.413840882563828	NA	"prevalence"	18	4
"OTU_839"	"Geese"	"high"	"Geesehigh"	-2.94443896028685	0	1.93837886672479	0.128757111980885	0.448935872870522	0.128757111980885	0.413840882563828	NA	"prevalence"	18	4
"OTU_84"	"Geese"	"low"	"Geeselow"	2.94443896028685	0	1.9383788667248	0.128757111980885	0.448935872870522	0.128757111980885	0.413840882563828	NA	"prevalence"	18	7
"OTU_853"	"Geese"	"high"	"Geesehigh"	2.00533356952611	0	1.26366160792384	0.112530103027776	0.448935872870522	0.212397181968111	0.470306740308573	NA	"prevalence"	18	5
"OTU_856"	"Geese"	"low"	"Geeselow"	2.94443896028684	0	1.93837886672479	0.128757111980885	0.448935872870522	0.128757111980885	0.413840882563828	NA	"prevalence"	18	5
"OTU_86"	"Geese"	"low"	"Geeselow"	-2.00533356952611	0	1.26366160792384	0.112530103027776	0.448935872870522	0.16943624780503	0.470306740308573	NA	"prevalence"	18	11
"OTU_861"	"Geese"	"low"	"Geeselow"	-2.94443896028685	0	1.93837886672479	0.128757111980885	0.448935872870522	0.240935830076112	0.470306740308573	NA	"prevalence"	18	11
"OTU_863"	"Geese"	"low"	"Geeselow"	2.94443896028684	0	1.93837886672479	0.128757111980885	0.448935872870522	0.128757111980885	0.413840882563828	NA	"prevalence"	18	5
"OTU_864"	"Geese"	"high"	"Geesehigh"	2.94443896028684	0	1.93837886672479	0.128757111980885	0.448935872870522	0.128757111980885	0.413840882563828	NA	"prevalence"	18	5
"OTU_868"	"Geese"	"low"	"Geeselow"	-2.94443896028685	0	1.93837886672479	0.128757111980885	0.448935872870522	0.128757111980885	0.413840882563828	NA	"prevalence"	18	4
"OTU_871"	"Geese"	"low"	"Geeselow"	2.94443896028685	0	1.9383788667248	0.128757111980885	0.448935872870522	0.128757111980885	0.413840882563828	NA	"prevalence"	18	3
"OTU_872"	"Geese"	"low"	"Geeselow"	-2.00533356952611	0	1.26366160792384	0.112530103027776	0.448935872870522	0.0332194559175003	0.303603302723752	NA	"prevalence"	18	7
"OTU_877"	"Geese"	"high"	"Geesehigh"	-2.94443896028684	0	1.93837886672479	0.128757111980885	0.448935872870522	0.128757111980885	0.413840882563828	NA	"prevalence"	18	3
"OTU_877"	"Geese"	"low"	"Geeselow"	-2.94443896028685	0	1.9383788667248	0.128757111980886	0.448935872870522	0.128757111980886	0.413840882563828	NA	"prevalence"	18	3
"OTU_88"	"Geese"	"high"	"Geesehigh"	2.94443896028684	0	1.93837886672479	0.128757111980885	0.448935872870522	0.00463265543167492	0.23669488710744	NA	"prevalence"	18	11
"OTU_883"	"Geese"	"high"	"Geesehigh"	2.00533356952611	0	1.26366160792384	0.112530103027776	0.448935872870522	0.212397181968111	0.470306740308573	NA	"prevalence"	18	5
"OTU_904"	"Geese"	"high"	"Geesehigh"	-2.00533356952611	0	1.2636615865337	0.112530096943185	0.448935872870522	0.212397171168328	0.470306740308573	NA	"prevalence"	18	8
"OTU_907"	"Geese"	"low"	"Geeselow"	-2.00533356952611	0	1.26366160792384	0.112530103027776	0.448935872870522	0.212397181968111	0.470306740308573	NA	"prevalence"	18	5
"OTU_91"	"Geese"	"low"	"Geeselow"	2.94443896028685	0	1.9383788667248	0.128757111980885	0.448935872870522	0.128757111980885	0.413840882563828	NA	"prevalence"	18	3
"OTU_913"	"Geese"	"high"	"Geesehigh"	-2.94443896028684	0	1.93837886672479	0.128757111980885	0.448935872870522	0.128757111980885	0.413840882563828	NA	"prevalence"	18	3
"OTU_913"	"Geese"	"low"	"Geeselow"	-2.94443896028685	0	1.93837886672479	0.128757111980885	0.448935872870522	0.128757111980885	0.413840882563828	NA	"prevalence"	18	3
"OTU_920"	"Geese"	"high"	"Geesehigh"	-2.94443896028684	0	1.93837886672479	0.128757111980885	0.448935872870522	0.128757111980885	0.413840882563828	NA	"prevalence"	18	4
"OTU_923"	"Geese"	"low"	"Geeselow"	2.94443896028685	0	1.9383788667248	0.128757111980885	0.448935872870522	0.128757111980885	0.413840882563828	NA	"prevalence"	18	3
"OTU_933"	"Geese"	"high"	"Geesehigh"	2.94443896028685	0	1.9383788667248	0.128757111980886	0.448935872870522	0.128757111980886	0.413840882563828	NA	"prevalence"	18	3
"OTU_942"	"Geese"	"low"	"Geeselow"	2.94443896028685	0	1.93837886672479	0.128757111980885	0.448935872870522	0.128757111980885	0.413840882563828	NA	"prevalence"	18	4
"OTU_944"	"Geese"	"low"	"Geeselow"	-2.00533356952611	0	1.26366160792384	0.112530103027776	0.448935872870522	0.212397181968111	0.470306740308573	NA	"prevalence"	18	5
"OTU_946"	"Geese"	"high"	"Geesehigh"	2.94443896028685	0	1.9383788667248	0.128757111980885	0.448935872870522	0.128757111980885	0.413840882563828	NA	"prevalence"	18	3
"OTU_952"	"Geese"	"high"	"Geesehigh"	-2.94443896028685	0	1.93837886672479	0.128757111980885	0.448935872870522	0.128757111980885	0.413840882563828	NA	"prevalence"	18	5
"OTU_967"	"Geese"	"high"	"Geesehigh"	-2.00533356952611	0	1.2636615865337	0.112530096943186	0.448935872870522	0.212397171168329	0.470306740308573	NA	"prevalence"	18	7
"OTU_97"	"Geese"	"high"	"Geesehigh"	2.94443896028685	0	1.9383788667248	0.128757111980886	0.448935872870522	0.128757111980886	0.413840882563828	NA	"prevalence"	18	3
"OTU_982"	"Geese"	"low"	"Geeselow"	2.00533356952611	0	1.26366160792384	0.112530103027777	0.448935872870522	0.212397181968111	0.470306740308573	NA	"prevalence"	18	7
"OTU_984"	"Geese"	"high"	"Geesehigh"	-2.00533356952611	0	1.2636615865337	0.112530096943186	0.448935872870522	0.212397171168329	0.470306740308573	NA	"prevalence"	18	7
"OTU_985"	"Geese"	"high"	"Geesehigh"	2.94443896028685	0	1.9383788667248	0.128757111980885	0.448935872870522	0.128757111980885	0.413840882563828	NA	"prevalence"	18	3
"OTU_993"	"Geese"	"high"	"Geesehigh"	-2.94443896028685	0	1.9383788667248	0.128757111980885	0.448935872870522	0.128757111980885	0.413840882563828	NA	"prevalence"	18	5
"OTU_919"	"Geese"	"high"	"Geesehigh"	-0.470846356367373	0.71715364990908	0.678549572501259	0.129257356439054	0.450200622320707	0.241807248684496	0.471588559601379	NA	"abundance"	18	9
"OTU_1693"	"Geese"	"low"	"Geeselow"	-2.27915227533524	0.830285980745297	1.71715260883669	0.1303203391153	0.453420606018588	0.0636390835843033	0.371342225006612	NA	"abundance"	18	7
"OTU_376"	"Geese"	"high"	"Geesehigh"	-2.45160760331494	0.71715364990908	1.91886909804224	0.130685600311125	0.454208763714039	0.0636390835843034	0.371342225006612	NA	"abundance"	18	13
"OTU_3"	"Geese"	"high"	"Geesehigh"	-0.0691160257813432	0.71715364990908	0.472857398890978	0.131217917148346	0.455575249993302	0.131217917148346	0.413840882563828	NA	"abundance"	18	18
"OTU_342"	"Geese"	"high"	"Geesehigh"	3.53621207942522	0.71715364990908	1.67800741820337	0.132317993023684	0.458422337734966	0.247127934769553	0.481110766625832	NA	"abundance"	18	11
"OTU_869"	"Geese"	"low"	"Geeselow"	1.89264970446737	0.830285980745297	0.58376574926279	0.132315191828486	0.458422337734966	0.247123073668362	0.481110766625832	NA	"abundance"	18	8
"OTU_720"	"Geese"	"low"	"Geeselow"	-0.635298827501496	0.830285980745297	0.86088888382447	0.133964477107519	0.463636044450337	0.240935830076112	0.470306740308573	NA	"abundance"	18	9
"OTU_113"	"Geese"	"low"	"Geeselow"	0.0482093342039496	0.830285980745297	0.483734614303265	0.134521718592617	0.465072974310693	0.250947344412122	0.488113700911443	NA	"abundance"	18	17
"OTU_102"	"Geese"	"low"	"Geeselow"	2.97897803492105	0.830285980745297	1.34465621885563	0.134752396021892	0.465379055459572	0.251346583810143	0.488457608891215	NA	"abundance"	18	16
"OTU_279"	"Geese"	"high"	"Geesehigh"	-0.822891849682201	0.71715364990908	0.963950121018144	0.134895990539361	0.465384060090484	0.251595052815127	0.488508166208682	NA	"abundance"	18	17
"OTU_338"	"Geese"	"high"	"Geesehigh"	-1.34168309392962	0.71715364990908	1.27406470794083	0.13586517304141	0.468234291092186	0.253271000837248	0.491327842613601	NA	"abundance"	18	14
"OTU_906"	"Geese"	"low"	"Geeselow"	1.60917963535446	0.830285980745297	0.406817346726488	0.136553495648953	0.470111613832462	0.254460134123957	0.493198988999302	NA	"abundance"	18	7
"OTU_192"	"Geese"	"low"	"Geeselow"	-0.839219091516352	0.830285980745297	1.02835952026974	0.136704347733502	0.470136590839796	0.254720616777762	0.493268495982333	NA	"abundance"	18	13
"OTU_241"	"Geese"	"high"	"Geesehigh"	2.39514041676891	0.71715364990908	1.03943196181332	0.137204314109542	0.471360886038449	0.255583604408815	0.49450360817776	NA	"abundance"	18	14
"OTU_1206"	"Geese"	"low"	"Geeselow"	-1.32572550792852	0.830285980745297	1.28313645091911	0.137568013193683	0.472114963517942	0.0636390835843026	0.371342225006612	NA	"abundance"	18	10
"OTU_146"	"Geese"	"high"	"Geesehigh"	-1.76071478149051	0.71715364990908	1.51583303025747	0.137971552501685	0.473004044911536	0.256906955703644	0.496626474229932	NA	"abundance"	18	12
"OTU_482"	"Geese"	"low"	"Geeselow"	4.82656259305349	0.830285980745297	1.67850287038084	0.140558579323903	0.481369025843577	0.261360444426253	0.503904772572477	NA	"abundance"	18	4
"OTU_183"	"Geese"	"low"	"Geeselow"	-2.02463642484555	0.830285980745297	1.68858192678164	0.142340059143417	0.486960662106111	0.131650075229062	0.413840882563828	NA	"abundance"	18	8
"OTU_269"	"Geese"	"high"	"Geesehigh"	1.98665912609783	0.71715364990908	0.813086559781932	0.1438696850211	0.491342713697	0.1438696850211	0.444357001837321	NA	"abundance"	18	18
"OTU_642"	"Geese"	"low"	"Geeselow"	-0.0400718125751913	0.830285980745297	0.5219533459415	0.143921094207521	0.491342713697	0.240935830076112	0.470306740308573	NA	"abundance"	18	9
"OTU_560"	"Geese"	"low"	"Geeselow"	-0.378655433595695	0.830285980745297	0.752669318847179	0.145024813935096	0.494595042524484	0.269017431213283	0.518212525389797	NA	"abundance"	18	11
"OTU_904"	"Geese"	"high"	"Geesehigh"	-0.592369411495027	0.71715364990908	0.749026007010016	0.145365234139305	0.495240142114553	0.212397171168328	0.470306740308573	NA	"abundance"	18	8
"OTU_882"	"Geese"	"low"	"Geeselow"	1.87528058828944	0.830285980745297	0.655288420981972	0.145590629080731	0.495492432027351	0.269984626885338	0.519619842804735	NA	"abundance"	18	13
"OTU_391"	"Geese"	"high"	"Geesehigh"	2.28469158967683	0.71715364990908	0.976849343821407	0.146507383526657	0.498094676704337	0.131650075229062	0.413840882563828	NA	"abundance"	18	12
"OTU_226"	"Geese"	"high"	"Geesehigh"	2.38988099435129	0.71715364990908	1.07293545160549	0.147363155170051	0.50048440874144	0.27301041083843	0.524983241857436	NA	"abundance"	18	15
"OTU_41"	"Geese"	"low"	"Geeselow"	2.4730230207546	0.830285980745297	1.04732206884887	0.149173564620064	0.506108031674704	0.131650075229063	0.413840882563828	NA	"abundance"	18	13
"OTU_49"	"Geese"	"low"	"Geeselow"	3.62766875002858	0.830285980745297	1.77708009077646	0.150241265133404	0.509202797149859	0.277910092517922	0.533937500585614	NA	"abundance"	18	12
"OTU_257"	"Geese"	"low"	"Geeselow"	2.98461222510436	0.830285980745297	1.39245932971165	0.153284458835216	0.518979646563079	0.283072792350027	0.543380989511065	NA	"abundance"	18	13
"OTU_450"	"Geese"	"low"	"Geeselow"	5.65826299539216	0.830285980745297	1.18495420123202	0.153788395328609	0.52014794039862	0.283925920119469	0.54454263806319	NA	"abundance"	18	4
"OTU_451"	"Geese"	"low"	"Geeselow"	1.93524608654077	0.830285980745297	0.254296736213357	0.154646502007066	0.522510472209631	0.28537746343111	0.546848961339194	NA	"abundance"	18	3
"OTU_467"	"Geese"	"high"	"Geesehigh"	-1.86994915409665	0.71715364990908	1.58766149694869	0.155228135228601	0.523934963647877	0.0839088199904977	0.401566478048725	NA	"abundance"	18	9
"OTU_136"	"Geese"	"low"	"Geeselow"	-1.09397087029348	0.830285980745297	1.27893969426343	0.159157076169945	0.536642911823273	0.292983177444924	0.560933790469967	NA	"abundance"	18	15
"OTU_292"	"Geese"	"high"	"Geesehigh"	4.29926746187772	0.71715364990908	2.27505270203681	0.159774382034501	0.538170089280818	0.0839339753788884	0.401566478048725	NA	"abundance"	18	10
"OTU_1051"	"Geese"	"high"	"Geesehigh"	1.68933195277596	0.71715364990908	0.206509217114555	0.160063039420065	0.538588274472038	0.294505902251741	0.563357980265525	NA	"abundance"	18	3
"OTU_21"	"Geese"	"low"	"Geeselow"	2.64495041444334	0.830285980745297	1.22861551516432	0.161327798622289	0.542286666005517	0.161327798622289	0.470306740308573	NA	"abundance"	18	18
"OTU_324"	"Geese"	"low"	"Geeselow"	-0.82720542252474	0.830285980745297	1.00802091946618	0.16181821541514	0.543377268994019	0.0636390835843028	0.371342225006612	NA	"abundance"	18	7
"OTU_127"	"Geese"	"low"	"Geeselow"	5.09383490748701	0.830285980745297	2.49000459636766	0.162264863393397	0.544318814293015	0.212397171168329	0.470306740308573	NA	"abundance"	18	7
"OTU_686"	"Geese"	"low"	"Geeselow"	-0.296120601922013	0.830285980745297	0.719452060053251	0.163928912486426	0.549338034268741	0.30098513662387	0.575250966080086	NA	"abundance"	18	10
"OTU_489"	"Geese"	"low"	"Geeselow"	-2.62106618971016	0.830285980745297	2.02870789055932	0.164356026737399	0.550206167217018	0.0839339769692004	0.401566478048725	NA	"abundance"	18	6
"OTU_497"	"Geese"	"high"	"Geesehigh"	-1.98477625210688	0.71715364990908	1.70447259059773	0.165098751203455	0.5521279994281	0.302939904757969	0.578483505085652	NA	"abundance"	18	9
"OTU_1271"	"Geese"	"high"	"Geesehigh"	1.70319279902611	0.71715364990908	0.521403224512297	0.165350918491497	0.552407048103226	0.303360910737012	0.578784152891815	NA	"abundance"	18	5
"OTU_1145"	"Geese"	"low"	"Geeselow"	-3.08062719870141	0.830285980745297	1.045372757995	0.167006899644111	0.557174102119281	0.306122494759484	0.583393012648187	NA	"abundance"	18	3
"OTU_27"	"Geese"	"high"	"Geesehigh"	-0.131176679978839	0.71715364990908	0.566433478158511	0.167118194343657	0.557174102119281	0.30630789780663	0.583393012648187	NA	"abundance"	18	17
"OTU_493"	"Geese"	"high"	"Geesehigh"	2.13946964389728	0.71715364990908	0.914243149472269	0.167928031994677	0.559304554171486	0.240935830076112	0.470306740308573	NA	"abundance"	18	10
"OTU_1199"	"Geese"	"high"	"Geesehigh"	-1.60647739441167	0.71715364990908	0.618132039221189	0.16965723566703	0.564489623550668	0.310530893719882	0.590923607113398	NA	"abundance"	18	4
"OTU_462"	"Geese"	"low"	"Geeselow"	5.43313507986305	0.830285980745297	1.25632693207601	0.170106394654907	0.56540947827428	0.311276603807323	0.591829802563534	NA	"abundance"	18	4
"OTU_1026"	"Geese"	"high"	"Geesehigh"	-0.938084121894396	0.71715364990908	1.06658168294133	0.183810702986007	0.566900443722012	0.333835031439804	0.630354023251771	NA	"abundance"	18	7
"OTU_1080"	"Geese"	"low"	"Geeselow"	2.6323003119159	0.830285980745297	1.08945800523253	0.197739807256031	0.566900443722012	0.21239718196811	0.470306740308573	NA	"abundance"	18	5
"OTU_1093"	"Geese"	"high"	"Geesehigh"	-0.0355389544209397	0.71715364990908	0.545145212032084	0.2208323716445	0.566900443722012	0.392897806922866	0.647560446525157	NA	"abundance"	18	10
"OTU_1097"	"Geese"	"low"	"Geeselow"	-1.86459906843284	0.830285980745297	1.38395211161896	0.191553168038449	0.566900443722012	0.346413719891331	0.647560446525157	NA	"abundance"	18	4
"OTU_1109"	"Geese"	"low"	"Geeselow"	3.11805082187577	0.830285980745297	0.65653568254624	0.179758325055952	0.566900443722012	0.327203594684982	0.619430253386397	NA	"abundance"	18	3
"OTU_1134"	"Geese"	"high"	"Geesehigh"	2.41473818981467	0.71715364990908	0.946546084741139	0.173795962208087	0.566900443722012	0.212397171168329	0.470306740308573	NA	"abundance"	18	6
"OTU_1152"	"Geese"	"low"	"Geeselow"	-0.0524176568158211	0.830285980745297	0.618158109895887	0.207409741234884	0.566900443722012	0.131650075229062	0.413840882563828	NA	"abundance"	18	8
"OTU_122"	"Geese"	"high"	"Geesehigh"	3.04493355073185	0.71715364990908	1.69371684248931	0.200350841757509	0.566900443722012	0.240935830076112	0.470306740308573	NA	"abundance"	18	13
"OTU_1264"	"Geese"	"low"	"Geeselow"	-2.27318279373604	0.830285980745297	1.63647850200165	0.198836203424658	0.566900443722012	0.358136571056983	0.647560446525157	NA	"abundance"	18	4
"OTU_130"	"Geese"	"high"	"Geesehigh"	-1.43577836733514	0.71715364990908	1.51810328317345	0.195005655871339	0.566900443722012	0.240935830076112	0.470306740308573	NA	"abundance"	18	11
"OTU_132"	"Geese"	"low"	"Geeselow"	-1.40534260084802	0.830285980745297	1.53714986333261	0.180191592492898	0.566900443722012	0.32791417498067	0.620240765079716	NA	"abundance"	18	11
"OTU_144"	"Geese"	"low"	"Geeselow"	-0.875623540812721	0.830285980745297	1.29598641962601	0.218121039386661	0.566900443722012	0.131650075229062	0.413840882563828	NA	"abundance"	18	13
"OTU_145"	"Geese"	"high"	"Geesehigh"	-1.10343617810346	0.71715364990908	1.41234600065763	0.227323118502409	0.566900443722012	0.402970436799158	0.647560446525157	NA	"abundance"	18	13
"OTU_1453"	"Geese"	"high"	"Geesehigh"	-1.25194203687664	0.71715364990908	1.24148076529883	0.212654945290263	0.566900443722012	0.380087764824122	0.647560446525157	NA	"abundance"	18	6
"OTU_1453"	"Geese"	"low"	"Geeselow"	-0.578712165497485	0.830285980745297	0.925345127988885	0.226656983829614	0.566900443722012	0.40194057934049	0.647560446525157	NA	"abundance"	18	6
"OTU_146"	"Geese"	"low"	"Geeselow"	-2.00405051591149	0.830285980745297	2.03370341891711	0.197270469469493	0.566900443722012	0.355625300814272	0.647560446525157	NA	"abundance"	18	12
"OTU_1467"	"Geese"	"high"	"Geesehigh"	0.0209231483728131	0.71715364990908	0.528281514981607	0.222709653983032	0.566900443722012	0.395819717988821	0.647560446525157	NA	"abundance"	18	17
"OTU_179"	"Geese"	"low"	"Geeselow"	5.28950690887949	0.830285980745297	3.16021479922638	0.231107432184268	0.566900443722012	0.0839339769692004	0.401566478048725	NA	"abundance"	18	6
"OTU_185"	"Geese"	"low"	"Geeselow"	-0.684826316395096	0.830285980745297	1.12150766474529	0.197680907141036	0.566900443722012	0.197680907141036	0.470306740308573	NA	"abundance"	18	18
"OTU_193"	"Geese"	"low"	"Geeselow"	3.46955850215504	0.830285980745297	2.05862570189431	0.231895535405451	0.566900443722012	0.410015531469921	0.647560446525157	NA	"abundance"	18	12
"OTU_20"	"Geese"	"low"	"Geeselow"	3.87973202418546	0.830285980745297	1.93928858717418	0.176988981720234	0.566900443722012	0.322652863790103	0.612399039656928	NA	"abundance"	18	8
"OTU_200"	"Geese"	"high"	"Geesehigh"	-0.606868152974981	0.71715364990908	0.906888727366463	0.191790103282272	0.566900443722012	0.131650075229063	0.413840882563828	NA	"abundance"	18	10
"OTU_200"	"Geese"	"low"	"Geeselow"	-0.390211570975025	0.830285980745297	0.906888727366463	0.221817133110636	0.566900443722012	0.131650075229063	0.413840882563828	NA	"abundance"	18	10
"OTU_203"	"Geese"	"high"	"Geesehigh"	-0.743567329102088	0.71715364990908	1.02840244463827	0.180681900152688	0.566900443722012	0.32871785126259	0.621225818737218	NA	"abundance"	18	17
"OTU_204"	"Geese"	"high"	"Geesehigh"	-0.87655147556539	0.71715364990908	1.18995550753774	0.231114356801424	0.566900443722012	0.408814867683112	0.647560446525157	NA	"abundance"	18	9
"OTU_244"	"Geese"	"low"	"Geeselow"	-3.7819055989663	0.830285980745297	3.10407406893287	0.187834522347356	0.566900443722012	0.340387236909253	0.639974633778013	NA	"abundance"	18	9
"OTU_252"	"Geese"	"low"	"Geeselow"	-4.98391598199978	0.830285980745297	3.16857875881217	0.207947327418332	0.566900443722012	0.372652563856237	0.647560446525157	NA	"abundance"	18	4
"OTU_300"	"Geese"	"high"	"Geesehigh"	-1.20635520062322	0.71715364990908	1.42787517807624	0.208948192271757	0.566900443722012	0.240935830076112	0.470306740308573	NA	"abundance"	18	13
"OTU_310"	"Geese"	"high"	"Geesehigh"	-3.30195730125139	0.71715364990908	2.60087574139727	0.183315670379177	0.566900443722012	0.063639083584303	0.371342225006612	NA	"abundance"	18	8
"OTU_317"	"Geese"	"high"	"Geesehigh"	1.91762359299437	0.71715364990908	0.821486086091406	0.179045997427918	0.566900443722012	0.326034525660878	0.618283090113374	NA	"abundance"	18	13
"OTU_329"	"Geese"	"low"	"Geeselow"	-0.901810996034354	0.830285980745297	1.27193699622177	0.216771229701048	0.566900443722012	0.386552693375991	0.647560446525157	NA	"abundance"	18	10
"OTU_339"	"Geese"	"high"	"Geesehigh"	-1.67263570179471	0.71715364990908	1.54791459290105	0.184226021403928	0.566900443722012	0.334512815845535	0.63109118865704	NA	"abundance"	18	8
"OTU_343"	"Geese"	"high"	"Geesehigh"	-0.552546175038845	0.71715364990908	0.936733749938825	0.201545513364731	0.566900443722012	0.362470432772008	0.647560446525157	NA	"abundance"	18	16
"OTU_35"	"Geese"	"low"	"Geeselow"	3.25844323411585	0.830285980745297	1.77015131930232	0.195553426371406	0.566900443722012	0.352865710177215	0.647560446525157	NA	"abundance"	18	15
"OTU_361"	"Geese"	"low"	"Geeselow"	0.212279849882983	0.830285980745297	0.431025918937526	0.233630980928211	0.566900443722012	0.412678526606944	0.647560446525157	NA	"abundance"	18	7
"OTU_363"	"Geese"	"high"	"Geesehigh"	1.94706622652166	0.71715364990908	0.954500847890248	0.22429616128877	0.566900443722012	0.398283554608662	0.647560446525157	NA	"abundance"	18	16
"OTU_385"	"Geese"	"low"	"Geeselow"	-0.550986243170135	0.830285980745297	1.01009799106215	0.199870708922739	0.566900443722012	0.3597931175602	0.647560446525157	NA	"abundance"	18	14
"OTU_387"	"Geese"	"low"	"Geeselow"	3.81619647319818	0.830285980745297	2.16104550265024	0.216692012533835	0.566900443722012	0.386428596771706	0.647560446525157	NA	"abundance"	18	9
"OTU_410"	"Geese"	"high"	"Geesehigh"	4.1897144396872	0.71715364990908	2.42895353486413	0.203220927839782	0.566900443722012	0.212397171168329	0.470306740308573	NA	"abundance"	18	9
"OTU_42"	"Geese"	"high"	"Geesehigh"	-0.535516468231996	0.71715364990908	0.9536662901811	0.212808206501844	0.566900443722012	0.212808206501844	0.470306740308573	NA	"abundance"	18	18
"OTU_431"	"Geese"	"high"	"Geesehigh"	2.01693545451366	0.71715364990908	0.867103894260751	0.181910308583698	0.566900443722012	0.240935830076112	0.470306740308573	NA	"abundance"	18	10
"OTU_44"	"Geese"	"low"	"Geeselow"	-1.96254332163379	0.830285980745297	2.06074399708535	0.205054488267402	0.566900443722012	0.368061633376197	0.647560446525157	NA	"abundance"	18	13
"OTU_45"	"Geese"	"low"	"Geeselow"	-0.613201204899765	0.830285980745297	1.10095240749645	0.210147178506161	0.566900443722012	0.210147178506161	0.470306740308573	NA	"abundance"	18	18
"OTU_458"	"Geese"	"low"	"Geeselow"	3.05123953788256	0.830285980745297	1.6323695920615	0.222742722045522	0.566900443722012	0.395871123866796	0.647560446525157	NA	"abundance"	18	8
"OTU_466"	"Geese"	"low"	"Geeselow"	2.08519408284311	0.830285980745297	0.948839267976349	0.211996878064958	0.566900443722012	0.379051079820628	0.647560446525157	NA	"abundance"	18	15
"OTU_467"	"Geese"	"low"	"Geeselow"	-0.751261764874529	0.830285980745297	1.05844099796579	0.186224880889225	0.566900443722012	0.337770055516244	0.635598150740078	NA	"abundance"	18	9
"OTU_472"	"Geese"	"low"	"Geeselow"	-2.22596823893243	0.830285980745297	1.72941816713165	0.219666552554573	0.566900443722012	0.391079710797935	0.647560446525157	NA	"abundance"	18	4
"OTU_486"	"Geese"	"low"	"Geeselow"	3.12459970005756	0.830285980745297	1.38907697180254	0.174863273655814	0.566900443722012	0.319149382838	0.606273395079799	NA	"abundance"	18	7
"OTU_497"	"Geese"	"low"	"Geeselow"	-0.744171564852402	0.830285980745297	1.07800311912331	0.195193211897157	0.566900443722012	0.352286033823585	0.647560446525157	NA	"abundance"	18	9
"OTU_50"	"Geese"	"low"	"Geeselow"	-0.369818861504732	0.830285980745297	0.847884360256964	0.17910097405179	0.566900443722012	0.17910097405179	0.470306740308573	NA	"abundance"	18	18
"OTU_505"	"Geese"	"low"	"Geeselow"	-1.95625671179239	0.830285980745297	2.01634294427177	0.225990398155131	0.566900443722012	0.21239718196811	0.470306740308573	NA	"abundance"	18	7
"OTU_507"	"Geese"	"low"	"Geeselow"	4.02990869367441	0.830285980745297	2.18138385334507	0.18621377402509	0.566900443722012	0.337751978413512	0.635598150740078	NA	"abundance"	18	10
"OTU_508"	"Geese"	"high"	"Geesehigh"	3.19890876814479	0.71715364990908	1.65962296433473	0.232489687237013	0.566900443722012	0.212397181968111	0.470306740308573	NA	"abundance"	18	5
"OTU_524"	"Geese"	"high"	"Geesehigh"	2.56283029393146	0.71715364990908	1.13914513237292	0.182864263186605	0.566900443722012	0.0839339769692004	0.401566478048725	NA	"abundance"	18	6
"OTU_575"	"Geese"	"high"	"Geesehigh"	2.46702218476632	0.71715364990908	1.33009228761481	0.231942164466683	0.566900443722012	0.131650075229063	0.413840882563828	NA	"abundance"	18	10
"OTU_584"	"Geese"	"low"	"Geeselow"	5.56317594584874	0.830285980745297	1.77485673600312	0.228604950411885	0.566900443722012	0.40494967747095	0.647560446525157	NA	"abundance"	18	4
"OTU_60"	"Geese"	"low"	"Geeselow"	-4.28489690517389	0.830285980745297	3.36493540233879	0.189051453386066	0.566900443722012	0.0636390835843028	0.371342225006612	NA	"abundance"	18	7
"OTU_638"	"Geese"	"low"	"Geeselow"	2.56074178839733	0.830285980745297	1.19120994527744	0.206765230911747	0.566900443722012	0.370778601109507	0.647560446525157	NA	"abundance"	18	8
"OTU_732"	"Geese"	"low"	"Geeselow"	5.92277191112051	0.830285980745297	1.51722920002958	0.184716999976704	0.566900443722012	0.335313629873015	0.632058996739177	NA	"abundance"	18	3
"OTU_740"	"Geese"	"low"	"Geeselow"	-0.482467900207112	0.830285980745297	0.92804187477792	0.208485865934487	0.566900443722012	0.373505375574522	0.647560446525157	NA	"abundance"	18	9
"OTU_773"	"Geese"	"high"	"Geesehigh"	-0.579442200952858	0.71715364990908	0.820978826067304	0.193921431805769	0.566900443722012	0.350237341897938	0.647560446525157	NA	"abundance"	18	7
"OTU_799"	"Geese"	"low"	"Geeselow"	-0.641376278845321	0.830285980745297	0.989115372215669	0.197765283762939	0.566900443722012	0.21239718196811	0.470306740308573	NA	"abundance"	18	7
"OTU_8"	"Geese"	"low"	"Geeselow"	-0.401339410422124	0.830285980745297	0.897752106821846	0.1921371556463	0.566900443722012	0.1921371556463	0.470306740308573	NA	"abundance"	18	18
"OTU_832"	"Geese"	"low"	"Geeselow"	-0.605232160696118	0.830285980745297	1.01489094548428	0.196260420998769	0.566900443722012	0.354002689146924	0.647560446525157	NA	"abundance"	18	11
"OTU_848"	"Geese"	"low"	"Geeselow"	3.5317273075288	0.830285980745297	1.52662704180522	0.219177176122965	0.566900443722012	0.390315717712692	0.647560446525157	NA	"abundance"	18	4
"OTU_861"	"Geese"	"high"	"Geesehigh"	-1.45027923513342	0.71715364990908	1.47873130637935	0.182147836602809	0.566900443722012	0.131650075229062	0.413840882563828	NA	"abundance"	18	11
"OTU_905"	"Geese"	"high"	"Geesehigh"	3.5865222450603	0.71715364990908	0.932658551559581	0.201955865473067	0.566900443722012	0.363125559347159	0.647560446525157	NA	"abundance"	18	3
"OTU_967"	"Geese"	"low"	"Geeselow"	-0.0128149212333711	0.830285980745297	0.567414128630953	0.217613669167331	0.566900443722012	0.387871629326194	0.647560446525157	NA	"abundance"	18	7
"OTU_976"	"Geese"	"high"	"Geesehigh"	2.23527159840237	0.71715364990908	0.983886889337746	0.201065934584477	0.566900443722012	0.0839088199904979	0.401566478048725	NA	"abundance"	18	7
"OTU_99"	"Geese"	"low"	"Geeselow"	2.33629122785278	0.830285980745297	1.08948674161793	0.188740066369232	0.566900443722012	0.188740066369232	0.470306740308573	NA	"abundance"	18	18
"OTU_990"	"Geese"	"low"	"Geeselow"	-0.083879193600066	0.830285980745297	0.666136648855654	0.222251576882184	0.566900443722012	0.39510739033775	0.647560446525157	NA	"abundance"	18	8
"OTU_999"	"Geese"	"low"	"Geeselow"	-1.88019658804156	0.830285980745297	1.33191951308138	0.179347288255485	0.566900443722012	0.326529126706374	0.618686766391024	NA	"abundance"	18	4
"OTU_1007"	"Geese"	"high"	"Geesehigh"	-2.32539975188062	0	1.9536256781446	0.233928680350774	0.566900443722012	0.233928680350774	0.470306740308573	NA	"prevalence"	18	2
"OTU_1007"	"Geese"	"low"	"Geeselow"	-2.32539975188062	0	1.9536256781446	0.233928680350775	0.566900443722012	0.233928680350775	0.470306740308573	NA	"prevalence"	18	2
"OTU_1008"	"Geese"	"low"	"Geeselow"	2.32539975188062	0	1.9536256781446	0.233928680350775	0.566900443722012	0.233928680350775	0.470306740308573	NA	"prevalence"	18	2
"OTU_1014"	"Geese"	"high"	"Geesehigh"	2.32539975188062	0	1.9536256781446	0.233928680350775	0.566900443722012	0.233928680350775	0.470306740308573	NA	"prevalence"	18	3
"OTU_1015"	"Geese"	"high"	"Geesehigh"	-2.32539975188062	0	1.9536256781446	0.233928680350775	0.566900443722012	0.233928680350775	0.470306740308573	NA	"prevalence"	18	5
"OTU_1017"	"Geese"	"high"	"Geesehigh"	-2.32539975188062	0	1.9536256781446	0.233928680350775	0.566900443722012	0.233928680350775	0.470306740308573	NA	"prevalence"	18	3
"OTU_1027"	"Geese"	"high"	"Geesehigh"	2.32539975188062	0	1.9536256781446	0.233928680350774	0.566900443722012	0.233928680350774	0.470306740308573	NA	"prevalence"	18	2
"OTU_1036"	"Geese"	"high"	"Geesehigh"	-2.32539975188062	0	1.9536256781446	0.233928680350775	0.566900443722012	0.233928680350775	0.470306740308573	NA	"prevalence"	18	2
"OTU_1036"	"Geese"	"low"	"Geeselow"	-2.32539975188062	0	1.9536256781446	0.233928680350775	0.566900443722012	0.233928680350775	0.470306740308573	NA	"prevalence"	18	2
"OTU_1042"	"Geese"	"high"	"Geesehigh"	2.32539975188062	0	1.9536256781446	0.233928680350774	0.566900443722012	0.233928680350774	0.470306740308573	NA	"prevalence"	18	2
"OTU_1051"	"Geese"	"low"	"Geeselow"	-2.32539975188062	0	1.9536256781446	0.233928680350775	0.566900443722012	0.233928680350775	0.470306740308573	NA	"prevalence"	18	3
"OTU_1057"	"Geese"	"high"	"Geesehigh"	-2.32539975188062	0	1.9536256781446	0.233928680350775	0.566900443722012	0.233928680350775	0.470306740308573	NA	"prevalence"	18	2
"OTU_1057"	"Geese"	"low"	"Geeselow"	-2.32539975188062	0	1.9536256781446	0.233928680350775	0.566900443722012	0.233928680350775	0.470306740308573	NA	"prevalence"	18	2
"OTU_1066"	"Geese"	"high"	"Geesehigh"	2.32539975188062	0	1.9536256781446	0.233928680350775	0.566900443722012	0.233928680350775	0.470306740308573	NA	"prevalence"	18	2
"OTU_1083"	"Geese"	"high"	"Geesehigh"	-2.32539975188062	0	1.9536256781446	0.233928680350774	0.566900443722012	0.233928680350774	0.470306740308573	NA	"prevalence"	18	2
"OTU_1083"	"Geese"	"low"	"Geeselow"	-2.32539975188062	0	1.9536256781446	0.233928680350775	0.566900443722012	0.233928680350775	0.470306740308573	NA	"prevalence"	18	2
"OTU_1084"	"Geese"	"low"	"Geeselow"	2.32539975188062	0	1.9536256781446	0.233928680350774	0.566900443722012	0.233928680350774	0.470306740308573	NA	"prevalence"	18	5
"OTU_1087"	"Geese"	"high"	"Geesehigh"	2.32539975188062	0	1.9536256781446	0.233928680350774	0.566900443722012	0.233928680350774	0.470306740308573	NA	"prevalence"	18	4
"OTU_1087"	"Geese"	"low"	"Geeselow"	2.32539975188062	0	1.9536256781446	0.233928680350774	0.566900443722012	0.233928680350774	0.470306740308573	NA	"prevalence"	18	4
"OTU_1088"	"Geese"	"low"	"Geeselow"	2.32539975188062	0	1.9536256781446	0.233928680350774	0.566900443722012	0.233928680350774	0.470306740308573	NA	"prevalence"	18	2
"OTU_109"	"Geese"	"low"	"Geeselow"	-2.32539975188062	0	1.9536256781446	0.233928680350774	0.566900443722012	0.413134733210894	0.647560446525157	NA	"prevalence"	18	16
"OTU_1099"	"Geese"	"high"	"Geesehigh"	-2.32539975188062	0	1.9536256781446	0.233928680350774	0.566900443722012	0.233928680350774	0.470306740308573	NA	"prevalence"	18	2
"OTU_1099"	"Geese"	"low"	"Geeselow"	-2.32539975188062	0	1.9536256781446	0.233928680350775	0.566900443722012	0.233928680350775	0.470306740308573	NA	"prevalence"	18	2
"OTU_1103"	"Geese"	"high"	"Geesehigh"	2.32539975188062	0	1.9536256781446	0.233928680350775	0.566900443722012	0.233928680350775	0.470306740308573	NA	"prevalence"	18	3
"OTU_1104"	"Geese"	"low"	"Geeselow"	2.32539975188062	0	1.9536256781446	0.233928680350774	0.566900443722012	0.233928680350774	0.470306740308573	NA	"prevalence"	18	2
"OTU_1106"	"Geese"	"high"	"Geesehigh"	-2.32539975188062	0	1.9536256781446	0.233928680350774	0.566900443722012	0.233928680350774	0.470306740308573	NA	"prevalence"	18	2
"OTU_1106"	"Geese"	"low"	"Geeselow"	-2.32539975188062	0	1.9536256781446	0.233928680350775	0.566900443722012	0.233928680350775	0.470306740308573	NA	"prevalence"	18	2
"OTU_1107"	"Geese"	"low"	"Geeselow"	2.32539975188062	0	1.9536256781446	0.233928680350774	0.566900443722012	0.233928680350774	0.470306740308573	NA	"prevalence"	18	2
"OTU_1109"	"Geese"	"high"	"Geesehigh"	-2.32539975188062	0	1.9536256781446	0.233928680350775	0.566900443722012	0.233928680350775	0.470306740308573	NA	"prevalence"	18	3
"OTU_1111"	"Geese"	"high"	"Geesehigh"	2.32539975188062	0	1.9536256781446	0.233928680350775	0.566900443722012	0.233928680350775	0.470306740308573	NA	"prevalence"	18	2
"OTU_1119"	"Geese"	"low"	"Geeselow"	2.32539975188062	0	1.9536256781446	0.233928680350775	0.566900443722012	0.233928680350775	0.470306740308573	NA	"prevalence"	18	2
"OTU_1137"	"Geese"	"low"	"Geeselow"	2.32539975188062	0	1.9536256781446	0.233928680350774	0.566900443722012	0.233928680350774	0.470306740308573	NA	"prevalence"	18	3
"OTU_114"	"Geese"	"low"	"Geeselow"	2.32539975188062	0	1.9536256781446	0.233928680350775	0.566900443722012	0.233928680350775	0.470306740308573	NA	"prevalence"	18	2
"OTU_1143"	"Geese"	"low"	"Geeselow"	2.32539975188062	0	1.9536256781446	0.233928680350774	0.566900443722012	0.233928680350774	0.470306740308573	NA	"prevalence"	18	6
"OTU_1145"	"Geese"	"high"	"Geesehigh"	-2.32539975188062	0	1.9536256781446	0.233928680350774	0.566900443722012	0.233928680350774	0.470306740308573	NA	"prevalence"	18	3
"OTU_1147"	"Geese"	"low"	"Geeselow"	-2.32539975188062	0	1.9536256781446	0.233928680350774	0.566900443722012	0.233928680350774	0.470306740308573	NA	"prevalence"	18	5
"OTU_1150"	"Geese"	"high"	"Geesehigh"	2.32539975188062	0	1.9536256781446	0.233928680350774	0.566900443722012	0.233928680350774	0.470306740308573	NA	"prevalence"	18	2
"OTU_1154"	"Geese"	"high"	"Geesehigh"	-2.32539975188062	0	1.9536256781446	0.233928680350775	0.566900443722012	0.233928680350775	0.470306740308573	NA	"prevalence"	18	2
"OTU_1154"	"Geese"	"low"	"Geeselow"	-2.32539975188062	0	1.9536256781446	0.233928680350775	0.566900443722012	0.233928680350775	0.470306740308573	NA	"prevalence"	18	2
"OTU_1169"	"Geese"	"high"	"Geesehigh"	-2.32539975188062	0	1.9536256781446	0.233928680350775	0.566900443722012	0.233928680350775	0.470306740308573	NA	"prevalence"	18	2
"OTU_1169"	"Geese"	"low"	"Geeselow"	-2.32539975188062	0	1.9536256781446	0.233928680350775	0.566900443722012	0.233928680350775	0.470306740308573	NA	"prevalence"	18	2
"OTU_1171"	"Geese"	"low"	"Geeselow"	2.32539975188062	0	1.9536256781446	0.233928680350774	0.566900443722012	0.233928680350774	0.470306740308573	NA	"prevalence"	18	2
"OTU_1173"	"Geese"	"high"	"Geesehigh"	-2.32539975188062	0	1.9536256781446	0.233928680350775	0.566900443722012	0.233928680350775	0.470306740308573	NA	"prevalence"	18	4
"OTU_1181"	"Geese"	"high"	"Geesehigh"	-2.32539975188062	0	1.9536256781446	0.233928680350774	0.566900443722012	0.233928680350774	0.470306740308573	NA	"prevalence"	18	2
"OTU_1181"	"Geese"	"low"	"Geeselow"	-2.32539975188062	0	1.9536256781446	0.233928680350775	0.566900443722012	0.233928680350775	0.470306740308573	NA	"prevalence"	18	2
"OTU_1187"	"Geese"	"low"	"Geeselow"	-2.32539975188062	0	1.9536256781446	0.233928680350774	0.566900443722012	0.233928680350774	0.470306740308573	NA	"prevalence"	18	5
"OTU_1193"	"Geese"	"high"	"Geesehigh"	-2.32539975188062	0	1.9536256781446	0.233928680350775	0.566900443722012	0.233928680350775	0.470306740308573	NA	"prevalence"	18	4
"OTU_1196"	"Geese"	"low"	"Geeselow"	2.32539975188062	0	1.9536256781446	0.233928680350774	0.566900443722012	0.233928680350774	0.470306740308573	NA	"prevalence"	18	2
"OTU_120"	"Geese"	"low"	"Geeselow"	-2.32539975188062	0	1.9536256781446	0.233928680350774	0.566900443722012	0.413134733210893	0.647560446525157	NA	"prevalence"	18	10
"OTU_1207"	"Geese"	"low"	"Geeselow"	2.32539975188062	0	1.9536256781446	0.233928680350775	0.566900443722012	0.233928680350775	0.470306740308573	NA	"prevalence"	18	2
"OTU_121"	"Geese"	"low"	"Geeselow"	2.32539975188062	0	1.9536256781446	0.233928680350774	0.566900443722012	0.413134733210894	0.647560446525157	NA	"prevalence"	18	11
"OTU_1231"	"Geese"	"high"	"Geesehigh"	-2.32539975188062	0	1.9536256781446	0.233928680350775	0.566900443722012	0.233928680350775	0.470306740308573	NA	"prevalence"	18	2
"OTU_1231"	"Geese"	"low"	"Geeselow"	-2.32539975188062	0	1.9536256781446	0.233928680350775	0.566900443722012	0.233928680350775	0.470306740308573	NA	"prevalence"	18	2
"OTU_1242"	"Geese"	"low"	"Geeselow"	-2.32539975188062	0	1.9536256781446	0.233928680350774	0.566900443722012	0.233928680350774	0.470306740308573	NA	"prevalence"	18	3
"OTU_1247"	"Geese"	"high"	"Geesehigh"	-2.32539975188062	0	1.9536256781446	0.233928680350775	0.566900443722012	0.233928680350775	0.470306740308573	NA	"prevalence"	18	3
"OTU_125"	"Geese"	"low"	"Geeselow"	-2.32539975188062	0	1.9536256781446	0.233928680350775	0.566900443722012	0.043498877888906	0.371342225006612	NA	"prevalence"	18	11
"OTU_1251"	"Geese"	"low"	"Geeselow"	2.32539975188062	0	1.9536256781446	0.233928680350774	0.566900443722012	0.233928680350774	0.470306740308573	NA	"prevalence"	18	2
"OTU_1271"	"Geese"	"low"	"Geeselow"	-2.32539975188062	0	1.9536256781446	0.233928680350775	0.566900443722012	0.233928680350775	0.470306740308573	NA	"prevalence"	18	5
"OTU_1274"	"Geese"	"high"	"Geesehigh"	-2.32539975188062	0	1.9536256781446	0.233928680350775	0.566900443722012	0.0167751063653969	0.300950284637266	NA	"prevalence"	18	13
"OTU_128"	"Geese"	"low"	"Geeselow"	-2.32539975188062	0	1.9536256781446	0.233928680350774	0.566900443722012	0.413134733210893	0.647560446525157	NA	"prevalence"	18	10
"OTU_1290"	"Geese"	"high"	"Geesehigh"	2.32539975188062	0	1.9536256781446	0.233928680350775	0.566900443722012	0.233928680350775	0.470306740308573	NA	"prevalence"	18	6
"OTU_13"	"Geese"	"high"	"Geesehigh"	-2.32539975188062	0	1.9536256781446	0.233928680350775	0.566900443722012	0.413134733210894	0.647560446525157	NA	"prevalence"	18	13
"OTU_1309"	"Geese"	"high"	"Geesehigh"	-2.32539975188062	0	1.9536256781446	0.233928680350775	0.566900443722012	0.233928680350775	0.470306740308573	NA	"prevalence"	18	3
"OTU_1314"	"Geese"	"high"	"Geesehigh"	-2.32539975188062	0	1.9536256781446	0.233928680350775	0.566900443722012	0.233928680350775	0.470306740308573	NA	"prevalence"	18	4
"OTU_1317"	"Geese"	"high"	"Geesehigh"	-2.32539975188062	0	1.9536256781446	0.233928680350775	0.566900443722012	0.233928680350775	0.470306740308573	NA	"prevalence"	18	2
"OTU_1317"	"Geese"	"low"	"Geeselow"	-2.32539975188062	0	1.9536256781446	0.233928680350775	0.566900443722012	0.233928680350775	0.470306740308573	NA	"prevalence"	18	2
"OTU_1329"	"Geese"	"high"	"Geesehigh"	2.32539975188062	0	1.9536256781446	0.233928680350774	0.566900443722012	0.233928680350774	0.470306740308573	NA	"prevalence"	18	2
"OTU_1333"	"Geese"	"high"	"Geesehigh"	-2.32539975188062	0	1.9536256781446	0.233928680350775	0.566900443722012	0.233928680350775	0.470306740308573	NA	"prevalence"	18	4
"OTU_1345"	"Geese"	"low"	"Geeselow"	2.32539975188062	0	1.9536256781446	0.233928680350775	0.566900443722012	0.233928680350775	0.470306740308573	NA	"prevalence"	18	3
"OTU_136"	"Geese"	"high"	"Geesehigh"	-2.32539975188062	0	1.9536256781446	0.233928680350775	0.566900443722012	0.0332937702355458	0.303603302723752	NA	"prevalence"	18	15
"OTU_1360"	"Geese"	"low"	"Geeselow"	2.32539975188062	0	1.9536256781446	0.233928680350774	0.566900443722012	0.233928680350774	0.470306740308573	NA	"prevalence"	18	2
"OTU_1362"	"Geese"	"high"	"Geesehigh"	-2.32539975188062	0	1.9536256781446	0.233928680350774	0.566900443722012	0.233928680350774	0.470306740308573	NA	"prevalence"	18	4
"OTU_1373"	"Geese"	"low"	"Geeselow"	2.32539975188062	0	1.9536256781446	0.233928680350774	0.566900443722012	0.233928680350774	0.470306740308573	NA	"prevalence"	18	2
"OTU_1382"	"Geese"	"high"	"Geesehigh"	2.32539975188062	0	1.9536256781446	0.233928680350775	0.566900443722012	0.233928680350775	0.470306740308573	NA	"prevalence"	18	5
"OTU_1386"	"Geese"	"high"	"Geesehigh"	2.32539975188062	0	1.9536256781446	0.233928680350774	0.566900443722012	0.233928680350774	0.470306740308573	NA	"prevalence"	18	2
"OTU_1448"	"Geese"	"high"	"Geesehigh"	2.32539975188062	0	1.9536256781446	0.233928680350775	0.566900443722012	0.233928680350775	0.470306740308573	NA	"prevalence"	18	2
"OTU_1450"	"Geese"	"low"	"Geeselow"	2.32539975188062	0	1.9536256781446	0.233928680350775	0.566900443722012	0.233928680350775	0.470306740308573	NA	"prevalence"	18	2
"OTU_1455"	"Geese"	"low"	"Geeselow"	2.32539975188062	0	1.9536256781446	0.233928680350774	0.566900443722012	0.233928680350774	0.470306740308573	NA	"prevalence"	18	3
"OTU_146"	"Geese"	"high"	"Geesehigh"	2.32539975188062	0	1.9536256781446	0.233928680350775	0.566900443722012	0.256906955703644	0.496626474229932	NA	"prevalence"	18	12
"OTU_151"	"Geese"	"high"	"Geesehigh"	-2.32539975188062	0	1.9536256781446	0.233928680350775	0.566900443722012	0.233928680350775	0.470306740308573	NA	"prevalence"	18	6
"OTU_1519"	"Geese"	"high"	"Geesehigh"	-2.32539975188062	0	1.9536256781446	0.233928680350774	0.566900443722012	0.233928680350774	0.470306740308573	NA	"prevalence"	18	2
"OTU_1519"	"Geese"	"low"	"Geeselow"	-2.32539975188062	0	1.9536256781446	0.233928680350774	0.566900443722012	0.233928680350774	0.470306740308573	NA	"prevalence"	18	2
"OTU_1574"	"Geese"	"low"	"Geeselow"	2.32539975188062	0	1.9536256781446	0.233928680350774	0.566900443722012	0.233928680350774	0.470306740308573	NA	"prevalence"	18	2
"OTU_1577"	"Geese"	"low"	"Geeselow"	2.32539975188062	0	1.9536256781446	0.233928680350774	0.566900443722012	0.233928680350774	0.470306740308573	NA	"prevalence"	18	2
"OTU_159"	"Geese"	"low"	"Geeselow"	-2.32539975188062	0	1.9536256781446	0.233928680350775	0.566900443722012	0.0264317180708117	0.300950284637266	NA	"prevalence"	18	11
"OTU_160"	"Geese"	"high"	"Geesehigh"	-2.32539975188062	0	1.9536256781446	0.233928680350775	0.566900443722012	0.233928680350775	0.470306740308573	NA	"prevalence"	18	7
"OTU_164"	"Geese"	"low"	"Geeselow"	2.32539975188062	0	1.9536256781446	0.233928680350775	0.566900443722012	0.233928680350775	0.470306740308573	NA	"prevalence"	18	3
"OTU_1652"	"Geese"	"high"	"Geesehigh"	-2.32539975188062	0	1.9536256781446	0.233928680350775	0.566900443722012	0.233928680350775	0.470306740308573	NA	"prevalence"	18	3
"OTU_166"	"Geese"	"high"	"Geesehigh"	-2.32539975188062	0	1.95362567814461	0.233928680350775	0.566900443722012	0.413134733210895	0.647560446525157	NA	"prevalence"	18	11
"OTU_167"	"Geese"	"low"	"Geeselow"	-2.32539975188062	0	1.9536256781446	0.233928680350775	0.566900443722012	0.0568110166255595	0.371342225006612	NA	"prevalence"	18	13
"OTU_173"	"Geese"	"low"	"Geeselow"	-2.32539975188062	0	1.9536256781446	0.233928680350775	0.566900443722012	0.413134733210894	0.647560446525157	NA	"prevalence"	18	11
"OTU_1745"	"Geese"	"high"	"Geesehigh"	-2.32539975188062	0	1.9536256781446	0.233928680350775	0.566900443722012	0.233928680350775	0.470306740308573	NA	"prevalence"	18	3
"OTU_177"	"Geese"	"high"	"Geesehigh"	2.32539975188062	0	1.9536256781446	0.233928680350775	0.566900443722012	0.19171862166821	0.470306740308573	NA	"prevalence"	18	16
"OTU_177"	"Geese"	"low"	"Geeselow"	2.32539975188062	0	1.9536256781446	0.233928680350775	0.566900443722012	0.413134733210895	0.647560446525157	NA	"prevalence"	18	16
"OTU_1887"	"Geese"	"low"	"Geeselow"	-2.32539975188062	0	1.9536256781446	0.233928680350775	0.566900443722012	0.233928680350775	0.470306740308573	NA	"prevalence"	18	5
"OTU_190"	"Geese"	"low"	"Geeselow"	-2.32539975188062	0	1.9536256781446	0.233928680350774	0.566900443722012	0.413134733210894	0.647560446525157	NA	"prevalence"	18	16
"OTU_1913"	"Geese"	"high"	"Geesehigh"	-2.32539975188062	0	1.9536256781446	0.233928680350775	0.566900443722012	0.233928680350775	0.470306740308573	NA	"prevalence"	18	6
"OTU_1916"	"Geese"	"high"	"Geesehigh"	-2.32539975188062	0	1.9536256781446	0.233928680350774	0.566900443722012	0.233928680350774	0.470306740308573	NA	"prevalence"	18	2
"OTU_1916"	"Geese"	"low"	"Geeselow"	-2.32539975188062	0	1.9536256781446	0.233928680350775	0.566900443722012	0.233928680350775	0.470306740308573	NA	"prevalence"	18	2
"OTU_1937"	"Geese"	"high"	"Geesehigh"	-2.32539975188062	0	1.9536256781446	0.233928680350775	0.566900443722012	0.233928680350775	0.470306740308573	NA	"prevalence"	18	3
"OTU_210"	"Geese"	"low"	"Geeselow"	2.32539975188062	0	1.9536256781446	0.233928680350774	0.566900443722012	0.233928680350774	0.470306740308573	NA	"prevalence"	18	2
"OTU_211"	"Geese"	"high"	"Geesehigh"	-2.32539975188062	0	1.9536256781446	0.233928680350775	0.566900443722012	0.233928680350775	0.470306740308573	NA	"prevalence"	18	4
"OTU_212"	"Geese"	"high"	"Geesehigh"	-2.32539975188062	0	1.9536256781446	0.233928680350774	0.566900443722012	0.233928680350774	0.470306740308573	NA	"prevalence"	18	2
"OTU_212"	"Geese"	"low"	"Geeselow"	-2.32539975188062	0	1.9536256781446	0.233928680350775	0.566900443722012	0.233928680350775	0.470306740308573	NA	"prevalence"	18	2
"OTU_213"	"Geese"	"low"	"Geeselow"	2.32539975188062	0	1.9536256781446	0.233928680350775	0.566900443722012	0.233928680350775	0.470306740308573	NA	"prevalence"	18	2
"OTU_215"	"Geese"	"low"	"Geeselow"	2.32539975188062	0	1.9536256781446	0.233928680350774	0.566900443722012	0.233928680350774	0.470306740308573	NA	"prevalence"	18	3
"OTU_226"	"Geese"	"high"	"Geesehigh"	2.32539975188062	0	1.9536256781446	0.233928680350774	0.566900443722012	0.27301041083843	0.524983241857436	NA	"prevalence"	18	15
"OTU_233"	"Geese"	"high"	"Geesehigh"	-2.32539975188062	0	1.9536256781446	0.233928680350774	0.566900443722012	0.233928680350774	0.470306740308573	NA	"prevalence"	18	5
"OTU_234"	"Geese"	"low"	"Geeselow"	-2.32539975188062	0	1.9536256781446	0.233928680350775	0.566900443722012	0.413134733210895	0.647560446525157	NA	"prevalence"	18	13
"OTU_238"	"Geese"	"high"	"Geesehigh"	2.32539975188062	0	1.9536256781446	0.233928680350774	0.566900443722012	0.413134733210893	0.647560446525157	NA	"prevalence"	18	14
"OTU_24"	"Geese"	"low"	"Geeselow"	2.32539975188062	0	1.9536256781446	0.233928680350774	0.566900443722012	0.233928680350774	0.470306740308573	NA	"prevalence"	18	2
"OTU_241"	"Geese"	"high"	"Geesehigh"	-2.32539975188062	0	1.9536256781446	0.233928680350775	0.566900443722012	0.255583604408815	0.49450360817776	NA	"prevalence"	18	14
"OTU_241"	"Geese"	"low"	"Geeselow"	-2.32539975188062	0	1.9536256781446	0.233928680350775	0.566900443722012	0.413134733210894	0.647560446525157	NA	"prevalence"	18	14
"OTU_246"	"Geese"	"high"	"Geesehigh"	2.32539975188062	0	1.9536256781446	0.233928680350774	0.566900443722012	0.413134733210894	0.647560446525157	NA	"prevalence"	18	13
"OTU_270"	"Geese"	"high"	"Geesehigh"	-2.32539975188062	0	1.9536256781446	0.233928680350775	0.566900443722012	0.00132414235463531	0.116312664431165	NA	"prevalence"	18	15
"OTU_272"	"Geese"	"high"	"Geesehigh"	-2.32539975188062	0	1.9536256781446	0.233928680350775	0.566900443722012	0.233928680350775	0.470306740308573	NA	"prevalence"	18	4
"OTU_276"	"Geese"	"low"	"Geeselow"	-2.32539975188062	0	1.9536256781446	0.233928680350774	0.566900443722012	0.413134733210893	0.647560446525157	NA	"prevalence"	18	10
"OTU_289"	"Geese"	"high"	"Geesehigh"	-2.32539975188062	0	1.9536256781446	0.233928680350775	0.566900443722012	0.233928680350775	0.470306740308573	NA	"prevalence"	18	3
"OTU_291"	"Geese"	"high"	"Geesehigh"	-2.32539975188062	0	1.9536256781446	0.233928680350774	0.566900443722012	0.233928680350774	0.470306740308573	NA	"prevalence"	18	2
"OTU_291"	"Geese"	"low"	"Geeselow"	-2.32539975188062	0	1.9536256781446	0.233928680350775	0.566900443722012	0.233928680350775	0.470306740308573	NA	"prevalence"	18	2
"OTU_296"	"Geese"	"high"	"Geesehigh"	-2.32539975188062	0	1.9536256781446	0.233928680350775	0.566900443722012	0.233928680350775	0.470306740308573	NA	"prevalence"	18	5
"OTU_297"	"Geese"	"high"	"Geesehigh"	-2.32539975188062	0	1.9536256781446	0.233928680350775	0.566900443722012	0.233928680350775	0.470306740308573	NA	"prevalence"	18	6
"OTU_300"	"Geese"	"low"	"Geeselow"	-2.32539975188062	0	1.9536256781446	0.233928680350774	0.566900443722012	0.0950840298596131	0.413840882563828	NA	"prevalence"	18	13
"OTU_304"	"Geese"	"high"	"Geesehigh"	2.32539975188062	0	1.9536256781446	0.233928680350774	0.566900443722012	0.233928680350774	0.470306740308573	NA	"prevalence"	18	2
"OTU_305"	"Geese"	"low"	"Geeselow"	-2.32539975188062	0	1.9536256781446	0.233928680350774	0.566900443722012	0.413134733210893	0.647560446525157	NA	"prevalence"	18	10
"OTU_31"	"Geese"	"low"	"Geeselow"	-2.32539975188062	0	1.9536256781446	0.233928680350774	0.566900443722012	0.413134733210894	0.647560446525157	NA	"prevalence"	18	10
"OTU_321"	"Geese"	"low"	"Geeselow"	-2.32539975188062	0	1.9536256781446	0.233928680350774	0.566900443722012	0.0397682905181676	0.354617255729507	NA	"prevalence"	18	10
"OTU_33"	"Geese"	"low"	"Geeselow"	2.32539975188062	0	1.9536256781446	0.233928680350775	0.566900443722012	0.233928680350775	0.470306740308573	NA	"prevalence"	18	2
"OTU_330"	"Geese"	"high"	"Geesehigh"	-2.32539975188062	0	1.9536256781446	0.233928680350775	0.566900443722012	0.00102072154222351	0.0974567176836012	NA	"prevalence"	18	14
"OTU_330"	"Geese"	"low"	"Geeselow"	-2.32539975188062	0	1.9536256781446	0.233928680350775	0.566900443722012	0.0110944352034903	0.300950284637266	NA	"prevalence"	18	14
"OTU_331"	"Geese"	"high"	"Geesehigh"	2.32539975188062	0	1.9536256781446	0.233928680350775	0.566900443722012	0.233928680350775	0.470306740308573	NA	"prevalence"	18	3
"OTU_332"	"Geese"	"high"	"Geesehigh"	-2.32539975188062	0	1.9536256781446	0.233928680350775	0.566900443722012	0.0111182174152396	0.300950284637266	NA	"prevalence"	18	16
"OTU_335"	"Geese"	"high"	"Geesehigh"	-2.32539975188062	0	1.95362567814461	0.233928680350775	0.566900443722012	0.413134733210895	0.647560446525157	NA	"prevalence"	18	15
"OTU_336"	"Geese"	"high"	"Geesehigh"	-2.32539975188062	0	1.9536256781446	0.233928680350775	0.566900443722012	0.233928680350775	0.470306740308573	NA	"prevalence"	18	3
"OTU_338"	"Geese"	"high"	"Geesehigh"	-2.32539975188062	0	1.9536256781446	0.233928680350775	0.566900443722012	0.253271000837248	0.491327842613601	NA	"prevalence"	18	14
"OTU_338"	"Geese"	"low"	"Geeselow"	-2.32539975188062	0	1.9536256781446	0.233928680350775	0.566900443722012	0.413134733210894	0.647560446525157	NA	"prevalence"	18	14
"OTU_34"	"Geese"	"low"	"Geeselow"	-2.32539975188062	0	1.9536256781446	0.233928680350775	0.566900443722012	0.00520616664675019	0.259835044460532	NA	"prevalence"	18	13
"OTU_343"	"Geese"	"low"	"Geeselow"	-2.32539975188062	0	1.9536256781446	0.233928680350774	0.566900443722012	0.24013641252846	0.470306740308573	NA	"prevalence"	18	16
"OTU_344"	"Geese"	"high"	"Geesehigh"	-2.32539975188062	0	1.9536256781446	0.233928680350775	0.566900443722012	0.233928680350775	0.470306740308573	NA	"prevalence"	18	2
"OTU_344"	"Geese"	"low"	"Geeselow"	-2.32539975188062	0	1.9536256781446	0.233928680350775	0.566900443722012	0.233928680350775	0.470306740308573	NA	"prevalence"	18	2
"OTU_353"	"Geese"	"low"	"Geeselow"	-2.32539975188063	0	1.9536256781446	0.233928680350774	0.566900443722012	0.233928680350774	0.470306740308573	NA	"prevalence"	18	3
"OTU_373"	"Geese"	"high"	"Geesehigh"	-2.32539975188062	0	1.9536256781446	0.233928680350775	0.566900443722012	0.233928680350775	0.470306740308573	NA	"prevalence"	18	2
"OTU_373"	"Geese"	"low"	"Geeselow"	-2.32539975188062	0	1.9536256781446	0.233928680350775	0.566900443722012	0.233928680350775	0.470306740308573	NA	"prevalence"	18	2
"OTU_383"	"Geese"	"low"	"Geeselow"	2.32539975188062	0	1.9536256781446	0.233928680350774	0.566900443722012	0.233928680350774	0.470306740308573	NA	"prevalence"	18	2
"OTU_385"	"Geese"	"high"	"Geesehigh"	-2.32539975188062	0	1.9536256781446	0.233928680350775	0.566900443722012	0.413134733210894	0.647560446525157	NA	"prevalence"	18	14
"OTU_385"	"Geese"	"low"	"Geeselow"	-2.32539975188062	0	1.9536256781446	0.233928680350774	0.566900443722012	0.3597931175602	0.647560446525157	NA	"prevalence"	18	14
"OTU_391"	"Geese"	"low"	"Geeselow"	-2.32539975188062	0	1.9536256781446	0.233928680350774	0.566900443722012	0.133939371576954	0.418989829035599	NA	"prevalence"	18	12
"OTU_392"	"Geese"	"high"	"Geesehigh"	2.32539975188062	0	1.9536256781446	0.233928680350775	0.566900443722012	0.233928680350775	0.470306740308573	NA	"prevalence"	18	6
"OTU_393"	"Geese"	"low"	"Geeselow"	2.32539975188062	0	1.9536256781446	0.233928680350775	0.566900443722012	0.233928680350775	0.470306740308573	NA	"prevalence"	18	7
"OTU_398"	"Geese"	"low"	"Geeselow"	-2.32539975188062	0	1.9536256781446	0.233928680350775	0.566900443722012	0.413134733210895	0.647560446525157	NA	"prevalence"	18	11
"OTU_40"	"Geese"	"low"	"Geeselow"	2.32539975188062	0	1.9536256781446	0.233928680350775	0.566900443722012	0.233928680350775	0.470306740308573	NA	"prevalence"	18	2
"OTU_402"	"Geese"	"high"	"Geesehigh"	-2.32539975188062	0	1.9536256781446	0.233928680350774	0.566900443722012	0.233928680350774	0.470306740308573	NA	"prevalence"	18	2
"OTU_402"	"Geese"	"low"	"Geeselow"	-2.32539975188062	0	1.9536256781446	0.233928680350775	0.566900443722012	0.233928680350775	0.470306740308573	NA	"prevalence"	18	2
"OTU_404"	"Geese"	"high"	"Geesehigh"	-2.32539975188062	0	1.9536256781446	0.233928680350775	0.566900443722012	0.233928680350775	0.470306740308573	NA	"prevalence"	18	2
"OTU_404"	"Geese"	"low"	"Geeselow"	-2.32539975188062	0	1.9536256781446	0.233928680350775	0.566900443722012	0.233928680350775	0.470306740308573	NA	"prevalence"	18	2
"OTU_406"	"Geese"	"high"	"Geesehigh"	-2.32539975188062	0	1.9536256781446	0.233928680350775	0.566900443722012	0.233928680350775	0.470306740308573	NA	"prevalence"	18	6
"OTU_413"	"Geese"	"high"	"Geesehigh"	-2.32539975188062	0	1.9536256781446	0.233928680350775	0.566900443722012	0.233928680350775	0.470306740308573	NA	"prevalence"	18	2
"OTU_413"	"Geese"	"low"	"Geeselow"	-2.32539975188062	0	1.9536256781446	0.233928680350775	0.566900443722012	0.233928680350775	0.470306740308573	NA	"prevalence"	18	2
"OTU_415"	"Geese"	"low"	"Geeselow"	-2.32539975188062	0	1.9536256781446	0.233928680350775	0.566900443722012	0.413134733210894	0.647560446525157	NA	"prevalence"	18	13
"OTU_416"	"Geese"	"high"	"Geesehigh"	2.32539975188062	0	1.9536256781446	0.233928680350775	0.566900443722012	0.233928680350775	0.470306740308573	NA	"prevalence"	18	3
"OTU_435"	"Geese"	"high"	"Geesehigh"	2.32539975188062	0	1.9536256781446	0.233928680350775	0.566900443722012	0.233928680350775	0.470306740308573	NA	"prevalence"	18	3
"OTU_44"	"Geese"	"low"	"Geeselow"	-2.32539975188062	0	1.9536256781446	0.233928680350775	0.566900443722012	0.368061633376197	0.647560446525157	NA	"prevalence"	18	13
"OTU_444"	"Geese"	"low"	"Geeselow"	-2.32539975188062	0	1.9536256781446	0.233928680350774	0.566900443722012	0.413134733210894	0.647560446525157	NA	"prevalence"	18	10
"OTU_446"	"Geese"	"high"	"Geesehigh"	-2.32539975188062	0	1.9536256781446	0.233928680350775	0.566900443722012	0.0883695721535546	0.413840882563828	NA	"prevalence"	18	11
"OTU_451"	"Geese"	"high"	"Geesehigh"	-2.32539975188062	0	1.9536256781446	0.233928680350775	0.566900443722012	0.233928680350775	0.470306740308573	NA	"prevalence"	18	3
"OTU_452"	"Geese"	"low"	"Geeselow"	-2.32539975188062	0	1.9536256781446	0.233928680350774	0.566900443722012	0.0143060632832564	0.300950284637266	NA	"prevalence"	18	10
"OTU_472"	"Geese"	"high"	"Geesehigh"	-2.32539975188062	0	1.9536256781446	0.233928680350775	0.566900443722012	0.233928680350775	0.470306740308573	NA	"prevalence"	18	4
"OTU_48"	"Geese"	"high"	"Geesehigh"	-2.32539975188062	0	1.9536256781446	0.233928680350775	0.566900443722012	0.000451604478131678	0.0708373881412261	NA	"prevalence"	18	14
"OTU_48"	"Geese"	"low"	"Geeselow"	-2.32539975188062	0	1.9536256781446	0.233928680350775	0.566900443722012	0.00543645835941462	0.265299167939433	NA	"prevalence"	18	14
"OTU_482"	"Geese"	"high"	"Geesehigh"	-2.32539975188062	0	1.9536256781446	0.233928680350775	0.566900443722012	0.233928680350775	0.470306740308573	NA	"prevalence"	18	4
"OTU_488"	"Geese"	"high"	"Geesehigh"	-2.32539975188062	0	1.9536256781446	0.233928680350775	0.566900443722012	0.233928680350775	0.470306740308573	NA	"prevalence"	18	2
"OTU_488"	"Geese"	"low"	"Geeselow"	-2.32539975188062	0	1.9536256781446	0.233928680350775	0.566900443722012	0.233928680350775	0.470306740308573	NA	"prevalence"	18	2
"OTU_491"	"Geese"	"high"	"Geesehigh"	-2.32539975188062	0	1.9536256781446	0.233928680350774	0.566900443722012	0.233928680350774	0.470306740308573	NA	"prevalence"	18	5
"OTU_494"	"Geese"	"high"	"Geesehigh"	-2.32539975188062	0	1.9536256781446	0.233928680350774	0.566900443722012	0.233928680350774	0.470306740308573	NA	"prevalence"	18	2
"OTU_494"	"Geese"	"low"	"Geeselow"	-2.32539975188062	0	1.9536256781446	0.233928680350775	0.566900443722012	0.233928680350775	0.470306740308573	NA	"prevalence"	18	2
"OTU_506"	"Geese"	"low"	"Geeselow"	2.32539975188062	0	1.9536256781446	0.233928680350774	0.566900443722012	0.233928680350774	0.470306740308573	NA	"prevalence"	18	2
"OTU_509"	"Geese"	"low"	"Geeselow"	-2.32539975188062	0	1.9536256781446	0.233928680350775	0.566900443722012	0.233928680350775	0.470306740308573	NA	"prevalence"	18	6
"OTU_52"	"Geese"	"low"	"Geeselow"	2.32539975188062	0	1.9536256781446	0.233928680350774	0.566900443722012	0.233928680350774	0.470306740308573	NA	"prevalence"	18	5
"OTU_520"	"Geese"	"high"	"Geesehigh"	-2.32539975188062	0	1.9536256781446	0.233928680350775	0.566900443722012	0.413134733210895	0.647560446525157	NA	"prevalence"	18	13
"OTU_525"	"Geese"	"high"	"Geesehigh"	2.32539975188062	0	1.9536256781446	0.233928680350775	0.566900443722012	0.233928680350775	0.470306740308573	NA	"prevalence"	18	3
"OTU_528"	"Geese"	"low"	"Geeselow"	2.32539975188062	0	1.9536256781446	0.233928680350775	0.566900443722012	0.233928680350775	0.470306740308573	NA	"prevalence"	18	7
"OTU_531"	"Geese"	"low"	"Geeselow"	2.32539975188062	0	1.9536256781446	0.233928680350775	0.566900443722012	0.233928680350775	0.470306740308573	NA	"prevalence"	18	2
"OTU_537"	"Geese"	"low"	"Geeselow"	-2.32539975188062	0	1.9536256781446	0.233928680350774	0.566900443722012	0.013323892025813	0.300950284637266	NA	"prevalence"	18	10
"OTU_545"	"Geese"	"low"	"Geeselow"	2.32539975188062	0	1.9536256781446	0.233928680350775	0.566900443722012	0.233928680350775	0.470306740308573	NA	"prevalence"	18	2
"OTU_550"	"Geese"	"high"	"Geesehigh"	2.32539975188062	0	1.9536256781446	0.233928680350774	0.566900443722012	0.233928680350774	0.470306740308573	NA	"prevalence"	18	2
"OTU_553"	"Geese"	"low"	"Geeselow"	2.32539975188062	0	1.9536256781446	0.233928680350775	0.566900443722012	0.233928680350775	0.470306740308573	NA	"prevalence"	18	3
"OTU_562"	"Geese"	"high"	"Geesehigh"	-2.32539975188062	0	1.9536256781446	0.233928680350775	0.566900443722012	0.233928680350775	0.470306740308573	NA	"prevalence"	18	4
"OTU_577"	"Geese"	"high"	"Geesehigh"	2.32539975188062	0	1.9536256781446	0.233928680350775	0.566900443722012	0.413134733210895	0.647560446525157	NA	"prevalence"	18	14
"OTU_58"	"Geese"	"low"	"Geeselow"	2.32539975188062	0	1.9536256781446	0.233928680350774	0.566900443722012	0.163110102435224	0.470306740308573	NA	"prevalence"	18	14
"OTU_589"	"Geese"	"low"	"Geeselow"	-2.32539975188062	0	1.9536256781446	0.233928680350775	0.566900443722012	0.000295513838330203	0.0648948388973125	NA	"prevalence"	18	15
"OTU_592"	"Geese"	"high"	"Geesehigh"	-2.32539975188062	0	1.9536256781446	0.233928680350775	0.566900443722012	0.0352249989079527	0.319645031412662	NA	"prevalence"	18	12
"OTU_593"	"Geese"	"high"	"Geesehigh"	2.32539975188062	0	1.9536256781446	0.233928680350775	0.566900443722012	0.233928680350775	0.470306740308573	NA	"prevalence"	18	2
"OTU_595"	"Geese"	"high"	"Geesehigh"	-2.32539975188062	0	1.9536256781446	0.233928680350774	0.566900443722012	0.233928680350774	0.470306740308573	NA	"prevalence"	18	4
"OTU_596"	"Geese"	"high"	"Geesehigh"	-2.32539975188062	0	1.9536256781446	0.233928680350775	0.566900443722012	0.233928680350775	0.470306740308573	NA	"prevalence"	18	3
"OTU_606"	"Geese"	"high"	"Geesehigh"	2.32539975188062	0	1.9536256781446	0.233928680350775	0.566900443722012	0.233928680350775	0.470306740308573	NA	"prevalence"	18	3
"OTU_615"	"Geese"	"high"	"Geesehigh"	-2.32539975188062	0	1.9536256781446	0.233928680350775	0.566900443722012	0.233928680350775	0.470306740308573	NA	"prevalence"	18	4
"OTU_616"	"Geese"	"low"	"Geeselow"	2.32539975188062	0	1.9536256781446	0.233928680350774	0.566900443722012	0.233928680350774	0.470306740308573	NA	"prevalence"	18	2
"OTU_62"	"Geese"	"low"	"Geeselow"	-2.32539975188062	0	1.9536256781446	0.233928680350775	0.566900443722012	0.171129378868357	0.470306740308573	NA	"prevalence"	18	11
"OTU_620"	"Geese"	"low"	"Geeselow"	2.32539975188062	0	1.9536256781446	0.233928680350775	0.566900443722012	0.233928680350775	0.470306740308573	NA	"prevalence"	18	2
"OTU_623"	"Geese"	"high"	"Geesehigh"	-2.32539975188062	0	1.9536256781446	0.233928680350774	0.566900443722012	0.233928680350774	0.470306740308573	NA	"prevalence"	18	2
"OTU_623"	"Geese"	"low"	"Geeselow"	-2.32539975188062	0	1.9536256781446	0.233928680350774	0.566900443722012	0.233928680350774	0.470306740308573	NA	"prevalence"	18	2
"OTU_628"	"Geese"	"low"	"Geeselow"	2.32539975188062	0	1.9536256781446	0.233928680350774	0.566900443722012	0.233928680350774	0.470306740308573	NA	"prevalence"	18	2
"OTU_629"	"Geese"	"low"	"Geeselow"	2.32539975188062	0	1.9536256781446	0.233928680350775	0.566900443722012	0.233928680350775	0.470306740308573	NA	"prevalence"	18	7
"OTU_63"	"Geese"	"low"	"Geeselow"	-2.32539975188062	0	1.9536256781446	0.233928680350775	0.566900443722012	0.15097450925457	0.463044723914853	NA	"prevalence"	18	15
"OTU_635"	"Geese"	"low"	"Geeselow"	2.32539975188062	0	1.9536256781446	0.233928680350775	0.566900443722012	0.233928680350775	0.470306740308573	NA	"prevalence"	18	2
"OTU_641"	"Geese"	"high"	"Geesehigh"	-2.32539975188062	0	1.9536256781446	0.233928680350774	0.566900443722012	0.233928680350774	0.470306740308573	NA	"prevalence"	18	2
"OTU_641"	"Geese"	"low"	"Geeselow"	-2.32539975188062	0	1.9536256781446	0.233928680350775	0.566900443722012	0.233928680350775	0.470306740308573	NA	"prevalence"	18	2
"OTU_647"	"Geese"	"low"	"Geeselow"	2.32539975188062	0	1.9536256781446	0.233928680350774	0.566900443722012	0.233928680350774	0.470306740308573	NA	"prevalence"	18	2
"OTU_648"	"Geese"	"low"	"Geeselow"	2.32539975188062	0	1.9536256781446	0.233928680350774	0.566900443722012	0.233928680350774	0.470306740308573	NA	"prevalence"	18	2
"OTU_652"	"Geese"	"low"	"Geeselow"	2.32539975188062	0	1.9536256781446	0.233928680350774	0.566900443722012	0.233928680350774	0.470306740308573	NA	"prevalence"	18	5
"OTU_654"	"Geese"	"high"	"Geesehigh"	-2.32539975188062	0	1.9536256781446	0.233928680350775	0.566900443722012	0.233928680350775	0.470306740308573	NA	"prevalence"	18	2
"OTU_654"	"Geese"	"low"	"Geeselow"	-2.32539975188062	0	1.9536256781446	0.233928680350775	0.566900443722012	0.233928680350775	0.470306740308573	NA	"prevalence"	18	2
"OTU_66"	"Geese"	"high"	"Geesehigh"	-2.32539975188062	0	1.9536256781446	0.233928680350775	0.566900443722012	0.0797851211611343	0.401566478048725	NA	"prevalence"	18	15
"OTU_676"	"Geese"	"high"	"Geesehigh"	2.32539975188062	0	1.9536256781446	0.233928680350775	0.566900443722012	0.233928680350775	0.470306740308573	NA	"prevalence"	18	2
"OTU_681"	"Geese"	"high"	"Geesehigh"	2.32539975188062	0	1.9536256781446	0.233928680350774	0.566900443722012	0.233928680350774	0.470306740308573	NA	"prevalence"	18	5
"OTU_685"	"Geese"	"low"	"Geeselow"	2.32539975188062	0	1.9536256781446	0.233928680350774	0.566900443722012	0.233928680350774	0.470306740308573	NA	"prevalence"	18	3
"OTU_695"	"Geese"	"low"	"Geeselow"	2.32539975188062	0	1.9536256781446	0.233928680350774	0.566900443722012	0.233928680350774	0.470306740308573	NA	"prevalence"	18	3
"OTU_698"	"Geese"	"low"	"Geeselow"	2.32539975188062	0	1.9536256781446	0.233928680350775	0.566900443722012	0.233928680350775	0.470306740308573	NA	"prevalence"	18	2
"OTU_703"	"Geese"	"high"	"Geesehigh"	2.32539975188062	0	1.9536256781446	0.233928680350775	0.566900443722012	0.233928680350775	0.470306740308573	NA	"prevalence"	18	3
"OTU_713"	"Geese"	"high"	"Geesehigh"	2.32539975188062	0	1.9536256781446	0.233928680350774	0.566900443722012	0.233928680350774	0.470306740308573	NA	"prevalence"	18	2
"OTU_714"	"Geese"	"high"	"Geesehigh"	-2.32539975188062	0	1.9536256781446	0.233928680350775	0.566900443722012	0.233928680350775	0.470306740308573	NA	"prevalence"	18	5
"OTU_727"	"Geese"	"high"	"Geesehigh"	-2.32539975188062	0	1.9536256781446	0.233928680350775	0.566900443722012	0.233928680350775	0.470306740308573	NA	"prevalence"	18	2
"OTU_727"	"Geese"	"low"	"Geeselow"	-2.32539975188062	0	1.9536256781446	0.233928680350775	0.566900443722012	0.233928680350775	0.470306740308573	NA	"prevalence"	18	2
"OTU_73"	"Geese"	"high"	"Geesehigh"	2.32539975188062	0	1.9536256781446	0.233928680350774	0.566900443722012	0.233928680350774	0.470306740308573	NA	"prevalence"	18	2
"OTU_731"	"Geese"	"high"	"Geesehigh"	-2.32539975188062	0	1.9536256781446	0.233928680350775	0.566900443722012	0.233928680350775	0.470306740308573	NA	"prevalence"	18	3
"OTU_743"	"Geese"	"low"	"Geeselow"	2.32539975188062	0	1.9536256781446	0.233928680350774	0.566900443722012	0.233928680350774	0.470306740308573	NA	"prevalence"	18	2
"OTU_75"	"Geese"	"high"	"Geesehigh"	2.32539975188062	0	1.9536256781446	0.233928680350774	0.566900443722012	0.233928680350774	0.470306740308573	NA	"prevalence"	18	2
"OTU_752"	"Geese"	"high"	"Geesehigh"	2.32539975188062	0	1.9536256781446	0.233928680350775	0.566900443722012	0.233928680350775	0.470306740308573	NA	"prevalence"	18	2
"OTU_764"	"Geese"	"high"	"Geesehigh"	2.32539975188062	0	1.9536256781446	0.233928680350774	0.566900443722012	0.233928680350774	0.470306740308573	NA	"prevalence"	18	4
"OTU_764"	"Geese"	"low"	"Geeselow"	2.32539975188062	0	1.9536256781446	0.233928680350774	0.566900443722012	0.233928680350774	0.470306740308573	NA	"prevalence"	18	4
"OTU_771"	"Geese"	"high"	"Geesehigh"	-2.32539975188062	0	1.9536256781446	0.233928680350774	0.566900443722012	0.233928680350774	0.470306740308573	NA	"prevalence"	18	4
"OTU_774"	"Geese"	"low"	"Geeselow"	2.32539975188062	0	1.9536256781446	0.233928680350775	0.566900443722012	0.233928680350775	0.470306740308573	NA	"prevalence"	18	2
"OTU_776"	"Geese"	"high"	"Geesehigh"	2.32539975188062	0	1.9536256781446	0.233928680350775	0.566900443722012	0.233928680350775	0.470306740308573	NA	"prevalence"	18	3
"OTU_779"	"Geese"	"low"	"Geeselow"	-2.32539975188062	0	1.9536256781446	0.233928680350775	0.566900443722012	0.233928680350775	0.470306740308573	NA	"prevalence"	18	4
"OTU_783"	"Geese"	"high"	"Geesehigh"	-2.32539975188062	0	1.9536256781446	0.233928680350775	0.566900443722012	0.233928680350775	0.470306740308573	NA	"prevalence"	18	2
"OTU_783"	"Geese"	"low"	"Geeselow"	-2.32539975188062	0	1.9536256781446	0.233928680350775	0.566900443722012	0.233928680350775	0.470306740308573	NA	"prevalence"	18	2
"OTU_788"	"Geese"	"high"	"Geesehigh"	-2.32539975188062	0	1.9536256781446	0.233928680350775	0.566900443722012	0.233928680350775	0.470306740308573	NA	"prevalence"	18	3
"OTU_791"	"Geese"	"high"	"Geesehigh"	-2.32539975188062	0	1.9536256781446	0.233928680350774	0.566900443722012	0.233928680350774	0.470306740308573	NA	"prevalence"	18	2
"OTU_791"	"Geese"	"low"	"Geeselow"	-2.32539975188062	0	1.9536256781446	0.233928680350775	0.566900443722012	0.233928680350775	0.470306740308573	NA	"prevalence"	18	2
"OTU_800"	"Geese"	"low"	"Geeselow"	2.32539975188062	0	1.9536256781446	0.233928680350774	0.566900443722012	0.233928680350774	0.470306740308573	NA	"prevalence"	18	2
"OTU_805"	"Geese"	"low"	"Geeselow"	2.32539975188062	0	1.9536256781446	0.233928680350775	0.566900443722012	0.233928680350775	0.470306740308573	NA	"prevalence"	18	2
"OTU_811"	"Geese"	"high"	"Geesehigh"	2.32539975188062	0	1.9536256781446	0.233928680350775	0.566900443722012	0.233928680350775	0.470306740308573	NA	"prevalence"	18	4
"OTU_811"	"Geese"	"low"	"Geeselow"	2.32539975188062	0	1.9536256781446	0.233928680350775	0.566900443722012	0.233928680350775	0.470306740308573	NA	"prevalence"	18	4
"OTU_812"	"Geese"	"low"	"Geeselow"	2.32539975188062	0	1.9536256781446	0.233928680350774	0.566900443722012	0.233928680350774	0.470306740308573	NA	"prevalence"	18	2
"OTU_818"	"Geese"	"high"	"Geesehigh"	2.32539975188062	0	1.9536256781446	0.233928680350775	0.566900443722012	0.233928680350775	0.470306740308573	NA	"prevalence"	18	2
"OTU_822"	"Geese"	"high"	"Geesehigh"	2.32539975188062	0	1.9536256781446	0.233928680350775	0.566900443722012	0.233928680350775	0.470306740308573	NA	"prevalence"	18	2
"OTU_823"	"Geese"	"high"	"Geesehigh"	-2.32539975188062	0	1.9536256781446	0.233928680350774	0.566900443722012	0.233928680350774	0.470306740308573	NA	"prevalence"	18	2
"OTU_823"	"Geese"	"low"	"Geeselow"	-2.32539975188062	0	1.9536256781446	0.233928680350775	0.566900443722012	0.233928680350775	0.470306740308573	NA	"prevalence"	18	2
"OTU_838"	"Geese"	"low"	"Geeselow"	2.32539975188062	0	1.9536256781446	0.233928680350775	0.566900443722012	0.233928680350775	0.470306740308573	NA	"prevalence"	18	6
"OTU_854"	"Geese"	"high"	"Geesehigh"	-2.32539975188062	0	1.9536256781446	0.233928680350774	0.566900443722012	0.233928680350774	0.470306740308573	NA	"prevalence"	18	3
"OTU_856"	"Geese"	"high"	"Geesehigh"	2.32539975188062	0	1.9536256781446	0.233928680350775	0.566900443722012	0.233928680350775	0.470306740308573	NA	"prevalence"	18	5
"OTU_858"	"Geese"	"low"	"Geeselow"	2.32539975188062	0	1.9536256781446	0.233928680350774	0.566900443722012	0.233928680350774	0.470306740308573	NA	"prevalence"	18	2
"OTU_86"	"Geese"	"high"	"Geesehigh"	2.32539975188062	0	1.9536256781446	0.233928680350775	0.566900443722012	0.413134733210894	0.647560446525157	NA	"prevalence"	18	11
"OTU_860"	"Geese"	"high"	"Geesehigh"	-2.32539975188062	0	1.9536256781446	0.233928680350775	0.566900443722012	0.233928680350775	0.470306740308573	NA	"prevalence"	18	2
"OTU_860"	"Geese"	"low"	"Geeselow"	-2.32539975188062	0	1.9536256781446	0.233928680350775	0.566900443722012	0.233928680350775	0.470306740308573	NA	"prevalence"	18	2
"OTU_863"	"Geese"	"high"	"Geesehigh"	2.32539975188062	0	1.9536256781446	0.233928680350775	0.566900443722012	0.233928680350775	0.470306740308573	NA	"prevalence"	18	5
"OTU_864"	"Geese"	"low"	"Geeselow"	2.32539975188062	0	1.9536256781446	0.233928680350775	0.566900443722012	0.233928680350775	0.470306740308573	NA	"prevalence"	18	5
"OTU_866"	"Geese"	"high"	"Geesehigh"	2.32539975188062	0	1.9536256781446	0.233928680350775	0.566900443722012	0.233928680350775	0.470306740308573	NA	"prevalence"	18	2
"OTU_873"	"Geese"	"low"	"Geeselow"	2.32539975188062	0	1.9536256781446	0.233928680350774	0.566900443722012	0.233928680350774	0.470306740308573	NA	"prevalence"	18	2
"OTU_876"	"Geese"	"low"	"Geeselow"	2.32539975188062	0	1.9536256781446	0.233928680350774	0.566900443722012	0.233928680350774	0.470306740308573	NA	"prevalence"	18	2
"OTU_878"	"Geese"	"high"	"Geesehigh"	2.32539975188062	0	1.9536256781446	0.233928680350775	0.566900443722012	0.233928680350775	0.470306740308573	NA	"prevalence"	18	3
"OTU_885"	"Geese"	"low"	"Geeselow"	2.32539975188062	0	1.9536256781446	0.233928680350774	0.566900443722012	0.233928680350774	0.470306740308573	NA	"prevalence"	18	2
"OTU_886"	"Geese"	"high"	"Geesehigh"	-2.32539975188062	0	1.9536256781446	0.233928680350774	0.566900443722012	0.233928680350774	0.470306740308573	NA	"prevalence"	18	2
"OTU_886"	"Geese"	"low"	"Geeselow"	-2.32539975188062	0	1.9536256781446	0.233928680350775	0.566900443722012	0.233928680350775	0.470306740308573	NA	"prevalence"	18	2
"OTU_893"	"Geese"	"high"	"Geesehigh"	-2.32539975188062	0	1.9536256781446	0.233928680350775	0.566900443722012	0.233928680350775	0.470306740308573	NA	"prevalence"	18	2
"OTU_893"	"Geese"	"low"	"Geeselow"	-2.32539975188062	0	1.9536256781446	0.233928680350775	0.566900443722012	0.233928680350775	0.470306740308573	NA	"prevalence"	18	2
"OTU_90"	"Geese"	"low"	"Geeselow"	-2.32539975188062	0	1.9536256781446	0.233928680350774	0.566900443722012	0.0303596051110604	0.300950284637266	NA	"prevalence"	18	16
"OTU_903"	"Geese"	"low"	"Geeselow"	2.32539975188062	0	1.9536256781446	0.233928680350774	0.566900443722012	0.233928680350774	0.470306740308573	NA	"prevalence"	18	2
"OTU_905"	"Geese"	"low"	"Geeselow"	-2.32539975188062	0	1.9536256781446	0.233928680350774	0.566900443722012	0.233928680350774	0.470306740308573	NA	"prevalence"	18	3
"OTU_915"	"Geese"	"high"	"Geesehigh"	-2.32539975188062	0	1.9536256781446	0.233928680350775	0.566900443722012	0.233928680350775	0.470306740308573	NA	"prevalence"	18	3
"OTU_916"	"Geese"	"low"	"Geeselow"	2.32539975188062	0	1.9536256781446	0.233928680350774	0.566900443722012	0.233928680350774	0.470306740308573	NA	"prevalence"	18	3
"OTU_917"	"Geese"	"low"	"Geeselow"	2.32539975188062	0	1.9536256781446	0.233928680350774	0.566900443722012	0.233928680350774	0.470306740308573	NA	"prevalence"	18	2
"OTU_92"	"Geese"	"low"	"Geeselow"	2.32539975188062	0	1.9536256781446	0.233928680350774	0.566900443722012	0.233928680350774	0.470306740308573	NA	"prevalence"	18	3
"OTU_930"	"Geese"	"low"	"Geeselow"	2.32539975188062	0	1.9536256781446	0.233928680350775	0.566900443722012	0.233928680350775	0.470306740308573	NA	"prevalence"	18	2
"OTU_941"	"Geese"	"high"	"Geesehigh"	-2.32539975188062	0	1.9536256781446	0.233928680350774	0.566900443722012	0.233928680350774	0.470306740308573	NA	"prevalence"	18	3
"OTU_943"	"Geese"	"low"	"Geeselow"	2.32539975188062	0	1.9536256781446	0.233928680350775	0.566900443722012	0.233928680350775	0.470306740308573	NA	"prevalence"	18	2
"OTU_950"	"Geese"	"low"	"Geeselow"	2.32539975188062	0	1.9536256781446	0.233928680350775	0.566900443722012	0.233928680350775	0.470306740308573	NA	"prevalence"	18	2
"OTU_953"	"Geese"	"high"	"Geesehigh"	-2.32539975188062	0	1.9536256781446	0.233928680350775	0.566900443722012	0.233928680350775	0.470306740308573	NA	"prevalence"	18	3
"OTU_955"	"Geese"	"low"	"Geeselow"	2.32539975188062	0	1.9536256781446	0.233928680350775	0.566900443722012	0.233928680350775	0.470306740308573	NA	"prevalence"	18	3
"OTU_958"	"Geese"	"low"	"Geeselow"	2.32539975188062	0	1.9536256781446	0.233928680350775	0.566900443722012	0.233928680350775	0.470306740308573	NA	"prevalence"	18	2
"OTU_964"	"Geese"	"low"	"Geeselow"	-2.32539975188062	0	1.9536256781446	0.233928680350775	0.566900443722012	0.233928680350775	0.470306740308573	NA	"prevalence"	18	4
"OTU_965"	"Geese"	"high"	"Geesehigh"	-2.32539975188062	0	1.9536256781446	0.233928680350775	0.566900443722012	0.233928680350775	0.470306740308573	NA	"prevalence"	18	2
"OTU_965"	"Geese"	"low"	"Geeselow"	-2.32539975188062	0	1.9536256781446	0.233928680350775	0.566900443722012	0.233928680350775	0.470306740308573	NA	"prevalence"	18	2
"OTU_970"	"Geese"	"high"	"Geesehigh"	-2.32539975188062	0	1.9536256781446	0.233928680350775	0.566900443722012	0.233928680350775	0.470306740308573	NA	"prevalence"	18	2
"OTU_970"	"Geese"	"low"	"Geeselow"	-2.32539975188062	0	1.9536256781446	0.233928680350775	0.566900443722012	0.233928680350775	0.470306740308573	NA	"prevalence"	18	2
"OTU_979"	"Geese"	"high"	"Geesehigh"	-2.32539975188062	0	1.9536256781446	0.233928680350775	0.566900443722012	0.233928680350775	0.470306740308573	NA	"prevalence"	18	3
"OTU_980"	"Geese"	"high"	"Geesehigh"	-2.32539975188062	0	1.9536256781446	0.233928680350775	0.566900443722012	0.233928680350775	0.470306740308573	NA	"prevalence"	18	3
"OTU_982"	"Geese"	"high"	"Geesehigh"	-2.32539975188062	0	1.9536256781446	0.233928680350775	0.566900443722012	0.233928680350775	0.470306740308573	NA	"prevalence"	18	7
"OTU_986"	"Geese"	"high"	"Geesehigh"	-2.32539975188062	0	1.9536256781446	0.233928680350775	0.566900443722012	0.233928680350775	0.470306740308573	NA	"prevalence"	18	3
"OTU_987"	"Geese"	"low"	"Geeselow"	2.32539975188062	0	1.9536256781446	0.233928680350775	0.566900443722012	0.233928680350775	0.470306740308573	NA	"prevalence"	18	2
"OTU_989"	"Geese"	"high"	"Geesehigh"	-2.32539975188062	0	1.9536256781446	0.233928680350775	0.566900443722012	0.233928680350775	0.470306740308573	NA	"prevalence"	18	4
"OTU_997"	"Geese"	"high"	"Geesehigh"	-2.32539975188062	0	1.9536256781446	0.233928680350775	0.566900443722012	0.233928680350775	0.470306740308573	NA	"prevalence"	18	2
"OTU_997"	"Geese"	"low"	"Geeselow"	-2.32539975188062	0	1.9536256781446	0.233928680350775	0.566900443722012	0.233928680350775	0.470306740308573	NA	"prevalence"	18	2
"OTU_999"	"Geese"	"high"	"Geesehigh"	-2.32539975188062	0	1.9536256781446	0.233928680350775	0.566900443722012	0.233928680350775	0.470306740308573	NA	"prevalence"	18	4
"OTU_1031"	"Geese"	"low"	"Geeselow"	-2.09434792048409	0.830285980745297	1.78224127482209	0.24286433800089	0.56732176934003	0.42674558932917	0.647560446525157	NA	"abundance"	18	4
"OTU_126"	"Geese"	"high"	"Geesehigh"	-0.502714571485111	0.71715364990908	1.01995835987611	0.25566311412611	0.56732176934003	0.44596260032756	0.647560446525157	NA	"abundance"	18	16
"OTU_165"	"Geese"	"low"	"Geeselow"	-0.44650875221738	0.830285980745297	1.07187796601626	0.259766555857655	0.56732176934003	0.452054448173162	0.647560446525157	NA	"abundance"	18	14
"OTU_1745"	"Geese"	"low"	"Geeselow"	6.23573583183809	0.830285980745297	2.32195334233998	0.258444986188396	0.56732176934003	0.450096161490871	0.647560446525157	NA	"abundance"	18	3
"OTU_203"	"Geese"	"low"	"Geeselow"	-0.456701148493887	0.830285980745297	1.07859758341644	0.254157638470756	0.56732176934003	0.44371917174848	0.647560446525157	NA	"abundance"	18	17
"OTU_255"	"Geese"	"low"	"Geeselow"	-2.83409731644311	0.830285980745297	2.81658267442162	0.250024586830751	0.56732176934003	0.0636390835843028	0.371342225006612	NA	"abundance"	18	7
"OTU_257"	"Geese"	"high"	"Geesehigh"	2.25562168997914	0.71715364990908	1.28916683556286	0.262175730438382	0.56732176934003	0.240935830076112	0.470306740308573	NA	"abundance"	18	13
"OTU_284"	"Geese"	"low"	"Geeselow"	0.0781972084073153	0.830285980745297	0.609330050206586	0.241418231662687	0.56732176934003	0.424553700746235	0.647560446525157	NA	"abundance"	18	17
"OTU_292"	"Geese"	"low"	"Geeselow"	3.81097500843721	0.830285980745297	2.3219659408043	0.240245093937809	0.56732176934003	0.212397171168328	0.470306740308573	NA	"abundance"	18	10
"OTU_381"	"Geese"	"high"	"Geesehigh"	3.64577443200756	0.71715364990908	2.32632210382198	0.248842854513859	0.56732176934003	0.0839339753788885	0.401566478048725	NA	"abundance"	18	10
"OTU_398"	"Geese"	"low"	"Geeselow"	-0.269871702712764	0.830285980745297	0.879850293565377	0.248284346757309	0.56732176934003	0.413134733210895	0.647560446525157	NA	"abundance"	18	11
"OTU_399"	"Geese"	"high"	"Geesehigh"	-0.271844713964664	0.71715364990908	0.770174865905696	0.245764636977328	0.56732176934003	0.240935830076112	0.470306740308573	NA	"abundance"	18	10
"OTU_434"	"Geese"	"low"	"Geeselow"	-1.23207034155877	0.830285980745297	1.6067083878265	0.25585775027431	0.56732176934003	0.446252312173189	0.647560446525157	NA	"abundance"	18	7
"OTU_445"	"Geese"	"high"	"Geesehigh"	-0.745068355108075	0.71715364990908	0.577965116729776	0.246022957669897	0.56732176934003	0.43151861963915	0.647560446525157	NA	"abundance"	18	4
"OTU_45"	"Geese"	"high"	"Geesehigh"	-0.583229790732456	0.71715364990908	1.10095240749645	0.257903877476597	0.56732176934003	0.257903877476597	0.498115140667201	NA	"abundance"	18	18
"OTU_453"	"Geese"	"high"	"Geesehigh"	-0.977146672191896	0.71715364990908	1.25983413297862	0.238099738719918	0.56732176934003	0.419507991861342	0.647560446525157	NA	"abundance"	18	8
"OTU_46"	"Geese"	"low"	"Geeselow"	-0.415470789674927	0.830285980745297	1.05868653065178	0.259019093575693	0.56732176934003	0.259019093575693	0.499829463525678	NA	"abundance"	18	18
"OTU_491"	"Geese"	"low"	"Geeselow"	-1.79726855832556	0.830285980745297	1.8629197334011	0.25341824324112	0.56732176934003	0.442615680474824	0.647560446525157	NA	"abundance"	18	5
"OTU_510"	"Geese"	"low"	"Geeselow"	2.04528691239265	0.830285980745297	0.970278032354468	0.243616488986626	0.56732176934003	0.427883984267081	0.647560446525157	NA	"abundance"	18	12
"OTU_567"	"Geese"	"high"	"Geesehigh"	-1.62946612174399	0.71715364990908	1.75614913134115	0.252427102004619	0.56732176934003	0.441134762182788	0.647560446525157	NA	"abundance"	18	7
"OTU_590"	"Geese"	"low"	"Geeselow"	-0.32637091666538	0.830285980745297	0.937233420082235	0.258862238139504	0.56732176934003	0.450714817944414	0.647560446525157	NA	"abundance"	18	10
"OTU_62"	"Geese"	"high"	"Geesehigh"	-3.93057785829863	0.71715364990908	3.6641727022589	0.24040945891344	0.56732176934003	0.0636390835843034	0.371342225006612	NA	"abundance"	18	11
"OTU_71"	"Geese"	"high"	"Geesehigh"	-3.87986385358249	0.71715364990908	3.18129658223153	0.244210949621246	0.56732176934003	0.428782911327582	0.647560446525157	NA	"abundance"	18	5
"OTU_755"	"Geese"	"high"	"Geesehigh"	-0.22221900197918	0.71715364990908	0.724411624263656	0.248228504454412	0.56732176934003	0.43483961848515	0.647560446525157	NA	"abundance"	18	9
"OTU_81"	"Geese"	"high"	"Geesehigh"	1.89117299294343	0.71715364990908	0.942142651846563	0.238875162119777	0.56732176934003	0.420688981161804	0.647560446525157	NA	"abundance"	18	16
"OTU_884"	"Geese"	"low"	"Geeselow"	2.71925096569478	0.830285980745297	1.42621787733856	0.256419555513351	0.56732176934003	0.447088122577038	0.647560446525157	NA	"abundance"	18	7
"OTU_1024"	"Geese"	"high"	"Geesehigh"	1.38629434780562	0	1.23991189469566	0.263541900850172	0.56732176934003	0.457629468196622	0.647560446525157	NA	"prevalence"	18	7
"OTU_1024"	"Geese"	"low"	"Geeselow"	1.38629434780562	0	1.23991189469566	0.263541900850172	0.56732176934003	0.457629468196622	0.647560446525157	NA	"prevalence"	18	7
"OTU_1028"	"Geese"	"high"	"Geesehigh"	-1.38629436111989	0	1.23995967374376	0.263560295466926	0.56732176934003	0.45765656158724	0.647560446525157	NA	"prevalence"	18	6
"OTU_1031"	"Geese"	"low"	"Geeselow"	-1.38629436111989	0	1.23995967676372	0.263560296629867	0.56732176934003	0.42674558932917	0.647560446525157	NA	"prevalence"	18	4
"OTU_1037"	"Geese"	"low"	"Geeselow"	-1.38629436111989	0	1.23995967676372	0.263560296629867	0.56732176934003	0.45765656330011	0.647560446525157	NA	"prevalence"	18	4
"OTU_1044"	"Geese"	"low"	"Geeselow"	-1.38629436111989	0	1.23995967676372	0.263560296629867	0.56732176934003	0.157450345832995	0.470306740308573	NA	"prevalence"	18	4
"OTU_1049"	"Geese"	"low"	"Geeselow"	1.38629436111989	0	1.23995967374376	0.263560295466926	0.56732176934003	0.45765656158724	0.647560446525157	NA	"prevalence"	18	6
"OTU_1079"	"Geese"	"low"	"Geeselow"	-1.38629436111989	0	1.23995967676372	0.263560296629867	0.56732176934003	0.45765656330011	0.647560446525157	NA	"prevalence"	18	4
"OTU_1097"	"Geese"	"low"	"Geeselow"	-1.38629436111989	0	1.23995967676372	0.263560296629867	0.56732176934003	0.346413719891331	0.647560446525157	NA	"prevalence"	18	4
"OTU_1101"	"Geese"	"high"	"Geesehigh"	-1.38629436111989	0	1.23995967374376	0.263560295466926	0.56732176934003	0.45765656158724	0.647560446525157	NA	"prevalence"	18	6
"OTU_1112"	"Geese"	"low"	"Geeselow"	-1.38629436111989	0	1.23995967676372	0.263560296629867	0.56732176934003	0.45765656330011	0.647560446525157	NA	"prevalence"	18	4
"OTU_1123"	"Geese"	"high"	"Geesehigh"	-1.38629436111989	0	1.23995967374376	0.263560295466926	0.56732176934003	0.457656561587239	0.647560446525157	NA	"prevalence"	18	6
"OTU_1162"	"Geese"	"high"	"Geesehigh"	1.38629436111989	0	1.23995967374376	0.263560295466926	0.56732176934003	0.457656561587239	0.647560446525157	NA	"prevalence"	18	6
"OTU_1189"	"Geese"	"high"	"Geesehigh"	-1.38629434780562	0	1.23991189469566	0.263541900850172	0.56732176934003	0.457629468196622	0.647560446525157	NA	"prevalence"	18	5
"OTU_1189"	"Geese"	"low"	"Geeselow"	-1.38629434780562	0	1.23991189469566	0.263541900850172	0.56732176934003	0.457629468196621	0.647560446525157	NA	"prevalence"	18	5
"OTU_1246"	"Geese"	"high"	"Geesehigh"	-1.38629436111989	0	1.23995967676372	0.263560296629867	0.56732176934003	0.0243488920184344	0.300950284637266	NA	"prevalence"	18	4
"OTU_1250"	"Geese"	"low"	"Geeselow"	-1.38629436111989	0	1.23995967676372	0.263560296629867	0.56732176934003	0.45765656330011	0.647560446525157	NA	"prevalence"	18	4
"OTU_1264"	"Geese"	"low"	"Geeselow"	1.38629436111989	0	1.23995967676372	0.263560296629867	0.56732176934003	0.358136571056983	0.647560446525157	NA	"prevalence"	18	4
"OTU_1289"	"Geese"	"high"	"Geesehigh"	-1.38629436111989	0	1.23995967374376	0.263560295466926	0.56732176934003	0.457656561587239	0.647560446525157	NA	"prevalence"	18	12
"OTU_1375"	"Geese"	"high"	"Geesehigh"	1.38629434780562	0	1.23991189469566	0.263541900850172	0.56732176934003	0.190952903192589	0.470306740308573	NA	"prevalence"	18	11
"OTU_1405"	"Geese"	"low"	"Geeselow"	-1.38629436111989	0	1.23995967676372	0.263560296629867	0.56732176934003	0.45765656330011	0.647560446525157	NA	"prevalence"	18	4
"OTU_1411"	"Geese"	"low"	"Geeselow"	1.38629434780562	0	1.23991189469566	0.263541900850172	0.56732176934003	0.457629468196622	0.647560446525157	NA	"prevalence"	18	5
"OTU_145"	"Geese"	"high"	"Geesehigh"	1.38629434780562	0	1.23991189469566	0.263541900850172	0.56732176934003	0.402970436799158	0.647560446525157	NA	"prevalence"	18	13
"OTU_145"	"Geese"	"low"	"Geeselow"	1.38629434780562	0	1.23991189469566	0.263541900850171	0.56732176934003	0.457629468196621	0.647560446525157	NA	"prevalence"	18	13
"OTU_148"	"Geese"	"low"	"Geeselow"	1.38629436111989	0	1.23995967676372	0.263560296629867	0.56732176934003	0.45765656330011	0.647560446525157	NA	"prevalence"	18	10
"OTU_1486"	"Geese"	"high"	"Geesehigh"	1.38629434780562	0	1.23991189469566	0.263541900850172	0.56732176934003	0.457629468196622	0.647560446525157	NA	"prevalence"	18	5
"OTU_1520"	"Geese"	"low"	"Geeselow"	-1.38629436111989	0	1.23995967676372	0.263560296629867	0.56732176934003	0.45765656330011	0.647560446525157	NA	"prevalence"	18	4
"OTU_1538"	"Geese"	"low"	"Geeselow"	-1.38629434780562	0	1.23991189469566	0.263541900850172	0.56732176934003	0.457629468196622	0.647560446525157	NA	"prevalence"	18	9
"OTU_154"	"Geese"	"low"	"Geeselow"	-1.38629436111989	0	1.23995967374376	0.263560295466926	0.56732176934003	0.45765656158724	0.647560446525157	NA	"prevalence"	18	12
"OTU_156"	"Geese"	"high"	"Geesehigh"	-1.38629436111989	0	1.23995967676372	0.263560296629867	0.56732176934003	0.06405633275077	0.371342225006612	NA	"prevalence"	18	4
"OTU_1578"	"Geese"	"high"	"Geesehigh"	1.38629436111989	0	1.23995967676372	0.263560296629867	0.56732176934003	0.45765656330011	0.647560446525157	NA	"prevalence"	18	4
"OTU_1606"	"Geese"	"high"	"Geesehigh"	-1.38629434780562	0	1.23991189469566	0.263541900850172	0.56732176934003	0.457629468196622	0.647560446525157	NA	"prevalence"	18	5
"OTU_1606"	"Geese"	"low"	"Geeselow"	-1.38629434780562	0	1.23991189469566	0.263541900850172	0.56732176934003	0.457629468196622	0.647560446525157	NA	"prevalence"	18	5
"OTU_1677"	"Geese"	"low"	"Geeselow"	1.38629436111989	0	1.23995967676372	0.263560296629867	0.56732176934003	0.45765656330011	0.647560446525157	NA	"prevalence"	18	4
"OTU_168"	"Geese"	"low"	"Geeselow"	-1.38629436111989	0	1.23995967676372	0.263560296629867	0.56732176934003	0.45765656330011	0.647560446525157	NA	"prevalence"	18	4
"OTU_1706"	"Geese"	"high"	"Geesehigh"	1.38629436111989	0	1.23995967676372	0.263560296629867	0.56732176934003	0.45765656330011	0.647560446525157	NA	"prevalence"	18	4
"OTU_178"	"Geese"	"low"	"Geeselow"	-1.38629436111989	0	1.23995967676373	0.263560296629867	0.56732176934003	0.457656563300111	0.647560446525157	NA	"prevalence"	18	4
"OTU_193"	"Geese"	"high"	"Geesehigh"	1.38629436111989	0	1.23995967374376	0.263560295466926	0.56732176934003	0.457656561587239	0.647560446525157	NA	"prevalence"	18	12
"OTU_196"	"Geese"	"high"	"Geesehigh"	-1.38629436111989	0	1.23995967374376	0.263560295466926	0.56732176934003	0.457656561587238	0.647560446525157	NA	"prevalence"	18	12
"OTU_20"	"Geese"	"high"	"Geesehigh"	-1.38629436111989	0	1.23995967374376	0.263560295466926	0.56732176934003	0.0400139693757205	0.354617255729507	NA	"prevalence"	18	8
"OTU_206"	"Geese"	"high"	"Geesehigh"	-1.38629436111989	0	1.23995967676372	0.263560296629867	0.56732176934003	0.45765656330011	0.647560446525157	NA	"prevalence"	18	10
"OTU_208"	"Geese"	"high"	"Geesehigh"	-1.38629436111989	0	1.23995967374376	0.263560295466926	0.56732176934003	0.457656561587239	0.647560446525157	NA	"prevalence"	18	12
"OTU_227"	"Geese"	"low"	"Geeselow"	-1.38629436111989	0	1.23995967676372	0.263560296629867	0.56732176934003	0.45765656330011	0.647560446525157	NA	"prevalence"	18	10
"OTU_232"	"Geese"	"low"	"Geeselow"	-1.38629436111989	0	1.23995967374376	0.263560295466926	0.56732176934003	0.121623885961923	0.413840882563828	NA	"prevalence"	18	8
"OTU_245"	"Geese"	"low"	"Geeselow"	-1.38629436111989	0	1.23995967676372	0.263560296629867	0.56732176934003	0.45765656330011	0.647560446525157	NA	"prevalence"	18	14
"OTU_25"	"Geese"	"low"	"Geeselow"	1.38629436111989	0	1.23995967676372	0.263560296629867	0.56732176934003	0.457656563300111	0.647560446525157	NA	"prevalence"	18	4
"OTU_250"	"Geese"	"high"	"Geesehigh"	-1.38629434780562	0	1.23991189469566	0.263541900850172	0.56732176934003	0.0851317476964669	0.405529973842606	NA	"prevalence"	18	13
"OTU_252"	"Geese"	"low"	"Geeselow"	1.38629436111989	0	1.23995967676372	0.263560296629867	0.56732176934003	0.372652563856237	0.647560446525157	NA	"prevalence"	18	4
"OTU_253"	"Geese"	"high"	"Geesehigh"	-1.38629436111989	0	1.23995967374376	0.263560295466926	0.56732176934003	0.158121825360265	0.470306740308573	NA	"prevalence"	18	12
"OTU_260"	"Geese"	"high"	"Geesehigh"	-1.38629436111989	0	1.23995967374376	0.263560295466926	0.56732176934003	0.45765656158724	0.647560446525157	NA	"prevalence"	18	8
"OTU_262"	"Geese"	"high"	"Geesehigh"	-1.38629434780562	0	1.23991189469566	0.263541900850172	0.56732176934003	0.231561952926884	0.470306740308573	NA	"prevalence"	18	11
"OTU_262"	"Geese"	"low"	"Geeselow"	-1.38629434780562	0	1.23991189469566	0.263541900850172	0.56732176934003	0.457629468196622	0.647560446525157	NA	"prevalence"	18	11
"OTU_274"	"Geese"	"low"	"Geeselow"	1.38629436111989	0	1.23995967676372	0.263560296629867	0.56732176934003	0.061709350836208	0.371342225006612	NA	"prevalence"	18	14
"OTU_288"	"Geese"	"low"	"Geeselow"	-1.38629436111989	0	1.23995967374376	0.263560295466926	0.56732176934003	0.457656561587239	0.647560446525157	NA	"prevalence"	18	10
"OTU_290"	"Geese"	"high"	"Geesehigh"	1.38629436111989	0	1.23995967676372	0.263560296629867	0.56732176934003	0.45765656330011	0.647560446525157	NA	"prevalence"	18	4
"OTU_293"	"Geese"	"low"	"Geeselow"	-1.38629436111989	0	1.23995967676372	0.263560296629867	0.56732176934003	0.0152157182864495	0.300950284637266	NA	"prevalence"	18	4
"OTU_294"	"Geese"	"low"	"Geeselow"	-1.38629436111989	0	1.23995967676372	0.263560296629867	0.56732176934003	0.45765656330011	0.647560446525157	NA	"prevalence"	18	8
"OTU_299"	"Geese"	"low"	"Geeselow"	-1.38629436111989	0	1.23995967676372	0.263560296629867	0.56732176934003	0.45765656330011	0.647560446525157	NA	"prevalence"	18	8
"OTU_30"	"Geese"	"low"	"Geeselow"	-1.38629434780562	0	1.23991189469566	0.263541900850172	0.56732176934003	0.457629468196622	0.647560446525157	NA	"prevalence"	18	9
"OTU_301"	"Geese"	"high"	"Geesehigh"	1.38629436111989	0	1.23995967374376	0.263560295466926	0.56732176934003	0.457656561587239	0.647560446525157	NA	"prevalence"	18	10
"OTU_308"	"Geese"	"low"	"Geeselow"	-1.38629436111989	0	1.23995967676372	0.263560296629867	0.56732176934003	0.00629171854118335	0.28197171258038	NA	"prevalence"	18	8
"OTU_323"	"Geese"	"high"	"Geesehigh"	-1.38629434780562	0	1.23991189469566	0.263541900850172	0.56732176934003	0.457629468196622	0.647560446525157	NA	"prevalence"	18	11
"OTU_323"	"Geese"	"low"	"Geeselow"	-1.38629434780562	0	1.23991189469566	0.263541900850172	0.56732176934003	0.457629468196622	0.647560446525157	NA	"prevalence"	18	11
"OTU_352"	"Geese"	"low"	"Geeselow"	-1.38629436111989	0	1.23995967374376	0.263560295466926	0.56732176934003	0.457656561587239	0.647560446525157	NA	"prevalence"	18	10
"OTU_357"	"Geese"	"high"	"Geesehigh"	1.38629436111989	0	1.23995967676372	0.263560296629867	0.56732176934003	0.45765656330011	0.647560446525157	NA	"prevalence"	18	4
"OTU_361"	"Geese"	"high"	"Geesehigh"	-1.38629434780562	0	1.23991189469566	0.263541900850172	0.56732176934003	0.000917986372067278	0.0974567176836012	NA	"prevalence"	18	7
"OTU_365"	"Geese"	"low"	"Geeselow"	-1.38629434780562	0	1.23991189469566	0.263541900850172	0.56732176934003	0.146906651781711	0.452464245880278	NA	"prevalence"	18	13
"OTU_366"	"Geese"	"low"	"Geeselow"	-1.38629436111989	0	1.23995967676372	0.263560296629867	0.56732176934003	0.45765656330011	0.647560446525157	NA	"prevalence"	18	4
"OTU_389"	"Geese"	"low"	"Geeselow"	-1.38629436111989	0	1.23995967374376	0.263560295466926	0.56732176934003	0.457656561587239	0.647560446525157	NA	"prevalence"	18	10
"OTU_395"	"Geese"	"high"	"Geesehigh"	1.38629436111989	0	1.23995967374376	0.263560295466926	0.56732176934003	0.237121151871966	0.470306740308573	NA	"prevalence"	18	10
"OTU_422"	"Geese"	"high"	"Geesehigh"	-1.38629436111989	0	1.23995967374376	0.263560295466926	0.56732176934003	0.457656561587238	0.647560446525157	NA	"prevalence"	18	8
"OTU_424"	"Geese"	"high"	"Geesehigh"	1.38629436111989	0	1.23995967374376	0.263560295466926	0.56732176934003	0.145980677051924	0.450243773603969	NA	"prevalence"	18	10
"OTU_43"	"Geese"	"low"	"Geeselow"	-1.38629436111989	0	1.23995967676372	0.263560296629867	0.56732176934003	0.45765656330011	0.647560446525157	NA	"prevalence"	18	8
"OTU_431"	"Geese"	"low"	"Geeselow"	-1.38629436111989	0	1.23995967676372	0.263560296629867	0.56732176934003	0.23285091583878	0.470306740308573	NA	"prevalence"	18	10
"OTU_432"	"Geese"	"high"	"Geesehigh"	-1.38629434780562	0	1.23991189469566	0.263541900850172	0.56732176934003	0.457629468196622	0.647560446525157	NA	"prevalence"	18	9
"OTU_432"	"Geese"	"low"	"Geeselow"	1.38629434780562	0	1.23991189469566	0.263541900850171	0.56732176934003	0.198253781329029	0.470306740308573	NA	"prevalence"	18	9
"OTU_455"	"Geese"	"low"	"Geeselow"	-1.38629436111989	0	1.23995967676372	0.263560296629867	0.56732176934003	0.160342631332009	0.470306740308573	NA	"prevalence"	18	4
"OTU_467"	"Geese"	"low"	"Geeselow"	-1.38629434780562	0	1.23991189469566	0.263541900850172	0.56732176934003	0.337770055516244	0.635598150740078	NA	"prevalence"	18	9
"OTU_47"	"Geese"	"high"	"Geesehigh"	-1.38629436111989	0	1.23995967676372	0.263560296629867	0.56732176934003	0.45765656330011	0.647560446525157	NA	"prevalence"	18	4
"OTU_474"	"Geese"	"low"	"Geeselow"	1.38629436111989	0	1.23995967676372	0.263560296629867	0.56732176934003	0.45765656330011	0.647560446525157	NA	"prevalence"	18	4
"OTU_481"	"Geese"	"high"	"Geesehigh"	-1.38629436111989	0	1.23995967374376	0.263560295466926	0.56732176934003	0.45765656158724	0.647560446525157	NA	"prevalence"	18	6
"OTU_493"	"Geese"	"low"	"Geeselow"	-1.38629436111989	0	1.23995967676372	0.263560296629867	0.56732176934003	0.457656563300111	0.647560446525157	NA	"prevalence"	18	10
"OTU_497"	"Geese"	"high"	"Geesehigh"	-1.38629434780562	0	1.23991189469566	0.263541900850172	0.56732176934003	0.302939904757969	0.578483505085652	NA	"prevalence"	18	9
"OTU_497"	"Geese"	"low"	"Geeselow"	1.38629434780562	0	1.23991189469566	0.263541900850172	0.56732176934003	0.352286033823585	0.647560446525157	NA	"prevalence"	18	9
"OTU_514"	"Geese"	"low"	"Geeselow"	-1.38629436111989	0	1.23995967676372	0.263560296629867	0.56732176934003	0.457656563300111	0.647560446525157	NA	"prevalence"	18	8
"OTU_516"	"Geese"	"low"	"Geeselow"	-1.38629436111989	0	1.23995967676372	0.263560296629867	0.56732176934003	0.45765656330011	0.647560446525157	NA	"prevalence"	18	4
"OTU_517"	"Geese"	"low"	"Geeselow"	1.38629436111989	0	1.23995967676372	0.263560296629867	0.56732176934003	0.133217167838122	0.417325107806726	NA	"prevalence"	18	8
"OTU_530"	"Geese"	"low"	"Geeselow"	-1.38629436111989	0	1.23995967676372	0.263560296629867	0.56732176934003	0.45765656330011	0.647560446525157	NA	"prevalence"	18	4
"OTU_532"	"Geese"	"low"	"Geeselow"	-1.38629436111989	0	1.23995967676372	0.263560296629867	0.56732176934003	0.457656563300111	0.647560446525157	NA	"prevalence"	18	14
"OTU_541"	"Geese"	"high"	"Geesehigh"	1.38629434780562	0	1.23991189469566	0.263541900850172	0.56732176934003	0.457629468196622	0.647560446525157	NA	"prevalence"	18	9
"OTU_541"	"Geese"	"low"	"Geeselow"	-1.38629434780562	0	1.23991189469566	0.263541900850172	0.56732176934003	0.457629468196621	0.647560446525157	NA	"prevalence"	18	9
"OTU_551"	"Geese"	"low"	"Geeselow"	1.38629436111989	0	1.23995967374376	0.263560295466926	0.56732176934003	0.457656561587239	0.647560446525157	NA	"prevalence"	18	6
"OTU_557"	"Geese"	"low"	"Geeselow"	-1.38629436111989	0	1.23995967676372	0.263560296629867	0.56732176934003	0.147751273618699	0.4544282869281	NA	"prevalence"	18	8
"OTU_566"	"Geese"	"low"	"Geeselow"	-1.38629436111989	0	1.23995967676372	0.263560296629867	0.56732176934003	0.45765656330011	0.647560446525157	NA	"prevalence"	18	4
"OTU_569"	"Geese"	"high"	"Geesehigh"	-1.38629434780562	0	1.23991189469566	0.263541900850172	0.56732176934003	0.457629468196621	0.647560446525157	NA	"prevalence"	18	5
"OTU_569"	"Geese"	"low"	"Geeselow"	-1.38629434780562	0	1.23991189469566	0.263541900850172	0.56732176934003	0.143748335257744	0.444357001837321	NA	"prevalence"	18	5
"OTU_590"	"Geese"	"high"	"Geesehigh"	1.38629436111989	0	1.23995967374376	0.263560295466926	0.56732176934003	0.457656561587239	0.647560446525157	NA	"prevalence"	18	10
"OTU_597"	"Geese"	"low"	"Geeselow"	-1.38629436111989	0	1.23995967676372	0.263560296629867	0.56732176934003	0.45765656330011	0.647560446525157	NA	"prevalence"	18	4
"OTU_603"	"Geese"	"high"	"Geesehigh"	1.38629434780562	0	1.23991189469566	0.263541900850171	0.56732176934003	0.457629468196621	0.647560446525157	NA	"prevalence"	18	7
"OTU_603"	"Geese"	"low"	"Geeselow"	1.38629434780562	0	1.23991189469566	0.263541900850171	0.56732176934003	0.457629468196621	0.647560446525157	NA	"prevalence"	18	7
"OTU_619"	"Geese"	"low"	"Geeselow"	-1.38629436111989	0	1.23995967374376	0.263560295466926	0.56732176934003	0.457656561587239	0.647560446525157	NA	"prevalence"	18	6
"OTU_638"	"Geese"	"low"	"Geeselow"	-1.38629436111989	0	1.23995967374376	0.263560295466926	0.56732176934003	0.370778601109507	0.647560446525157	NA	"prevalence"	18	8
"OTU_644"	"Geese"	"low"	"Geeselow"	1.38629436111989	0	1.23995967374376	0.263560295466926	0.56732176934003	0.457656561587239	0.647560446525157	NA	"prevalence"	18	12
"OTU_646"	"Geese"	"high"	"Geesehigh"	1.38629436111989	0	1.23995967374376	0.263560295466926	0.56732176934003	0.0991542845014594	0.413840882563828	NA	"prevalence"	18	10
"OTU_655"	"Geese"	"low"	"Geeselow"	1.38629436111989	0	1.23995967676372	0.263560296629867	0.56732176934003	0.45765656330011	0.647560446525157	NA	"prevalence"	18	4
"OTU_672"	"Geese"	"high"	"Geesehigh"	1.38629434780562	0	1.23991189469566	0.263541900850172	0.56732176934003	0.457629468196623	0.647560446525157	NA	"prevalence"	18	7
"OTU_672"	"Geese"	"low"	"Geeselow"	1.38629434780562	0	1.23991189469566	0.263541900850172	0.56732176934003	0.457629468196623	0.647560446525157	NA	"prevalence"	18	7
"OTU_677"	"Geese"	"low"	"Geeselow"	-1.38629436111989	0	1.23995967374376	0.263560295466926	0.56732176934003	0.457656561587239	0.647560446525157	NA	"prevalence"	18	10
"OTU_686"	"Geese"	"high"	"Geesehigh"	1.38629436111989	0	1.23995967374376	0.263560295466926	0.56732176934003	0.0923071347782594	0.413840882563828	NA	"prevalence"	18	10
"OTU_687"	"Geese"	"high"	"Geesehigh"	-1.38629434780562	0	1.23991189469566	0.263541900850171	0.56732176934003	0.457629468196621	0.647560446525157	NA	"prevalence"	18	5
"OTU_687"	"Geese"	"low"	"Geeselow"	-1.38629434780562	0	1.23991189469566	0.263541900850172	0.56732176934003	0.457629468196622	0.647560446525157	NA	"prevalence"	18	5
"OTU_689"	"Geese"	"low"	"Geeselow"	-1.38629436111989	0	1.23995967676372	0.263560296629867	0.56732176934003	0.45765656330011	0.647560446525157	NA	"prevalence"	18	4
"OTU_69"	"Geese"	"high"	"Geesehigh"	-1.38629436111989	0	1.23995967374376	0.263560295466927	0.56732176934003	0.45765656158724	0.647560446525157	NA	"prevalence"	18	8
"OTU_708"	"Geese"	"high"	"Geesehigh"	1.38629436111989	0	1.23995967676372	0.263560296629867	0.56732176934003	0.45765656330011	0.647560446525157	NA	"prevalence"	18	4
"OTU_710"	"Geese"	"low"	"Geeselow"	1.38629436111989	0	1.23995967374376	0.263560295466926	0.56732176934003	0.45765656158724	0.647560446525157	NA	"prevalence"	18	6
"OTU_738"	"Geese"	"high"	"Geesehigh"	1.38629434780562	0	1.23991189469566	0.263541900850171	0.56732176934003	0.119257425187394	0.413840882563828	NA	"prevalence"	18	11
"OTU_754"	"Geese"	"high"	"Geesehigh"	-1.38629434780562	0	1.23991189469566	0.263541900850172	0.56732176934003	0.0240201317377883	0.300950284637266	NA	"prevalence"	18	5
"OTU_754"	"Geese"	"low"	"Geeselow"	-1.38629434780562	0	1.23991189469566	0.263541900850172	0.56732176934003	0.228006764722429	0.470306740308573	NA	"prevalence"	18	5
"OTU_758"	"Geese"	"low"	"Geeselow"	1.38629434780562	0	1.23991189469566	0.263541900850171	0.56732176934003	0.457629468196621	0.647560446525157	NA	"prevalence"	18	5
"OTU_765"	"Geese"	"low"	"Geeselow"	-1.38629436111989	0	1.23995967676372	0.263560296629867	0.56732176934003	0.45765656330011	0.647560446525157	NA	"prevalence"	18	4
"OTU_772"	"Geese"	"high"	"Geesehigh"	-1.38629434780562	0	1.23991189469566	0.263541900850172	0.56732176934003	0.457629468196622	0.647560446525157	NA	"prevalence"	18	5
"OTU_772"	"Geese"	"low"	"Geeselow"	-1.38629434780562	0	1.23991189469566	0.263541900850171	0.56732176934003	0.457629468196621	0.647560446525157	NA	"prevalence"	18	5
"OTU_780"	"Geese"	"high"	"Geesehigh"	1.38629436111989	0	1.23995967676372	0.263560296629867	0.56732176934003	0.45765656330011	0.647560446525157	NA	"prevalence"	18	4
"OTU_785"	"Geese"	"high"	"Geesehigh"	-1.38629434780562	0	1.23991189469566	0.263541900850172	0.56732176934003	0.457629468196622	0.647560446525157	NA	"prevalence"	18	11
"OTU_785"	"Geese"	"low"	"Geeselow"	-1.38629434780562	0	1.23991189469566	0.263541900850172	0.56732176934003	0.457629468196621	0.647560446525157	NA	"prevalence"	18	11
"OTU_793"	"Geese"	"low"	"Geeselow"	1.38629436111989	0	1.23995967676372	0.263560296629867	0.56732176934003	0.45765656330011	0.647560446525157	NA	"prevalence"	18	4
"OTU_804"	"Geese"	"high"	"Geesehigh"	1.38629436111989	0	1.23995967676372	0.263560296629867	0.56732176934003	0.45765656330011	0.647560446525157	NA	"prevalence"	18	4
"OTU_813"	"Geese"	"high"	"Geesehigh"	1.38629434780562	0	1.23991189469566	0.263541900850172	0.56732176934003	0.457629468196622	0.647560446525157	NA	"prevalence"	18	9
"OTU_835"	"Geese"	"low"	"Geeselow"	-1.38629436111989	0	1.23995967676372	0.263560296629867	0.56732176934003	0.45765656330011	0.647560446525157	NA	"prevalence"	18	4
"OTU_839"	"Geese"	"low"	"Geeselow"	-1.38629436111989	0	1.23995967676372	0.263560296629867	0.56732176934003	0.45765656330011	0.647560446525157	NA	"prevalence"	18	4
"OTU_848"	"Geese"	"low"	"Geeselow"	1.38629436111989	0	1.23995967676372	0.263560296629867	0.56732176934003	0.390315717712692	0.647560446525157	NA	"prevalence"	18	4
"OTU_857"	"Geese"	"low"	"Geeselow"	-1.38629436111989	0	1.23995967676372	0.263560296629867	0.56732176934003	0.45765656330011	0.647560446525157	NA	"prevalence"	18	8
"OTU_868"	"Geese"	"high"	"Geesehigh"	-1.38629436111989	0	1.23995967676372	0.263560296629867	0.56732176934003	0.45765656330011	0.647560446525157	NA	"prevalence"	18	4
"OTU_880"	"Geese"	"high"	"Geesehigh"	1.38629434780562	0	1.23991189469566	0.263541900850172	0.56732176934003	0.457629468196622	0.647560446525157	NA	"prevalence"	18	7
"OTU_880"	"Geese"	"low"	"Geeselow"	1.38629434780562	0	1.23991189469566	0.263541900850172	0.56732176934003	0.457629468196622	0.647560446525157	NA	"prevalence"	18	7
"OTU_884"	"Geese"	"low"	"Geeselow"	-1.38629434780562	0	1.23991189469566	0.263541900850172	0.56732176934003	0.447088122577038	0.647560446525157	NA	"prevalence"	18	7
"OTU_920"	"Geese"	"low"	"Geeselow"	-1.38629436111989	0	1.23995967676372	0.263560296629867	0.56732176934003	0.45765656330011	0.647560446525157	NA	"prevalence"	18	4
"OTU_928"	"Geese"	"high"	"Geesehigh"	-1.38629434780562	0	1.23991189469566	0.263541900850172	0.56732176934003	0.457629468196621	0.647560446525157	NA	"prevalence"	18	7
"OTU_949"	"Geese"	"low"	"Geeselow"	-1.38629436111989	0	1.23995967374376	0.263560295466926	0.56732176934003	0.457656561587238	0.647560446525157	NA	"prevalence"	18	6
"OTU_961"	"Geese"	"low"	"Geeselow"	-1.38629434780562	0	1.23991189469566	0.263541900850172	0.56732176934003	0.457629468196622	0.647560446525157	NA	"prevalence"	18	9
"OTU_969"	"Geese"	"low"	"Geeselow"	1.38629434780562	0	1.23991189469566	0.263541900850172	0.56732176934003	0.457629468196623	0.647560446525157	NA	"prevalence"	18	5
"OTU_974"	"Geese"	"high"	"Geesehigh"	1.38629434780562	0	1.23991189469566	0.263541900850172	0.56732176934003	0.457629468196622	0.647560446525157	NA	"prevalence"	18	5
"OTU_990"	"Geese"	"low"	"Geeselow"	-1.38629436111989	0	1.23995967676372	0.263560296629867	0.56732176934003	0.39510739033775	0.647560446525157	NA	"prevalence"	18	8
"OTU_994"	"Geese"	"high"	"Geesehigh"	1.38629436111989	0	1.23995967676372	0.263560296629867	0.56732176934003	0.45765656330011	0.647560446525157	NA	"prevalence"	18	4
"OTU_1811"	"Geese"	"low"	"Geeselow"	0.0119025485565307	0.830285980745297	0.682811314360753	0.265948186229373	0.572085651586707	0.461167934700053	0.651689050579997	NA	"abundance"	18	11
"OTU_540"	"Geese"	"high"	"Geesehigh"	2.30315320383832	0.71715364990908	1.30936713079163	0.267184525389888	0.574367784718644	0.0636390835843028	0.371342225006612	NA	"abundance"	18	10
"OTU_1151"	"Geese"	"low"	"Geeselow"	-0.080913624979559	0.830285980745297	0.415738044815817	0.27853568842935	0.583685824387845	0.479489247129888	0.666238838604974	NA	"abundance"	18	3
"OTU_123"	"Geese"	"low"	"Geeselow"	3.36502864341673	0.830285980745297	2.03166594058003	0.280338962910506	0.583685824387845	0.482087991695274	0.666238838604974	NA	"abundance"	18	6
"OTU_161"	"Geese"	"low"	"Geeselow"	-0.605179220833013	0.830285980745297	1.24834030900785	0.271882280061033	0.583685824387845	0.46984458591088	0.663523286598259	NA	"abundance"	18	16
"OTU_201"	"Geese"	"low"	"Geeselow"	-3.89951421278991	0.830285980745297	3.77190892830174	0.278085873363902	0.583685824387845	0.0839339769692004	0.401566478048725	NA	"abundance"	18	6
"OTU_289"	"Geese"	"low"	"Geeselow"	4.46912027430458	0.830285980745297	1.68348044633769	0.276211815636246	0.583685824387845	0.47613066417542	0.666238838604974	NA	"abundance"	18	3
"OTU_339"	"Geese"	"low"	"Geeselow"	2.72837878908661	0.830285980745297	1.54791459290105	0.274840833004627	0.583685824387845	0.474144182522577	0.666238838604974	NA	"abundance"	18	8
"OTU_37"	"Geese"	"low"	"Geeselow"	-0.371005870522362	0.830285980745297	1.05685309067966	0.276429951492132	0.583685824387845	0.476446384902322	0.666238838604974	NA	"abundance"	18	17
"OTU_829"	"Geese"	"high"	"Geesehigh"	2.98979314823219	0.71715364990908	1.86486993728644	0.278097211872283	0.583685824387845	0.0839339753788883	0.401566478048725	NA	"abundance"	18	8
"OTU_1089"	"Geese"	"high"	"Geesehigh"	-1.23807841681245	0	1.14833850352643	0.280967886143935	0.583685824387845	0.482992819243678	0.666238838604974	NA	"prevalence"	18	6
"OTU_1096"	"Geese"	"high"	"Geesehigh"	-1.23807841681243	0	1.14833846297174	0.280967869154581	0.583685824387845	0.482992794811896	0.666238838604974	NA	"prevalence"	18	10
"OTU_1132"	"Geese"	"low"	"Geeselow"	-1.23807841681245	0	1.14833850352643	0.280967886143935	0.583685824387845	0.482992819243678	0.666238838604974	NA	"prevalence"	18	6
"OTU_1153"	"Geese"	"high"	"Geesehigh"	1.23807841681243	0	1.14833846297174	0.280967869154581	0.583685824387845	0.482992794811896	0.666238838604974	NA	"prevalence"	18	9
"OTU_131"	"Geese"	"low"	"Geeselow"	-1.23807841681245	0	1.14833850352643	0.280967886143935	0.583685824387845	0.482992819243678	0.666238838604974	NA	"prevalence"	18	6
"OTU_141"	"Geese"	"low"	"Geeselow"	1.23807841681245	0	1.14833850352643	0.280967886143934	0.583685824387845	0.194055636892828	0.470306740308573	NA	"prevalence"	18	12
"OTU_146"	"Geese"	"low"	"Geeselow"	-1.23807841681245	0	1.14833850352643	0.280967886143934	0.583685824387845	0.355625300814272	0.647560446525157	NA	"prevalence"	18	12
"OTU_151"	"Geese"	"low"	"Geeselow"	1.23807841681245	0	1.14833850352643	0.280967886143934	0.583685824387845	0.482992819243678	0.666238838604974	NA	"prevalence"	18	6
"OTU_1528"	"Geese"	"high"	"Geesehigh"	1.23807841681243	0	1.14833846297174	0.280967869154581	0.583685824387845	0.482992794811896	0.666238838604974	NA	"prevalence"	18	9
"OTU_1662"	"Geese"	"low"	"Geeselow"	-1.23807841681245	0	1.14833850352643	0.280967886143934	0.583685824387845	0.131429141957249	0.413840882563828	NA	"prevalence"	18	6
"OTU_186"	"Geese"	"low"	"Geeselow"	1.23807841681243	0	1.14833846297174	0.28096786915458	0.583685824387845	0.482992794811895	0.666238838604974	NA	"prevalence"	18	8
"OTU_1913"	"Geese"	"low"	"Geeselow"	1.23807841681245	0	1.14833850352643	0.280967886143935	0.583685824387845	0.482992819243679	0.666238838604974	NA	"prevalence"	18	6
"OTU_204"	"Geese"	"low"	"Geeselow"	-1.23807841681243	0	1.14833846297174	0.280967869154581	0.583685824387845	0.127762850844548	0.413840882563828	NA	"prevalence"	18	9
"OTU_218"	"Geese"	"low"	"Geeselow"	-1.23807841681243	0	1.14833846297174	0.280967869154581	0.583685824387845	0.482992794811897	0.666238838604974	NA	"prevalence"	18	7
"OTU_228"	"Geese"	"low"	"Geeselow"	-1.23807841681245	0	1.14833850352643	0.280967886143935	0.583685824387845	0.482992819243679	0.666238838604974	NA	"prevalence"	18	6
"OTU_237"	"Geese"	"low"	"Geeselow"	-1.23807841681245	0	1.14833850352643	0.280967886143934	0.583685824387845	0.482992819243678	0.666238838604974	NA	"prevalence"	18	6
"OTU_287"	"Geese"	"high"	"Geesehigh"	1.23807841681243	0	1.14833846297174	0.280967869154581	0.583685824387845	0.482992794811896	0.666238838604974	NA	"prevalence"	18	9
"OTU_297"	"Geese"	"low"	"Geeselow"	1.23807841681245	0	1.14833850352643	0.280967886143934	0.583685824387845	0.482992819243678	0.666238838604974	NA	"prevalence"	18	6
"OTU_303"	"Geese"	"high"	"Geesehigh"	-1.23807841681243	0	1.14833846297174	0.280967869154581	0.583685824387845	0.482992794811896	0.666238838604974	NA	"prevalence"	18	8
"OTU_303"	"Geese"	"low"	"Geeselow"	-1.23807841681243	0	1.14833846297174	0.280967869154581	0.583685824387845	0.482992794811896	0.666238838604974	NA	"prevalence"	18	8
"OTU_326"	"Geese"	"low"	"Geeselow"	-1.23807841681245	0	1.14833850352643	0.280967886143934	0.583685824387845	0.482992819243678	0.666238838604974	NA	"prevalence"	18	6
"OTU_329"	"Geese"	"low"	"Geeselow"	-1.23807841681243	0	1.14833846297174	0.280967869154581	0.583685824387845	0.386552693375991	0.647560446525157	NA	"prevalence"	18	10
"OTU_339"	"Geese"	"high"	"Geesehigh"	-1.23807841681243	0	1.14833846297174	0.280967869154581	0.583685824387845	0.334512815845535	0.63109118865704	NA	"prevalence"	18	8
"OTU_339"	"Geese"	"low"	"Geeselow"	-1.23807841681243	0	1.14833846297174	0.280967869154581	0.583685824387845	0.474144182522577	0.666238838604974	NA	"prevalence"	18	8
"OTU_377"	"Geese"	"low"	"Geeselow"	1.23807841681243	0	1.14833846297174	0.280967869154581	0.583685824387845	0.482992794811896	0.666238838604974	NA	"prevalence"	18	8
"OTU_406"	"Geese"	"low"	"Geeselow"	1.23807841681245	0	1.14833850352643	0.280967886143935	0.583685824387845	0.482992819243679	0.666238838604974	NA	"prevalence"	18	6
"OTU_408"	"Geese"	"low"	"Geeselow"	1.23807841681245	0	1.14833850352643	0.280967886143934	0.583685824387845	0.482992819243678	0.666238838604974	NA	"prevalence"	18	12
"OTU_414"	"Geese"	"high"	"Geesehigh"	-1.23807841681243	0	1.14833846297174	0.280967869154581	0.583685824387845	0.482992794811896	0.666238838604974	NA	"prevalence"	18	7
"OTU_509"	"Geese"	"high"	"Geesehigh"	1.23807841681245	0	1.14833850352643	0.280967886143934	0.583685824387845	0.00387211981346871	0.21207023802777	NA	"prevalence"	18	6
"OTU_513"	"Geese"	"low"	"Geeselow"	-1.23807841681245	0	1.14833850352643	0.280967886143935	0.583685824387845	0.482992819243678	0.666238838604974	NA	"prevalence"	18	6
"OTU_55"	"Geese"	"low"	"Geeselow"	1.23807841681243	0	1.14833846297174	0.280967869154581	0.583685824387845	0.0115428194255589	0.300950284637266	NA	"prevalence"	18	7
"OTU_578"	"Geese"	"high"	"Geesehigh"	-1.23807841681243	0	1.14833846297174	0.280967869154581	0.583685824387845	0.11036280882857	0.413840882563828	NA	"prevalence"	18	9
"OTU_580"	"Geese"	"low"	"Geeselow"	-1.23807841681245	0	1.14833850352643	0.280967886143934	0.583685824387845	0.482992819243678	0.666238838604974	NA	"prevalence"	18	6
"OTU_611"	"Geese"	"low"	"Geeselow"	-1.23807841681245	0	1.14833850352643	0.280967886143934	0.583685824387845	0.482992819243678	0.666238838604974	NA	"prevalence"	18	6
"OTU_633"	"Geese"	"high"	"Geesehigh"	-1.23807841681245	0	1.14833850352643	0.280967886143934	0.583685824387845	0.482992819243678	0.666238838604974	NA	"prevalence"	18	6
"OTU_680"	"Geese"	"high"	"Geesehigh"	-1.23807841681243	0	1.14833846297174	0.280967869154581	0.583685824387845	0.0841251295800157	0.401606053386336	NA	"prevalence"	18	9
"OTU_719"	"Geese"	"high"	"Geesehigh"	1.23807841681243	0	1.14833846297174	0.280967869154581	0.583685824387845	0.157680082975173	0.470306740308573	NA	"prevalence"	18	7
"OTU_760"	"Geese"	"high"	"Geesehigh"	-1.23807841681243	0	1.14833846297174	0.280967869154581	0.583685824387845	0.482992794811896	0.666238838604974	NA	"prevalence"	18	8
"OTU_760"	"Geese"	"low"	"Geeselow"	-1.23807841681243	0	1.14833846297174	0.280967869154581	0.583685824387845	0.482992794811896	0.666238838604974	NA	"prevalence"	18	8
"OTU_787"	"Geese"	"low"	"Geeselow"	-1.23807841681245	0	1.14833850352643	0.280967886143934	0.583685824387845	0.482992819243678	0.666238838604974	NA	"prevalence"	18	6
"OTU_914"	"Geese"	"low"	"Geeselow"	-1.23807841681243	0	1.14833846297174	0.280967869154581	0.583685824387845	0.482992794811896	0.666238838604974	NA	"prevalence"	18	10
"OTU_932"	"Geese"	"high"	"Geesehigh"	1.23807841681243	0	1.14833846297174	0.280967869154581	0.583685824387845	0.482992794811896	0.666238838604974	NA	"prevalence"	18	7
"OTU_948"	"Geese"	"low"	"Geeselow"	-1.23807841681245	0	1.14833850352643	0.280967886143934	0.583685824387845	0.17490717833836	0.470306740308573	NA	"prevalence"	18	6
"OTU_967"	"Geese"	"low"	"Geeselow"	-1.23807841681243	0	1.14833846297174	0.280967869154581	0.583685824387845	0.387871629326194	0.647560446525157	NA	"prevalence"	18	7
"OTU_984"	"Geese"	"low"	"Geeselow"	-1.23807841681243	0	1.14833846297174	0.280967869154581	0.583685824387845	0.482992794811896	0.666238838604974	NA	"prevalence"	18	7
"OTU_47"	"Geese"	"high"	"Geesehigh"	-6.25899408860305	0.71715364990908	4.79989954041685	0.283414796247057	0.588298652063021	0.45765656330011	0.647560446525157	NA	"abundance"	18	4
"OTU_651"	"Geese"	"low"	"Geeselow"	2.48609716218789	0.830285980745297	1.37622635388401	0.283547731507467	0.588298652063021	0.486696146971903	0.670925761927369	NA	"abundance"	18	8
"OTU_65"	"Geese"	"low"	"Geeselow"	-1.28165587839447	0.830285980745297	1.76596251912206	0.28553638277272	0.592049472576241	0.0636390835843028	0.371342225006612	NA	"abundance"	18	7
"OTU_1206"	"Geese"	"high"	"Geesehigh"	-0.26168102979558	0.71715364990908	0.840009987613404	0.286734963447794	0.593996657110769	0.240935830076111	0.470306740308573	NA	"abundance"	18	10
"OTU_180"	"Geese"	"high"	"Geesehigh"	-1.04514660255795	0.71715364990908	1.5425676917382	0.286980416933706	0.593996657110769	0.240935830076113	0.470306740308573	NA	"abundance"	18	11
"OTU_277"	"Geese"	"low"	"Geeselow"	-3.06845814998424	0.830285980745297	2.71235560518744	0.287019765286877	0.593996657110769	0.491659184908421	0.677342264779731	NA	"abundance"	18	5
"OTU_832"	"Geese"	"high"	"Geesehigh"	-0.359065747330025	0.71715364990908	0.939606436406519	0.288593891535465	0.596877069417001	0.493901348839346	0.680004615706084	NA	"abundance"	18	11
"OTU_603"	"Geese"	"low"	"Geeselow"	2.63804740269676	0.830285980745297	1.47945222292075	0.289184168023214	0.597343196282651	0.457629468196621	0.647560446525157	NA	"abundance"	18	7
"OTU_969"	"Geese"	"high"	"Geesehigh"	-2.79861727440727	0.71715364990908	2.4578738011299	0.289092575464604	0.597343196282651	0.49461063374045	0.680554481011295	NA	"abundance"	18	5
"OTU_1309"	"Geese"	"low"	"Geeselow"	2.85893622515965	0.830285980745297	0.989224472013682	0.289864660698807	0.598268838409975	0.495707799875579	0.68163702475064	NA	"abundance"	18	3
"OTU_335"	"Geese"	"high"	"Geesehigh"	1.74309961001595	0.71715364990908	0.918773885777005	0.2900198005268	0.598268838409975	0.413134733210895	0.647560446525157	NA	"abundance"	18	15
"OTU_417"	"Geese"	"low"	"Geeselow"	2.07872032835341	0.830285980745297	1.0890350428807	0.290180487292315	0.598268838409975	0.496156259379425	0.681826749435055	NA	"abundance"	18	9
"OTU_234"	"Geese"	"low"	"Geeselow"	-0.705678329894076	0.830285980745297	1.37453681596535	0.290515297140998	0.59858217925716	0.413134733210895	0.647560446525157	NA	"abundance"	18	13
"OTU_511"	"Geese"	"high"	"Geesehigh"	2.22871351630099	0.71715364990908	1.33447881865422	0.292058292038523	0.601382923354794	0.212397171168328	0.470306740308573	NA	"abundance"	18	11
"OTU_1060"	"Geese"	"low"	"Geeselow"	2.23167400931134	0.830285980745297	1.22870873701741	0.292267378627416	0.601435196496644	0.499114536645091	0.685463115992883	NA	"abundance"	18	10
"OTU_196"	"Geese"	"low"	"Geeselow"	2.76609917634362	0.830285980745297	1.73036611766344	0.292686569327413	0.601919489935899	0.499707710790176	0.685848833059517	NA	"abundance"	18	12
"OTU_145"	"Geese"	"low"	"Geeselow"	-0.735752659975219	0.830285980745297	1.41234600065763	0.293779599320124	0.602743815270589	0.457629468196621	0.647560446525157	NA	"abundance"	18	13
"OTU_205"	"Geese"	"high"	"Geesehigh"	1.72435763294682	0.71715364990908	0.9141110064097	0.293646303270597	0.602743815270589	0.501064455116706	0.687281413764077	NA	"abundance"	18	17
"OTU_389"	"Geese"	"low"	"Geeselow"	-0.856793296619618	0.830285980745297	1.48378711012079	0.293823802434899	0.602743815270589	0.457656561587239	0.647560446525157	NA	"abundance"	18	10
"OTU_961"	"Geese"	"high"	"Geesehigh"	-0.770784464784825	0.71715364990908	1.28752869140289	0.29361610748681	0.602743815270589	0.0839088199904979	0.401566478048725	NA	"abundance"	18	9
"OTU_486"	"Geese"	"high"	"Geesehigh"	-0.814657454225144	0.71715364990908	1.26804798594537	0.295339949210831	0.605474636015192	0.503454212821806	0.690128246789442	NA	"abundance"	18	7
"OTU_471"	"Geese"	"low"	"Geeselow"	-2.13047366633439	0.830285980745297	2.34812076886376	0.296544208279597	0.607563039992116	0.212397181968111	0.470306740308573	NA	"abundance"	18	5
"OTU_238"	"Geese"	"low"	"Geeselow"	-0.698815290117964	0.830285980745297	1.39553241266511	0.297101997037811	0.608325164666537	0.505934397431766	0.693095406587747	NA	"abundance"	18	14
"OTU_222"	"Geese"	"low"	"Geeselow"	-1.16877751810787	0.830285980745297	1.7781259138525	0.297916664872722	0.609611975495807	0.240935830076112	0.470306740308573	NA	"abundance"	18	9
"OTU_387"	"Geese"	"high"	"Geesehigh"	2.8611911666643	0.71715364990908	1.90586299063571	0.304104328867986	0.621884804943027	0.0636390835843027	0.371342225006612	NA	"abundance"	18	9
"OTU_227"	"Geese"	"low"	"Geeselow"	-2.0012770715506	0.830285980745297	2.55669803945251	0.304514586225642	0.622027542515172	0.45765656330011	0.647560446525157	NA	"abundance"	18	10
"OTU_500"	"Geese"	"high"	"Geesehigh"	1.9088812927645	0.71715364990908	0.601382290998571	0.304554108323708	0.622027542515172	0.516355011750568	0.70692992880564	NA	"abundance"	18	3
"OTU_206"	"Geese"	"high"	"Geesehigh"	-1.97741753805604	0.71715364990908	2.43848244318139	0.306106905642534	0.624809232589561	0.45765656330011	0.647560446525157	NA	"abundance"	18	10
"OTU_166"	"Geese"	"high"	"Geesehigh"	-0.788373980657474	0.71715364990908	1.37701676525324	0.307169671039706	0.626587852326479	0.413134733210895	0.647560446525157	NA	"abundance"	18	11
"OTU_780"	"Geese"	"high"	"Geesehigh"	3.20593807460998	0.71715364990908	1.83493470042554	0.308546757862169	0.629005034396477	0.45765656330011	0.647560446525157	NA	"abundance"	18	4
"OTU_275"	"Geese"	"high"	"Geesehigh"	2.48336780320883	0.71715364990908	1.60817625682312	0.309350293825034	0.630250691962141	0.131650075229063	0.413840882563828	NA	"abundance"	18	10
"OTU_247"	"Geese"	"high"	"Geesehigh"	1.60248359694419	0.71715364990908	0.830141014979857	0.310531963968736	0.63187845995613	0.524633827291192	0.7178167506115	NA	"abundance"	18	16
"OTU_326"	"Geese"	"low"	"Geeselow"	-0.924164453515686	0.830285980745297	1.51024430027036	0.310535260253333	0.63187845995613	0.482992819243678	0.666238838604974	NA	"abundance"	18	6
"OTU_912"	"Geese"	"low"	"Geeselow"	-2.55204380118008	0.830285980745297	3.00162809518884	0.310900023443979	0.632227749537632	0.525141222310492	0.718063589161793	NA	"abundance"	18	8
"OTU_119"	"Geese"	"low"	"Geeselow"	2.62976356203823	0.830285980745297	1.67074480434101	0.312946639353763	0.635994597916958	0.527957679624712	0.721465503706202	NA	"abundance"	18	11
"OTU_1003"	"Geese"	"low"	"Geeselow"	2.39756915128966	0.830285980745297	1.29543245334287	0.313458345749251	0.636639344902636	0.528660556978646	0.721976730799195	NA	"abundance"	18	6
"OTU_395"	"Geese"	"low"	"Geeselow"	2.93169722721702	0.830285980745297	1.93724030420734	0.314134017815677	0.6376161031175	0.529587854482334	0.722793616185958	NA	"abundance"	18	10
"OTU_83"	"Geese"	"high"	"Geesehigh"	4.9481373404227	0.71715364990908	3.7849210898414	0.314357072378634	0.637673516089	0.063639083584303	0.371342225006612	NA	"abundance"	18	8
"OTU_411"	"Geese"	"high"	"Geesehigh"	-0.75005510635737	0.71715364990908	1.38176495666646	0.314943591121097	0.638467688749519	0.530697716653942	0.723858500479538	NA	"abundance"	18	13
"OTU_236"	"Geese"	"low"	"Geeselow"	-0.106020486209202	0.830285980745297	0.895912185232958	0.315537770469881	0.639276398835637	0.531511456346658	0.724518409768629	NA	"abundance"	18	17
"OTU_157"	"Geese"	"high"	"Geesehigh"	-0.414457000669401	0.71715364990908	1.08287876227626	0.315898834373537	0.639612111155819	0.532005595188515	0.724742113544651	NA	"abundance"	18	17
"OTU_657"	"Geese"	"high"	"Geesehigh"	3.44923356955434	0.71715364990908	2.38757861111303	0.316397542125844	0.640225928875162	0.0839339769692004	0.401566478048725	NA	"abundance"	18	6
"OTU_1405"	"Geese"	"low"	"Geeselow"	-0.547162554726566	0.830285980745297	1.04031627641836	0.317425615163557	0.641909489836619	0.45765656330011	0.647560446525157	NA	"abundance"	18	4
"OTU_835"	"Geese"	"low"	"Geeselow"	-1.03287510503179	0.830285980745297	1.41161154905983	0.318042974748467	0.642760925510174	0.45765656330011	0.647560446525157	NA	"abundance"	18	4
"OTU_245"	"Geese"	"low"	"Geeselow"	1.70874000378999	0.830285980745297	0.837088190834335	0.318808453651845	0.643910473322727	0.45765656330011	0.647560446525157	NA	"abundance"	18	14
"OTU_779"	"Geese"	"high"	"Geesehigh"	-0.865914253444901	0.71715364990908	1.19902357141481	0.319430038482544	0.644768154125677	0.536824527480128	0.730853479445977	NA	"abundance"	18	4
"OTU_444"	"Geese"	"low"	"Geeselow"	-0.116047398672793	0.830285980745297	0.889953658143672	0.319982150221755	0.645484633287754	0.413134733210894	0.647560446525157	NA	"abundance"	18	10
"OTU_771"	"Geese"	"low"	"Geeselow"	-1.36060846931045	0.830285980745297	1.67090906003509	0.3204037136096	0.645937043323787	0.538148887524377	0.732202575590788	NA	"abundance"	18	4
"OTU_59"	"Geese"	"low"	"Geeselow"	2.00214367763711	0.830285980745297	1.13467048838463	0.320819182363031	0.646376617265578	0.538713416953979	0.73251681958572	NA	"abundance"	18	17
"OTU_968"	"Geese"	"low"	"Geeselow"	2.59878902304332	0.830285980745297	1.4922101115929	0.321889199824694	0.64813360407506	0.540165742685606	0.734037110728707	NA	"abundance"	18	6
"OTU_157"	"Geese"	"low"	"Geeselow"	-0.332147356624415	0.830285980745297	1.13573282737088	0.323781241269555	0.651542583845436	0.542728190341057	0.737063145324032	NA	"abundance"	18	17
"OTU_1486"	"Geese"	"low"	"Geeselow"	-2.14824106670136	0.830285980745297	2.29716313050728	0.32417420572565	0.651932647141141	0.543259495793444	0.737328709989124	NA	"abundance"	18	5
"OTU_394"	"Geese"	"high"	"Geesehigh"	-2.19436167203598	0.71715364990908	2.66774129707432	0.324857904881506	0.652506000357087	0.212397171168328	0.470306740308573	NA	"abundance"	18	8
"OTU_830"	"Geese"	"high"	"Geesehigh"	1.51000879497307	0.71715364990908	0.750840922034005	0.324786705467379	0.652506000357087	0.544087006886404	0.737995717802683	NA	"abundance"	18	12
"OTU_932"	"Geese"	"low"	"Geeselow"	-0.673559863916406	0.830285980745297	1.34629206514235	0.326844782705526	0.656094309367193	0.546862053429229	0.741301894648511	NA	"abundance"	18	7
"OTU_1157"	"Geese"	"high"	"Geesehigh"	0.060346645392859	0.71715364990908	0.577640838176638	0.328814062726363	0.659642917503746	0.0839339769692004	0.401566478048725	NA	"abundance"	18	6
"OTU_1089"	"Geese"	"high"	"Geesehigh"	2.03451155558556	0.71715364990908	1.18392242869785	0.331314160021126	0.663942130108344	0.482992819243678	0.666238838604974	NA	"abundance"	18	6
"OTU_457"	"Geese"	"low"	"Geeselow"	-0.762863049831089	0.830285980745297	1.50640194450304	0.331362688025972	0.663942130108344	0.131650075229062	0.413840882563828	NA	"abundance"	18	8
"OTU_79"	"Geese"	"low"	"Geeselow"	1.93551004433553	0.830285980745297	1.09936877174637	0.332986722557876	0.666788091531796	0.555093287715916	0.751995595203055	NA	"abundance"	18	17
"OTU_456"	"Geese"	"high"	"Geesehigh"	-2.76463257401584	0.71715364990908	2.7533486906799	0.333473814592545	0.667355298885081	0.555742844166187	0.752411396910571	NA	"abundance"	18	5
"OTU_945"	"Geese"	"low"	"Geeselow"	-0.419336399584557	0.830285980745297	1.09251487173578	0.336802127997121	0.673604255994241	0.560168582570852	0.757936048875904	NA	"abundance"	18	6
"OTU_86"	"Geese"	"high"	"Geesehigh"	2.18058537760938	0.71715364990908	1.42836374232129	0.337171279477539	0.673930872411148	0.413134733210894	0.647560446525157	NA	"abundance"	18	11
"OTU_554"	"Geese"	"high"	"Geesehigh"	-2.64350720006343	0.71715364990908	2.97870025158855	0.341383680338152	0.681934209534538	0.212397181968111	0.470306740308573	NA	"abundance"	18	5
"OTU_1035"	"Geese"	"high"	"Geesehigh"	1.52528364437795	0.71715364990908	0.707600837735934	0.342418068914052	0.683583388795492	0.567586003909276	0.767499300852691	NA	"abundance"	18	6
"OTU_1032"	"Geese"	"low"	"Geeselow"	-0.713134748716828	0.830285980745297	1.37290192638121	0.343022720732078	0.683714688615817	0.568380854525719	0.767784220647329	NA	"abundance"	18	5
"OTU_5"	"Geese"	"low"	"Geeselow"	0.165041750717344	0.830285980745297	0.674671996440438	0.34286700246602	0.683714688615817	0.34286700246602	0.64408548966243	NA	"abundance"	18	18
"OTU_788"	"Geese"	"low"	"Geeselow"	2.61011044494223	0.830285980745297	1.06175513300277	0.343110333963283	0.683714688615817	0.56849596665417	0.767784220647329	NA	"abundance"	18	3
"OTU_1041"	"Geese"	"high"	"Geesehigh"	-0.670265426426774	0.71715364990908	1.28948562205468	0.343652635789731	0.684161043848101	0.0839339769692004	0.401566478048725	NA	"abundance"	18	6
"OTU_816"	"Geese"	"high"	"Geesehigh"	-3.89388675017071	0.71715364990908	3.74956690542532	0.343752265464302	0.684161043848101	0.569338910916765	0.768450060462947	NA	"abundance"	18	5
"OTU_572"	"Geese"	"low"	"Geeselow"	-0.389530657562539	0.830285980745297	1.20110707702433	0.34429046114716	0.684815899025397	0.570045000657396	0.768930480002237	NA	"abundance"	18	9
"OTU_133"	"Geese"	"high"	"Geesehigh"	1.74994706685503	0.71715364990908	1.02880783334382	0.344637910897304	0.685090783410913	0.240935830076112	0.470306740308573	NA	"abundance"	18	12
"OTU_1153"	"Geese"	"high"	"Geesehigh"	-0.288961105915805	0.71715364990908	0.977522664885626	0.346343340414	0.687177090702754	0.482992794811896	0.666238838604974	NA	"abundance"	18	9
"OTU_1423"	"Geese"	"low"	"Geeselow"	1.5922259804006	0.830285980745297	0.450287358968622	0.346526993509544	0.687177090702754	0.572973029788325	0.771931762831387	NA	"abundance"	18	4
"OTU_198"	"Geese"	"high"	"Geesehigh"	-0.242147292808842	0.71715364990908	0.97599203668277	0.346149075657452	0.687177090702754	0.572478968736395	0.771739604263428	NA	"abundance"	18	17
"OTU_241"	"Geese"	"low"	"Geeselow"	-0.193643236736622	0.830285980745297	1.03943196181332	0.346327448489185	0.687177090702754	0.413134733210894	0.647560446525157	NA	"abundance"	18	14
"OTU_218"	"Geese"	"high"	"Geesehigh"	-3.22212194181917	0.71715364990908	3.70636753413199	0.347428945848694	0.688099740589924	0.212397171168329	0.470306740308573	NA	"abundance"	18	7
"OTU_819"	"Geese"	"low"	"Geeselow"	1.84927169126312	0.830285980745297	1.03054693363665	0.347579147951183	0.688099740589924	0.574347031811896	0.773308449944158	NA	"abundance"	18	13
"OTU_87"	"Geese"	"low"	"Geeselow"	0.150329063777694	0.830285980745297	0.696382393136762	0.347622776706089	0.688099740589924	0.347622776706089	0.647560446525157	NA	"abundance"	18	18
"OTU_1101"	"Geese"	"low"	"Geeselow"	-0.243817294056538	0.830285980745297	0.968381761637659	0.349530931196528	0.691041225082992	0.576889990529945	0.776256384316029	NA	"abundance"	18	6
"OTU_323"	"Geese"	"low"	"Geeselow"	-1.21264550310373	0.830285980745297	2.05473844313269	0.349465118788923	0.691041225082992	0.457629468196622	0.647560446525157	NA	"abundance"	18	11
"OTU_8"	"Geese"	"high"	"Geesehigh"	-0.156269097523726	0.71715364990908	0.897752106821845	0.350227510911318	0.69200052548199	0.350227510911318	0.647560446525157	NA	"abundance"	18	18
"OTU_1258"	"Geese"	"low"	"Geeselow"	-0.37395577728064	0.830285980745297	1.00319987313224	0.353962680741265	0.698958876204404	0.582635782124987	0.783507763347503	NA	"abundance"	18	5
"OTU_39"	"Geese"	"high"	"Geesehigh"	-0.0359941367161813	0.71715364990908	0.775527628616406	0.354746107673291	0.699661901519491	0.583647414437232	0.78390808691386	NA	"abundance"	18	17
"OTU_7"	"Geese"	"low"	"Geeselow"	3.65641239750477	0.830285980745297	2.81854023116022	0.354703370861818	0.699661901519491	0.583592260422899	0.78390808691386	NA	"abundance"	18	9
"OTU_785"	"Geese"	"low"	"Geeselow"	-0.126116074450961	0.830285980745297	0.97265854520063	0.355387959929053	0.700084344649651	0.457629468196621	0.647560446525157	NA	"abundance"	18	11
"OTU_984"	"Geese"	"low"	"Geeselow"	0.0977432798313056	0.830285980745297	0.698535410491728	0.355346779007069	0.700084344649651	0.482992794811896	0.666238838604974	NA	"abundance"	18	7
"OTU_357"	"Geese"	"high"	"Geesehigh"	2.18757010919409	0.71715364990908	1.22800149637167	0.355856790523989	0.700586369317824	0.45765656330011	0.647560446525157	NA	"abundance"	18	4
"OTU_456"	"Geese"	"low"	"Geeselow"	-3.1648841302592	0.830285980745297	3.37214968806295	0.358027357697309	0.704325124224411	0.587871126534901	0.789098407011395	NA	"abundance"	18	5
"OTU_638"	"Geese"	"high"	"Geesehigh"	1.52300038942132	0.71715364990908	0.787911318617742	0.358327586727789	0.704325124224411	0.588256514045417	0.789133356654695	NA	"abundance"	18	8
"OTU_772"	"Geese"	"low"	"Geeselow"	-1.87391602193498	0.830285980745297	2.28666538608518	0.358401239144126	0.704325124224411	0.457629468196621	0.647560446525157	NA	"abundance"	18	5
"OTU_101"	"Geese"	"low"	"Geeselow"	-0.579630512089339	0.830285980745297	1.45748312624022	0.358883537134552	0.704849850377038	0.588969681042896	0.789607704255311	NA	"abundance"	18	11
"OTU_1307"	"Geese"	"high"	"Geesehigh"	0.395953356216951	0.71715364990908	0.297469679025239	0.359380371987051	0.705402480746765	0.212397171168329	0.470306740308573	NA	"abundance"	18	9
"OTU_103"	"Geese"	"low"	"Geeselow"	-0.519745871049196	0.830285980745297	1.58682717808571	0.416959051560971	0.706511389871757	0.660063252443317	0.869004138108828	NA	"abundance"	18	12
"OTU_1035"	"Geese"	"low"	"Geeselow"	1.69221277977257	0.830285980745297	0.949346144468007	0.431984887513845	0.706511389871757	0.67735883198734	0.884383933949754	NA	"abundance"	18	6
"OTU_1050"	"Geese"	"low"	"Geeselow"	1.94185930695916	0.830285980745297	1.23794731104709	0.420546948727245	0.706511389871757	0.664234161370694	0.873448034952123	NA	"abundance"	18	7
"OTU_1071"	"Geese"	"high"	"Geesehigh"	-1.36015445099842	0.71715364990908	2.30657859397024	0.434396398401256	0.706511389871757	0.680092565858529	0.884383933949754	NA	"abundance"	18	6
"OTU_1114"	"Geese"	"low"	"Geeselow"	-0.467297338599368	0.830285980745297	1.39661043624783	0.405504173192136	0.706511389871757	0.646574711908034	0.853805211876153	NA	"abundance"	18	7
"OTU_1123"	"Geese"	"high"	"Geesehigh"	2.05300267403361	0.71715364990908	1.33943720239893	0.393547901374812	0.706511389871757	0.457656561587239	0.647560446525157	NA	"abundance"	18	6
"OTU_1133"	"Geese"	"low"	"Geeselow"	1.48501200013816	0.830285980745297	0.681597957121626	0.384362833805057	0.706511389871757	0.21239718196811	0.470306740308573	NA	"abundance"	18	7
"OTU_12"	"Geese"	"low"	"Geeselow"	1.94302858425986	0.830285980745297	1.38853325884517	0.43665371259629	0.706511389871757	0.682640960468457	0.884383933949754	NA	"abundance"	18	17
"OTU_124"	"Geese"	"high"	"Geesehigh"	-0.681838370160183	0.71715364990908	1.65250986318131	0.426016515352822	0.706511389871757	0.063639083584303	0.371342225006612	NA	"abundance"	18	10
"OTU_1250"	"Geese"	"low"	"Geeselow"	-0.176920082101027	0.830285980745297	1.01945422942341	0.428233911503423	0.706511389871757	0.45765656330011	0.647560446525157	NA	"abundance"	18	4
"OTU_1333"	"Geese"	"low"	"Geeselow"	1.49979029138184	0.830285980745297	0.615799046573701	0.393649497650644	0.706511389871757	0.632339068300683	0.837020249540868	NA	"abundance"	18	4
"OTU_1482"	"Geese"	"high"	"Geesehigh"	-1.8777122720071	0.71715364990908	2.70552614334225	0.369680754829192	0.706511389871757	0.0636390835843031	0.371342225006612	NA	"abundance"	18	10
"OTU_1538"	"Geese"	"high"	"Geesehigh"	-1.14596775107752	0.71715364990908	2.11055476446015	0.411496686589857	0.706511389871757	0.0839088199904979	0.401566478048725	NA	"abundance"	18	9
"OTU_1606"	"Geese"	"low"	"Geeselow"	-0.337038148128071	0.830285980745297	1.00994891796649	0.368088546751677	0.706511389871757	0.457629468196622	0.647560446525157	NA	"abundance"	18	5
"OTU_162"	"Geese"	"low"	"Geeselow"	3.58275201520588	0.830285980745297	2.82234615076232	0.366989840257833	0.706511389871757	0.599298137663196	0.801497387520328	NA	"abundance"	18	9
"OTU_177"	"Geese"	"low"	"Geeselow"	1.58895382327981	0.830285980745297	0.915682492426353	0.423585385678914	0.706511389871757	0.413134733210895	0.647560446525157	NA	"abundance"	18	16
"OTU_180"	"Geese"	"low"	"Geeselow"	-0.858963355310715	0.830285980745297	1.78120374413654	0.370729881331879	0.706511389871757	0.131650075229063	0.413840882563828	NA	"abundance"	18	11
"OTU_184"	"Geese"	"high"	"Geesehigh"	-0.607356624179357	0.71715364990908	1.4207013370384	0.36917052056048	0.706511389871757	0.602054167870064	0.804203742483371	NA	"abundance"	18	16
"OTU_1887"	"Geese"	"high"	"Geesehigh"	1.51526023402644	0.71715364990908	0.788017847222053	0.390346388979643	0.706511389871757	0.628322474569839	0.832761596717431	NA	"abundance"	18	5
"OTU_193"	"Geese"	"high"	"Geesehigh"	2.35605196575294	0.71715364990908	1.96842266785214	0.427300099438099	0.706511389871757	0.457656561587239	0.647560446525157	NA	"abundance"	18	12
"OTU_194"	"Geese"	"low"	"Geeselow"	-1.27744791473976	0.830285980745297	2.37055618178273	0.423927522427332	0.706511389871757	0.0839339769692004	0.401566478048725	NA	"abundance"	18	6
"OTU_198"	"Geese"	"low"	"Geeselow"	0.0013797018759558	0.830285980745297	1.0236290838165	0.433631639151177	0.706511389871757	0.679226879829418	0.884383933949754	NA	"abundance"	18	17
"OTU_208"	"Geese"	"low"	"Geeselow"	2.03659698919578	0.830285980745297	1.45158877599373	0.427425053973579	0.706511389871757	0.672157931182841	0.881755565637705	NA	"abundance"	18	12
"OTU_214"	"Geese"	"high"	"Geesehigh"	1.27430779171068	0.71715364990908	0.680177754721831	0.435002161566583	0.706511389871757	0.680777442565566	0.884383933949754	NA	"abundance"	18	16
"OTU_217"	"Geese"	"low"	"Geeselow"	-0.49230937294255	0.830285980745297	1.41804777320985	0.375817699744995	0.706511389871757	0.610396456048371	0.811890137784508	NA	"abundance"	18	11
"OTU_22"	"Geese"	"low"	"Geeselow"	-0.238753689787093	0.830285980745297	1.14529144854438	0.366033212010562	0.706511389871757	0.366033212010562	0.647560446525157	NA	"abundance"	18	18
"OTU_238"	"Geese"	"high"	"Geesehigh"	1.89580756865292	0.71715364990908	1.27394097024381	0.376059926340775	0.706511389871757	0.413134733210893	0.647560446525157	NA	"abundance"	18	14
"OTU_246"	"Geese"	"high"	"Geesehigh"	1.98867036599935	0.71715364990908	1.38587006429486	0.382517860954943	0.706511389871757	0.413134733210894	0.647560446525157	NA	"abundance"	18	13
"OTU_247"	"Geese"	"low"	"Geeselow"	1.59988420832421	0.830285980745297	0.830141014979857	0.372259659925521	0.706511389871757	0.605942065443178	0.807922753924237	NA	"abundance"	18	16
"OTU_25"	"Geese"	"low"	"Geeselow"	-3.21172270324661	0.830285980745297	3.94212729407484	0.41291800791964	0.706511389871757	0.457656563300111	0.647560446525157	NA	"abundance"	18	4
"OTU_262"	"Geese"	"low"	"Geeselow"	1.94395859125132	0.830285980745297	1.145136326914	0.360262452517632	0.706511389871757	0.457629468196622	0.647560446525157	NA	"abundance"	18	11
"OTU_276"	"Geese"	"low"	"Geeselow"	-0.490639539197124	0.830285980745297	1.37811801658614	0.366294330040674	0.706511389871757	0.413134733210893	0.647560446525157	NA	"abundance"	18	10
"OTU_281"	"Geese"	"high"	"Geesehigh"	2.58482237536825	0.71715364990908	1.87754343078066	0.376493001688683	0.706511389871757	0.0839088199904977	0.401566478048725	NA	"abundance"	18	7
"OTU_284"	"Geese"	"high"	"Geesehigh"	0.168815197888503	0.71715364990908	0.580973407375118	0.372687966922111	0.706511389871757	0.606479613155686	0.808148804908911	NA	"abundance"	18	17
"OTU_29"	"Geese"	"high"	"Geesehigh"	1.5525108481229	0.71715364990908	0.963067927913908	0.403323074876679	0.706511389871757	0.403323074876679	0.647560446525157	NA	"abundance"	18	18
"OTU_290"	"Geese"	"high"	"Geesehigh"	3.25853364858727	0.71715364990908	2.41018271456887	0.402368026343447	0.706511389871757	0.45765656330011	0.647560446525157	NA	"abundance"	18	4
"OTU_301"	"Geese"	"high"	"Geesehigh"	1.95829969197195	0.71715364990908	1.28063479204198	0.366824243881298	0.706511389871757	0.457656561587239	0.647560446525157	NA	"abundance"	18	10
"OTU_307"	"Geese"	"high"	"Geesehigh"	-1.54671305041453	0.71715364990908	2.17183726412518	0.407106581020404	0.706511389871757	0.648477393730685	0.855803098937851	NA	"abundance"	18	5
"OTU_311"	"Geese"	"low"	"Geeselow"	4.4327565352347	0.830285980745297	3.31445650681936	0.390379931749711	0.706511389871757	0.628363372386513	0.832761596717431	NA	"abundance"	18	5
"OTU_347"	"Geese"	"low"	"Geeselow"	3.03471159774442	0.830285980745297	2.54677684526397	0.435333245572851	0.706511389871757	0.681151456444709	0.884383933949754	NA	"abundance"	18	7
"OTU_352"	"Geese"	"high"	"Geesehigh"	-0.638213063463956	0.71715364990908	1.64429642074172	0.437797459450143	0.706511389871757	0.212397171168329	0.470306740308573	NA	"abundance"	18	10
"OTU_377"	"Geese"	"low"	"Geeselow"	3.09032379753808	0.830285980745297	2.2968430089799	0.370199805632959	0.706511389871757	0.482992794811896	0.666238838604974	NA	"abundance"	18	8
"OTU_380"	"Geese"	"high"	"Geesehigh"	-0.361571665308816	0.71715364990908	1.28478998245518	0.418790448414026	0.706511389871757	0.662195457145231	0.871288929832791	NA	"abundance"	18	15
"OTU_382"	"Geese"	"low"	"Geeselow"	4.18711301984467	0.830285980745297	3.61990690843746	0.422085742052564	0.706511389871757	0.21239718196811	0.470306740308573	NA	"abundance"	18	5
"OTU_394"	"Geese"	"low"	"Geeselow"	-0.934351865689231	0.830285980745297	1.82241424849585	0.37748253688855	0.706511389871757	0.612472008121285	0.81415770571086	NA	"abundance"	18	8
"OTU_399"	"Geese"	"low"	"Geeselow"	-0.213182693010921	0.830285980745297	1.17646154045511	0.405058117604429	0.706511389871757	0.0636390835843027	0.371342225006612	NA	"abundance"	18	10
"OTU_42"	"Geese"	"low"	"Geeselow"	0.0650997729745979	0.830285980745297	0.9536662901811	0.435551640739323	0.706511389871757	0.435551640739323	0.647560446525157	NA	"abundance"	18	18
"OTU_422"	"Geese"	"low"	"Geeselow"	2.01143967574501	0.830285980745297	1.36386345257435	0.426568869154068	0.706511389871757	0.671176738176756	0.88152160109818	NA	"abundance"	18	8
"OTU_462"	"Geese"	"high"	"Geesehigh"	2.50940617893131	0.71715364990908	1.25632693207601	0.390353414395941	0.706511389871757	0.628331040661313	0.832761596717431	NA	"abundance"	18	4
"OTU_466"	"Geese"	"high"	"Geesehigh"	1.50136834248442	0.71715364990908	0.948839267976349	0.42796701465371	0.706511389871757	0.672778263675812	0.882042428078855	NA	"abundance"	18	15
"OTU_479"	"Geese"	"low"	"Geeselow"	-1.59455242423693	0.830285980745297	2.58468590474482	0.38443066407692	0.706511389871757	0.212397171168328	0.470306740308573	NA	"abundance"	18	9
"OTU_5"	"Geese"	"high"	"Geesehigh"	0.169028583677034	0.71715364990908	0.674671996440438	0.435741544946883	0.706511389871757	0.435741544946883	0.647560446525157	NA	"abundance"	18	18
"OTU_501"	"Geese"	"low"	"Geeselow"	4.47581252958405	0.830285980745297	3.16065184858066	0.367933543816974	0.706511389871757	0.600491994968231	0.802605247078658	NA	"abundance"	18	5
"OTU_507"	"Geese"	"high"	"Geesehigh"	2.33900604405196	0.71715364990908	1.7810924579472	0.393384066526703	0.706511389871757	0.131650075229062	0.413840882563828	NA	"abundance"	18	10
"OTU_51"	"Geese"	"low"	"Geeselow"	0.409791056990417	0.830285980745297	0.501514452800989	0.420079635663483	0.706511389871757	0.420079635663483	0.647560446525157	NA	"abundance"	18	18
"OTU_512"	"Geese"	"high"	"Geesehigh"	-1.03708729081393	0.71715364990908	1.78456335975596	0.381405589639299	0.706511389871757	0.0839088199904977	0.401566478048725	NA	"abundance"	18	7
"OTU_520"	"Geese"	"low"	"Geeselow"	-0.0202654281897523	0.830285980745297	0.922701385084205	0.381125367835583	0.706511389871757	0.240935830076113	0.470306740308573	NA	"abundance"	18	13
"OTU_544"	"Geese"	"high"	"Geesehigh"	-0.2489881190241	0.71715364990908	1.15423822205915	0.426130341345349	0.706511389871757	0.240935830076113	0.470306740308573	NA	"abundance"	18	12
"OTU_569"	"Geese"	"high"	"Geesehigh"	-0.739925171329494	0.71715364990908	1.24652997733252	0.364291731955605	0.706511389871757	0.457629468196621	0.647560446525157	NA	"abundance"	18	5
"OTU_577"	"Geese"	"high"	"Geesehigh"	1.65790328928991	0.71715364990908	1.03056252170299	0.38412582153091	0.706511389871757	0.413134733210895	0.647560446525157	NA	"abundance"	18	14
"OTU_577"	"Geese"	"low"	"Geeselow"	1.85926721927466	0.830285980745297	1.12892468011227	0.382337219768914	0.706511389871757	0.618492689917206	0.821166836189954	NA	"abundance"	18	14
"OTU_584"	"Geese"	"high"	"Geesehigh"	-1.53182196358977	0.71715364990908	1.77485673600312	0.425859683140384	0.706511389871757	0.67036289655634	0.880979605528259	NA	"abundance"	18	4
"OTU_599"	"Geese"	"low"	"Geeselow"	2.30207562225455	0.830285980745297	1.44611417450852	0.366651075489122	0.706511389871757	0.598869139820915	0.801411719102211	NA	"abundance"	18	6
"OTU_614"	"Geese"	"low"	"Geeselow"	2.84355456226322	0.830285980745297	1.98451735085891	0.367951461152781	0.706511389871757	0.0839339769692004	0.401566478048725	NA	"abundance"	18	6
"OTU_655"	"Geese"	"low"	"Geeselow"	3.20711247057115	0.830285980745297	2.31744055234166	0.412648557443403	0.706511389871757	0.45765656330011	0.647560446525157	NA	"abundance"	18	4
"OTU_67"	"Geese"	"low"	"Geeselow"	3.22339058049569	0.830285980745297	2.7463803542929	0.412193101358151	0.706511389871757	0.0839339753788884	0.401566478048725	NA	"abundance"	18	10
"OTU_675"	"Geese"	"low"	"Geeselow"	0.179414828558105	0.830285980745297	0.751917923544624	0.412537112920765	0.706511389871757	0.65488735630453	0.863224870615095	NA	"abundance"	18	12
"OTU_68"	"Geese"	"low"	"Geeselow"	-0.478562618330361	0.830285980745297	1.63266901343788	0.438435358838116	0.706511389871757	0.240935830076113	0.470306740308573	NA	"abundance"	18	15
"OTU_687"	"Geese"	"high"	"Geesehigh"	1.56321773509564	0.71715364990908	0.82568168710928	0.418251971971569	0.706511389871757	0.457629468196621	0.647560446525157	NA	"abundance"	18	5
"OTU_687"	"Geese"	"low"	"Geeselow"	1.7543285817893	0.830285980745297	0.82568168710928	0.381190356764408	0.706511389871757	0.457629468196622	0.647560446525157	NA	"abundance"	18	5
"OTU_709"	"Geese"	"high"	"Geesehigh"	-0.197506205755567	0.71715364990908	0.932518951434432	0.37534881134225	0.706511389871757	0.60981089250846	0.811833547013143	NA	"abundance"	18	8
"OTU_710"	"Geese"	"low"	"Geeselow"	2.68155960254988	0.830285980745297	1.81162101408546	0.38199692726139	0.706511389871757	0.45765656158724	0.647560446525157	NA	"abundance"	18	6
"OTU_723"	"Geese"	"high"	"Geesehigh"	2.13856188282315	0.71715364990908	1.32095366497333	0.362473215548456	0.706511389871757	0.593559599106875	0.795275704477545	NA	"abundance"	18	6
"OTU_731"	"Geese"	"low"	"Geeselow"	2.10162815773495	0.830285980745297	0.949335552669739	0.409690544428214	0.706511389871757	0.651534746662541	0.85932150370627	NA	"abundance"	18	3
"OTU_74"	"Geese"	"high"	"Geesehigh"	-0.91022198197101	0.71715364990908	1.82033729603039	0.397722680620147	0.706511389871757	0.637262030560619	0.842014090921251	NA	"abundance"	18	11
"OTU_746"	"Geese"	"high"	"Geesehigh"	2.09188850591829	0.71715364990908	1.6011744083598	0.43986540229179	0.706511389871757	0.0839088199904979	0.401566478048725	NA	"abundance"	18	7
"OTU_758"	"Geese"	"low"	"Geeselow"	3.36699782152859	0.830285980745297	2.19688367790047	0.367715036092706	0.706511389871757	0.457629468196621	0.647560446525157	NA	"abundance"	18	5
"OTU_778"	"Geese"	"low"	"Geeselow"	2.79964775312732	0.830285980745297	1.97146178382526	0.391698073094694	0.706511389871757	0.629968765723292	0.834385651102744	NA	"abundance"	18	5
"OTU_797"	"Geese"	"high"	"Geesehigh"	-0.699219379539078	0.71715364990908	1.56276940911865	0.395737562735906	0.706511389871757	0.634866906911657	0.839860076854216	NA	"abundance"	18	10
"OTU_813"	"Geese"	"low"	"Geeselow"	3.29554377798466	0.830285980745297	2.52046088250096	0.365998070844565	0.706511389871757	0.0839088199904979	0.401566478048725	NA	"abundance"	18	9
"OTU_898"	"Geese"	"low"	"Geeselow"	-2.36482497907729	0.830285980745297	2.56935054838048	0.431211039015928	0.706511389871757	0.67647911786266	0.884383933949754	NA	"abundance"	18	3
"OTU_904"	"Geese"	"low"	"Geeselow"	-0.151324449593846	0.830285980745297	0.980705249889692	0.363772367473953	0.706511389871757	0.0839339753788884	0.401566478048725	NA	"abundance"	18	8
"OTU_914"	"Geese"	"low"	"Geeselow"	0.0583919280058762	0.830285980745297	0.79094338581039	0.363606286279846	0.706511389871757	0.482992794811896	0.666238838604974	NA	"abundance"	18	10
"OTU_93"	"Geese"	"high"	"Geesehigh"	1.64130970136204	0.71715364990908	1.04967232715065	0.397641996451513	0.706511389871757	0.637164835561081	0.842014090921251	NA	"abundance"	18	16
"OTU_94"	"Geese"	"low"	"Geeselow"	2.60863692270581	0.830285980745297	1.87978709198899	0.375487568164214	0.706511389871757	0.609984222482553	0.811833547013143	NA	"abundance"	18	9
"OTU_956"	"Geese"	"low"	"Geeselow"	0.219006778393101	0.830285980745297	0.647463380200305	0.370730926101829	0.706511389871757	0.604020432635338	0.806339738642676	NA	"abundance"	18	13
"OTU_969"	"Geese"	"low"	"Geeselow"	-1.18101171869342	0.830285980745297	2.00684555497439	0.421924779526669	0.706511389871757	0.457629468196623	0.647560446525157	NA	"abundance"	18	5
"OTU_973"	"Geese"	"high"	"Geesehigh"	-1.54789769064003	0.71715364990908	1.72501245283022	0.414923093345303	0.706511389871757	0.657685013299371	0.866392495024246	NA	"abundance"	18	4
"OTU_973"	"Geese"	"low"	"Geeselow"	-1.05210765414967	0.830285980745297	1.49390460599548	0.427285890376753	0.706511389871757	0.671998548638451	0.881755565637705	NA	"abundance"	18	4
"OTU_974"	"Geese"	"low"	"Geeselow"	-1.14780049168619	0.830285980745297	1.7637426366099	0.378795724951654	0.706511389871757	0.614105248661658	0.815834921996976	NA	"abundance"	18	5
"OTU_984"	"Geese"	"high"	"Geesehigh"	1.53227429820234	0.71715364990908	0.901805337190208	0.420984943574383	0.706511389871757	0.212397171168329	0.470306740308573	NA	"abundance"	18	7
"OTU_1"	"Geese"	"low"	"Geeselow"	-1.55814459916696	0	2.02356433823224	0.441299875469682	0.706511389871757	0.687854170849807	0.884383933949754	NA	"prevalence"	18	17
"OTU_1009"	"Geese"	"low"	"Geeselow"	1.55814459916696	0	2.02356433823225	0.441299875469682	0.706511389871757	0.441299875469682	0.647560446525157	NA	"prevalence"	18	4
"OTU_101"	"Geese"	"low"	"Geeselow"	-1.55814459916695	0	2.02356433823224	0.441299875469682	0.706511389871757	0.588969681042896	0.789607704255311	NA	"prevalence"	18	11
"OTU_1013"	"Geese"	"low"	"Geeselow"	-1.55814459916695	0	2.02356433823224	0.441299875469682	0.706511389871757	0.441299875469682	0.647560446525157	NA	"prevalence"	18	2
"OTU_1014"	"Geese"	"low"	"Geeselow"	1.55814459916695	0	2.02356433823224	0.441299875469683	0.706511389871757	0.441299875469683	0.647560446525157	NA	"prevalence"	18	3
"OTU_1016"	"Geese"	"high"	"Geesehigh"	1.55814459916695	0	2.02356433823224	0.441299875469683	0.706511389871757	0.441299875469683	0.647560446525157	NA	"prevalence"	18	2
"OTU_1016"	"Geese"	"low"	"Geeselow"	1.55814459916695	0	2.02356433823224	0.441299875469683	0.706511389871757	0.441299875469683	0.647560446525157	NA	"prevalence"	18	2
"OTU_1018"	"Geese"	"high"	"Geesehigh"	-1.55814459916696	0	2.02356433823224	0.441299875469682	0.706511389871757	0.441299875469682	0.647560446525157	NA	"prevalence"	18	3
"OTU_102"	"Geese"	"high"	"Geesehigh"	-1.55814459916695	0	2.02356433823224	0.441299875469682	0.706511389871757	0.687854170849808	0.884383933949754	NA	"prevalence"	18	16
"OTU_102"	"Geese"	"low"	"Geeselow"	-1.55814459916695	0	2.02356433823224	0.441299875469682	0.706511389871757	0.251346583810143	0.488457608891215	NA	"prevalence"	18	16
"OTU_1023"	"Geese"	"low"	"Geeselow"	1.55814459916696	0	2.02356433823225	0.441299875469682	0.706511389871757	0.441299875469682	0.647560446525157	NA	"prevalence"	18	4
"OTU_1043"	"Geese"	"low"	"Geeselow"	1.55814459916696	0	2.02356433823225	0.441299875469682	0.706511389871757	0.441299875469682	0.647560446525157	NA	"prevalence"	18	4
"OTU_105"	"Geese"	"low"	"Geeselow"	-1.55814459916696	0	2.02356433823224	0.441299875469682	0.706511389871757	0.11044800798647	0.413840882563828	NA	"prevalence"	18	13
"OTU_1052"	"Geese"	"low"	"Geeselow"	-1.55814459916696	0	2.02356433823224	0.441299875469682	0.706511389871757	0.441299875469682	0.647560446525157	NA	"prevalence"	18	3
"OTU_1054"	"Geese"	"low"	"Geeselow"	-1.55814459916696	0	2.02356433823225	0.441299875469682	0.706511389871757	0.441299875469682	0.647560446525157	NA	"prevalence"	18	5
"OTU_1067"	"Geese"	"low"	"Geeselow"	-1.55814459916696	0	2.02356433823224	0.441299875469682	0.706511389871757	0.441299875469682	0.647560446525157	NA	"prevalence"	18	3
"OTU_1074"	"Geese"	"low"	"Geeselow"	-1.55814459916696	0	2.02356433823224	0.441299875469682	0.706511389871757	0.441299875469682	0.647560446525157	NA	"prevalence"	18	3
"OTU_1086"	"Geese"	"high"	"Geesehigh"	-1.55814459916695	0	2.02356433823224	0.441299875469682	0.706511389871757	0.441299875469682	0.647560446525157	NA	"prevalence"	18	2
"OTU_11"	"Geese"	"low"	"Geeselow"	-1.55814459916696	0	2.02356433823224	0.441299875469682	0.706511389871757	0.00314343754496161	0.191749690242658	NA	"prevalence"	18	17
"OTU_1103"	"Geese"	"low"	"Geeselow"	1.55814459916695	0	2.02356433823224	0.441299875469683	0.706511389871757	0.441299875469683	0.647560446525157	NA	"prevalence"	18	3
"OTU_1122"	"Geese"	"low"	"Geeselow"	1.55814459916695	0	2.02356433823224	0.441299875469682	0.706511389871757	0.441299875469682	0.647560446525157	NA	"prevalence"	18	4
"OTU_1124"	"Geese"	"high"	"Geesehigh"	-1.55814459916695	0	2.02356433823224	0.441299875469682	0.706511389871757	0.441299875469682	0.647560446525157	NA	"prevalence"	18	3
"OTU_113"	"Geese"	"low"	"Geeselow"	-1.55814459916696	0	2.02356433823224	0.441299875469682	0.706511389871757	0.250947344412122	0.488113700911443	NA	"prevalence"	18	17
"OTU_1131"	"Geese"	"high"	"Geesehigh"	-1.55814459916695	0	2.02356433823224	0.441299875469682	0.706511389871757	0.441299875469682	0.647560446525157	NA	"prevalence"	18	2
"OTU_1137"	"Geese"	"high"	"Geesehigh"	1.55814459916696	0	2.02356433823224	0.441299875469682	0.706511389871757	0.441299875469682	0.647560446525157	NA	"prevalence"	18	3
"OTU_1138"	"Geese"	"low"	"Geeselow"	-1.55814459916695	0	2.02356433823225	0.441299875469683	0.706511389871757	0.441299875469683	0.647560446525157	NA	"prevalence"	18	5
"OTU_1148"	"Geese"	"high"	"Geesehigh"	1.55814459916696	0	2.02356433823224	0.441299875469682	0.706511389871757	0.441299875469682	0.647560446525157	NA	"prevalence"	18	4
"OTU_1149"	"Geese"	"high"	"Geesehigh"	-1.55814459916696	0	2.02356433823224	0.441299875469682	0.706511389871757	0.441299875469682	0.647560446525157	NA	"prevalence"	18	2
"OTU_1151"	"Geese"	"high"	"Geesehigh"	-1.55814459916695	0	2.02356433823224	0.441299875469682	0.706511389871757	0.441299875469682	0.647560446525157	NA	"prevalence"	18	3
"OTU_1157"	"Geese"	"low"	"Geeselow"	-1.55814459916695	0	2.02356433823224	0.441299875469683	0.706511389871757	0.441299875469683	0.647560446525157	NA	"prevalence"	18	6
"OTU_1170"	"Geese"	"high"	"Geesehigh"	1.55814459916695	0	2.02356433823224	0.441299875469682	0.706511389871757	0.441299875469682	0.647560446525157	NA	"prevalence"	18	2
"OTU_1170"	"Geese"	"low"	"Geeselow"	1.55814459916695	0	2.02356433823224	0.441299875469682	0.706511389871757	0.441299875469682	0.647560446525157	NA	"prevalence"	18	2
"OTU_1174"	"Geese"	"high"	"Geesehigh"	-1.55814459916695	0	2.02356433823224	0.441299875469682	0.706511389871757	0.441299875469682	0.647560446525157	NA	"prevalence"	18	3
"OTU_1177"	"Geese"	"high"	"Geesehigh"	-1.55814459916695	0	2.02356433823224	0.441299875469682	0.706511389871757	0.441299875469682	0.647560446525157	NA	"prevalence"	18	2
"OTU_1182"	"Geese"	"high"	"Geesehigh"	-1.55814459916695	0	2.02356433823224	0.441299875469683	0.706511389871757	0.441299875469683	0.647560446525157	NA	"prevalence"	18	3
"OTU_1184"	"Geese"	"high"	"Geesehigh"	1.55814459916695	0	2.02356433823224	0.441299875469683	0.706511389871757	0.441299875469683	0.647560446525157	NA	"prevalence"	18	2
"OTU_1184"	"Geese"	"low"	"Geeselow"	1.55814459916695	0	2.02356433823224	0.441299875469683	0.706511389871757	0.441299875469683	0.647560446525157	NA	"prevalence"	18	2
"OTU_1192"	"Geese"	"high"	"Geesehigh"	-1.55814459916696	0	2.02356433823224	0.441299875469682	0.706511389871757	0.441299875469682	0.647560446525157	NA	"prevalence"	18	2
"OTU_1198"	"Geese"	"low"	"Geeselow"	1.55814459916695	0	2.02356433823224	0.441299875469682	0.706511389871757	0.441299875469682	0.647560446525157	NA	"prevalence"	18	4
"OTU_12"	"Geese"	"high"	"Geesehigh"	-1.55814459916696	0	2.02356433823225	0.441299875469682	0.706511389871757	0.687854170849807	0.884383933949754	NA	"prevalence"	18	17
"OTU_1201"	"Geese"	"high"	"Geesehigh"	1.55814459916696	0	2.02356433823224	0.441299875469682	0.706511389871757	0.441299875469682	0.647560446525157	NA	"prevalence"	18	2
"OTU_1201"	"Geese"	"low"	"Geeselow"	1.55814459916695	0	2.02356433823224	0.441299875469682	0.706511389871757	0.441299875469682	0.647560446525157	NA	"prevalence"	18	2
"OTU_1215"	"Geese"	"high"	"Geesehigh"	1.55814459916695	0	2.02356433823224	0.441299875469683	0.706511389871757	0.441299875469683	0.647560446525157	NA	"prevalence"	18	2
"OTU_1215"	"Geese"	"low"	"Geeselow"	1.55814459916695	0	2.02356433823224	0.441299875469683	0.706511389871757	0.441299875469683	0.647560446525157	NA	"prevalence"	18	2
"OTU_1217"	"Geese"	"low"	"Geeselow"	-1.55814459916696	0	2.02356433823224	0.441299875469682	0.706511389871757	0.12312190868661	0.413840882563828	NA	"prevalence"	18	17
"OTU_1238"	"Geese"	"high"	"Geesehigh"	-1.55814459916696	0	2.02356433823224	0.441299875469682	0.706511389871757	0.441299875469682	0.647560446525157	NA	"prevalence"	18	5
"OTU_126"	"Geese"	"high"	"Geesehigh"	-1.55814459916695	0	2.02356433823224	0.441299875469682	0.706511389871757	0.44596260032756	0.647560446525157	NA	"prevalence"	18	16
"OTU_126"	"Geese"	"low"	"Geeselow"	-1.55814459916695	0	2.02356433823224	0.441299875469683	0.706511389871757	0.0196055938193527	0.300950284637266	NA	"prevalence"	18	16
"OTU_1261"	"Geese"	"low"	"Geeselow"	-1.55814459916695	0	2.02356433823224	0.441299875469683	0.706511389871757	0.441299875469683	0.647560446525157	NA	"prevalence"	18	5
"OTU_1262"	"Geese"	"high"	"Geesehigh"	1.55814459916695	0	2.02356433823224	0.441299875469682	0.706511389871757	0.441299875469682	0.647560446525157	NA	"prevalence"	18	2
"OTU_1262"	"Geese"	"low"	"Geeselow"	1.55814459916695	0	2.02356433823224	0.441299875469682	0.706511389871757	0.441299875469682	0.647560446525157	NA	"prevalence"	18	2
"OTU_1264"	"Geese"	"high"	"Geesehigh"	-1.55814459916696	0	2.02356433823224	0.441299875469682	0.706511389871757	0.441299875469682	0.647560446525157	NA	"prevalence"	18	4
"OTU_1267"	"Geese"	"high"	"Geesehigh"	-1.55814459916695	0	2.02356433823224	0.441299875469682	0.706511389871757	0.441299875469682	0.647560446525157	NA	"prevalence"	18	2
"OTU_1283"	"Geese"	"high"	"Geesehigh"	-1.55814459916695	0	2.02356433823224	0.441299875469683	0.706511389871757	0.441299875469683	0.647560446525157	NA	"prevalence"	18	2
"OTU_1287"	"Geese"	"high"	"Geesehigh"	-1.55814459916696	0	2.02356433823224	0.441299875469682	0.706511389871757	0.441299875469682	0.647560446525157	NA	"prevalence"	18	2
"OTU_1316"	"Geese"	"high"	"Geesehigh"	-1.55814459916696	0	2.02356433823224	0.441299875469682	0.706511389871757	0.441299875469682	0.647560446525157	NA	"prevalence"	18	2
"OTU_132"	"Geese"	"low"	"Geeselow"	1.55814459916696	0	2.02356433823224	0.441299875469682	0.706511389871757	0.32791417498067	0.620240765079716	NA	"prevalence"	18	11
"OTU_1326"	"Geese"	"high"	"Geesehigh"	-1.55814459916695	0	2.02356433823224	0.441299875469682	0.706511389871757	0.441299875469682	0.647560446525157	NA	"prevalence"	18	2
"OTU_1345"	"Geese"	"high"	"Geesehigh"	1.55814459916696	0	2.02356433823224	0.441299875469682	0.706511389871757	0.441299875469682	0.647560446525157	NA	"prevalence"	18	3
"OTU_136"	"Geese"	"low"	"Geeselow"	-1.55814459916696	0	2.02356433823225	0.441299875469682	0.706511389871757	0.292983177444924	0.560933790469967	NA	"prevalence"	18	15
"OTU_1366"	"Geese"	"high"	"Geesehigh"	-1.55814459916696	0	2.02356433823224	0.441299875469682	0.706511389871757	0.441299875469682	0.647560446525157	NA	"prevalence"	18	2
"OTU_1369"	"Geese"	"high"	"Geesehigh"	1.55814459916695	0	2.02356433823224	0.441299875469682	0.706511389871757	0.441299875469682	0.647560446525157	NA	"prevalence"	18	2
"OTU_1369"	"Geese"	"low"	"Geeselow"	1.55814459916695	0	2.02356433823224	0.441299875469682	0.706511389871757	0.441299875469682	0.647560446525157	NA	"prevalence"	18	2
"OTU_1395"	"Geese"	"high"	"Geesehigh"	-1.55814459916695	0	2.02356433823224	0.441299875469682	0.706511389871757	0.441299875469682	0.647560446525157	NA	"prevalence"	18	2
"OTU_1397"	"Geese"	"low"	"Geeselow"	-1.55814459916696	0	2.02356433823224	0.441299875469682	0.706511389871757	0.441299875469682	0.647560446525157	NA	"prevalence"	18	3
"OTU_1403"	"Geese"	"low"	"Geeselow"	-1.55814459916696	0	2.02356433823224	0.441299875469682	0.706511389871757	0.441299875469682	0.647560446525157	NA	"prevalence"	18	2
"OTU_1406"	"Geese"	"high"	"Geesehigh"	-1.55814459916695	0	2.02356433823224	0.441299875469682	0.706511389871757	0.441299875469682	0.647560446525157	NA	"prevalence"	18	2
"OTU_1422"	"Geese"	"low"	"Geeselow"	-1.55814459916696	0	2.02356433823224	0.441299875469682	0.706511389871757	0.441299875469682	0.647560446525157	NA	"prevalence"	18	2
"OTU_143"	"Geese"	"high"	"Geesehigh"	1.55814459916696	0	2.02356433823225	0.441299875469682	0.706511389871757	0.687854170849807	0.884383933949754	NA	"prevalence"	18	16
"OTU_144"	"Geese"	"high"	"Geesehigh"	-1.55814459916696	0	2.02356433823224	0.441299875469682	0.706511389871757	0.00341171467547185	0.197161195456215	NA	"prevalence"	18	13
"OTU_1445"	"Geese"	"high"	"Geesehigh"	-1.55814459916695	0	2.02356433823224	0.441299875469682	0.706511389871757	0.441299875469682	0.647560446525157	NA	"prevalence"	18	3
"OTU_1455"	"Geese"	"high"	"Geesehigh"	1.55814459916695	0	2.02356433823224	0.441299875469682	0.706511389871757	0.441299875469682	0.647560446525157	NA	"prevalence"	18	3
"OTU_1467"	"Geese"	"low"	"Geeselow"	-1.55814459916696	0	2.02356433823224	0.441299875469682	0.706511389871757	0.0134448376321815	0.300950284637266	NA	"prevalence"	18	17
"OTU_1480"	"Geese"	"high"	"Geesehigh"	-1.55814459916695	0	2.02356433823224	0.441299875469682	0.706511389871757	0.00227629601161288	0.147021942397114	NA	"prevalence"	18	16
"OTU_1480"	"Geese"	"low"	"Geeselow"	-1.55814459916695	0	2.02356433823224	0.441299875469682	0.706511389871757	0.0058576737171375	0.279640249626825	NA	"prevalence"	18	16
"OTU_149"	"Geese"	"low"	"Geeselow"	-1.55814459916695	0	2.02356433823224	0.441299875469683	0.706511389871757	0.0329738983555669	0.303603302723752	NA	"prevalence"	18	12
"OTU_15"	"Geese"	"low"	"Geeselow"	-1.55814459916696	0	2.02356433823224	0.441299875469682	0.706511389871757	0.00161084255199823	0.132695715321189	NA	"prevalence"	18	17
"OTU_150"	"Geese"	"low"	"Geeselow"	-1.55814459916696	0	2.02356433823224	0.441299875469682	0.706511389871757	0.188939869648773	0.470306740308573	NA	"prevalence"	18	17
"OTU_1508"	"Geese"	"low"	"Geeselow"	-1.55814459916696	0	2.02356433823224	0.441299875469682	0.706511389871757	0.441299875469682	0.647560446525157	NA	"prevalence"	18	2
"OTU_152"	"Geese"	"low"	"Geeselow"	-1.55814459916696	0	2.02356433823225	0.441299875469683	0.706511389871757	0.0295726911270884	0.300950284637266	NA	"prevalence"	18	14
"OTU_1522"	"Geese"	"low"	"Geeselow"	-1.55814459916695	0	2.02356433823224	0.441299875469682	0.706511389871757	0.441299875469682	0.647560446525157	NA	"prevalence"	18	3
"OTU_1525"	"Geese"	"high"	"Geesehigh"	-1.55814459916696	0	2.02356433823224	0.441299875469682	0.706511389871757	0.441299875469682	0.647560446525157	NA	"prevalence"	18	3
"OTU_153"	"Geese"	"high"	"Geesehigh"	-1.55814459916695	0	2.02356433823224	0.441299875469682	0.706511389871757	0.441299875469682	0.647560446525157	NA	"prevalence"	18	2
"OTU_155"	"Geese"	"low"	"Geeselow"	1.55814459916696	0	2.02356433823225	0.441299875469683	0.706511389871757	0.441299875469683	0.647560446525157	NA	"prevalence"	18	5
"OTU_1567"	"Geese"	"low"	"Geeselow"	-1.55814459916695	0	2.02356433823224	0.441299875469683	0.706511389871757	0.441299875469683	0.647560446525157	NA	"prevalence"	18	6
"OTU_157"	"Geese"	"low"	"Geeselow"	-1.55814459916696	0	2.02356433823224	0.441299875469682	0.706511389871757	0.542728190341057	0.737063145324032	NA	"prevalence"	18	17
"OTU_1578"	"Geese"	"low"	"Geeselow"	-1.55814459916696	0	2.02356433823224	0.441299875469682	0.706511389871757	0.441299875469682	0.647560446525157	NA	"prevalence"	18	4
"OTU_1583"	"Geese"	"low"	"Geeselow"	-1.55814459916695	0	2.02356433823224	0.441299875469683	0.706511389871757	0.441299875469683	0.647560446525157	NA	"prevalence"	18	2
"OTU_1589"	"Geese"	"high"	"Geesehigh"	-1.55814459916695	0	2.02356433823224	0.441299875469682	0.706511389871757	0.441299875469682	0.647560446525157	NA	"prevalence"	18	2
"OTU_161"	"Geese"	"high"	"Geesehigh"	-1.55814459916695	0	2.02356433823224	0.441299875469682	0.706511389871757	0.0259173113774943	0.300950284637266	NA	"prevalence"	18	16
"OTU_161"	"Geese"	"low"	"Geeselow"	-1.55814459916695	0	2.02356433823224	0.441299875469683	0.706511389871757	0.46984458591088	0.663523286598259	NA	"prevalence"	18	16
"OTU_164"	"Geese"	"high"	"Geesehigh"	1.55814459916695	0	2.02356433823224	0.441299875469682	0.706511389871757	0.441299875469682	0.647560446525157	NA	"prevalence"	18	3
"OTU_165"	"Geese"	"low"	"Geeselow"	-1.55814459916696	0	2.02356433823225	0.441299875469682	0.706511389871757	0.452054448173162	0.647560446525157	NA	"prevalence"	18	14
"OTU_1677"	"Geese"	"high"	"Geesehigh"	-1.55814459916695	0	2.02356433823224	0.441299875469683	0.706511389871757	0.441299875469683	0.647560446525157	NA	"prevalence"	18	4
"OTU_17"	"Geese"	"low"	"Geeselow"	-1.55814459916696	0	2.02356433823224	0.441299875469682	0.706511389871757	0.687854170849807	0.884383933949754	NA	"prevalence"	18	17
"OTU_1706"	"Geese"	"low"	"Geeselow"	-1.55814459916695	0	2.02356433823224	0.441299875469683	0.706511389871757	0.441299875469683	0.647560446525157	NA	"prevalence"	18	4
"OTU_172"	"Geese"	"low"	"Geeselow"	-1.55814459916696	0	2.02356433823224	0.441299875469682	0.706511389871757	0.0161016601531751	0.300950284637266	NA	"prevalence"	18	17
"OTU_175"	"Geese"	"low"	"Geeselow"	1.55814459916695	0	2.02356433823224	0.441299875469682	0.706511389871757	0.441299875469682	0.647560446525157	NA	"prevalence"	18	6
"OTU_1768"	"Geese"	"low"	"Geeselow"	1.55814459916696	0	2.02356433823224	0.441299875469682	0.706511389871757	0.441299875469682	0.647560446525157	NA	"prevalence"	18	4
"OTU_1773"	"Geese"	"low"	"Geeselow"	1.55814459916696	0	2.02356433823224	0.441299875469682	0.706511389871757	0.441299875469682	0.647560446525157	NA	"prevalence"	18	7
"OTU_1780"	"Geese"	"low"	"Geeselow"	1.55814459916696	0	2.02356433823225	0.441299875469682	0.706511389871757	0.441299875469682	0.647560446525157	NA	"prevalence"	18	4
"OTU_18"	"Geese"	"low"	"Geeselow"	-1.55814459916695	0	2.02356433823224	0.441299875469683	0.706511389871757	0.441299875469683	0.647560446525157	NA	"prevalence"	18	3
"OTU_181"	"Geese"	"low"	"Geeselow"	-1.55814459916696	0	2.02356433823224	0.441299875469682	0.706511389871757	0.1434687604244	0.444357001837321	NA	"prevalence"	18	17
"OTU_1811"	"Geese"	"low"	"Geeselow"	-1.55814459916695	0	2.02356433823224	0.441299875469682	0.706511389871757	0.461167934700053	0.651689050579997	NA	"prevalence"	18	11
"OTU_1824"	"Geese"	"high"	"Geesehigh"	-1.55814459916695	0	2.02356433823224	0.441299875469682	0.706511389871757	0.441299875469682	0.647560446525157	NA	"prevalence"	18	3
"OTU_184"	"Geese"	"high"	"Geesehigh"	1.55814459916696	0	2.02356433823224	0.441299875469682	0.706511389871757	0.602054167870064	0.804203742483371	NA	"prevalence"	18	16
"OTU_19"	"Geese"	"low"	"Geeselow"	-1.55814459916695	0	2.02356433823224	0.441299875469682	0.706511389871757	0.441299875469682	0.647560446525157	NA	"prevalence"	18	2
"OTU_192"	"Geese"	"low"	"Geeselow"	-1.55814459916696	0	2.02356433823224	0.441299875469682	0.706511389871757	0.254720616777762	0.493268495982333	NA	"prevalence"	18	13
"OTU_198"	"Geese"	"low"	"Geeselow"	-1.55814459916696	0	2.02356433823224	0.441299875469682	0.706511389871757	0.679226879829418	0.884383933949754	NA	"prevalence"	18	17
"OTU_1991"	"Geese"	"high"	"Geesehigh"	1.55814459916695	0	2.02356433823224	0.441299875469682	0.706511389871757	0.441299875469682	0.647560446525157	NA	"prevalence"	18	2
"OTU_1991"	"Geese"	"low"	"Geeselow"	1.55814459916695	0	2.02356433823224	0.441299875469682	0.706511389871757	0.441299875469682	0.647560446525157	NA	"prevalence"	18	2
"OTU_2"	"Geese"	"low"	"Geeselow"	-1.55814459916696	0	2.02356433823224	0.441299875469682	0.706511389871757	0.000350509779515986	0.0699744978015551	NA	"prevalence"	18	17
"OTU_203"	"Geese"	"low"	"Geeselow"	-1.55814459916696	0	2.02356433823224	0.441299875469682	0.706511389871757	0.44371917174848	0.647560446525157	NA	"prevalence"	18	17
"OTU_205"	"Geese"	"low"	"Geeselow"	-1.55814459916696	0	2.02356433823224	0.441299875469682	0.706511389871757	0.687854170849807	0.884383933949754	NA	"prevalence"	18	17
"OTU_214"	"Geese"	"high"	"Geesehigh"	1.55814459916696	0	2.02356433823225	0.441299875469682	0.706511389871757	0.680777442565566	0.884383933949754	NA	"prevalence"	18	16
"OTU_215"	"Geese"	"high"	"Geesehigh"	1.55814459916696	0	2.02356433823224	0.441299875469682	0.706511389871757	0.441299875469682	0.647560446525157	NA	"prevalence"	18	3
"OTU_217"	"Geese"	"low"	"Geeselow"	-1.55814459916695	0	2.02356433823224	0.441299875469682	0.706511389871757	0.610396456048371	0.811890137784508	NA	"prevalence"	18	11
"OTU_223"	"Geese"	"low"	"Geeselow"	-1.55814459916695	0	2.02356433823224	0.441299875469682	0.706511389871757	0.190553370225353	0.470306740308573	NA	"prevalence"	18	11
"OTU_236"	"Geese"	"low"	"Geeselow"	-1.55814459916696	0	2.02356433823224	0.441299875469682	0.706511389871757	0.531511456346658	0.724518409768629	NA	"prevalence"	18	17
"OTU_247"	"Geese"	"high"	"Geesehigh"	-1.55814459916695	0	2.02356433823224	0.441299875469682	0.706511389871757	0.524633827291192	0.7178167506115	NA	"prevalence"	18	16
"OTU_247"	"Geese"	"low"	"Geeselow"	-1.55814459916695	0	2.02356433823224	0.441299875469682	0.706511389871757	0.605942065443178	0.807922753924237	NA	"prevalence"	18	16
"OTU_248"	"Geese"	"low"	"Geeselow"	1.55814459916695	0	2.02356433823224	0.441299875469682	0.706511389871757	0.441299875469682	0.647560446525157	NA	"prevalence"	18	6
"OTU_25"	"Geese"	"high"	"Geesehigh"	-1.55814459916696	0	2.02356433823224	0.441299875469682	0.706511389871757	0.441299875469682	0.647560446525157	NA	"prevalence"	18	4
"OTU_252"	"Geese"	"high"	"Geesehigh"	-1.55814459916696	0	2.02356433823224	0.441299875469682	0.706511389871757	0.441299875469682	0.647560446525157	NA	"prevalence"	18	4
"OTU_259"	"Geese"	"low"	"Geeselow"	-1.55814459916696	0	2.02356433823225	0.441299875469682	0.706511389871757	0.687854170849807	0.884383933949754	NA	"prevalence"	18	14
"OTU_26"	"Geese"	"high"	"Geesehigh"	-1.55814459916696	0	2.02356433823225	0.441299875469682	0.706511389871757	0.000485446057880657	0.0710693028737281	NA	"prevalence"	18	17
"OTU_268"	"Geese"	"low"	"Geeselow"	-1.55814459916696	0	2.02356433823224	0.441299875469682	0.706511389871757	0.00086455399084941	0.0974567176836012	NA	"prevalence"	18	17
"OTU_27"	"Geese"	"low"	"Geeselow"	-1.55814459916696	0	2.02356433823224	0.441299875469682	0.706511389871757	0.687854170849807	0.884383933949754	NA	"prevalence"	18	17
"OTU_270"	"Geese"	"low"	"Geeselow"	-1.55814459916696	0	2.02356433823225	0.441299875469682	0.706511389871757	0.687854170849807	0.884383933949754	NA	"prevalence"	18	15
"OTU_279"	"Geese"	"low"	"Geeselow"	-1.55814459916696	0	2.02356433823224	0.441299875469682	0.706511389871757	0.687854170849807	0.884383933949754	NA	"prevalence"	18	17
"OTU_283"	"Geese"	"low"	"Geeselow"	-1.55814459916696	0	2.02356433823224	0.441299875469682	0.706511389871757	0.441299875469682	0.647560446525157	NA	"prevalence"	18	2
"OTU_284"	"Geese"	"low"	"Geeselow"	-1.55814459916696	0	2.02356433823224	0.441299875469682	0.706511389871757	0.424553700746235	0.647560446525157	NA	"prevalence"	18	17
"OTU_290"	"Geese"	"low"	"Geeselow"	-1.55814459916696	0	2.02356433823224	0.441299875469682	0.706511389871757	0.441299875469682	0.647560446525157	NA	"prevalence"	18	4
"OTU_316"	"Geese"	"high"	"Geesehigh"	-1.55814459916695	0	2.02356433823224	0.441299875469682	0.706511389871757	0.441299875469682	0.647560446525157	NA	"prevalence"	18	3
"OTU_318"	"Geese"	"high"	"Geesehigh"	1.55814459916695	0	2.02356433823224	0.441299875469682	0.706511389871757	0.441299875469682	0.647560446525157	NA	"prevalence"	18	2
"OTU_318"	"Geese"	"low"	"Geeselow"	1.55814459916695	0	2.02356433823224	0.441299875469682	0.706511389871757	0.441299875469682	0.647560446525157	NA	"prevalence"	18	2
"OTU_32"	"Geese"	"low"	"Geeselow"	-1.55814459916696	0	2.02356433823225	0.441299875469683	0.706511389871757	0.00194513417650279	0.133484832862504	NA	"prevalence"	18	14
"OTU_320"	"Geese"	"low"	"Geeselow"	-1.55814459916696	0	2.02356433823224	0.441299875469682	0.706511389871757	0.687854170849807	0.884383933949754	NA	"prevalence"	18	17
"OTU_327"	"Geese"	"low"	"Geeselow"	-1.55814459916695	0	2.02356433823224	0.441299875469682	0.706511389871757	0.687854170849807	0.884383933949754	NA	"prevalence"	18	13
"OTU_331"	"Geese"	"low"	"Geeselow"	1.55814459916696	0	2.02356433823225	0.441299875469682	0.706511389871757	0.441299875469682	0.647560446525157	NA	"prevalence"	18	3
"OTU_335"	"Geese"	"low"	"Geeselow"	-1.55814459916696	0	2.02356433823225	0.441299875469683	0.706511389871757	0.687854170849808	0.884383933949754	NA	"prevalence"	18	15
"OTU_337"	"Geese"	"high"	"Geesehigh"	1.55814459916695	0	2.02356433823224	0.441299875469682	0.706511389871757	0.0565185557482471	0.371342225006612	NA	"prevalence"	18	15
"OTU_349"	"Geese"	"low"	"Geeselow"	1.55814459916696	0	2.02356433823225	0.441299875469682	0.706511389871757	0.441299875469682	0.647560446525157	NA	"prevalence"	18	4
"OTU_350"	"Geese"	"high"	"Geesehigh"	1.55814459916695	0	2.02356433823224	0.441299875469683	0.706511389871757	0.441299875469683	0.647560446525157	NA	"prevalence"	18	2
"OTU_350"	"Geese"	"low"	"Geeselow"	1.55814459916695	0	2.02356433823224	0.441299875469683	0.706511389871757	0.441299875469683	0.647560446525157	NA	"prevalence"	18	2
"OTU_357"	"Geese"	"low"	"Geeselow"	-1.55814459916695	0	2.02356433823224	0.441299875469683	0.706511389871757	0.441299875469683	0.647560446525157	NA	"prevalence"	18	4
"OTU_360"	"Geese"	"high"	"Geesehigh"	-1.55814459916696	0	2.02356433823224	0.441299875469682	0.706511389871757	0.441299875469682	0.647560446525157	NA	"prevalence"	18	2
"OTU_362"	"Geese"	"low"	"Geeselow"	-1.55814459916696	0	2.02356433823224	0.441299875469682	0.706511389871757	0.687854170849807	0.884383933949754	NA	"prevalence"	18	17
"OTU_363"	"Geese"	"high"	"Geesehigh"	1.55814459916696	0	2.02356433823225	0.441299875469682	0.706511389871757	0.398283554608662	0.647560446525157	NA	"prevalence"	18	16
"OTU_364"	"Geese"	"high"	"Geesehigh"	1.55814459916695	0	2.02356433823224	0.441299875469682	0.706511389871757	0.0468811710175735	0.371342225006612	NA	"prevalence"	18	12
"OTU_367"	"Geese"	"low"	"Geeselow"	1.55814459916695	0	2.02356433823224	0.441299875469683	0.706511389871757	0.441299875469683	0.647560446525157	NA	"prevalence"	18	7
"OTU_368"	"Geese"	"high"	"Geesehigh"	1.55814459916696	0	2.02356433823224	0.441299875469682	0.706511389871757	0.687854170849807	0.884383933949754	NA	"prevalence"	18	17
"OTU_368"	"Geese"	"low"	"Geeselow"	1.55814459916696	0	2.02356433823224	0.441299875469682	0.706511389871757	0.687854170849807	0.884383933949754	NA	"prevalence"	18	17
"OTU_37"	"Geese"	"low"	"Geeselow"	-1.55814459916696	0	2.02356433823224	0.441299875469682	0.706511389871757	0.476446384902322	0.666238838604974	NA	"prevalence"	18	17
"OTU_371"	"Geese"	"high"	"Geesehigh"	-1.55814459916695	0	2.02356433823224	0.441299875469682	0.706511389871757	0.441299875469682	0.647560446525157	NA	"prevalence"	18	2
"OTU_378"	"Geese"	"low"	"Geeselow"	1.55814459916695	0	2.02356433823224	0.441299875469683	0.706511389871757	0.441299875469683	0.647560446525157	NA	"prevalence"	18	7
"OTU_38"	"Geese"	"low"	"Geeselow"	-1.55814459916696	0	2.02356433823224	0.441299875469682	0.706511389871757	0.180018442278615	0.470306740308573	NA	"prevalence"	18	17
"OTU_384"	"Geese"	"low"	"Geeselow"	1.55814459916695	0	2.02356433823224	0.441299875469682	0.706511389871757	0.441299875469682	0.647560446525157	NA	"prevalence"	18	6
"OTU_39"	"Geese"	"low"	"Geeselow"	-1.55814459916696	0	2.02356433823224	0.441299875469682	0.706511389871757	0.687854170849807	0.884383933949754	NA	"prevalence"	18	17
"OTU_397"	"Geese"	"high"	"Geesehigh"	-1.55814459916695	0	2.02356433823224	0.441299875469682	0.706511389871757	0.441299875469682	0.647560446525157	NA	"prevalence"	18	2
"OTU_403"	"Geese"	"high"	"Geesehigh"	1.55814459916696	0	2.02356433823224	0.441299875469682	0.706511389871757	0.441299875469682	0.647560446525157	NA	"prevalence"	18	5
"OTU_41"	"Geese"	"high"	"Geesehigh"	-1.55814459916696	0	2.02356433823224	0.441299875469682	0.706511389871757	0.0000646698693800624	0.0236691721931029	NA	"prevalence"	18	13
"OTU_416"	"Geese"	"low"	"Geeselow"	1.55814459916695	0	2.02356433823225	0.441299875469683	0.706511389871757	0.441299875469683	0.647560446525157	NA	"prevalence"	18	3
"OTU_433"	"Geese"	"high"	"Geesehigh"	1.55814459916696	0	2.02356433823224	0.441299875469682	0.706511389871757	0.441299875469682	0.647560446525157	NA	"prevalence"	18	2
"OTU_433"	"Geese"	"low"	"Geeselow"	1.55814459916695	0	2.02356433823224	0.441299875469682	0.706511389871757	0.441299875469682	0.647560446525157	NA	"prevalence"	18	2
"OTU_435"	"Geese"	"low"	"Geeselow"	1.55814459916696	0	2.02356433823224	0.441299875469682	0.706511389871757	0.441299875469682	0.647560446525157	NA	"prevalence"	18	3
"OTU_440"	"Geese"	"high"	"Geesehigh"	1.55814459916696	0	2.02356433823225	0.441299875469682	0.706511389871757	0.230032569088284	0.470306740308573	NA	"prevalence"	18	16
"OTU_443"	"Geese"	"high"	"Geesehigh"	-1.55814459916695	0	2.02356433823224	0.441299875469682	0.706511389871757	0.441299875469682	0.647560446525157	NA	"prevalence"	18	3
"OTU_461"	"Geese"	"high"	"Geesehigh"	-1.55814459916695	0	2.02356433823224	0.441299875469682	0.706511389871757	0.441299875469682	0.647560446525157	NA	"prevalence"	18	2
"OTU_463"	"Geese"	"low"	"Geeselow"	-1.55814459916696	0	2.02356433823224	0.441299875469682	0.706511389871757	0.687854170849807	0.884383933949754	NA	"prevalence"	18	13
"OTU_474"	"Geese"	"high"	"Geesehigh"	-1.55814459916696	0	2.02356433823224	0.441299875469682	0.706511389871757	0.441299875469682	0.647560446525157	NA	"prevalence"	18	4
"OTU_498"	"Geese"	"high"	"Geesehigh"	-1.55814459916696	0	2.02356433823224	0.441299875469682	0.706511389871757	0.441299875469682	0.647560446525157	NA	"prevalence"	18	2
"OTU_500"	"Geese"	"low"	"Geeselow"	-1.55814459916696	0	2.02356433823224	0.441299875469682	0.706511389871757	0.441299875469682	0.647560446525157	NA	"prevalence"	18	3
"OTU_508"	"Geese"	"low"	"Geeselow"	-1.55814459916695	0	2.02356433823224	0.441299875469682	0.706511389871757	0.441299875469682	0.647560446525157	NA	"prevalence"	18	5
"OTU_521"	"Geese"	"low"	"Geeselow"	1.55814459916695	0	2.02356433823224	0.441299875469682	0.706511389871757	0.441299875469682	0.647560446525157	NA	"prevalence"	18	5
"OTU_524"	"Geese"	"low"	"Geeselow"	-1.55814459916695	0	2.02356433823224	0.441299875469683	0.706511389871757	0.441299875469683	0.647560446525157	NA	"prevalence"	18	6
"OTU_525"	"Geese"	"low"	"Geeselow"	1.55814459916695	0	2.02356433823224	0.441299875469682	0.706511389871757	0.441299875469682	0.647560446525157	NA	"prevalence"	18	3
"OTU_532"	"Geese"	"high"	"Geesehigh"	1.55814459916695	0	2.02356433823224	0.441299875469682	0.706511389871757	0.186893233004444	0.470306740308573	NA	"prevalence"	18	14
"OTU_54"	"Geese"	"low"	"Geeselow"	-1.55814459916696	0	2.02356433823225	0.441299875469682	0.706511389871757	0.687854170849807	0.884383933949754	NA	"prevalence"	18	14
"OTU_546"	"Geese"	"high"	"Geesehigh"	-1.55814459916695	0	2.02356433823224	0.441299875469682	0.706511389871757	0.441299875469682	0.647560446525157	NA	"prevalence"	18	2
"OTU_547"	"Geese"	"low"	"Geeselow"	1.55814459916696	0	2.02356433823224	0.441299875469682	0.706511389871757	0.441299875469682	0.647560446525157	NA	"prevalence"	18	7
"OTU_553"	"Geese"	"high"	"Geesehigh"	1.55814459916696	0	2.02356433823224	0.441299875469682	0.706511389871757	0.441299875469682	0.647560446525157	NA	"prevalence"	18	3
"OTU_559"	"Geese"	"high"	"Geesehigh"	-1.55814459916695	0	2.02356433823224	0.441299875469683	0.706511389871757	0.441299875469683	0.647560446525157	NA	"prevalence"	18	2
"OTU_560"	"Geese"	"low"	"Geeselow"	-1.55814459916695	0	2.02356433823224	0.441299875469682	0.706511389871757	0.269017431213283	0.518212525389797	NA	"prevalence"	18	11
"OTU_588"	"Geese"	"low"	"Geeselow"	-1.55814459916696	0	2.02356433823224	0.441299875469682	0.706511389871757	0.441299875469682	0.647560446525157	NA	"prevalence"	18	7
"OTU_589"	"Geese"	"high"	"Geesehigh"	-1.55814459916696	0	2.02356433823225	0.441299875469682	0.706511389871757	0.687854170849808	0.884383933949754	NA	"prevalence"	18	15
"OTU_59"	"Geese"	"low"	"Geeselow"	-1.55814459916696	0	2.02356433823224	0.441299875469682	0.706511389871757	0.538713416953979	0.73251681958572	NA	"prevalence"	18	17
"OTU_601"	"Geese"	"low"	"Geeselow"	1.55814459916695	0	2.02356433823224	0.441299875469682	0.706511389871757	0.441299875469682	0.647560446525157	NA	"prevalence"	18	4
"OTU_606"	"Geese"	"low"	"Geeselow"	1.55814459916696	0	2.02356433823224	0.441299875469682	0.706511389871757	0.441299875469682	0.647560446525157	NA	"prevalence"	18	3
"OTU_607"	"Geese"	"low"	"Geeselow"	-1.55814459916696	0	2.02356433823224	0.441299875469682	0.706511389871757	0.441299875469682	0.647560446525157	NA	"prevalence"	18	3
"OTU_63"	"Geese"	"high"	"Geesehigh"	-1.55814459916695	0	2.02356433823224	0.441299875469682	0.706511389871757	0.176844956333627	0.470306740308573	NA	"prevalence"	18	15
"OTU_636"	"Geese"	"high"	"Geesehigh"	1.55814459916695	0	2.02356433823224	0.441299875469682	0.706511389871757	0.441299875469682	0.647560446525157	NA	"prevalence"	18	2
"OTU_636"	"Geese"	"low"	"Geeselow"	1.55814459916695	0	2.02356433823224	0.441299875469682	0.706511389871757	0.441299875469682	0.647560446525157	NA	"prevalence"	18	2
"OTU_64"	"Geese"	"low"	"Geeselow"	-1.55814459916696	0	2.02356433823224	0.441299875469682	0.706511389871757	0.687854170849807	0.884383933949754	NA	"prevalence"	18	17
"OTU_640"	"Geese"	"high"	"Geesehigh"	-1.55814459916696	0	2.02356433823224	0.441299875469682	0.706511389871757	0.441299875469682	0.647560446525157	NA	"prevalence"	18	3
"OTU_650"	"Geese"	"high"	"Geesehigh"	-1.55814459916695	0	2.02356433823224	0.441299875469682	0.706511389871757	0.441299875469682	0.647560446525157	NA	"prevalence"	18	2
"OTU_655"	"Geese"	"high"	"Geesehigh"	-1.55814459916696	0	2.02356433823224	0.441299875469682	0.706511389871757	0.441299875469682	0.647560446525157	NA	"prevalence"	18	4
"OTU_657"	"Geese"	"low"	"Geeselow"	-1.55814459916695	0	2.02356433823224	0.441299875469682	0.706511389871757	0.441299875469682	0.647560446525157	NA	"prevalence"	18	6
"OTU_659"	"Geese"	"high"	"Geesehigh"	-1.55814459916695	0	2.02356433823224	0.441299875469682	0.706511389871757	0.441299875469682	0.647560446525157	NA	"prevalence"	18	2
"OTU_66"	"Geese"	"low"	"Geeselow"	-1.55814459916696	0	2.02356433823225	0.441299875469682	0.706511389871757	0.12403678082756	0.413840882563828	NA	"prevalence"	18	15
"OTU_661"	"Geese"	"high"	"Geesehigh"	1.55814459916696	0	2.02356433823224	0.441299875469682	0.706511389871757	0.441299875469682	0.647560446525157	NA	"prevalence"	18	4
"OTU_662"	"Geese"	"high"	"Geesehigh"	-1.55814459916696	0	2.02356433823224	0.441299875469682	0.706511389871757	0.441299875469682	0.647560446525157	NA	"prevalence"	18	5
"OTU_663"	"Geese"	"low"	"Geeselow"	1.55814459916696	0	2.02356433823225	0.441299875469682	0.706511389871757	0.441299875469682	0.647560446525157	NA	"prevalence"	18	4
"OTU_678"	"Geese"	"low"	"Geeselow"	-1.55814459916695	0	2.02356433823224	0.441299875469683	0.706511389871757	0.441299875469683	0.647560446525157	NA	"prevalence"	18	5
"OTU_682"	"Geese"	"high"	"Geesehigh"	-1.55814459916695	0	2.02356433823224	0.441299875469682	0.706511389871757	0.441299875469682	0.647560446525157	NA	"prevalence"	18	3
"OTU_685"	"Geese"	"high"	"Geesehigh"	1.55814459916696	0	2.02356433823224	0.441299875469682	0.706511389871757	0.441299875469682	0.647560446525157	NA	"prevalence"	18	3
"OTU_695"	"Geese"	"high"	"Geesehigh"	1.55814459916695	0	2.02356433823224	0.441299875469682	0.706511389871757	0.441299875469682	0.647560446525157	NA	"prevalence"	18	3
"OTU_703"	"Geese"	"low"	"Geeselow"	1.55814459916695	0	2.02356433823224	0.441299875469683	0.706511389871757	0.441299875469683	0.647560446525157	NA	"prevalence"	18	3
"OTU_705"	"Geese"	"high"	"Geesehigh"	-1.55814459916695	0	2.02356433823224	0.441299875469682	0.706511389871757	0.441299875469682	0.647560446525157	NA	"prevalence"	18	2
"OTU_708"	"Geese"	"low"	"Geeselow"	-1.55814459916696	0	2.02356433823224	0.441299875469682	0.706511389871757	0.441299875469682	0.647560446525157	NA	"prevalence"	18	4
"OTU_717"	"Geese"	"high"	"Geesehigh"	-1.55814459916695	0	2.02356433823224	0.441299875469682	0.706511389871757	0.441299875469682	0.647560446525157	NA	"prevalence"	18	3
"OTU_72"	"Geese"	"low"	"Geeselow"	-1.55814459916696	0	2.02356433823224	0.441299875469682	0.706511389871757	0.687854170849807	0.884383933949754	NA	"prevalence"	18	17
"OTU_724"	"Geese"	"low"	"Geeselow"	1.55814459916696	0	2.02356433823225	0.441299875469682	0.706511389871757	0.441299875469682	0.647560446525157	NA	"prevalence"	18	5
"OTU_728"	"Geese"	"high"	"Geesehigh"	-1.55814459916695	0	2.02356433823224	0.441299875469682	0.706511389871757	0.441299875469682	0.647560446525157	NA	"prevalence"	18	2
"OTU_732"	"Geese"	"high"	"Geesehigh"	-1.55814459916695	0	2.02356433823224	0.441299875469682	0.706511389871757	0.441299875469682	0.647560446525157	NA	"prevalence"	18	3
"OTU_741"	"Geese"	"low"	"Geeselow"	1.55814459916696	0	2.02356433823224	0.441299875469682	0.706511389871757	0.441299875469682	0.647560446525157	NA	"prevalence"	18	5
"OTU_759"	"Geese"	"high"	"Geesehigh"	1.55814459916696	0	2.02356433823224	0.441299875469682	0.706511389871757	0.441299875469682	0.647560446525157	NA	"prevalence"	18	2
"OTU_759"	"Geese"	"low"	"Geeselow"	1.55814459916695	0	2.02356433823224	0.441299875469682	0.706511389871757	0.441299875469682	0.647560446525157	NA	"prevalence"	18	2
"OTU_77"	"Geese"	"low"	"Geeselow"	-1.55814459916696	0	2.02356433823224	0.441299875469682	0.706511389871757	0.687854170849807	0.884383933949754	NA	"prevalence"	18	17
"OTU_770"	"Geese"	"high"	"Geesehigh"	-1.55814459916695	0	2.02356433823224	0.441299875469682	0.706511389871757	0.441299875469682	0.647560446525157	NA	"prevalence"	18	2
"OTU_776"	"Geese"	"low"	"Geeselow"	1.55814459916696	0	2.02356433823225	0.441299875469682	0.706511389871757	0.441299875469682	0.647560446525157	NA	"prevalence"	18	3
"OTU_777"	"Geese"	"high"	"Geesehigh"	-1.55814459916695	0	2.02356433823224	0.441299875469682	0.706511389871757	0.441299875469682	0.647560446525157	NA	"prevalence"	18	2
"OTU_78"	"Geese"	"low"	"Geeselow"	-1.55814459916695	0	2.02356433823224	0.441299875469683	0.706511389871757	0.0603147804579252	0.371342225006612	NA	"prevalence"	18	12
"OTU_780"	"Geese"	"low"	"Geeselow"	-1.55814459916696	0	2.02356433823224	0.441299875469682	0.706511389871757	0.441299875469682	0.647560446525157	NA	"prevalence"	18	4
"OTU_782"	"Geese"	"low"	"Geeselow"	1.55814459916696	0	2.02356433823225	0.441299875469682	0.706511389871757	0.441299875469682	0.647560446525157	NA	"prevalence"	18	4
"OTU_79"	"Geese"	"low"	"Geeselow"	-1.55814459916696	0	2.02356433823224	0.441299875469682	0.706511389871757	0.555093287715916	0.751995595203055	NA	"prevalence"	18	17
"OTU_793"	"Geese"	"high"	"Geesehigh"	-1.55814459916695	0	2.02356433823224	0.441299875469682	0.706511389871757	0.441299875469682	0.647560446525157	NA	"prevalence"	18	4
"OTU_798"	"Geese"	"high"	"Geesehigh"	-1.55814459916695	0	2.02356433823224	0.441299875469682	0.706511389871757	0.441299875469682	0.647560446525157	NA	"prevalence"	18	3
"OTU_80"	"Geese"	"low"	"Geeselow"	-1.55814459916695	0	2.02356433823224	0.441299875469682	0.706511389871757	0.0379500547246641	0.341550492521977	NA	"prevalence"	18	11
"OTU_801"	"Geese"	"low"	"Geeselow"	1.55814459916696	0	2.02356433823225	0.441299875469682	0.706511389871757	0.441299875469682	0.647560446525157	NA	"prevalence"	18	4
"OTU_804"	"Geese"	"low"	"Geeselow"	-1.55814459916696	0	2.02356433823224	0.441299875469682	0.706511389871757	0.441299875469682	0.647560446525157	NA	"prevalence"	18	4
"OTU_806"	"Geese"	"high"	"Geesehigh"	1.55814459916696	0	2.02356433823224	0.441299875469682	0.706511389871757	0.441299875469682	0.647560446525157	NA	"prevalence"	18	4
"OTU_81"	"Geese"	"high"	"Geesehigh"	-1.55814459916695	0	2.02356433823224	0.441299875469682	0.706511389871757	0.420688981161804	0.647560446525157	NA	"prevalence"	18	16
"OTU_81"	"Geese"	"low"	"Geeselow"	-1.55814459916695	0	2.02356433823224	0.441299875469683	0.706511389871757	0.000608454552986493	0.0835103873973962	NA	"prevalence"	18	16
"OTU_815"	"Geese"	"high"	"Geesehigh"	1.55814459916696	0	2.02356433823224	0.441299875469682	0.706511389871757	0.441299875469682	0.647560446525157	NA	"prevalence"	18	2
"OTU_815"	"Geese"	"low"	"Geeselow"	1.55814459916695	0	2.02356433823224	0.441299875469682	0.706511389871757	0.441299875469682	0.647560446525157	NA	"prevalence"	18	2
"OTU_824"	"Geese"	"high"	"Geesehigh"	1.55814459916695	0	2.02356433823225	0.441299875469683	0.706511389871757	0.441299875469683	0.647560446525157	NA	"prevalence"	18	2
"OTU_824"	"Geese"	"low"	"Geeselow"	1.55814459916695	0	2.02356433823225	0.441299875469683	0.706511389871757	0.441299875469683	0.647560446525157	NA	"prevalence"	18	2
"OTU_833"	"Geese"	"high"	"Geesehigh"	1.55814459916695	0	2.02356433823224	0.441299875469682	0.706511389871757	0.441299875469682	0.647560446525157	NA	"prevalence"	18	2
"OTU_833"	"Geese"	"low"	"Geeselow"	1.55814459916695	0	2.02356433823224	0.441299875469683	0.706511389871757	0.441299875469683	0.647560446525157	NA	"prevalence"	18	2
"OTU_834"	"Geese"	"high"	"Geesehigh"	1.55814459916695	0	2.02356433823225	0.441299875469683	0.706511389871757	0.441299875469683	0.647560446525157	NA	"prevalence"	18	2
"OTU_834"	"Geese"	"low"	"Geeselow"	1.55814459916695	0	2.02356433823225	0.441299875469683	0.706511389871757	0.441299875469683	0.647560446525157	NA	"prevalence"	18	2
"OTU_840"	"Geese"	"low"	"Geeselow"	-1.55814459916695	0	2.02356433823224	0.441299875469682	0.706511389871757	0.441299875469682	0.647560446525157	NA	"prevalence"	18	2
"OTU_841"	"Geese"	"high"	"Geesehigh"	-1.55814459916695	0	2.02356433823224	0.441299875469682	0.706511389871757	0.441299875469682	0.647560446525157	NA	"prevalence"	18	3
"OTU_845"	"Geese"	"low"	"Geeselow"	1.55814459916695	0	2.02356433823224	0.441299875469682	0.706511389871757	0.441299875469682	0.647560446525157	NA	"prevalence"	18	5
"OTU_846"	"Geese"	"high"	"Geesehigh"	-1.55814459916695	0	2.02356433823224	0.441299875469682	0.706511389871757	0.441299875469682	0.647560446525157	NA	"prevalence"	18	3
"OTU_848"	"Geese"	"high"	"Geesehigh"	-1.55814459916695	0	2.02356433823224	0.441299875469683	0.706511389871757	0.441299875469683	0.647560446525157	NA	"prevalence"	18	4
"OTU_853"	"Geese"	"low"	"Geeselow"	-1.55814459916695	0	2.02356433823224	0.441299875469683	0.706511389871757	0.441299875469683	0.647560446525157	NA	"prevalence"	18	5
"OTU_855"	"Geese"	"high"	"Geesehigh"	-1.55814459916695	0	2.02356433823224	0.441299875469683	0.706511389871757	0.441299875469683	0.647560446525157	NA	"prevalence"	18	3
"OTU_859"	"Geese"	"high"	"Geesehigh"	1.55814459916695	0	2.02356433823225	0.441299875469683	0.706511389871757	0.441299875469683	0.647560446525157	NA	"prevalence"	18	2
"OTU_859"	"Geese"	"low"	"Geeselow"	1.55814459916695	0	2.02356433823225	0.441299875469683	0.706511389871757	0.441299875469683	0.647560446525157	NA	"prevalence"	18	2
"OTU_878"	"Geese"	"low"	"Geeselow"	1.55814459916696	0	2.02356433823224	0.441299875469682	0.706511389871757	0.441299875469682	0.647560446525157	NA	"prevalence"	18	3
"OTU_883"	"Geese"	"low"	"Geeselow"	-1.55814459916695	0	2.02356433823224	0.441299875469682	0.706511389871757	0.441299875469682	0.647560446525157	NA	"prevalence"	18	5
"OTU_894"	"Geese"	"high"	"Geesehigh"	-1.55814459916695	0	2.02356433823224	0.441299875469682	0.706511389871757	0.441299875469682	0.647560446525157	NA	"prevalence"	18	2
"OTU_895"	"Geese"	"low"	"Geeselow"	-1.55814459916696	0	2.02356433823224	0.441299875469682	0.706511389871757	0.441299875469682	0.647560446525157	NA	"prevalence"	18	7
"OTU_898"	"Geese"	"high"	"Geesehigh"	-1.55814459916695	0	2.02356433823224	0.441299875469682	0.706511389871757	0.441299875469682	0.647560446525157	NA	"prevalence"	18	3
"OTU_901"	"Geese"	"low"	"Geeselow"	-1.55814459916695	0	2.02356433823224	0.441299875469682	0.706511389871757	0.441299875469682	0.647560446525157	NA	"prevalence"	18	3
"OTU_909"	"Geese"	"low"	"Geeselow"	-1.55814459916696	0	2.02356433823224	0.441299875469682	0.706511389871757	0.441299875469682	0.647560446525157	NA	"prevalence"	18	2
"OTU_916"	"Geese"	"high"	"Geesehigh"	1.55814459916696	0	2.02356433823224	0.441299875469682	0.706511389871757	0.441299875469682	0.647560446525157	NA	"prevalence"	18	3
"OTU_92"	"Geese"	"high"	"Geesehigh"	1.55814459916696	0	2.02356433823224	0.441299875469682	0.706511389871757	0.441299875469682	0.647560446525157	NA	"prevalence"	18	3
"OTU_921"	"Geese"	"high"	"Geesehigh"	1.55814459916696	0	2.02356433823224	0.441299875469682	0.706511389871757	0.441299875469682	0.647560446525157	NA	"prevalence"	18	2
"OTU_921"	"Geese"	"low"	"Geeselow"	1.55814459916695	0	2.02356433823224	0.441299875469683	0.706511389871757	0.441299875469683	0.647560446525157	NA	"prevalence"	18	2
"OTU_926"	"Geese"	"high"	"Geesehigh"	-1.55814459916696	0	2.02356433823224	0.441299875469682	0.706511389871757	0.441299875469682	0.647560446525157	NA	"prevalence"	18	2
"OTU_927"	"Geese"	"high"	"Geesehigh"	-1.55814459916695	0	2.02356433823224	0.441299875469682	0.706511389871757	0.441299875469682	0.647560446525157	NA	"prevalence"	18	3
"OTU_93"	"Geese"	"high"	"Geesehigh"	-1.55814459916695	0	2.02356433823224	0.441299875469683	0.706511389871757	0.637164835561081	0.842014090921251	NA	"prevalence"	18	16
"OTU_93"	"Geese"	"low"	"Geeselow"	-1.55814459916695	0	2.02356433823224	0.441299875469683	0.706511389871757	0.687854170849808	0.884383933949754	NA	"prevalence"	18	16
"OTU_935"	"Geese"	"high"	"Geesehigh"	-1.55814459916695	0	2.02356433823224	0.441299875469682	0.706511389871757	0.441299875469682	0.647560446525157	NA	"prevalence"	18	2
"OTU_937"	"Geese"	"low"	"Geeselow"	-1.55814459916696	0	2.02356433823224	0.441299875469682	0.706511389871757	0.687854170849807	0.884383933949754	NA	"prevalence"	18	17
"OTU_939"	"Geese"	"high"	"Geesehigh"	1.55814459916696	0	2.02356433823224	0.441299875469682	0.706511389871757	0.441299875469682	0.647560446525157	NA	"prevalence"	18	2
"OTU_939"	"Geese"	"low"	"Geeselow"	1.55814459916695	0	2.02356433823224	0.441299875469682	0.706511389871757	0.441299875469682	0.647560446525157	NA	"prevalence"	18	2
"OTU_942"	"Geese"	"high"	"Geesehigh"	1.55814459916695	0	2.02356433823224	0.441299875469682	0.706511389871757	0.441299875469682	0.647560446525157	NA	"prevalence"	18	4
"OTU_95"	"Geese"	"low"	"Geeselow"	-1.55814459916696	0	2.02356433823224	0.441299875469682	0.706511389871757	0.0946662379772662	0.413840882563828	NA	"prevalence"	18	17
"OTU_951"	"Geese"	"high"	"Geesehigh"	-1.55814459916695	0	2.02356433823224	0.441299875469682	0.706511389871757	0.441299875469682	0.647560446525157	NA	"prevalence"	18	2
"OTU_954"	"Geese"	"low"	"Geeselow"	-1.55814459916695	0	2.02356433823224	0.441299875469683	0.706511389871757	0.441299875469683	0.647560446525157	NA	"prevalence"	18	2
"OTU_955"	"Geese"	"high"	"Geesehigh"	1.55814459916695	0	2.02356433823224	0.441299875469682	0.706511389871757	0.441299875469682	0.647560446525157	NA	"prevalence"	18	3
"OTU_956"	"Geese"	"low"	"Geeselow"	-1.55814459916696	0	2.02356433823224	0.441299875469682	0.706511389871757	0.604020432635338	0.806339738642676	NA	"prevalence"	18	13
"OTU_959"	"Geese"	"high"	"Geesehigh"	1.55814459916695	0	2.02356433823224	0.441299875469682	0.706511389871757	0.441299875469682	0.647560446525157	NA	"prevalence"	18	2
"OTU_959"	"Geese"	"low"	"Geeselow"	1.55814459916695	0	2.02356433823224	0.441299875469683	0.706511389871757	0.441299875469683	0.647560446525157	NA	"prevalence"	18	2
"OTU_962"	"Geese"	"high"	"Geesehigh"	-1.55814459916696	0	2.02356433823224	0.441299875469682	0.706511389871757	0.441299875469682	0.647560446525157	NA	"prevalence"	18	2
"OTU_98"	"Geese"	"low"	"Geeselow"	-1.55814459916696	0	2.02356433823224	0.441299875469682	0.706511389871757	0.687854170849807	0.884383933949754	NA	"prevalence"	18	17
"OTU_994"	"Geese"	"low"	"Geeselow"	-1.55814459916695	0	2.02356433823224	0.441299875469683	0.706511389871757	0.441299875469683	0.647560446525157	NA	"prevalence"	18	4
"OTU_996"	"Geese"	"high"	"Geesehigh"	-1.55814459916695	0	2.02356433823224	0.441299875469682	0.706511389871757	0.441299875469682	0.647560446525157	NA	"prevalence"	18	2
"OTU_998"	"Geese"	"high"	"Geesehigh"	-1.55814459916696	0	2.02356433823224	0.441299875469682	0.706511389871757	0.441299875469682	0.647560446525157	NA	"prevalence"	18	2
"OTU_287"	"Geese"	"low"	"Geeselow"	2.5932526239538	0.830285980745297	2.1421565393947	0.4423214655773	0.707548468029713	0.688994652244149	0.884897844981173	NA	"abundance"	18	9
"OTU_595"	"Geese"	"low"	"Geeselow"	1.39855418453498	0.830285980745297	0.591434524862299	0.442379876010025	0.707548468029713	0.689059797321405	0.884897844981173	NA	"abundance"	18	4
"OTU_121"	"Geese"	"low"	"Geeselow"	-0.382340648904554	0.830285980745297	1.50187750157179	0.443001257289985	0.708196345882524	0.413134733210894	0.647560446525157	NA	"abundance"	18	11
"OTU_253"	"Geese"	"low"	"Geeselow"	1.73657654405994	0.830285980745297	1.12966446511081	0.443663145260692	0.708908315072477	0.690489304058774	0.886215377973739	NA	"abundance"	18	12
"OTU_124"	"Geese"	"low"	"Geeselow"	-0.0513024437776941	0.830285980745297	1.08182164781278	0.444104356867154	0.709267153357591	0.240935830076113	0.470306740308573	NA	"abundance"	18	10
"OTU_869"	"Geese"	"high"	"Geesehigh"	1.26511136223899	0.71715364990908	0.652669949143848	0.446010191016797	0.711963610623595	0.693095291542754	0.889040455740589	NA	"abundance"	18	8
"OTU_1173"	"Geese"	"low"	"Geeselow"	0.0485346954582813	0.830285980745297	0.827488122650541	0.447395078781195	0.713826261174285	0.694627801044758	0.890486077696608	NA	"abundance"	18	4
"OTU_1538"	"Geese"	"low"	"Geeselow"	1.97133198375312	0.830285980745297	1.4070365096401	0.448713635476615	0.715237477993122	0.457629468196622	0.647560446525157	NA	"abundance"	18	9
"OTU_575"	"Geese"	"low"	"Geeselow"	2.13803602946871	0.830285980745297	1.62902370773374	0.448716487415355	0.715237477993122	0.696086488752336	0.891835431330297	NA	"abundance"	18	10
"OTU_966"	"Geese"	"low"	"Geeselow"	0.293781547239352	0.830285980745297	0.648331532581052	0.44928357967681	0.715792914774635	0.696711424386412	0.892115619797411	NA	"abundance"	18	7
"OTU_415"	"Geese"	"low"	"Geeselow"	1.8100311201533	0.830285980745297	1.24637453069724	0.450336306990408	0.717121142551846	0.413134733210894	0.647560446525157	NA	"abundance"	18	13
"OTU_544"	"Geese"	"low"	"Geeselow"	-0.0769491587540924	0.830285980745297	1.15423822205915	0.453517871868809	0.721836418326923	0.240935830076113	0.470306740308573	NA	"abundance"	18	12
"OTU_1520"	"Geese"	"low"	"Geeselow"	2.53347007657299	0.830285980745297	1.85653516685707	0.455641994005706	0.724512816112036	0.45765656330011	0.647560446525157	NA	"abundance"	18	4
"OTU_610"	"Geese"	"low"	"Geeselow"	-1.09641434965254	0.830285980745297	2.25359659642497	0.455505766774547	0.724512816112036	0.703526029984227	0.900316527881912	NA	"abundance"	18	5
"OTU_174"	"Geese"	"low"	"Geeselow"	2.02445527522922	0.830285980745297	1.53697836522695	0.457448535220947	0.726798553722327	0.705637908066104	0.90249321264599	NA	"abundance"	18	12
"OTU_408"	"Geese"	"high"	"Geesehigh"	1.49193638968613	0.71715364990908	0.991348683301751	0.457523463415308	0.726798553722327	0.131650075229062	0.413840882563828	NA	"abundance"	18	12
"OTU_115"	"Geese"	"low"	"Geeselow"	1.48809807695463	0.830285980745297	0.86295511594604	0.4590432210544	0.728859120141662	0.4590432210544	0.649104258490318	NA	"abundance"	18	18
"OTU_760"	"Geese"	"high"	"Geesehigh"	-0.748845345204638	0.71715364990908	1.82893531845103	0.459515000563008	0.729254537975419	0.482992794811896	0.666238838604974	NA	"abundance"	18	8
"OTU_150"	"Geese"	"high"	"Geesehigh"	1.44487840518912	0.71715364990908	0.950235667980707	0.460096112788633	0.729469575433406	0.708503792574055	0.905631157446231	NA	"abundance"	18	17
"OTU_168"	"Geese"	"low"	"Geeselow"	-3.61593678851132	0.830285980745297	4.90123634910552	0.459915770169093	0.729469575433406	0.45765656330011	0.647560446525157	NA	"abundance"	18	4
"OTU_449"	"Geese"	"low"	"Geeselow"	2.52145612169855	0.830285980745297	2.00511502327484	0.461045714371711	0.730621330519352	0.212397171168329	0.470306740308573	NA	"abundance"	18	6
"OTU_184"	"Geese"	"low"	"Geeselow"	-0.295432388333115	0.830285980745297	1.48387415138862	0.461716078599189	0.731329676503989	0.710250419961366	0.907335615029179	NA	"abundance"	18	16
"OTU_74"	"Geese"	"low"	"Geeselow"	-1.60298214135485	0.830285980745297	3.15291668363718	0.462462257368872	0.732157364906038	0.0839088199904979	0.401566478048725	NA	"abundance"	18	11
"OTU_1052"	"Geese"	"high"	"Geesehigh"	-0.400539942606316	0.71715364990908	0.989059094695198	0.463462153507382	0.733304039592094	0.712127139281063	0.909204184803032	NA	"abundance"	18	3
"OTU_1238"	"Geese"	"low"	"Geeselow"	0.0768922931250485	0.830285980745297	0.89746716995264	0.46363450273538	0.733304039592094	0.21239718196811	0.470306740308573	NA	"abundance"	18	5
"OTU_982"	"Geese"	"low"	"Geeselow"	1.49981012058746	0.830285980745297	0.843323474251076	0.465163026884611	0.735366368913673	0.212397181968111	0.470306740308573	NA	"abundance"	18	7
"OTU_542"	"Geese"	"low"	"Geeselow"	-0.285939870740571	0.830285980745297	1.41857295750908	0.467126645097286	0.738114206587121	0.21239718196811	0.470306740308573	NA	"abundance"	18	7
"OTU_206"	"Geese"	"low"	"Geeselow"	1.97621428053427	0.830285980745297	1.49325943313242	0.468155118960064	0.739382469597322	0.240935830076113	0.470306740308573	NA	"abundance"	18	10
"OTU_90"	"Geese"	"high"	"Geesehigh"	0.135449478143046	0.71715364990908	0.772283025812787	0.46998612454763	0.741558829768165	0.71908529182796	0.917021661355517	NA	"abundance"	18	16
"OTU_976"	"Geese"	"low"	"Geeselow"	1.84510273964456	0.830285980745297	1.27019251231897	0.46992739012164	0.741558829768165	0.719023028256744	0.917021661355517	NA	"abundance"	18	7
"OTU_900"	"Geese"	"high"	"Geesehigh"	-0.870199956576919	0.71715364990908	2.11562138298628	0.470216462923465	0.741564884205889	0.063639083584303	0.371342225006612	NA	"abundance"	18	13
"OTU_131"	"Geese"	"low"	"Geeselow"	2.96613028757733	0.830285980745297	2.68417016243141	0.470629473066269	0.741858880509853	0.482992819243678	0.666238838604974	NA	"abundance"	18	6
"OTU_335"	"Geese"	"low"	"Geeselow"	1.47379737842165	0.830285980745297	0.861886302712535	0.471609039139718	0.743045232985291	0.687854170849808	0.884383933949754	NA	"abundance"	18	15
"OTU_9"	"Geese"	"low"	"Geeselow"	0.312205168322502	0.830285980745297	0.701782964831768	0.473450654859807	0.74558799615729	0.473450654859807	0.666238838604974	NA	"abundance"	18	18
"OTU_1046"	"Geese"	"low"	"Geeselow"	2.24595198844755	0.830285980745297	1.73362336635422	0.473958063864519	0.746028221679056	0.21239718196811	0.470306740308573	NA	"abundance"	18	5
"OTU_176"	"Geese"	"low"	"Geeselow"	-1.72103243292723	0.830285980745297	3.30120846624308	0.474401266553075	0.746367009464088	0.0636390835843028	0.371342225006612	NA	"abundance"	18	7
"OTU_956"	"Geese"	"high"	"Geesehigh"	0.0637166012025596	0.71715364990908	0.873039443762063	0.475389229572114	0.747562121815131	0.131650075229062	0.413840882563828	NA	"abundance"	18	13
"OTU_619"	"Geese"	"low"	"Geeselow"	-1.46867179378923	0.830285980745297	2.84052201095502	0.477440499304321	0.750427361844622	0.457656561587239	0.647560446525157	NA	"abundance"	18	6
"OTU_2000"	"Geese"	"high"	"Geesehigh"	2.75716268464299	0.71715364990908	2.53119873525501	0.479267565064318	0.752937623810258	0.212397171168328	0.470306740308573	NA	"abundance"	18	6
"OTU_1185"	"Geese"	"high"	"Geesehigh"	-0.757162656014034	0.71715364990908	1.38455520771155	0.481138057558146	0.755513669278355	0.730782284685467	0.931397502709974	NA	"abundance"	18	4
"OTU_526"	"Geese"	"low"	"Geeselow"	-0.943357127294421	0.830285980745297	2.2927087092973	0.482228627850334	0.756863148409393	0.0839339769692004	0.401566478048725	NA	"abundance"	18	6
"OTU_227"	"Geese"	"high"	"Geesehigh"	1.87574007661345	0.71715364990908	1.5656514057582	0.483900342993517	0.759123010522651	0.240935830076112	0.470306740308573	NA	"abundance"	18	10
"OTU_590"	"Geese"	"high"	"Geesehigh"	1.27647632565793	0.71715364990908	0.749786736065788	0.48548989047738	0.761251868497577	0.457656561587239	0.647560446525157	NA	"abundance"	18	10
"OTU_1003"	"Geese"	"high"	"Geesehigh"	1.52948164893364	0.71715364990908	1.02412927686582	0.487759367876351	0.76444431327294	0.212397171168329	0.470306740308573	NA	"abundance"	18	6
"OTU_38"	"Geese"	"high"	"Geesehigh"	1.11064888472062	0.71715364990908	0.540731715978744	0.489159490347472	0.766271852343361	0.739041973697946	0.940832564777211	NA	"abundance"	18	17
"OTU_294"	"Geese"	"low"	"Geeselow"	-0.793367629008436	0.830285980745297	2.20770865226615	0.489504989998665	0.76644635928055	0.45765656330011	0.647560446525157	NA	"abundance"	18	8
"OTU_1482"	"Geese"	"low"	"Geeselow"	-0.459896944047882	0.830285980745297	1.7711826209354	0.490055146171917	0.766794998685613	0.240935830076113	0.470306740308573	NA	"abundance"	18	10
"OTU_1677"	"Geese"	"low"	"Geeselow"	-0.285541357636839	0.830285980745297	1.33061079722084	0.490196069715635	0.766794998685613	0.45765656330011	0.647560446525157	NA	"abundance"	18	4
"OTU_1263"	"Geese"	"low"	"Geeselow"	-1.71702038410311	0.830285980745297	2.47894693910356	0.491378228854304	0.768277135276501	0.741303893916616	0.943165325052658	NA	"abundance"	18	4
"OTU_1012"	"Geese"	"low"	"Geeselow"	0.0420966958060887	0.830285980745297	1.16989341353879	0.549848902524871	0.769764865031561	0.797363989441937	0.950573015073097	NA	"abundance"	18	5
"OTU_1018"	"Geese"	"low"	"Geeselow"	2.36906751755723	0.830285980745297	1.92908266630408	0.571338694984119	0.769764865031561	0.791826163601627	0.94683600571972	NA	"abundance"	18	3
"OTU_1050"	"Geese"	"high"	"Geesehigh"	1.49776108136963	0.71715364990908	1.1300861121056	0.529376133390739	0.769764865031561	0.778513176177748	0.94683600571972	NA	"abundance"	18	7
"OTU_1054"	"Geese"	"high"	"Geesehigh"	1.73517720208667	0.71715364990908	1.47815297629801	0.540893209218104	0.769764865031561	0.212397181968111	0.470306740308573	NA	"abundance"	18	5
"OTU_1055"	"Geese"	"low"	"Geeselow"	0.197886697273329	0.830285980745297	0.977816202600939	0.553507731660767	0.769764865031561	0.800644654313286	0.950573015073097	NA	"abundance"	18	6
"OTU_1079"	"Geese"	"low"	"Geeselow"	2.51767181297132	0.830285980745297	2.22460492297018	0.527440314264889	0.769764865031561	0.45765656330011	0.647560446525157	NA	"abundance"	18	4
"OTU_108"	"Geese"	"low"	"Geeselow"	-1.36800455921859	0.830285980745297	3.37887626837958	0.539280921842863	0.769764865031561	0.787737931022038	0.94683600571972	NA	"abundance"	18	9
"OTU_1102"	"Geese"	"low"	"Geeselow"	2.7389997688251	0.830285980745297	1.97951074612106	0.511730389967171	0.769764865031561	0.761592787918389	0.94683600571972	NA	"abundance"	18	4
"OTU_1189"	"Geese"	"high"	"Geesehigh"	2.29537281517952	0.71715364990908	2.16255619740867	0.541549614682545	0.769764865031561	0.457629468196622	0.647560446525157	NA	"abundance"	18	5
"OTU_120"	"Geese"	"low"	"Geeselow"	-0.415850252879858	0.830285980745297	2.08882913735197	0.567021647016431	0.769764865031561	0.413134733210893	0.647560446525157	NA	"abundance"	18	10
"OTU_1242"	"Geese"	"high"	"Geesehigh"	-1.5547657474292	0.71715364990908	2.75713140264857	0.56132872475897	0.769764865031561	0.791826163601627	0.94683600571972	NA	"abundance"	18	3
"OTU_1263"	"Geese"	"high"	"Geesehigh"	-1.66458521828928	0.71715364990908	2.86244136519648	0.558138336803006	0.769764865031561	0.804758270596786	0.950573015073097	NA	"abundance"	18	4
"OTU_1289"	"Geese"	"high"	"Geesehigh"	0.129517305342836	0.71715364990908	0.870467543269404	0.519750542526849	0.769764865031561	0.457656561587239	0.647560446525157	NA	"abundance"	18	12
"OTU_130"	"Geese"	"low"	"Geeselow"	1.93614877924798	0.830285980745297	1.75295467839569	0.545859625476836	0.769764865031561	0.131650075229062	0.413840882563828	NA	"abundance"	18	11
"OTU_1307"	"Geese"	"low"	"Geeselow"	1.08059873919681	0.830285980745297	0.355544270780485	0.522279629614694	0.769764865031561	0.771783247718926	0.94683600571972	NA	"abundance"	18	9
"OTU_1314"	"Geese"	"low"	"Geeselow"	1.23788894165436	0.830285980745297	0.570117572435185	0.551491203207454	0.769764865031561	0.798839859199703	0.950573015073097	NA	"abundance"	18	4
"OTU_1411"	"Geese"	"high"	"Geesehigh"	1.64408719590175	0.71715364990908	1.19874720319339	0.522049666241827	0.769764865031561	0.771563478460451	0.94683600571972	NA	"abundance"	18	5
"OTU_1486"	"Geese"	"high"	"Geesehigh"	-0.712093478752721	0.71715364990908	1.87562584189243	0.525740719681519	0.769764865031561	0.457629468196622	0.647560446525157	NA	"abundance"	18	5
"OTU_151"	"Geese"	"low"	"Geeselow"	2.45498789575913	0.830285980745297	2.38875301121586	0.533792780194579	0.769764865031561	0.482992819243678	0.666238838604974	NA	"abundance"	18	6
"OTU_1528"	"Geese"	"low"	"Geeselow"	2.09987453750285	0.830285980745297	1.78276748732367	0.502959830271132	0.769764865031561	0.752951069675898	0.94683600571972	NA	"abundance"	18	9
"OTU_1573"	"Geese"	"low"	"Geeselow"	0.433345336231725	0.830285980745297	0.57673060279009	0.54456021985325	0.769764865031561	0.79257460665988	0.94683600571972	NA	"abundance"	18	5
"OTU_1606"	"Geese"	"high"	"Geesehigh"	-0.0476113941262122	0.71715364990908	1.00994891796649	0.531572918358352	0.769764865031561	0.457629468196622	0.647560446525157	NA	"abundance"	18	5
"OTU_1646"	"Geese"	"high"	"Geesehigh"	1.90505739242991	0.71715364990908	1.85131752331865	0.544929104643805	0.769764865031561	0.792910480199711	0.94683600571972	NA	"abundance"	18	9
"OTU_166"	"Geese"	"low"	"Geeselow"	-0.609789356664587	0.830285980745297	2.30418976670929	0.549235740759809	0.769764865031561	0.0636390835843034	0.371342225006612	NA	"abundance"	18	11
"OTU_173"	"Geese"	"low"	"Geeselow"	0.074291744401452	0.830285980745297	1.28624547230837	0.574169417006323	0.769764865031561	0.413134733210894	0.647560446525157	NA	"abundance"	18	11
"OTU_181"	"Geese"	"high"	"Geesehigh"	1.22869851080729	0.71715364990908	0.814739603614343	0.544182672440137	0.769764865031561	0.792230563896184	0.94683600571972	NA	"abundance"	18	17
"OTU_1824"	"Geese"	"low"	"Geeselow"	4.89350168162697	0.830285980745297	4.94480726814309	0.561967819317152	0.769764865031561	0.791826163601627	0.94683600571972	NA	"abundance"	18	3
"OTU_1892"	"Geese"	"high"	"Geesehigh"	2.30024697277225	0.71715364990908	1.64490236661261	0.512945138040009	0.769764865031561	0.762777561441135	0.94683600571972	NA	"abundance"	18	4
"OTU_1892"	"Geese"	"low"	"Geeselow"	-0.618985886593519	0.830285980745297	1.42452723623166	0.494579442370457	0.769764865031561	0.744550059925441	0.946199034488582	NA	"abundance"	18	4
"OTU_190"	"Geese"	"low"	"Geeselow"	1.31258182525005	0.830285980745297	0.847138908365795	0.580788638323711	0.769764865031561	0.413134733210894	0.647560446525157	NA	"abundance"	18	16
"OTU_1955"	"Geese"	"low"	"Geeselow"	0.2599966910923	0.830285980745297	0.782466785183005	0.500484025394619	0.769764865031561	0.0636390835843028	0.371342225006612	NA	"abundance"	18	7
"OTU_197"	"Geese"	"low"	"Geeselow"	-0.0897071683114273	0.830285980745297	1.34181898264514	0.523530214605976	0.769764865031561	0.0636390835843031	0.371342225006612	NA	"abundance"	18	8
"OTU_205"	"Geese"	"low"	"Geeselow"	1.47339001231852	0.830285980745297	0.958727711732215	0.514101141663445	0.769764865031561	0.687854170849807	0.884383933949754	NA	"abundance"	18	17
"OTU_235"	"Geese"	"high"	"Geesehigh"	0.35170409350315	0.71715364990908	0.601585589672172	0.567971202176887	0.769764865031561	0.813351117851516	0.950573015073097	NA	"abundance"	18	11
"OTU_264"	"Geese"	"high"	"Geesehigh"	-0.990625528575713	0.71715364990908	2.71609276236868	0.557026985910516	0.769764865031561	0.0839339753788888	0.401566478048725	NA	"abundance"	18	8
"OTU_287"	"Geese"	"high"	"Geesehigh"	1.99152834833557	0.71715364990908	2.03222813073344	0.553832421831329	0.769764865031561	0.482992794811896	0.666238838604974	NA	"abundance"	18	9
"OTU_296"	"Geese"	"low"	"Geeselow"	2.85946470099971	0.830285980745297	2.93620075436659	0.539065889319987	0.769764865031561	0.787539745611625	0.94683600571972	NA	"abundance"	18	5
"OTU_298"	"Geese"	"low"	"Geeselow"	-0.285213188632481	0.830285980745297	1.78427780073443	0.551779488142538	0.769764865031561	0.131650075229062	0.413840882563828	NA	"abundance"	18	10
"OTU_30"	"Geese"	"high"	"Geesehigh"	-2.43627152287622	0.71715364990908	4.4159454021364	0.501802746233919	0.769764865031561	0.0839088199904977	0.401566478048725	NA	"abundance"	18	9
"OTU_305"	"Geese"	"low"	"Geeselow"	0.112451103728912	0.830285980745297	1.15440660189773	0.551926008113107	0.769764865031561	0.413134733210893	0.647560446525157	NA	"abundance"	18	10
"OTU_307"	"Geese"	"low"	"Geeselow"	2.29536355798723	0.830285980745297	1.77329770048964	0.495750209773929	0.769764865031561	0.745732149056963	0.94683600571972	NA	"abundance"	18	5
"OTU_314"	"Geese"	"low"	"Geeselow"	-0.87984621837843	0.830285980745297	2.45470433779649	0.51688930993986	0.769764865031561	0.0636390835843028	0.371342225006612	NA	"abundance"	18	7
"OTU_319"	"Geese"	"high"	"Geesehigh"	1.27141410491662	0.71715364990908	0.750729444299496	0.506462825964443	0.769764865031561	0.756421057844996	0.94683600571972	NA	"abundance"	18	6
"OTU_320"	"Geese"	"low"	"Geeselow"	1.24022861466474	0.830285980745297	0.64716662057049	0.539988881188962	0.769764865031561	0.687854170849807	0.884383933949754	NA	"abundance"	18	17
"OTU_327"	"Geese"	"high"	"Geesehigh"	-0.397736967161218	0.71715364990908	1.61482584541379	0.506105007608484	0.769764865031561	0.131650075229062	0.413840882563828	NA	"abundance"	18	13
"OTU_327"	"Geese"	"low"	"Geeselow"	0.088358891247958	0.830285980745297	1.19758689916807	0.549802589832632	0.769764865031561	0.687854170849807	0.884383933949754	NA	"abundance"	18	13
"OTU_329"	"Geese"	"high"	"Geesehigh"	0.0899394881251675	0.71715364990908	1.03853220857056	0.56667781319058	0.769764865031561	0.812231882418702	0.950573015073097	NA	"abundance"	18	10
"OTU_333"	"Geese"	"low"	"Geeselow"	-1.06646801561418	0.830285980745297	3.11630600089372	0.569189161952136	0.769764865031561	0.0636390835843028	0.371342225006612	NA	"abundance"	18	7
"OTU_37"	"Geese"	"high"	"Geesehigh"	0.0111719415672277	0.71715364990908	1.00766988429164	0.498989294658245	0.769764865031561	0.748988273132957	0.94683600571972	NA	"abundance"	18	17
"OTU_375"	"Geese"	"low"	"Geeselow"	1.45551259744556	0.830285980745297	1.00734502085564	0.549743459920113	0.769764865031561	0.791826157378292	0.94683600571972	NA	"abundance"	18	13
"OTU_376"	"Geese"	"low"	"Geeselow"	1.42319871831994	0.830285980745297	1.02567867642028	0.576734910540789	0.769764865031561	0.820846664045086	0.950573015073097	NA	"abundance"	18	13
"OTU_380"	"Geese"	"low"	"Geeselow"	0.0345983838000494	0.830285980745297	1.28478998245518	0.548375404792688	0.769764865031561	0.796035225003832	0.950050735928486	NA	"abundance"	18	15
"OTU_400"	"Geese"	"high"	"Geesehigh"	1.32281568842248	0.71715364990908	1.00853085153687	0.564134529960787	0.769764865031561	0.791826157378292	0.94683600571972	NA	"abundance"	18	13
"OTU_411"	"Geese"	"low"	"Geeselow"	1.64982942277673	0.830285980745297	1.31085733622096	0.546311689459503	0.769764865031561	0.791826157378292	0.94683600571972	NA	"abundance"	18	13
"OTU_43"	"Geese"	"low"	"Geeselow"	-1.33413866880803	0.830285980745297	3.12635702883616	0.514378350745943	0.769764865031561	0.45765656330011	0.647560446525157	NA	"abundance"	18	8
"OTU_432"	"Geese"	"high"	"Geesehigh"	-0.396887362504625	0.71715364990908	1.62879801727405	0.519936875781586	0.769764865031561	0.457629468196622	0.647560446525157	NA	"abundance"	18	9
"OTU_440"	"Geese"	"low"	"Geeselow"	1.65338626602467	0.830285980745297	1.35474476145536	0.554180756230524	0.769764865031561	0.801245201884812	0.950573015073097	NA	"abundance"	18	16
"OTU_448"	"Geese"	"high"	"Geesehigh"	1.38984910874504	0.71715364990908	1.01344708600007	0.52614543540696	0.769764865031561	0.77546185161434	0.94683600571972	NA	"abundance"	18	12
"OTU_450"	"Geese"	"high"	"Geesehigh"	1.67236379640109	0.71715364990908	1.18495420123202	0.569452424196151	0.769764865031561	0.791826157378292	0.94683600571972	NA	"abundance"	18	4
"OTU_454"	"Geese"	"low"	"Geeselow"	1.92663180052527	0.830285980745297	1.52498408096358	0.512515812009598	0.769764865031561	0.0839088199904974	0.401566478048725	NA	"abundance"	18	7
"OTU_484"	"Geese"	"high"	"Geesehigh"	-1.60033542263517	0.71715364990908	3.31391704649268	0.556635016022202	0.769764865031561	0.803427490982367	0.950573015073097	NA	"abundance"	18	5
"OTU_501"	"Geese"	"high"	"Geesehigh"	-1.29726646482413	0.71715364990908	2.580661427869	0.516681707195724	0.769764865031561	0.76640342784076	0.94683600571972	NA	"abundance"	18	5
"OTU_516"	"Geese"	"low"	"Geeselow"	-0.481088697120938	0.830285980745297	1.82435161808431	0.546916761057827	0.769764865031561	0.45765656330011	0.647560446525157	NA	"abundance"	18	4
"OTU_520"	"Geese"	"high"	"Geesehigh"	0.173915279688564	0.71715364990908	0.842307270753133	0.536927101129145	0.769764865031561	0.413134733210895	0.647560446525157	NA	"abundance"	18	13
"OTU_529"	"Geese"	"low"	"Geeselow"	0.0457413189451499	0.830285980745297	1.09932415750367	0.499978300156612	0.769764865031561	0.749978299685728	0.94683600571972	NA	"abundance"	18	10
"OTU_532"	"Geese"	"low"	"Geeselow"	1.54146675901467	0.830285980745297	1.08878996613678	0.527828803159001	0.769764865031561	0.457656563300111	0.647560446525157	NA	"abundance"	18	14
"OTU_571"	"Geese"	"low"	"Geeselow"	2.57745154718669	0.830285980745297	2.3858994600566	0.504327797171299	0.769764865031561	0.0839339769692004	0.401566478048725	NA	"abundance"	18	6
"OTU_581"	"Geese"	"low"	"Geeselow"	1.47872653375838	0.830285980745297	0.925577135180606	0.504334452993516	0.769764865031561	0.754315665510763	0.94683600571972	NA	"abundance"	18	11
"OTU_615"	"Geese"	"low"	"Geeselow"	2.94352637968472	0.830285980745297	2.92441535785486	0.544836040255352	0.769764865031561	0.792825769749573	0.94683600571972	NA	"abundance"	18	4
"OTU_627"	"Geese"	"low"	"Geeselow"	1.62047685218761	0.830285980745297	1.1509206150343	0.523069615276196	0.769764865031561	0.21239718196811	0.470306740308573	NA	"abundance"	18	7
"OTU_632"	"Geese"	"low"	"Geeselow"	-0.043569775478115	0.830285980745297	1.31003902582114	0.535268911188331	0.769764865031561	0.212397171168328	0.470306740308573	NA	"abundance"	18	8
"OTU_64"	"Geese"	"low"	"Geeselow"	1.30228619699253	0.830285980745297	0.676673701104859	0.500687614495617	0.769764865031561	0.687854170849807	0.884383933949754	NA	"abundance"	18	17
"OTU_640"	"Geese"	"low"	"Geeselow"	3.36710935126566	0.830285980745297	3.01988423547113	0.555191132944442	0.769764865031561	0.791826163601627	0.94683600571972	NA	"abundance"	18	3
"OTU_651"	"Geese"	"high"	"Geesehigh"	-0.143542453433324	0.71715364990908	1.37622635388401	0.560070483168916	0.769764865031561	0.806462020220769	0.950573015073097	NA	"abundance"	18	8
"OTU_672"	"Geese"	"low"	"Geeselow"	-0.896216919786299	0.830285980745297	2.83207760525862	0.574807572438631	0.769764865031561	0.457629468196623	0.647560446525157	NA	"abundance"	18	7
"OTU_679"	"Geese"	"high"	"Geesehigh"	3.97294800342901	0.71715364990908	3.18436946008384	0.493018920946771	0.769764865031561	0.742970185482024	0.944738000763477	NA	"abundance"	18	4
"OTU_682"	"Geese"	"low"	"Geeselow"	3.0445159503518	0.830285980745297	2.46113607490188	0.533471594045266	0.769764865031561	0.782351246437335	0.94683600571972	NA	"abundance"	18	3
"OTU_77"	"Geese"	"low"	"Geeselow"	-0.0768938100391092	0.830285980745297	1.4889905742552	0.552812832633305	0.769764865031561	0.687854170849807	0.884383933949754	NA	"abundance"	18	17
"OTU_793"	"Geese"	"low"	"Geeselow"	2.9562912888056	0.830285980745297	3.19018723023459	0.573533545966948	0.769764865031561	0.45765656330011	0.647560446525157	NA	"abundance"	18	4
"OTU_794"	"Geese"	"high"	"Geesehigh"	-0.429896199315269	0.71715364990908	1.85776051945532	0.580977284971008	0.769764865031561	0.824419964289732	0.950573015073097	NA	"abundance"	18	6
"OTU_794"	"Geese"	"low"	"Geeselow"	1.88973752272169	0.830285980745297	1.46868864715409	0.523260763990963	0.769764865031561	0.212397171168329	0.470306740308573	NA	"abundance"	18	6
"OTU_802"	"Geese"	"high"	"Geesehigh"	-0.178314456796396	0.71715364990908	0.953042200158682	0.522080880629713	0.769764865031561	0.77159331534033	0.94683600571972	NA	"abundance"	18	4
"OTU_816"	"Geese"	"low"	"Geeselow"	-2.24881018509305	0.830285980745297	3.74956690542532	0.497818296807289	0.769764865031561	0.747813536978468	0.94683600571972	NA	"abundance"	18	5
"OTU_825"	"Geese"	"high"	"Geesehigh"	-0.133110070585357	0.71715364990908	1.24281963179327	0.525645439125789	0.769764865031561	0.774987750577834	0.94683600571972	NA	"abundance"	18	8
"OTU_839"	"Geese"	"low"	"Geeselow"	-0.23101782542042	0.830285980745297	1.2815329630992	0.494720149070671	0.769764865031561	0.45765656330011	0.647560446525157	NA	"abundance"	18	4
"OTU_853"	"Geese"	"high"	"Geesehigh"	1.90910664711679	0.71715364990908	1.90754490915618	0.576684230372481	0.769764865031561	0.212397181968111	0.470306740308573	NA	"abundance"	18	5
"OTU_870"	"Geese"	"low"	"Geeselow"	2.06051224988572	0.830285980745297	1.96099772512791	0.550018169096853	0.769764865031561	0.797516351857051	0.950573015073097	NA	"abundance"	18	10
"OTU_880"	"Geese"	"high"	"Geesehigh"	1.62273222798468	0.71715364990908	1.21769574253252	0.500085689389789	0.769764865031561	0.457629468196622	0.647560446525157	NA	"abundance"	18	7
"OTU_892"	"Geese"	"high"	"Geesehigh"	2.43387123405157	0.71715364990908	2.17686551540789	0.513055725052106	0.769764865031561	0.76288527309547	0.94683600571972	NA	"abundance"	18	5
"OTU_901"	"Geese"	"high"	"Geesehigh"	3.20319874544031	0.71715364990908	2.93927794982291	0.553005538267402	0.769764865031561	0.791826163601627	0.94683600571972	NA	"abundance"	18	3
"OTU_993"	"Geese"	"low"	"Geeselow"	1.90694327077798	0.830285980745297	1.41524193074376	0.502588679706741	0.769764865031561	0.752581978444117	0.94683600571972	NA	"abundance"	18	5
"OTU_994"	"Geese"	"high"	"Geesehigh"	1.92495468994623	0.71715364990908	1.53281546767332	0.514091222847977	0.769764865031561	0.45765656330011	0.647560446525157	NA	"abundance"	18	4
"OTU_1001"	"Geese"	"low"	"Geeselow"	-0.619039208406224	0	1.12220348392823	0.581203037983511	0.769764865031561	0.82460910460576	0.950573015073097	NA	"prevalence"	18	7
"OTU_1012"	"Geese"	"low"	"Geeselow"	-0.619039208406224	0	1.12220348392823	0.581203037983511	0.769764865031561	0.797363989441937	0.950573015073097	NA	"prevalence"	18	5
"OTU_1015"	"Geese"	"low"	"Geeselow"	0.619039208406224	0	1.12220348392823	0.581203037983511	0.769764865031561	0.82460910460576	0.950573015073097	NA	"prevalence"	18	5
"OTU_1017"	"Geese"	"low"	"Geeselow"	-0.767255152713667	0	1.26366160792384	0.543739289004222	0.769764865031561	0.124903421441616	0.413840882563828	NA	"prevalence"	18	3
"OTU_1018"	"Geese"	"low"	"Geeselow"	0.767255152713668	0	1.26366160792384	0.543739289004222	0.769764865031561	0.791826163601627	0.94683600571972	NA	"prevalence"	18	3
"OTU_1019"	"Geese"	"low"	"Geeselow"	0.619039208406224	0	1.12220348392823	0.581203037983512	0.769764865031561	0.82460910460576	0.950573015073097	NA	"prevalence"	18	7
"OTU_1026"	"Geese"	"high"	"Geesehigh"	0.619039208406223	0	1.12220348392823	0.581203037983512	0.769764865031561	0.333835031439804	0.630354023251771	NA	"prevalence"	18	7
"OTU_1028"	"Geese"	"low"	"Geeselow"	-0.619039208406216	0	1.12220346317865	0.581203030993988	0.769764865031561	0.00624107883283087	0.28197171258038	NA	"prevalence"	18	6
"OTU_1032"	"Geese"	"low"	"Geeselow"	-0.619039208406224	0	1.12220348392823	0.581203037983511	0.769764865031561	0.568380854525719	0.767784220647329	NA	"prevalence"	18	5
"OTU_1035"	"Geese"	"high"	"Geesehigh"	0.619039208406217	0	1.12220346317865	0.581203030993988	0.769764865031561	0.567586003909276	0.767499300852691	NA	"prevalence"	18	6
"OTU_1035"	"Geese"	"low"	"Geeselow"	-0.767255152713675	0	1.2636615865337	0.54373928218429	0.769764865031561	0.67735883198734	0.884383933949754	NA	"prevalence"	18	6
"OTU_1047"	"Geese"	"high"	"Geesehigh"	-0.767255152713675	0	1.2636615865337	0.543739282184289	0.769764865031561	0.0774580997210192	0.401566478048725	NA	"prevalence"	18	5
"OTU_1049"	"Geese"	"high"	"Geesehigh"	0.767255152713675	0	1.2636615865337	0.543739282184289	0.769764865031561	0.791826157378292	0.94683600571972	NA	"prevalence"	18	6
"OTU_1050"	"Geese"	"high"	"Geesehigh"	0.619039208406216	0	1.12220346317865	0.581203030993988	0.769764865031561	0.778513176177748	0.94683600571972	NA	"prevalence"	18	7
"OTU_1051"	"Geese"	"high"	"Geesehigh"	-0.767255152713667	0	1.26366160792384	0.543739289004222	0.769764865031561	0.294505902251741	0.563357980265525	NA	"prevalence"	18	3
"OTU_1052"	"Geese"	"high"	"Geesehigh"	0.767255152713668	0	1.26366160792384	0.543739289004222	0.769764865031561	0.712127139281063	0.909204184803032	NA	"prevalence"	18	3
"OTU_1053"	"Geese"	"low"	"Geeselow"	-0.619039208406224	0	1.12220348392823	0.581203037983511	0.769764865031561	0.82460910460576	0.950573015073097	NA	"prevalence"	18	5
"OTU_1058"	"Geese"	"high"	"Geesehigh"	-0.767255152713676	0	1.2636615865337	0.543739282184289	0.769764865031561	0.791826157378292	0.94683600571972	NA	"prevalence"	18	5
"OTU_1060"	"Geese"	"low"	"Geeselow"	0.619039208406215	0	1.12220346317865	0.581203030993988	0.769764865031561	0.499114536645091	0.685463115992883	NA	"prevalence"	18	10
"OTU_1067"	"Geese"	"high"	"Geesehigh"	0.767255152713668	0	1.26366160792384	0.543739289004222	0.769764865031561	0.791826163601627	0.94683600571972	NA	"prevalence"	18	3
"OTU_1074"	"Geese"	"high"	"Geesehigh"	0.767255152713668	0	1.26366160792384	0.543739289004222	0.769764865031561	0.791826163601627	0.94683600571972	NA	"prevalence"	18	3
"OTU_1078"	"Geese"	"low"	"Geeselow"	0.619039208406223	0	1.12220348392823	0.581203037983512	0.769764865031561	0.106288004972186	0.413840882563828	NA	"prevalence"	18	7
"OTU_108"	"Geese"	"high"	"Geesehigh"	0.619039208406215	0	1.12220346317865	0.581203030993989	0.769764865031561	0.824609098751378	0.950573015073097	NA	"prevalence"	18	9
"OTU_108"	"Geese"	"low"	"Geeselow"	-0.619039208406216	0	1.12220346317864	0.581203030993988	0.769764865031561	0.787737931022038	0.94683600571972	NA	"prevalence"	18	9
"OTU_1093"	"Geese"	"high"	"Geesehigh"	-0.767255152713676	0	1.2636615865337	0.543739282184289	0.769764865031561	0.392897806922866	0.647560446525157	NA	"prevalence"	18	10
"OTU_1101"	"Geese"	"low"	"Geeselow"	-0.619039208406214	0	1.12220346317864	0.581203030993989	0.769764865031561	0.576889990529945	0.776256384316029	NA	"prevalence"	18	6
"OTU_1102"	"Geese"	"high"	"Geesehigh"	0.767255152713676	0	1.2636615865337	0.543739282184289	0.769764865031561	0.791826157378292	0.94683600571972	NA	"prevalence"	18	4
"OTU_1109"	"Geese"	"low"	"Geeselow"	-0.767255152713667	0	1.26366160792384	0.543739289004222	0.769764865031561	0.327203594684982	0.619430253386397	NA	"prevalence"	18	3
"OTU_111"	"Geese"	"high"	"Geesehigh"	-0.767255152713675	0	1.2636615865337	0.543739282184289	0.769764865031561	0.791826157378293	0.94683600571972	NA	"prevalence"	18	4
"OTU_111"	"Geese"	"low"	"Geeselow"	-0.767255152713675	0	1.2636615865337	0.543739282184289	0.769764865031561	0.791826157378292	0.94683600571972	NA	"prevalence"	18	4
"OTU_1114"	"Geese"	"high"	"Geesehigh"	-0.619039208406216	0	1.12220346317865	0.581203030993988	0.769764865031561	0.824609098751378	0.950573015073097	NA	"prevalence"	18	7
"OTU_1114"	"Geese"	"low"	"Geeselow"	-0.619039208406216	0	1.12220346317865	0.581203030993988	0.769764865031561	0.646574711908034	0.853805211876153	NA	"prevalence"	18	7
"OTU_1117"	"Geese"	"high"	"Geesehigh"	-0.619039208406223	0	1.12220348392823	0.581203037983512	0.769764865031561	0.82460910460576	0.950573015073097	NA	"prevalence"	18	5
"OTU_1123"	"Geese"	"low"	"Geeselow"	-0.619039208406216	0	1.12220346317865	0.581203030993988	0.769764865031561	0.824609098751377	0.950573015073097	NA	"prevalence"	18	6
"OTU_1124"	"Geese"	"low"	"Geeselow"	0.767255152713669	0	1.26366160792384	0.543739289004221	0.769764865031561	0.791826163601627	0.94683600571972	NA	"prevalence"	18	3
"OTU_1130"	"Geese"	"high"	"Geesehigh"	0.767255152713675	0	1.2636615865337	0.54373928218429	0.769764865031561	0.791826157378293	0.94683600571972	NA	"prevalence"	18	5
"OTU_1130"	"Geese"	"low"	"Geeselow"	0.767255152713675	0	1.2636615865337	0.54373928218429	0.769764865031561	0.791826157378293	0.94683600571972	NA	"prevalence"	18	5
"OTU_1145"	"Geese"	"low"	"Geeselow"	-0.767255152713667	0	1.26366160792384	0.543739289004222	0.769764865031561	0.306122494759484	0.583393012648187	NA	"prevalence"	18	3
"OTU_1147"	"Geese"	"high"	"Geesehigh"	0.619039208406222	0	1.12220348392823	0.581203037983512	0.769764865031561	0.824609104605761	0.950573015073097	NA	"prevalence"	18	5
"OTU_1151"	"Geese"	"low"	"Geeselow"	0.767255152713668	0	1.26366160792384	0.543739289004222	0.769764865031561	0.479489247129888	0.666238838604974	NA	"prevalence"	18	3
"OTU_1153"	"Geese"	"low"	"Geeselow"	0.619039208406216	0	1.12220346317865	0.581203030993988	0.769764865031561	0.824609098751377	0.950573015073097	NA	"prevalence"	18	9
"OTU_1162"	"Geese"	"low"	"Geeselow"	0.767255152713676	0	1.2636615865337	0.543739282184289	0.769764865031561	0.791826157378292	0.94683600571972	NA	"prevalence"	18	6
"OTU_1164"	"Geese"	"low"	"Geeselow"	0.767255152713675	0	1.2636615865337	0.543739282184289	0.769764865031561	0.791826157378293	0.94683600571972	NA	"prevalence"	18	4
"OTU_1174"	"Geese"	"low"	"Geeselow"	0.767255152713668	0	1.26366160792384	0.543739289004222	0.769764865031561	0.791826163601627	0.94683600571972	NA	"prevalence"	18	3
"OTU_1182"	"Geese"	"low"	"Geeselow"	0.767255152713669	0	1.26366160792384	0.543739289004221	0.769764865031561	0.791826163601627	0.94683600571972	NA	"prevalence"	18	3
"OTU_1185"	"Geese"	"high"	"Geesehigh"	-0.767255152713675	0	1.2636615865337	0.543739282184289	0.769764865031561	0.730782284685467	0.931397502709974	NA	"prevalence"	18	4
"OTU_1185"	"Geese"	"low"	"Geeselow"	-0.767255152713675	0	1.2636615865337	0.543739282184289	0.769764865031561	0.791826157378292	0.94683600571972	NA	"prevalence"	18	4
"OTU_1187"	"Geese"	"high"	"Geesehigh"	0.619039208406224	0	1.12220348392823	0.581203037983511	0.769764865031561	0.0544332888222403	0.371342225006612	NA	"prevalence"	18	5
"OTU_119"	"Geese"	"low"	"Geeselow"	0.619039208406223	0	1.12220348392823	0.581203037983512	0.769764865031561	0.527957679624712	0.721465503706202	NA	"prevalence"	18	11
"OTU_1199"	"Geese"	"low"	"Geeselow"	0.767255152713675	0	1.2636615865337	0.543739282184289	0.769764865031561	0.791826157378292	0.94683600571972	NA	"prevalence"	18	4
"OTU_122"	"Geese"	"low"	"Geeselow"	0.619039208406223	0	1.12220348392823	0.581203037983512	0.769764865031561	0.104768099658405	0.413840882563828	NA	"prevalence"	18	13
"OTU_1242"	"Geese"	"high"	"Geesehigh"	-0.767255152713668	0	1.26366160792384	0.543739289004222	0.769764865031561	0.791826163601627	0.94683600571972	NA	"prevalence"	18	3
"OTU_1247"	"Geese"	"low"	"Geeselow"	-0.767255152713668	0	1.26366160792384	0.543739289004222	0.769764865031561	0.791826163601627	0.94683600571972	NA	"prevalence"	18	3
"OTU_1257"	"Geese"	"high"	"Geesehigh"	-0.767255152713676	0	1.2636615865337	0.543739282184289	0.769764865031561	0.791826157378292	0.94683600571972	NA	"prevalence"	18	4
"OTU_1257"	"Geese"	"low"	"Geeselow"	-0.767255152713676	0	1.2636615865337	0.543739282184289	0.769764865031561	0.791826157378292	0.94683600571972	NA	"prevalence"	18	4
"OTU_1258"	"Geese"	"high"	"Geesehigh"	0.767255152713676	0	1.2636615865337	0.543739282184289	0.769764865031561	0.791826157378292	0.94683600571972	NA	"prevalence"	18	5
"OTU_1258"	"Geese"	"low"	"Geeselow"	0.767255152713675	0	1.2636615865337	0.543739282184289	0.769764865031561	0.582635782124987	0.783507763347503	NA	"prevalence"	18	5
"OTU_1263"	"Geese"	"low"	"Geeselow"	0.767255152713676	0	1.2636615865337	0.543739282184289	0.769764865031561	0.741303893916616	0.943165325052658	NA	"prevalence"	18	4
"OTU_127"	"Geese"	"high"	"Geesehigh"	0.767255152713675	0	1.2636615865337	0.543739282184289	0.769764865031561	0.111954108758481	0.413840882563828	NA	"prevalence"	18	7
"OTU_1271"	"Geese"	"high"	"Geesehigh"	0.619039208406223	0	1.12220348392823	0.581203037983512	0.769764865031561	0.303360910737012	0.578784152891815	NA	"prevalence"	18	5
"OTU_1289"	"Geese"	"low"	"Geeselow"	-0.767255152713676	0	1.2636615865337	0.543739282184289	0.769764865031561	0.15719651675534	0.470306740308573	NA	"prevalence"	18	12
"OTU_1309"	"Geese"	"low"	"Geeselow"	-0.767255152713668	0	1.26366160792384	0.543739289004222	0.769764865031561	0.495707799875579	0.68163702475064	NA	"prevalence"	18	3
"OTU_1313"	"Geese"	"high"	"Geesehigh"	0.767255152713675	0	1.2636615865337	0.543739282184289	0.769764865031561	0.791826157378292	0.94683600571972	NA	"prevalence"	18	5
"OTU_1313"	"Geese"	"low"	"Geeselow"	0.767255152713675	0	1.2636615865337	0.543739282184289	0.769764865031561	0.791826157378292	0.94683600571972	NA	"prevalence"	18	5
"OTU_1381"	"Geese"	"high"	"Geesehigh"	-0.767255152713676	0	1.2636615865337	0.543739282184289	0.769764865031561	0.791826157378292	0.94683600571972	NA	"prevalence"	18	5
"OTU_1397"	"Geese"	"high"	"Geesehigh"	0.767255152713667	0	1.26366160792384	0.543739289004222	0.769764865031561	0.791826163601627	0.94683600571972	NA	"prevalence"	18	3
"OTU_1423"	"Geese"	"low"	"Geeselow"	0.767255152713675	0	1.2636615865337	0.54373928218429	0.769764865031561	0.572973029788325	0.771931762831387	NA	"prevalence"	18	4
"OTU_1445"	"Geese"	"low"	"Geeselow"	0.767255152713668	0	1.26366160792384	0.543739289004222	0.769764865031561	0.791826163601627	0.94683600571972	NA	"prevalence"	18	3
"OTU_1453"	"Geese"	"high"	"Geesehigh"	-0.767255152713676	0	1.2636615865337	0.543739282184289	0.769764865031561	0.380087764824122	0.647560446525157	NA	"prevalence"	18	6
"OTU_1453"	"Geese"	"low"	"Geeselow"	0.619039208406216	0	1.12220346317864	0.581203030993988	0.769764865031561	0.40194057934049	0.647560446525157	NA	"prevalence"	18	6
"OTU_1522"	"Geese"	"high"	"Geesehigh"	0.767255152713668	0	1.26366160792384	0.543739289004222	0.769764865031561	0.234088129770439	0.470306740308573	NA	"prevalence"	18	3
"OTU_1525"	"Geese"	"low"	"Geeselow"	0.767255152713668	0	1.26366160792384	0.543739289004222	0.769764865031561	0.791826163601627	0.94683600571972	NA	"prevalence"	18	3
"OTU_1528"	"Geese"	"low"	"Geeselow"	0.619039208406215	0	1.12220346317865	0.581203030993988	0.769764865031561	0.752951069675898	0.94683600571972	NA	"prevalence"	18	9
"OTU_154"	"Geese"	"high"	"Geesehigh"	-0.767255152713676	0	1.2636615865337	0.543739282184289	0.769764865031561	0.107531968634744	0.413840882563828	NA	"prevalence"	18	12
"OTU_1573"	"Geese"	"low"	"Geeselow"	-0.619039208406224	0	1.12220348392823	0.581203037983511	0.769764865031561	0.79257460665988	0.94683600571972	NA	"prevalence"	18	5
"OTU_162"	"Geese"	"low"	"Geeselow"	0.767255152713667	0	1.26366160792384	0.543739289004222	0.769764865031561	0.599298137663196	0.801497387520328	NA	"prevalence"	18	9
"OTU_1646"	"Geese"	"high"	"Geesehigh"	-0.619039208406215	0	1.12220346317865	0.581203030993989	0.769764865031561	0.792910480199711	0.94683600571972	NA	"prevalence"	18	9
"OTU_1646"	"Geese"	"low"	"Geeselow"	0.619039208406215	0	1.12220346317865	0.581203030993988	0.769764865031561	0.824609098751378	0.950573015073097	NA	"prevalence"	18	9
"OTU_1652"	"Geese"	"low"	"Geeselow"	-0.767255152713666	0	1.26366160792384	0.543739289004223	0.769764865031561	0.791826163601628	0.94683600571972	NA	"prevalence"	18	3
"OTU_1670"	"Geese"	"high"	"Geesehigh"	-0.619039208406215	0	1.12220346317865	0.581203030993989	0.769764865031561	0.824609098751378	0.950573015073097	NA	"prevalence"	18	7
"OTU_1670"	"Geese"	"low"	"Geeselow"	-0.619039208406215	0	1.12220346317865	0.581203030993989	0.769764865031561	0.824609098751378	0.950573015073097	NA	"prevalence"	18	7
"OTU_1688"	"Geese"	"low"	"Geeselow"	-0.619039208406224	0	1.12220348392823	0.581203037983511	0.769764865031561	0.82460910460576	0.950573015073097	NA	"prevalence"	18	5
"OTU_169"	"Geese"	"high"	"Geesehigh"	-0.619039208406215	0	1.12220346317865	0.581203030993988	0.769764865031561	0.824609098751378	0.950573015073097	NA	"prevalence"	18	10
"OTU_169"	"Geese"	"low"	"Geeselow"	-0.619039208406216	0	1.12220346317865	0.581203030993988	0.769764865031561	0.238222426059435	0.470306740308573	NA	"prevalence"	18	10
"OTU_170"	"Geese"	"high"	"Geesehigh"	-0.619039208406215	0	1.12220346317865	0.581203030993989	0.769764865031561	0.824609098751378	0.950573015073097	NA	"prevalence"	18	8
"OTU_1745"	"Geese"	"low"	"Geeselow"	-0.767255152713667	0	1.26366160792384	0.543739289004222	0.769764865031561	0.450096161490871	0.647560446525157	NA	"prevalence"	18	3
"OTU_18"	"Geese"	"high"	"Geesehigh"	0.767255152713667	0	1.26366160792384	0.543739289004222	0.769764865031561	0.791826163601627	0.94683600571972	NA	"prevalence"	18	3
"OTU_1824"	"Geese"	"low"	"Geeselow"	0.767255152713669	0	1.26366160792384	0.543739289004221	0.769764865031561	0.791826163601627	0.94683600571972	NA	"prevalence"	18	3
"OTU_1882"	"Geese"	"high"	"Geesehigh"	-0.767255152713675	0	1.2636615865337	0.543739282184289	0.769764865031561	0.791826157378292	0.94683600571972	NA	"prevalence"	18	6
"OTU_1882"	"Geese"	"low"	"Geeselow"	0.619039208406215	0	1.12220346317865	0.581203030993989	0.769764865031561	0.824609098751378	0.950573015073097	NA	"prevalence"	18	6
"OTU_1887"	"Geese"	"high"	"Geesehigh"	0.619039208406223	0	1.12220348392823	0.581203037983512	0.769764865031561	0.628322474569839	0.832761596717431	NA	"prevalence"	18	5
"OTU_1892"	"Geese"	"low"	"Geeselow"	0.767255152713676	0	1.2636615865337	0.543739282184289	0.769764865031561	0.744550059925441	0.946199034488582	NA	"prevalence"	18	4
"OTU_193"	"Geese"	"low"	"Geeselow"	0.619039208406216	0	1.12220346317865	0.581203030993988	0.769764865031561	0.410015531469921	0.647560446525157	NA	"prevalence"	18	12
"OTU_1937"	"Geese"	"low"	"Geeselow"	-0.767255152713668	0	1.26366160792384	0.543739289004222	0.769764865031561	0.791826163601627	0.94683600571972	NA	"prevalence"	18	3
"OTU_196"	"Geese"	"low"	"Geeselow"	-0.767255152713676	0	1.2636615865337	0.543739282184289	0.769764865031561	0.499707710790176	0.685848833059517	NA	"prevalence"	18	12
"OTU_199"	"Geese"	"high"	"Geesehigh"	-0.619039208406215	0	1.12220346317865	0.581203030993988	0.769764865031561	0.824609098751378	0.950573015073097	NA	"prevalence"	18	12
"OTU_199"	"Geese"	"low"	"Geeselow"	0.767255152713676	0	1.2636615865337	0.543739282184289	0.769764865031561	0.199128714573799	0.470306740308573	NA	"prevalence"	18	12
"OTU_20"	"Geese"	"low"	"Geeselow"	0.619039208406214	0	1.12220346317864	0.581203030993989	0.769764865031561	0.322652863790103	0.612399039656928	NA	"prevalence"	18	8
"OTU_204"	"Geese"	"high"	"Geesehigh"	-0.619039208406215	0	1.12220346317865	0.581203030993989	0.769764865031561	0.408814867683112	0.647560446525157	NA	"prevalence"	18	9
"OTU_208"	"Geese"	"low"	"Geeselow"	-0.767255152713676	0	1.2636615865337	0.543739282184289	0.769764865031561	0.672157931182841	0.881755565637705	NA	"prevalence"	18	12
"OTU_226"	"Geese"	"low"	"Geeselow"	0.767255152713668	0	1.26366160792384	0.543739289004222	0.769764865031561	0.791826163601627	0.94683600571972	NA	"prevalence"	18	15
"OTU_232"	"Geese"	"high"	"Geesehigh"	0.619039208406215	0	1.12220346317865	0.581203030993989	0.769764865031561	0.0655285266464685	0.371342225006612	NA	"prevalence"	18	8
"OTU_233"	"Geese"	"low"	"Geeselow"	0.619039208406223	0	1.12220348392823	0.581203037983512	0.769764865031561	0.82460910460576	0.950573015073097	NA	"prevalence"	18	5
"OTU_235"	"Geese"	"high"	"Geesehigh"	0.619039208406215	0	1.12220346317865	0.581203030993989	0.769764865031561	0.813351117851516	0.950573015073097	NA	"prevalence"	18	11
"OTU_235"	"Geese"	"low"	"Geeselow"	0.619039208406215	0	1.12220346317865	0.581203030993988	0.769764865031561	0.824609098751378	0.950573015073097	NA	"prevalence"	18	11
"OTU_244"	"Geese"	"low"	"Geeselow"	-0.767255152713669	0	1.26366160792384	0.543739289004221	0.769764865031561	0.340387236909253	0.639974633778013	NA	"prevalence"	18	9
"OTU_246"	"Geese"	"low"	"Geeselow"	-0.619039208406223	0	1.12220348392823	0.581203037983512	0.769764865031561	0.82460910460576	0.950573015073097	NA	"prevalence"	18	13
"OTU_253"	"Geese"	"low"	"Geeselow"	-0.767255152713676	0	1.2636615865337	0.543739282184289	0.769764865031561	0.690489304058774	0.886215377973739	NA	"prevalence"	18	12
"OTU_257"	"Geese"	"low"	"Geeselow"	0.619039208406224	0	1.12220348392823	0.581203037983511	0.769764865031561	0.283072792350027	0.543380989511065	NA	"prevalence"	18	13
"OTU_258"	"Geese"	"low"	"Geeselow"	0.767255152713667	0	1.26366160792384	0.543739289004222	0.769764865031561	0.791826163601627	0.94683600571972	NA	"prevalence"	18	9
"OTU_260"	"Geese"	"low"	"Geeselow"	0.619039208406215	0	1.12220346317865	0.581203030993988	0.769764865031561	0.824609098751378	0.950573015073097	NA	"prevalence"	18	8
"OTU_277"	"Geese"	"high"	"Geesehigh"	0.767255152713675	0	1.2636615865337	0.543739282184289	0.769764865031561	0.791826157378292	0.94683600571972	NA	"prevalence"	18	5
"OTU_277"	"Geese"	"low"	"Geeselow"	0.767255152713675	0	1.2636615865337	0.543739282184289	0.769764865031561	0.491659184908421	0.677342264779731	NA	"prevalence"	18	5
"OTU_280"	"Geese"	"high"	"Geesehigh"	0.767255152713675	0	1.2636615865337	0.543739282184289	0.769764865031561	0.791826157378292	0.94683600571972	NA	"prevalence"	18	5
"OTU_280"	"Geese"	"low"	"Geeselow"	0.767255152713676	0	1.2636615865337	0.543739282184289	0.769764865031561	0.791826157378292	0.94683600571972	NA	"prevalence"	18	5
"OTU_286"	"Geese"	"high"	"Geesehigh"	-0.767255152713675	0	1.2636615865337	0.543739282184289	0.769764865031561	0.791826157378293	0.94683600571972	NA	"prevalence"	18	6
"OTU_286"	"Geese"	"low"	"Geeselow"	0.619039208406215	0	1.12220346317865	0.581203030993988	0.769764865031561	0.824609098751378	0.950573015073097	NA	"prevalence"	18	6
"OTU_287"	"Geese"	"low"	"Geeselow"	0.619039208406215	0	1.12220346317865	0.581203030993988	0.769764865031561	0.688994652244149	0.884897844981173	NA	"prevalence"	18	9
"OTU_289"	"Geese"	"low"	"Geeselow"	-0.767255152713668	0	1.26366160792384	0.543739289004222	0.769764865031561	0.47613066417542	0.666238838604974	NA	"prevalence"	18	3
"OTU_296"	"Geese"	"low"	"Geeselow"	0.619039208406223	0	1.12220348392823	0.581203037983512	0.769764865031561	0.787539745611625	0.94683600571972	NA	"prevalence"	18	5
"OTU_301"	"Geese"	"low"	"Geeselow"	-0.619039208406215	0	1.12220346317865	0.581203030993989	0.769764865031561	0.824609098751378	0.950573015073097	NA	"prevalence"	18	10
"OTU_307"	"Geese"	"high"	"Geesehigh"	-0.767255152713676	0	1.2636615865337	0.543739282184289	0.769764865031561	0.648477393730685	0.855803098937851	NA	"prevalence"	18	5
"OTU_311"	"Geese"	"high"	"Geesehigh"	-0.767255152713676	0	1.2636615865337	0.543739282184289	0.769764865031561	0.791826157378292	0.94683600571972	NA	"prevalence"	18	5
"OTU_316"	"Geese"	"low"	"Geeselow"	0.767255152713668	0	1.26366160792384	0.543739289004222	0.769764865031561	0.791826163601627	0.94683600571972	NA	"prevalence"	18	3
"OTU_317"	"Geese"	"high"	"Geesehigh"	-0.767255152713677	0	1.2636615865337	0.543739282184289	0.769764865031561	0.326034525660878	0.618283090113374	NA	"prevalence"	18	13
"OTU_317"	"Geese"	"low"	"Geeselow"	-0.767255152713677	0	1.2636615865337	0.543739282184288	0.769764865031561	0.132582415266776	0.415929977036914	NA	"prevalence"	18	13
"OTU_334"	"Geese"	"low"	"Geeselow"	0.767255152713676	0	1.2636615865337	0.543739282184289	0.769764865031561	0.791826157378292	0.94683600571972	NA	"prevalence"	18	4
"OTU_336"	"Geese"	"low"	"Geeselow"	-0.767255152713666	0	1.26366160792384	0.543739289004223	0.769764865031561	0.107232619089715	0.413840882563828	NA	"prevalence"	18	3
"OTU_337"	"Geese"	"low"	"Geeselow"	-0.767255152713667	0	1.26366160792384	0.543739289004222	0.769764865031561	0.238548318417923	0.470306740308573	NA	"prevalence"	18	15
"OTU_341"	"Geese"	"high"	"Geesehigh"	-0.767255152713675	0	1.2636615865337	0.543739282184289	0.769764865031561	0.791826157378292	0.94683600571972	NA	"prevalence"	18	13
"OTU_341"	"Geese"	"low"	"Geeselow"	-0.767255152713675	0	1.2636615865337	0.543739282184289	0.769764865031561	0.791826157378292	0.94683600571972	NA	"prevalence"	18	13
"OTU_342"	"Geese"	"high"	"Geesehigh"	0.619039208406215	0	1.12220346317865	0.581203030993988	0.769764865031561	0.247127934769553	0.481110766625832	NA	"prevalence"	18	11
"OTU_342"	"Geese"	"low"	"Geeselow"	0.619039208406215	0	1.12220346317865	0.581203030993989	0.769764865031561	0.824609098751378	0.950573015073097	NA	"prevalence"	18	11
"OTU_347"	"Geese"	"low"	"Geeselow"	0.767255152713677	0	1.2636615865337	0.543739282184288	0.769764865031561	0.681151456444709	0.884383933949754	NA	"prevalence"	18	7
"OTU_353"	"Geese"	"high"	"Geesehigh"	-0.767255152713668	0	1.26366160792384	0.543739289004222	0.769764865031561	0.791826163601627	0.94683600571972	NA	"prevalence"	18	3
"OTU_375"	"Geese"	"high"	"Geesehigh"	-0.767255152713676	0	1.2636615865337	0.543739282184289	0.769764865031561	0.109082576989057	0.413840882563828	NA	"prevalence"	18	13
"OTU_375"	"Geese"	"low"	"Geeselow"	-0.767255152713675	0	1.2636615865337	0.543739282184289	0.769764865031561	0.791826157378292	0.94683600571972	NA	"prevalence"	18	13
"OTU_387"	"Geese"	"low"	"Geeselow"	0.767255152713668	0	1.26366160792384	0.543739289004222	0.769764865031561	0.386428596771706	0.647560446525157	NA	"prevalence"	18	9
"OTU_394"	"Geese"	"low"	"Geeselow"	-0.619039208406215	0	1.12220346317864	0.581203030993988	0.769764865031561	0.612472008121285	0.81415770571086	NA	"prevalence"	18	8
"OTU_395"	"Geese"	"low"	"Geeselow"	-0.619039208406215	0	1.12220346317865	0.581203030993989	0.769764865031561	0.529587854482334	0.722793616185958	NA	"prevalence"	18	10
"OTU_400"	"Geese"	"high"	"Geesehigh"	0.767255152713675	0	1.2636615865337	0.543739282184289	0.769764865031561	0.791826157378292	0.94683600571972	NA	"prevalence"	18	13
"OTU_409"	"Geese"	"high"	"Geesehigh"	0.767255152713675	0	1.2636615865337	0.543739282184289	0.769764865031561	0.208750999034246	0.470306740308573	NA	"prevalence"	18	4
"OTU_411"	"Geese"	"low"	"Geeselow"	0.767255152713675	0	1.2636615865337	0.543739282184289	0.769764865031561	0.791826157378292	0.94683600571972	NA	"prevalence"	18	13
"OTU_417"	"Geese"	"low"	"Geeselow"	-0.767255152713667	0	1.26366160792384	0.543739289004222	0.769764865031561	0.496156259379425	0.681826749435055	NA	"prevalence"	18	9
"OTU_418"	"Geese"	"low"	"Geeselow"	-0.619039208406223	0	1.12220348392823	0.581203037983512	0.769764865031561	0.82460910460576	0.950573015073097	NA	"prevalence"	18	5
"OTU_422"	"Geese"	"low"	"Geeselow"	0.619039208406214	0	1.12220346317864	0.581203030993989	0.769764865031561	0.671176738176756	0.88152160109818	NA	"prevalence"	18	8
"OTU_424"	"Geese"	"low"	"Geeselow"	-0.619039208406214	0	1.12220346317865	0.581203030993989	0.769764865031561	0.824609098751378	0.950573015073097	NA	"prevalence"	18	10
"OTU_434"	"Geese"	"low"	"Geeselow"	-0.619039208406224	0	1.12220348392823	0.581203037983511	0.769764865031561	0.446252312173189	0.647560446525157	NA	"prevalence"	18	7
"OTU_441"	"Geese"	"low"	"Geeselow"	-0.767255152713668	0	1.26366160792384	0.543739289004222	0.769764865031561	0.173670322911686	0.470306740308573	NA	"prevalence"	18	9
"OTU_443"	"Geese"	"low"	"Geeselow"	0.767255152713668	0	1.26366160792384	0.543739289004222	0.769764865031561	0.791826163601627	0.94683600571972	NA	"prevalence"	18	3
"OTU_445"	"Geese"	"high"	"Geesehigh"	-0.767255152713676	0	1.2636615865337	0.543739282184289	0.769764865031561	0.43151861963915	0.647560446525157	NA	"prevalence"	18	4
"OTU_445"	"Geese"	"low"	"Geeselow"	-0.767255152713675	0	1.2636615865337	0.543739282184289	0.769764865031561	0.172718567724538	0.470306740308573	NA	"prevalence"	18	4
"OTU_448"	"Geese"	"high"	"Geesehigh"	-0.619039208406214	0	1.12220346317865	0.581203030993989	0.769764865031561	0.77546185161434	0.94683600571972	NA	"prevalence"	18	12
"OTU_448"	"Geese"	"low"	"Geeselow"	0.767255152713676	0	1.2636615865337	0.543739282184289	0.769764865031561	0.791826157378292	0.94683600571972	NA	"prevalence"	18	12
"OTU_450"	"Geese"	"high"	"Geesehigh"	-0.767255152713676	0	1.2636615865337	0.543739282184289	0.769764865031561	0.791826157378292	0.94683600571972	NA	"prevalence"	18	4
"OTU_450"	"Geese"	"low"	"Geeselow"	-0.767255152713675	0	1.2636615865337	0.543739282184289	0.769764865031561	0.283925920119469	0.54454263806319	NA	"prevalence"	18	4
"OTU_451"	"Geese"	"low"	"Geeselow"	-0.767255152713667	0	1.26366160792384	0.543739289004222	0.769764865031561	0.28537746343111	0.546848961339194	NA	"prevalence"	18	3
"OTU_453"	"Geese"	"high"	"Geesehigh"	-0.619039208406216	0	1.12220346317865	0.581203030993988	0.769764865031561	0.419507991861342	0.647560446525157	NA	"prevalence"	18	8
"OTU_456"	"Geese"	"low"	"Geeselow"	-0.767255152713676	0	1.2636615865337	0.543739282184289	0.769764865031561	0.587871126534901	0.789098407011395	NA	"prevalence"	18	5
"OTU_462"	"Geese"	"high"	"Geesehigh"	-0.767255152713676	0	1.2636615865337	0.543739282184289	0.769764865031561	0.628331040661313	0.832761596717431	NA	"prevalence"	18	4
"OTU_462"	"Geese"	"low"	"Geeselow"	-0.767255152713676	0	1.2636615865337	0.543739282184289	0.769764865031561	0.311276603807323	0.591829802563534	NA	"prevalence"	18	4
"OTU_478"	"Geese"	"high"	"Geesehigh"	-0.767255152713676	0	1.2636615865337	0.543739282184289	0.769764865031561	0.791826157378292	0.94683600571972	NA	"prevalence"	18	5
"OTU_481"	"Geese"	"low"	"Geeselow"	-0.619039208406215	0	1.12220346317865	0.581203030993989	0.769764865031561	0.824609098751378	0.950573015073097	NA	"prevalence"	18	6
"OTU_484"	"Geese"	"low"	"Geeselow"	-0.767255152713676	0	1.2636615865337	0.543739282184289	0.769764865031561	0.791826157378292	0.94683600571972	NA	"prevalence"	18	5
"OTU_486"	"Geese"	"high"	"Geesehigh"	0.619039208406215	0	1.12220346317865	0.581203030993988	0.769764865031561	0.503454212821806	0.690128246789442	NA	"prevalence"	18	7
"OTU_49"	"Geese"	"high"	"Geesehigh"	-0.619039208406215	0	1.12220346317865	0.581203030993988	0.769764865031561	0.824609098751378	0.950573015073097	NA	"prevalence"	18	12
"OTU_49"	"Geese"	"low"	"Geeselow"	0.767255152713677	0	1.2636615865337	0.543739282184289	0.769764865031561	0.277910092517922	0.533937500585614	NA	"prevalence"	18	12
"OTU_491"	"Geese"	"low"	"Geeselow"	0.619039208406224	0	1.12220348392823	0.581203037983511	0.769764865031561	0.442615680474824	0.647560446525157	NA	"prevalence"	18	5
"OTU_500"	"Geese"	"high"	"Geesehigh"	0.767255152713667	0	1.26366160792384	0.543739289004222	0.769764865031561	0.516355011750568	0.70692992880564	NA	"prevalence"	18	3
"OTU_501"	"Geese"	"low"	"Geeselow"	-0.767255152713676	0	1.2636615865337	0.543739282184289	0.769764865031561	0.600491994968231	0.802605247078658	NA	"prevalence"	18	5
"OTU_510"	"Geese"	"high"	"Geesehigh"	0.767255152713675	0	1.2636615865337	0.543739282184289	0.769764865031561	0.236200356482315	0.470306740308573	NA	"prevalence"	18	12
"OTU_510"	"Geese"	"low"	"Geeselow"	-0.619039208406216	0	1.12220346317864	0.581203030993988	0.769764865031561	0.427883984267081	0.647560446525157	NA	"prevalence"	18	12
"OTU_511"	"Geese"	"low"	"Geeselow"	-0.767255152713676	0	1.2636615865337	0.543739282184289	0.769764865031561	0.791826157378292	0.94683600571972	NA	"prevalence"	18	11
"OTU_527"	"Geese"	"low"	"Geeselow"	-0.619039208406224	0	1.12220348392823	0.581203037983511	0.769764865031561	0.238859281071684	0.470306740308573	NA	"prevalence"	18	7
"OTU_55"	"Geese"	"high"	"Geesehigh"	-0.767255152713676	0	1.2636615865337	0.543739282184289	0.769764865031561	0.791826157378292	0.94683600571972	NA	"prevalence"	18	7
"OTU_551"	"Geese"	"high"	"Geesehigh"	0.767255152713675	0	1.2636615865337	0.543739282184289	0.769764865031561	0.791826157378292	0.94683600571972	NA	"prevalence"	18	6
"OTU_564"	"Geese"	"low"	"Geeselow"	0.767255152713675	0	1.2636615865337	0.543739282184289	0.769764865031561	0.791826157378292	0.94683600571972	NA	"prevalence"	18	4
"OTU_567"	"Geese"	"low"	"Geeselow"	0.619039208406215	0	1.12220346317865	0.581203030993989	0.769764865031561	0.824609098751378	0.950573015073097	NA	"prevalence"	18	7
"OTU_572"	"Geese"	"low"	"Geeselow"	-0.767255152713668	0	1.26366160792384	0.543739289004222	0.769764865031561	0.570045000657396	0.768930480002237	NA	"prevalence"	18	9
"OTU_573"	"Geese"	"high"	"Geesehigh"	0.767255152713675	0	1.2636615865337	0.543739282184289	0.769764865031561	0.00705467015087419	0.300950284637266	NA	"prevalence"	18	5
"OTU_573"	"Geese"	"low"	"Geeselow"	0.767255152713676	0	1.2636615865337	0.543739282184289	0.769764865031561	0.214486038072131	0.470306740308573	NA	"prevalence"	18	5
"OTU_578"	"Geese"	"low"	"Geeselow"	-0.619039208406214	0	1.12220346317864	0.581203030993989	0.769764865031561	0.0727398542831577	0.394411654335344	NA	"prevalence"	18	9
"OTU_581"	"Geese"	"high"	"Geesehigh"	0.619039208406216	0	1.12220346317865	0.581203030993988	0.769764865031561	0.824609098751378	0.950573015073097	NA	"prevalence"	18	11
"OTU_581"	"Geese"	"low"	"Geeselow"	0.619039208406216	0	1.12220346317864	0.581203030993988	0.769764865031561	0.754315665510763	0.94683600571972	NA	"prevalence"	18	11
"OTU_584"	"Geese"	"high"	"Geesehigh"	-0.767255152713676	0	1.2636615865337	0.543739282184289	0.769764865031561	0.67036289655634	0.880979605528259	NA	"prevalence"	18	4
"OTU_584"	"Geese"	"low"	"Geeselow"	-0.767255152713676	0	1.2636615865337	0.543739282184289	0.769764865031561	0.40494967747095	0.647560446525157	NA	"prevalence"	18	4
"OTU_586"	"Geese"	"high"	"Geesehigh"	-0.619039208406224	0	1.12220348392823	0.581203037983511	0.769764865031561	0.036622663169004	0.330960363453222	NA	"prevalence"	18	7
"OTU_590"	"Geese"	"low"	"Geeselow"	-0.619039208406215	0	1.12220346317865	0.581203030993989	0.769764865031561	0.450714817944414	0.647560446525157	NA	"prevalence"	18	10
"OTU_591"	"Geese"	"high"	"Geesehigh"	-0.767255152713676	0	1.2636615865337	0.543739282184289	0.769764865031561	0.791826157378292	0.94683600571972	NA	"prevalence"	18	13
"OTU_591"	"Geese"	"low"	"Geeselow"	-0.767255152713676	0	1.2636615865337	0.543739282184289	0.769764865031561	0.791826157378292	0.94683600571972	NA	"prevalence"	18	13
"OTU_596"	"Geese"	"low"	"Geeselow"	-0.767255152713668	0	1.26366160792384	0.543739289004222	0.769764865031561	0.791826163601627	0.94683600571972	NA	"prevalence"	18	3
"OTU_598"	"Geese"	"high"	"Geesehigh"	-0.619039208406215	0	1.12220346317865	0.581203030993989	0.769764865031561	0.824609098751378	0.950573015073097	NA	"prevalence"	18	11
"OTU_607"	"Geese"	"high"	"Geesehigh"	0.767255152713668	0	1.26366160792384	0.543739289004222	0.769764865031561	0.203806945462472	0.470306740308573	NA	"prevalence"	18	3
"OTU_610"	"Geese"	"low"	"Geeselow"	-0.619039208406224	0	1.12220348392823	0.581203037983511	0.769764865031561	0.703526029984227	0.900316527881912	NA	"prevalence"	18	5
"OTU_619"	"Geese"	"high"	"Geesehigh"	-0.619039208406216	0	1.12220346317865	0.581203030993988	0.769764865031561	0.824609098751378	0.950573015073097	NA	"prevalence"	18	6
"OTU_621"	"Geese"	"high"	"Geesehigh"	0.619039208406215	0	1.12220346317865	0.581203030993989	0.769764865031561	0.824609098751378	0.950573015073097	NA	"prevalence"	18	6
"OTU_621"	"Geese"	"low"	"Geeselow"	-0.767255152713676	0	1.2636615865337	0.543739282184289	0.769764865031561	0.791826157378292	0.94683600571972	NA	"prevalence"	18	6
"OTU_626"	"Geese"	"low"	"Geeselow"	0.767255152713676	0	1.2636615865337	0.543739282184289	0.769764865031561	0.791826157378292	0.94683600571972	NA	"prevalence"	18	4
"OTU_630"	"Geese"	"high"	"Geesehigh"	0.619039208406215	0	1.12220346317865	0.581203030993988	0.769764865031561	0.186862824991567	0.470306740308573	NA	"prevalence"	18	9
"OTU_630"	"Geese"	"low"	"Geeselow"	-0.619039208406216	0	1.12220346317865	0.581203030993988	0.769764865031561	0.824609098751378	0.950573015073097	NA	"prevalence"	18	9
"OTU_634"	"Geese"	"low"	"Geeselow"	-0.619039208406224	0	1.12220348392823	0.581203037983511	0.769764865031561	0.82460910460576	0.950573015073097	NA	"prevalence"	18	5
"OTU_638"	"Geese"	"high"	"Geesehigh"	0.619039208406216	0	1.12220346317865	0.581203030993988	0.769764865031561	0.588256514045417	0.789133356654695	NA	"prevalence"	18	8
"OTU_639"	"Geese"	"low"	"Geeselow"	-0.619039208406224	0	1.12220348392823	0.581203037983511	0.769764865031561	0.060488305336937	0.371342225006612	NA	"prevalence"	18	5
"OTU_640"	"Geese"	"low"	"Geeselow"	0.767255152713667	0	1.26366160792384	0.543739289004222	0.769764865031561	0.791826163601627	0.94683600571972	NA	"prevalence"	18	3
"OTU_644"	"Geese"	"high"	"Geesehigh"	0.619039208406216	0	1.12220346317865	0.581203030993988	0.769764865031561	0.824609098751378	0.950573015073097	NA	"prevalence"	18	12
"OTU_646"	"Geese"	"low"	"Geeselow"	-0.619039208406215	0	1.12220346317865	0.581203030993989	0.769764865031561	0.183381351932704	0.470306740308573	NA	"prevalence"	18	10
"OTU_651"	"Geese"	"high"	"Geesehigh"	0.619039208406215	0	1.12220346317865	0.581203030993988	0.769764865031561	0.806462020220769	0.950573015073097	NA	"prevalence"	18	8
"OTU_651"	"Geese"	"low"	"Geeselow"	0.619039208406215	0	1.12220346317864	0.581203030993989	0.769764865031561	0.486696146971903	0.670925761927369	NA	"prevalence"	18	8
"OTU_660"	"Geese"	"low"	"Geeselow"	-0.619039208406223	0	1.12220348392823	0.581203037983512	0.769764865031561	0.139289275034243	0.43264391509929	NA	"prevalence"	18	7
"OTU_674"	"Geese"	"high"	"Geesehigh"	0.767255152713675	0	1.2636615865337	0.543739282184289	0.769764865031561	0.791826157378292	0.94683600571972	NA	"prevalence"	18	5
"OTU_674"	"Geese"	"low"	"Geeselow"	0.767255152713675	0	1.2636615865337	0.543739282184289	0.769764865031561	0.791826157378293	0.94683600571972	NA	"prevalence"	18	5
"OTU_679"	"Geese"	"low"	"Geeselow"	0.767255152713676	0	1.2636615865337	0.543739282184289	0.769764865031561	0.791826157378292	0.94683600571972	NA	"prevalence"	18	4
"OTU_680"	"Geese"	"low"	"Geeselow"	-0.619039208406215	0	1.12220346317865	0.581203030993988	0.769764865031561	0.0951320958349878	0.413840882563828	NA	"prevalence"	18	9
"OTU_682"	"Geese"	"low"	"Geeselow"	0.767255152713669	0	1.26366160792384	0.543739289004221	0.769764865031561	0.782351246437335	0.94683600571972	NA	"prevalence"	18	3
"OTU_686"	"Geese"	"low"	"Geeselow"	-0.619039208406214	0	1.12220346317865	0.581203030993989	0.769764865031561	0.30098513662387	0.575250966080086	NA	"prevalence"	18	10
"OTU_688"	"Geese"	"low"	"Geeselow"	-0.619039208406214	0	1.12220346317865	0.581203030993989	0.769764865031561	0.824609098751378	0.950573015073097	NA	"prevalence"	18	8
"OTU_69"	"Geese"	"low"	"Geeselow"	0.619039208406215	0	1.12220346317865	0.581203030993988	0.769764865031561	0.824609098751378	0.950573015073097	NA	"prevalence"	18	8
"OTU_693"	"Geese"	"low"	"Geeselow"	0.619039208406215	0	1.12220346317865	0.581203030993989	0.769764865031561	0.824609098751378	0.950573015073097	NA	"prevalence"	18	7
"OTU_7"	"Geese"	"low"	"Geeselow"	0.767255152713667	0	1.26366160792384	0.543739289004222	0.769764865031561	0.583592260422899	0.78390808691386	NA	"prevalence"	18	9
"OTU_709"	"Geese"	"low"	"Geeselow"	-0.619039208406215	0	1.12220346317865	0.581203030993988	0.769764865031561	0.180988427120135	0.470306740308573	NA	"prevalence"	18	8
"OTU_71"	"Geese"	"high"	"Geesehigh"	-0.619039208406224	0	1.12220348392823	0.581203037983511	0.769764865031561	0.428782911327582	0.647560446525157	NA	"prevalence"	18	5
"OTU_710"	"Geese"	"high"	"Geesehigh"	0.767255152713676	0	1.2636615865337	0.543739282184289	0.769764865031561	0.791826157378292	0.94683600571972	NA	"prevalence"	18	6
"OTU_714"	"Geese"	"low"	"Geeselow"	0.619039208406223	0	1.12220348392823	0.581203037983512	0.769764865031561	0.82460910460576	0.950573015073097	NA	"prevalence"	18	5
"OTU_717"	"Geese"	"low"	"Geeselow"	0.767255152713668	0	1.26366160792384	0.543739289004222	0.769764865031561	0.791826163601627	0.94683600571972	NA	"prevalence"	18	3
"OTU_719"	"Geese"	"low"	"Geeselow"	-0.767255152713676	0	1.2636615865337	0.543739282184289	0.769764865031561	0.0400478503738241	0.354617255729507	NA	"prevalence"	18	7
"OTU_726"	"Geese"	"low"	"Geeselow"	-0.619039208406215	0	1.12220346317864	0.581203030993989	0.769764865031561	0.0149034838891928	0.300950284637266	NA	"prevalence"	18	11
"OTU_730"	"Geese"	"low"	"Geeselow"	-0.619039208406224	0	1.12220348392823	0.581203037983511	0.769764865031561	0.82460910460576	0.950573015073097	NA	"prevalence"	18	5
"OTU_731"	"Geese"	"low"	"Geeselow"	-0.767255152713666	0	1.26366160792384	0.543739289004223	0.769764865031561	0.651534746662541	0.85932150370627	NA	"prevalence"	18	3
"OTU_732"	"Geese"	"low"	"Geeselow"	0.767255152713668	0	1.26366160792384	0.543739289004222	0.769764865031561	0.335313629873015	0.632058996739177	NA	"prevalence"	18	3
"OTU_740"	"Geese"	"high"	"Geesehigh"	-0.619039208406214	0	1.12220346317865	0.581203030993989	0.769764865031561	0.824609098751378	0.950573015073097	NA	"prevalence"	18	9
"OTU_740"	"Geese"	"low"	"Geeselow"	0.619039208406215	0	1.12220346317865	0.581203030993989	0.769764865031561	0.373505375574522	0.647560446525157	NA	"prevalence"	18	9
"OTU_767"	"Geese"	"high"	"Geesehigh"	0.619039208406216	0	1.12220346317865	0.581203030993988	0.769764865031561	0.101682388576981	0.413840882563828	NA	"prevalence"	18	6
"OTU_767"	"Geese"	"low"	"Geeselow"	-0.767255152713675	0	1.2636615865337	0.543739282184289	0.769764865031561	0.791826157378292	0.94683600571972	NA	"prevalence"	18	6
"OTU_773"	"Geese"	"high"	"Geesehigh"	-0.619039208406214	0	1.12220346317865	0.581203030993989	0.769764865031561	0.350237341897938	0.647560446525157	NA	"prevalence"	18	7
"OTU_773"	"Geese"	"low"	"Geeselow"	-0.619039208406215	0	1.12220346317865	0.581203030993988	0.769764865031561	0.824609098751378	0.950573015073097	NA	"prevalence"	18	7
"OTU_778"	"Geese"	"low"	"Geeselow"	-0.619039208406224	0	1.12220348392823	0.581203037983511	0.769764865031561	0.629968765723292	0.834385651102744	NA	"prevalence"	18	5
"OTU_788"	"Geese"	"low"	"Geeselow"	-0.767255152713668	0	1.26366160792384	0.543739289004222	0.769764865031561	0.56849596665417	0.767784220647329	NA	"prevalence"	18	3
"OTU_797"	"Geese"	"high"	"Geesehigh"	0.619039208406215	0	1.12220346317865	0.581203030993988	0.769764865031561	0.634866906911657	0.839860076854216	NA	"prevalence"	18	10
"OTU_798"	"Geese"	"low"	"Geeselow"	0.767255152713668	0	1.26366160792384	0.543739289004222	0.769764865031561	0.791826163601627	0.94683600571972	NA	"prevalence"	18	3
"OTU_802"	"Geese"	"high"	"Geesehigh"	-0.767255152713676	0	1.2636615865337	0.543739282184289	0.769764865031561	0.77159331534033	0.94683600571972	NA	"prevalence"	18	4
"OTU_802"	"Geese"	"low"	"Geeselow"	-0.767255152713676	0	1.2636615865337	0.543739282184289	0.769764865031561	0.791826157378292	0.94683600571972	NA	"prevalence"	18	4
"OTU_809"	"Geese"	"high"	"Geesehigh"	-0.619039208406223	0	1.12220348392823	0.581203037983512	0.769764865031561	0.82460910460576	0.950573015073097	NA	"prevalence"	18	7
"OTU_814"	"Geese"	"low"	"Geeselow"	-0.619039208406224	0	1.12220348392823	0.581203037983511	0.769764865031561	0.234520161413812	0.470306740308573	NA	"prevalence"	18	7
"OTU_816"	"Geese"	"high"	"Geesehigh"	0.767255152713675	0	1.2636615865337	0.54373928218429	0.769764865031561	0.569338910916765	0.768450060462947	NA	"prevalence"	18	5
"OTU_816"	"Geese"	"low"	"Geeselow"	0.767255152713676	0	1.2636615865337	0.543739282184289	0.769764865031561	0.747813536978468	0.94683600571972	NA	"prevalence"	18	5
"OTU_819"	"Geese"	"high"	"Geesehigh"	0.767255152713675	0	1.2636615865337	0.54373928218429	0.769764865031561	0.791826157378293	0.94683600571972	NA	"prevalence"	18	13
"OTU_825"	"Geese"	"high"	"Geesehigh"	-0.619039208406214	0	1.12220346317865	0.581203030993989	0.769764865031561	0.774987750577834	0.94683600571972	NA	"prevalence"	18	8
"OTU_829"	"Geese"	"low"	"Geeselow"	0.767255152713678	0	1.2636615865337	0.543739282184288	0.769764865031561	0.791826157378291	0.94683600571972	NA	"prevalence"	18	8
"OTU_830"	"Geese"	"high"	"Geesehigh"	0.767255152713674	0	1.2636615865337	0.54373928218429	0.769764865031561	0.544087006886404	0.737995717802683	NA	"prevalence"	18	12
"OTU_830"	"Geese"	"low"	"Geeselow"	-0.619039208406216	0	1.12220346317865	0.581203030993988	0.769764865031561	0.824609098751377	0.950573015073097	NA	"prevalence"	18	12
"OTU_832"	"Geese"	"low"	"Geeselow"	-0.619039208406215	0	1.12220346317865	0.581203030993989	0.769764865031561	0.354002689146924	0.647560446525157	NA	"prevalence"	18	11
"OTU_841"	"Geese"	"low"	"Geeselow"	0.767255152713668	0	1.26366160792384	0.543739289004222	0.769764865031561	0.791826163601627	0.94683600571972	NA	"prevalence"	18	3
"OTU_846"	"Geese"	"low"	"Geeselow"	0.767255152713668	0	1.26366160792384	0.543739289004222	0.769764865031561	0.791826163601627	0.94683600571972	NA	"prevalence"	18	3
"OTU_850"	"Geese"	"high"	"Geesehigh"	-0.619039208406215	0	1.12220346317865	0.581203030993989	0.769764865031561	0.824609098751378	0.950573015073097	NA	"prevalence"	18	7
"OTU_850"	"Geese"	"low"	"Geeselow"	-0.619039208406214	0	1.12220346317865	0.581203030993989	0.769764865031561	0.824609098751378	0.950573015073097	NA	"prevalence"	18	7
"OTU_854"	"Geese"	"low"	"Geeselow"	-0.767255152713667	0	1.26366160792384	0.543739289004222	0.769764865031561	0.791826163601627	0.94683600571972	NA	"prevalence"	18	3
"OTU_855"	"Geese"	"low"	"Geeselow"	0.767255152713668	0	1.26366160792384	0.543739289004222	0.769764865031561	0.180939743903823	0.470306740308573	NA	"prevalence"	18	3
"OTU_869"	"Geese"	"high"	"Geesehigh"	-0.619039208406216	0	1.12220346317865	0.581203030993988	0.769764865031561	0.693095291542754	0.889040455740589	NA	"prevalence"	18	8
"OTU_88"	"Geese"	"low"	"Geeselow"	-0.619039208406224	0	1.12220348392823	0.581203037983511	0.769764865031561	0.82460910460576	0.950573015073097	NA	"prevalence"	18	11
"OTU_882"	"Geese"	"high"	"Geesehigh"	0.767255152713676	0	1.2636615865337	0.543739282184289	0.769764865031561	0.165860115521308	0.470306740308573	NA	"prevalence"	18	13
"OTU_892"	"Geese"	"high"	"Geesehigh"	0.767255152713676	0	1.2636615865337	0.543739282184289	0.769764865031561	0.76288527309547	0.94683600571972	NA	"prevalence"	18	5
"OTU_892"	"Geese"	"low"	"Geeselow"	0.767255152713675	0	1.2636615865337	0.54373928218429	0.769764865031561	0.791826157378293	0.94683600571972	NA	"prevalence"	18	5
"OTU_898"	"Geese"	"low"	"Geeselow"	0.767255152713668	0	1.26366160792384	0.543739289004222	0.769764865031561	0.67647911786266	0.884383933949754	NA	"prevalence"	18	3
"OTU_901"	"Geese"	"high"	"Geesehigh"	0.767255152713668	0	1.26366160792384	0.543739289004222	0.769764865031561	0.791826163601627	0.94683600571972	NA	"prevalence"	18	3
"OTU_905"	"Geese"	"high"	"Geesehigh"	-0.767255152713667	0	1.26366160792384	0.543739289004222	0.769764865031561	0.363125559347159	0.647560446525157	NA	"prevalence"	18	3
"OTU_906"	"Geese"	"high"	"Geesehigh"	-0.619039208406215	0	1.12220346317865	0.581203030993988	0.769764865031561	0.198595475503705	0.470306740308573	NA	"prevalence"	18	7
"OTU_906"	"Geese"	"low"	"Geeselow"	-0.619039208406216	0	1.12220346317865	0.581203030993988	0.769764865031561	0.254460134123957	0.493198988999302	NA	"prevalence"	18	7
"OTU_915"	"Geese"	"low"	"Geeselow"	-0.767255152713667	0	1.26366160792384	0.543739289004222	0.769764865031561	0.227680681145508	0.470306740308573	NA	"prevalence"	18	3
"OTU_919"	"Geese"	"high"	"Geesehigh"	-0.767255152713667	0	1.26366160792384	0.543739289004222	0.769764865031561	0.241807248684496	0.471588559601379	NA	"prevalence"	18	9
"OTU_927"	"Geese"	"low"	"Geeselow"	0.767255152713668	0	1.26366160792384	0.543739289004222	0.769764865031561	0.791826163601627	0.94683600571972	NA	"prevalence"	18	3
"OTU_932"	"Geese"	"low"	"Geeselow"	-0.767255152713676	0	1.2636615865337	0.543739282184289	0.769764865031561	0.546862053429229	0.741301894648511	NA	"prevalence"	18	7
"OTU_94"	"Geese"	"low"	"Geeselow"	-0.767255152713668	0	1.26366160792384	0.543739289004222	0.769764865031561	0.609984222482553	0.811833547013143	NA	"prevalence"	18	9
"OTU_941"	"Geese"	"low"	"Geeselow"	-0.767255152713667	0	1.26366160792384	0.543739289004222	0.769764865031561	0.217991613983756	0.470306740308573	NA	"prevalence"	18	3
"OTU_945"	"Geese"	"high"	"Geesehigh"	0.619039208406215	0	1.12220346317865	0.581203030993989	0.769764865031561	0.824609098751378	0.950573015073097	NA	"prevalence"	18	6
"OTU_945"	"Geese"	"low"	"Geeselow"	-0.767255152713675	0	1.2636615865337	0.543739282184289	0.769764865031561	0.560168582570852	0.757936048875904	NA	"prevalence"	18	6
"OTU_949"	"Geese"	"high"	"Geesehigh"	-0.619039208406216	0	1.12220346317865	0.581203030993988	0.769764865031561	0.824609098751378	0.950573015073097	NA	"prevalence"	18	6
"OTU_952"	"Geese"	"low"	"Geeselow"	-0.619039208406223	0	1.12220348392823	0.581203037983512	0.769764865031561	0.82460910460576	0.950573015073097	NA	"prevalence"	18	5
"OTU_953"	"Geese"	"low"	"Geeselow"	-0.767255152713668	0	1.26366160792384	0.543739289004222	0.769764865031561	0.791826163601627	0.94683600571972	NA	"prevalence"	18	3
"OTU_966"	"Geese"	"low"	"Geeselow"	-0.619039208406224	0	1.12220348392823	0.581203037983511	0.769764865031561	0.696711424386412	0.892115619797411	NA	"prevalence"	18	7
"OTU_973"	"Geese"	"low"	"Geeselow"	0.767255152713677	0	1.2636615865337	0.543739282184289	0.769764865031561	0.671998548638451	0.881755565637705	NA	"prevalence"	18	4
"OTU_979"	"Geese"	"low"	"Geeselow"	-0.767255152713668	0	1.26366160792384	0.543739289004222	0.769764865031561	0.791826163601627	0.94683600571972	NA	"prevalence"	18	3
"OTU_980"	"Geese"	"low"	"Geeselow"	-0.767255152713667	0	1.26366160792384	0.543739289004222	0.769764865031561	0.791826163601627	0.94683600571972	NA	"prevalence"	18	3
"OTU_986"	"Geese"	"low"	"Geeselow"	-0.767255152713667	0	1.26366160792384	0.543739289004222	0.769764865031561	0.791826163601627	0.94683600571972	NA	"prevalence"	18	3
"OTU_992"	"Geese"	"high"	"Geesehigh"	-0.767255152713676	0	1.2636615865337	0.543739282184289	0.769764865031561	0.107072602597575	0.413840882563828	NA	"prevalence"	18	4
"OTU_992"	"Geese"	"low"	"Geeselow"	-0.767255152713676	0	1.2636615865337	0.543739282184289	0.769764865031561	0.791826157378292	0.94683600571972	NA	"prevalence"	18	4
"OTU_993"	"Geese"	"low"	"Geeselow"	-0.619039208406224	0	1.12220348392823	0.581203037983512	0.769764865031561	0.752581978444117	0.94683600571972	NA	"prevalence"	18	5
"OTU_634"	"Geese"	"low"	"Geeselow"	1.81145422613424	0.830285980745297	1.59232777812164	0.581537678126909	0.769896626844925	0.82460910460576	0.950573015073097	NA	"abundance"	18	5
"OTU_362"	"Geese"	"high"	"Geesehigh"	1.21665163278506	0.71715364990908	0.881744020240459	0.582278212441413	0.770565427458847	0.825508508198859	0.95111053725325	NA	"abundance"	18	17
"OTU_914"	"Geese"	"high"	"Geesehigh"	1.09472656054506	0.71715364990908	0.645802570221583	0.582853469950162	0.771015054794679	0.825988772467379	0.951164837094056	NA	"abundance"	18	10
"OTU_233"	"Geese"	"low"	"Geeselow"	-0.0929029400772055	0.830285980745297	1.50233483620896	0.583169008841298	0.771120894566401	0.82460910460576	0.950573015073097	NA	"abundance"	18	5
"OTU_479"	"Geese"	"high"	"Geesehigh"	1.66079570026076	0.71715364990908	1.63469889902533	0.585265538192475	0.773441371109827	0.827995326189222	0.952975752783822	NA	"abundance"	18	9
"OTU_820"	"Geese"	"high"	"Geesehigh"	1.87304564166492	0.71715364990908	1.89567973444751	0.58539637068117	0.773441371109827	0.212397171168329	0.470306740308573	NA	"abundance"	18	6
"OTU_1"	"Geese"	"low"	"Geeselow"	1.47861581122015	0.830285980745297	1.1640240360052	0.58695819857284	0.775192070241016	0.687854170849807	0.884383933949754	NA	"abundance"	18	17
"OTU_446"	"Geese"	"low"	"Geeselow"	1.34755718231984	0.830285980745297	0.912871532460111	0.5875745761722	0.775693210640236	0.0636390835843031	0.371342225006612	NA	"abundance"	18	11
"OTU_320"	"Geese"	"high"	"Geesehigh"	1.06590765641607	0.71715364990908	0.617049161722459	0.588454850356285	0.776542192691043	0.830630589804733	0.955508001682134	NA	"abundance"	18	17
"OTU_1297"	"Geese"	"low"	"Geeselow"	-0.0987128096014924	0.830285980745297	1.59263118254021	0.591565373557658	0.780332406538184	0.0839339769692004	0.401566478048725	NA	"abundance"	18	6
"OTU_688"	"Geese"	"low"	"Geeselow"	1.57196862141653	0.830285980745297	1.29797191184609	0.5927719349972	0.781609067732917	0.824609098751378	0.950573015073097	NA	"abundance"	18	8
"OTU_463"	"Geese"	"low"	"Geeselow"	1.20361584855428	0.830285980745297	0.673518079819509	0.593530032559771	0.782293609742629	0.687854170849807	0.884383933949754	NA	"abundance"	18	13
"OTU_275"	"Geese"	"low"	"Geeselow"	1.92897354899755	0.830285980745297	1.96960562283784	0.594015874488289	0.782618902645738	0.835176889832491	0.960234790613692	NA	"abundance"	18	10
"OTU_1273"	"Geese"	"low"	"Geeselow"	1.45734310659431	0.830285980745297	1.10496667389903	0.595329695389545	0.783404108804409	0.212397181968111	0.470306740308573	NA	"abundance"	18	7
"OTU_591"	"Geese"	"high"	"Geesehigh"	0.213627848261538	0.71715364990908	0.91183627358022	0.595216495389599	0.783404108804409	0.791826157378292	0.94683600571972	NA	"abundance"	18	13
"OTU_70"	"Geese"	"low"	"Geeselow"	1.23600702842008	0.830285980745297	0.74239337778678	0.595324640537172	0.783404108804409	0.595324640537172	0.797154213792457	NA	"abundance"	18	18
"OTU_39"	"Geese"	"low"	"Geeselow"	0.387742259647779	0.830285980745297	0.813380238893302	0.596022338864471	0.784000456987657	0.687854170849807	0.884383933949754	NA	"abundance"	18	17
"OTU_1162"	"Geese"	"high"	"Geesehigh"	1.94819108852293	0.71715364990908	2.09676146425865	0.598164680993423	0.786502476133521	0.457656561587239	0.647560446525157	NA	"abundance"	18	6
"OTU_1381"	"Geese"	"high"	"Geesehigh"	-0.756741677760723	0.71715364990908	2.38172639455134	0.59925377031035	0.787302104332297	0.791826157378292	0.94683600571972	NA	"abundance"	18	5
"OTU_443"	"Geese"	"low"	"Geeselow"	3.65605196918665	0.830285980745297	3.87983965995357	0.599109328050767	0.787302104332297	0.791826163601627	0.94683600571972	NA	"abundance"	18	3
"OTU_365"	"Geese"	"high"	"Geesehigh"	0.0745290943467948	0.71715364990908	1.18064747214298	0.600676892166159	0.788855252688329	0.840541055549923	0.965896471997713	NA	"abundance"	18	13
"OTU_1123"	"Geese"	"low"	"Geeselow"	1.44626001202208	0.830285980745297	1.05891808558615	0.601968964264813	0.790235119888933	0.824609098751377	0.950573015073097	NA	"abundance"	18	6
"OTU_1375"	"Geese"	"low"	"Geeselow"	1.62265982113702	0.830285980745297	1.46060490469589	0.602245492992961	0.79028126014387	0.841791352155588	0.966827306136857	NA	"abundance"	18	11
"OTU_22"	"Geese"	"high"	"Geesehigh"	0.109742985971962	0.71715364990908	1.14529144854438	0.604798487031136	0.793184363020305	0.604798487031136	0.806887896427931	NA	"abundance"	18	18
"OTU_286"	"Geese"	"low"	"Geeselow"	2.24939313491004	0.830285980745297	2.46496464037635	0.604942380715242	0.793184363020305	0.824609098751378	0.950573015073097	NA	"abundance"	18	6
"OTU_160"	"Geese"	"low"	"Geeselow"	-0.422393973574841	0.830285980745297	2.28540297438999	0.607072052311881	0.795420037403226	0.212397181968112	0.470306740308573	NA	"abundance"	18	7
"OTU_408"	"Geese"	"low"	"Geeselow"	1.39179345096113	0.830285980745297	1.05148406472453	0.607133376136427	0.795420037403226	0.482992819243678	0.666238838604974	NA	"abundance"	18	12
"OTU_121"	"Geese"	"high"	"Geesehigh"	-0.66756485423741	0.71715364990908	2.60132813946694	0.609078585028755	0.797649314953658	0.21239718196811	0.470306740308573	NA	"abundance"	18	11
"OTU_896"	"Geese"	"high"	"Geesehigh"	-0.213654773686116	0.71715364990908	1.68165836587475	0.60940796220235	0.797761562675128	0.847437860009079	0.97280373266071	NA	"abundance"	18	7
"OTU_108"	"Geese"	"high"	"Geesehigh"	2.23265404857153	0.71715364990908	2.82697070835782	0.611188831548146	0.799395944270957	0.824609098751378	0.950573015073097	NA	"abundance"	18	9
"OTU_345"	"Geese"	"low"	"Geeselow"	1.23276224360764	0.830285980745297	0.768035271040188	0.611388956766791	0.799395944270957	0.240935830076113	0.470306740308573	NA	"abundance"	18	15
"OTU_604"	"Geese"	"low"	"Geeselow"	2.1273211004989	0.830285980745297	2.35541017316475	0.61097205755351	0.799395944270957	0.848657259995851	0.973694536546963	NA	"abundance"	18	6
"OTU_414"	"Geese"	"high"	"Geesehigh"	1.78396053786364	0.71715364990908	1.94279934396852	0.612311798457578	0.799963618575463	0.482992794811896	0.666238838604974	NA	"abundance"	18	7
"OTU_565"	"Geese"	"high"	"Geesehigh"	-0.425258718952226	0.71715364990908	2.11459635529217	0.61214486475225	0.799963618575463	0.0839339753788886	0.401566478048725	NA	"abundance"	18	8
"OTU_633"	"Geese"	"high"	"Geesehigh"	1.23911534293463	0.71715364990908	0.946499920311712	0.61270569491002	0.800158933041645	0.482992819243678	0.666238838604974	NA	"abundance"	18	6
"OTU_414"	"Geese"	"low"	"Geeselow"	-0.537912122149891	0.830285980745297	2.50814316807092	0.614091647905436	0.801649144833492	0.212397171168329	0.470306740308573	NA	"abundance"	18	7
"OTU_678"	"Geese"	"high"	"Geesehigh"	1.9082389675616	0.71715364990908	2.12993650290358	0.615197274352544	0.802772369960234	0.212397181968111	0.470306740308573	NA	"abundance"	18	5
"OTU_603"	"Geese"	"high"	"Geesehigh"	-0.0907620590563882	0.71715364990908	1.47945222292075	0.615635033745677	0.803023546009301	0.457629468196621	0.647560446525157	NA	"abundance"	18	7
"OTU_1147"	"Geese"	"high"	"Geesehigh"	1.58300146019997	0.71715364990908	1.55107135953067	0.616158303932912	0.803386016358564	0.824609104605761	0.950573015073097	NA	"abundance"	18	5
"OTU_1397"	"Geese"	"high"	"Geesehigh"	-0.20073483824415	0.71715364990908	1.33513168706207	0.617207034287067	0.804433053445803	0.791826163601627	0.94683600571972	NA	"abundance"	18	3
"OTU_95"	"Geese"	"high"	"Geesehigh"	0.304097562179684	0.71715364990908	0.801850914665032	0.617868724283045	0.804975011262511	0.853975688118933	0.979284914417325	NA	"abundance"	18	17
"OTU_880"	"Geese"	"low"	"Geeselow"	1.48748881095188	0.830285980745297	1.21769574253252	0.618334506576071	0.805261405938766	0.457629468196622	0.647560446525157	NA	"abundance"	18	7
"OTU_1058"	"Geese"	"low"	"Geeselow"	-0.583958746496805	0.830285980745297	2.42950754915978	0.619153712623242	0.80600765611471	0.85495610539134	0.979897498663561	NA	"abundance"	18	5
"OTU_825"	"Geese"	"low"	"Geeselow"	-0.131045888886725	0.830285980745297	1.81930165399339	0.619729825573385	0.806436982880469	0.212397171168329	0.470306740308573	NA	"abundance"	18	8
"OTU_1199"	"Geese"	"low"	"Geeselow"	1.19341268822666	0.830285980745297	0.535318048858629	0.623880487375182	0.811515580320359	0.791826157378292	0.94683600571972	NA	"abundance"	18	4
"OTU_112"	"Geese"	"low"	"Geeselow"	0.26411740123319	0.830285980745297	1.0918100643538	0.626560211970001	0.813708105509633	0.0636390835843034	0.371342225006612	NA	"abundance"	18	8
"OTU_264"	"Geese"	"low"	"Geeselow"	-0.244834987960836	0.830285980745297	2.0744501130127	0.6265185514114	0.813708105509633	0.212397171168329	0.470306740308573	NA	"abundance"	18	8
"OTU_288"	"Geese"	"high"	"Geesehigh"	-0.337015348601292	0.71715364990908	2.06957480484868	0.626288466703237	0.813708105509633	0.212397171168328	0.470306740308573	NA	"abundance"	18	10
"OTU_723"	"Geese"	"low"	"Geeselow"	1.54520659863124	0.830285980745297	1.32095366497333	0.626056026470134	0.813708105509633	0.860165904660695	0.985354369658261	NA	"abundance"	18	6
"OTU_760"	"Geese"	"low"	"Geeselow"	-0.116453082411439	0.830285980745297	1.82893531845103	0.627039080642494	0.814007117376497	0.482992794811896	0.666238838604974	NA	"abundance"	18	8
"OTU_850"	"Geese"	"low"	"Geeselow"	1.43563745930087	0.830285980745297	1.15194804892012	0.627739004176226	0.814592746600462	0.824609098751378	0.950573015073097	NA	"abundance"	18	7
"OTU_316"	"Geese"	"low"	"Geeselow"	2.39718162448639	0.830285980745297	2.38214391767897	0.629337374383247	0.816343329528824	0.791826163601627	0.94683600571972	NA	"abundance"	18	3
"OTU_148"	"Geese"	"low"	"Geeselow"	-0.0916426403663385	0.830285980745297	1.8259621991881	0.62959154261007	0.816349588318958	0.45765656330011	0.647560446525157	NA	"abundance"	18	10
"OTU_77"	"Geese"	"high"	"Geesehigh"	0.0143963194563152	0.71715364990908	1.41969680829165	0.630225233630607	0.816847749369203	0.863266622156461	0.988390772813132	NA	"abundance"	18	17
"OTU_297"	"Geese"	"low"	"Geeselow"	1.94577062254307	0.830285980745297	2.14677821109668	0.630763155811802	0.817221437327993	0.482992819243678	0.666238838604974	NA	"abundance"	18	6
"OTU_1236"	"Geese"	"low"	"Geeselow"	1.16636979445838	0.830285980745297	0.643547501313051	0.631885017232407	0.817381093014184	0.864491359462015	0.989277240947673	NA	"abundance"	18	6
"OTU_13"	"Geese"	"high"	"Geesehigh"	-0.612936839223928	0.71715364990908	2.68823495890089	0.631255509587177	0.817381093014184	0.413134733210894	0.647560446525157	NA	"abundance"	18	13
"OTU_55"	"Geese"	"high"	"Geesehigh"	1.5815971978321	0.71715364990908	1.66852800315227	0.631824368989902	0.817381093014184	0.791826157378292	0.94683600571972	NA	"abundance"	18	7
"OTU_644"	"Geese"	"high"	"Geesehigh"	0.0254916865627869	0.71715364990908	1.38515502944013	0.631628569185743	0.817381093014184	0.824609098751378	0.950573015073097	NA	"abundance"	18	12
"OTU_442"	"Geese"	"low"	"Geeselow"	0.420966085556538	0.830285980745297	0.808997173834526	0.632145419300289	0.81739498530377	0.131650075229062	0.413840882563828	NA	"abundance"	18	8
"OTU_989"	"Geese"	"low"	"Geeselow"	-0.213591228643799	0.830285980745297	1.88113848805527	0.634474673992687	0.820082938275585	0.866391236047247	0.990934976229039	NA	"abundance"	18	4
"OTU_883"	"Geese"	"high"	"Geesehigh"	-0.231057087273168	0.71715364990908	1.80164290880016	0.635359004591833	0.820901886753615	0.212397181968111	0.470306740308573	NA	"abundance"	18	5
"OTU_717"	"Geese"	"low"	"Geeselow"	2.55115465781453	0.830285980745297	2.67780530516912	0.636379589911073	0.821896164642545	0.791826163601627	0.94683600571972	NA	"abundance"	18	3
"OTU_228"	"Geese"	"low"	"Geeselow"	-0.178951103700384	0.830285980745297	1.98638320893351	0.638243735338873	0.823978702484018	0.482992819243679	0.666238838604974	NA	"abundance"	18	6
"OTU_730"	"Geese"	"low"	"Geeselow"	1.51988340730818	0.830285980745297	1.32956438303677	0.639900247144733	0.825791647280984	0.82460910460576	0.950573015073097	NA	"abundance"	18	5
"OTU_364"	"Geese"	"low"	"Geeselow"	0.475605195515938	0.830285980745297	0.732095866174219	0.64148049077702	0.827504778094548	0.0839339769692007	0.401566478048725	NA	"abundance"	18	12
"OTU_1646"	"Geese"	"low"	"Geeselow"	1.5884348764833	0.830285980745297	1.54892336818278	0.642088802706911	0.827963269028132	0.824609098751378	0.950573015073097	NA	"abundance"	18	9
"OTU_178"	"Geese"	"low"	"Geeselow"	-1.31292930633047	0.830285980745297	3.97052669552223	0.6432734530856	0.829164285591438	0.457656563300111	0.647560446525157	NA	"abundance"	18	4
"OTU_1688"	"Geese"	"low"	"Geeselow"	0.452962286103817	0.830285980745297	0.736045277884899	0.645187441470437	0.831118615224241	0.82460910460576	0.950573015073097	NA	"abundance"	18	5
"OTU_566"	"Geese"	"low"	"Geeselow"	-0.483753257432736	0.830285980745297	2.45039732558414	0.645297348778259	0.831118615224241	0.45765656330011	0.647560446525157	NA	"abundance"	18	4
"OTU_111"	"Geese"	"low"	"Geeselow"	4.89273816489039	0.830285980745297	6.61754757579759	0.649456204162651	0.836011916255589	0.791826157378292	0.94683600571972	NA	"abundance"	18	4
"OTU_1282"	"Geese"	"high"	"Geesehigh"	-0.137513668358738	0.71715364990908	1.77011149238329	0.649607304506481	0.836011916255589	0.0839339753788886	0.401566478048725	NA	"abundance"	18	8
"OTU_246"	"Geese"	"low"	"Geeselow"	0.0625465299542404	0.830285980745297	1.63978357387556	0.650384664861857	0.836354828263048	0.82460910460576	0.950573015073097	NA	"abundance"	18	13
"OTU_338"	"Geese"	"low"	"Geeselow"	0.236325445718615	0.830285980745297	1.27406470794083	0.650144545250816	0.836354828263048	0.413134733210894	0.647560446525157	NA	"abundance"	18	14
"OTU_53"	"Geese"	"high"	"Geesehigh"	1.349530734805	0.71715364990908	1.36823844610438	0.652784317341573	0.839111054172088	0.879441269716042	1	NA	"abundance"	18	15
"OTU_1074"	"Geese"	"high"	"Geesehigh"	0.353103629460386	0.71715364990908	0.590194891429678	0.65383385992425	0.840130320797486	0.791826163601627	0.94683600571972	NA	"abundance"	18	3
"OTU_693"	"Geese"	"low"	"Geeselow"	1.4296876298293	0.830285980745297	1.24732495079668	0.656478918698519	0.843198108991351	0.824609098751378	0.950573015073097	NA	"abundance"	18	7
"OTU_979"	"Geese"	"low"	"Geeselow"	-0.382315423128642	0.830285980745297	2.02778674063122	0.656797009974867	0.843275847316751	0.791826163601627	0.94683600571972	NA	"abundance"	18	3
"OTU_850"	"Geese"	"high"	"Geesehigh"	0.163597928402235	0.71715364990908	1.15194804892012	0.65742917559282	0.843756613442138	0.824609098751378	0.950573015073097	NA	"abundance"	18	7
"OTU_529"	"Geese"	"high"	"Geesehigh"	1.13279766672047	0.71715364990908	0.897594415932999	0.65934327272916	0.845881612427614	0.131650075229063	0.413840882563828	NA	"abundance"	18	10
"OTU_691"	"Geese"	"low"	"Geeselow"	1.60537292563444	0.830285980745297	1.65890201244887	0.66003371892129	0.846435721013828	0.0636390835843028	0.371342225006612	NA	"abundance"	18	7
"OTU_428"	"Geese"	"low"	"Geeselow"	0.361642695740895	0.830285980745297	1.03022117929191	0.661407767135281	0.847865712451413	0.885355299843684	1	NA	"abundance"	18	10
"OTU_1117"	"Geese"	"high"	"Geesehigh"	1.11124488374351	0.71715364990908	0.807028594493026	0.661753724352272	0.847977179463538	0.82460910460576	0.950573015073097	NA	"abundance"	18	5
"OTU_76"	"Geese"	"high"	"Geesehigh"	0.0078237798766572	0.71715364990908	1.57202983298711	0.663683703829621	0.849785078739999	0.240935830076112	0.470306740308573	NA	"abundance"	18	12
"OTU_819"	"Geese"	"high"	"Geesehigh"	1.15736806450712	0.71715364990908	0.977662663798258	0.663645863607998	0.849785078739999	0.791826157378293	0.94683600571972	NA	"abundance"	18	13
"OTU_12"	"Geese"	"high"	"Geesehigh"	1.36402842793227	0.71715364990908	1.45630596785535	0.664203618359112	0.85011831372468	0.687854170849807	0.884383933949754	NA	"abundance"	18	17
"OTU_363"	"Geese"	"low"	"Geeselow"	0.387478631980472	0.830285980745297	0.996943621250763	0.664575657126003	0.850262095127211	0.887490510207547	1	NA	"abundance"	18	16
"OTU_773"	"Geese"	"low"	"Geeselow"	1.21392716469153	0.830285980745297	0.820978826067304	0.665678749819446	0.851340713636276	0.824609098751378	0.950573015073097	NA	"abundance"	18	7
"OTU_1257"	"Geese"	"high"	"Geesehigh"	1.41465092435643	0.71715364990908	1.20138923260293	0.666044691630988	0.851476111050315	0.791826157378292	0.94683600571972	NA	"abundance"	18	4
"OTU_549"	"Geese"	"low"	"Geeselow"	1.02280042113228	0.830285980745297	0.408210238119416	0.667519940002627	0.85269616994483	0.0839339769692002	0.401566478048725	NA	"abundance"	18	6
"OTU_945"	"Geese"	"high"	"Geesehigh"	1.10716561358552	0.71715364990908	0.814312506543553	0.667314678380057	0.85269616994483	0.824609098751378	0.950573015073097	NA	"abundance"	18	6
"OTU_128"	"Geese"	"low"	"Geeselow"	-0.00193028841509657	0.830285980745297	1.87304388395535	0.668982922100986	0.854142668182098	0.413134733210893	0.647560446525157	NA	"abundance"	18	10
"OTU_1282"	"Geese"	"low"	"Geeselow"	1.44392639030915	0.830285980745297	1.35194498372628	0.669174081822566	0.854142668182098	0.212397171168328	0.470306740308573	NA	"abundance"	18	8
"OTU_170"	"Geese"	"low"	"Geeselow"	2.13625291746832	0.830285980745297	2.91409976293347	0.672698778105646	0.858307014621155	0.212397171168328	0.470306740308573	NA	"abundance"	18	8
"OTU_30"	"Geese"	"low"	"Geeselow"	-0.468899056679706	0.830285980745297	2.94396360142426	0.674195549019105	0.859881662441975	0.457629468196622	0.647560446525157	NA	"abundance"	18	9
"OTU_422"	"Geese"	"high"	"Geesehigh"	-0.202079773084338	0.71715364990908	2.06196772443524	0.67452210633294	0.859963152700174	0.457656561587238	0.647560446525157	NA	"abundance"	18	8
"OTU_334"	"Geese"	"low"	"Geeselow"	-1.71488445275432	0.830285980745297	4.56337621219968	0.675943471145291	0.86143983049034	0.791826157378292	0.94683600571972	NA	"abundance"	18	4
"OTU_1053"	"Geese"	"low"	"Geeselow"	0.229003998080568	0.830285980745297	1.30763887430344	0.677297921481666	0.862549618950295	0.82460910460576	0.950573015073097	NA	"abundance"	18	5
"OTU_813"	"Geese"	"high"	"Geesehigh"	1.87769668515296	0.71715364990908	2.65679904735369	0.677341194355898	0.862549618950295	0.457629468196622	0.647560446525157	NA	"abundance"	18	9
"OTU_765"	"Geese"	"low"	"Geeselow"	-0.208999387556549	0.830285980745297	2.19829597370861	0.682771366978208	0.868788750674953	0.45765656330011	0.647560446525157	NA	"abundance"	18	4
"OTU_837"	"Geese"	"low"	"Geeselow"	1.62683551146064	0.830285980745297	1.81113028488342	0.682622300173831	0.868788750674953	0.0839339769692004	0.401566478048725	NA	"abundance"	18	6
"OTU_564"	"Geese"	"low"	"Geeselow"	3.22246616529052	0.830285980745297	4.40530887069095	0.683148463083515	0.868930873401487	0.791826157378292	0.94683600571972	NA	"abundance"	18	4
"OTU_787"	"Geese"	"low"	"Geeselow"	0.129517532651151	0.830285980745297	1.60796967860154	0.685247858393582	0.871262713934209	0.482992819243678	0.666238838604974	NA	"abundance"	18	6
"OTU_18"	"Geese"	"high"	"Geesehigh"	4.71154613423539	0.71715364990908	7.45858155757187	0.686815602668287	0.872917035378871	0.791826163601627	0.94683600571972	NA	"abundance"	18	3
"OTU_804"	"Geese"	"high"	"Geesehigh"	-0.444411405785659	0.71715364990908	2.50969705740196	0.68878171585169	0.874736748525382	0.45765656330011	0.647560446525157	NA	"abundance"	18	4
"OTU_841"	"Geese"	"low"	"Geeselow"	1.91340014567994	0.830285980745297	2.03412112114059	0.688549489552614	0.874736748525382	0.791826163601627	0.94683600571972	NA	"abundance"	18	3
"OTU_1049"	"Geese"	"low"	"Geeselow"	1.3893873511785	0.830285980745297	1.27194058872265	0.69005780598589	0.876017548196124	0.45765656158724	0.647560446525157	NA	"abundance"	18	6
"OTU_143"	"Geese"	"low"	"Geeselow"	1.31071548009763	0.830285980745297	1.17802913012571	0.690387443794648	0.876040219252533	0.904140065039988	1	NA	"abundance"	18	16
"OTU_169"	"Geese"	"high"	"Geesehigh"	1.59491822743716	0.71715364990908	2.11738231224085	0.690878389160061	0.876040219252533	0.824609098751378	0.950573015073097	NA	"abundance"	18	10
"OTU_69"	"Geese"	"high"	"Geesehigh"	2.40920857765727	0.71715364990908	4.01567426577618	0.690810168909588	0.876040219252533	0.45765656158724	0.647560446525157	NA	"abundance"	18	8
"OTU_689"	"Geese"	"low"	"Geeselow"	1.92206242475538	0.830285980745297	2.39139124706106	0.692766058898131	0.878093719253767	0.45765656330011	0.647560446525157	NA	"abundance"	18	4
"OTU_514"	"Geese"	"low"	"Geeselow"	0.290019554464221	0.830285980745297	1.30451837109747	0.693377316327183	0.878528379897522	0.457656563300111	0.647560446525157	NA	"abundance"	18	8
"OTU_195"	"Geese"	"high"	"Geesehigh"	1.29001133621983	0.71715364990908	1.40700783182002	0.693936790634786	0.878557251561597	0.212397171168329	0.470306740308573	NA	"abundance"	18	12
"OTU_279"	"Geese"	"low"	"Geeselow"	0.422942902626492	0.830285980745297	1.01099941611852	0.69377171688204	0.878557251561597	0.687854170849807	0.884383933949754	NA	"abundance"	18	17
"OTU_1100"	"Geese"	"high"	"Geesehigh"	-0.0440086507845663	0.71715364990908	1.75367873887111	0.694355775599654	0.878697099457261	0.212397171168329	0.470306740308573	NA	"abundance"	18	6
"OTU_323"	"Geese"	"high"	"Geesehigh"	-0.121821055403904	0.71715364990908	2.05473844313269	0.694584023639399	0.878697099457261	0.457629468196622	0.647560446525157	NA	"abundance"	18	11
"OTU_1037"	"Geese"	"low"	"Geeselow"	0.562864261249357	0.830285980745297	0.589635800818953	0.696445400517271	0.880711564810176	0.45765656330011	0.647560446525157	NA	"abundance"	18	4
"OTU_674"	"Geese"	"high"	"Geesehigh"	1.81100746129926	0.71715364990908	2.45371439229788	0.699185617526852	0.883835409954793	0.791826157378292	0.94683600571972	NA	"abundance"	18	5
"OTU_1189"	"Geese"	"low"	"Geeselow"	-0.133196590093674	0.830285980745297	2.16255619740867	0.700042554868531	0.884577122593427	0.457629468196621	0.647560446525157	NA	"abundance"	18	5
"OTU_1913"	"Geese"	"low"	"Geeselow"	0.0936430242866271	0.830285980745297	1.78954271906253	0.702053103089819	0.886672866539445	0.482992819243679	0.666238838604974	NA	"abundance"	18	6
"OTU_567"	"Geese"	"low"	"Geeselow"	1.48918913336326	0.830285980745297	1.60313748929775	0.702242743719237	0.886672866539445	0.824609098751378	0.950573015073097	NA	"abundance"	18	7
"OTU_662"	"Geese"	"low"	"Geeselow"	1.34781927758258	0.830285980745297	1.23807213293747	0.704247252429663	0.888861027160647	0.21239718196811	0.470306740308573	NA	"abundance"	18	5
"OTU_218"	"Geese"	"low"	"Geeselow"	-0.336488921957662	0.830285980745297	2.87093994692341	0.705038783497235	0.889174490435265	0.482992794811897	0.666238838604974	NA	"abundance"	18	7
"OTU_27"	"Geese"	"low"	"Geeselow"	0.599207218690111	0.830285980745297	0.594080443792441	0.704838035020747	0.889174490435265	0.687854170849807	0.884383933949754	NA	"abundance"	18	17
"OTU_1134"	"Geese"	"low"	"Geeselow"	0.332252452487393	0.830285980745297	1.1972966152387	0.70550210043917	0.889416202093894	0.913270987154259	1	NA	"abundance"	18	6
"OTU_649"	"Geese"	"low"	"Geeselow"	1.78744979146463	0.830285980745297	2.37060876887028	0.706707203467495	0.89059252661762	0.0839339769692004	0.401566478048725	NA	"abundance"	18	6
"OTU_188"	"Geese"	"low"	"Geeselow"	0.351013061087152	0.830285980745297	1.24572492446446	0.707384650300057	0.890844259683723	0.240935830076113	0.470306740308573	NA	"abundance"	18	15
"OTU_235"	"Geese"	"low"	"Geeselow"	0.594753600626465	0.830285980745297	0.601585589672172	0.707451153078094	0.890844259683723	0.824609098751378	0.950573015073097	NA	"abundance"	18	11
"OTU_481"	"Geese"	"low"	"Geeselow"	1.90430143416268	0.830285980745297	2.61017084303978	0.708246407980858	0.891160161310272	0.824609098751378	0.950573015073097	NA	"abundance"	18	6
"OTU_558"	"Geese"	"high"	"Geesehigh"	1.29266479750067	0.71715364990908	1.46114320535791	0.708050205359222	0.891160161310272	0.914765317409208	1	NA	"abundance"	18	9
"OTU_1174"	"Geese"	"low"	"Geeselow"	2.14318378996388	0.830285980745297	2.69377080696892	0.711127169102819	0.894184482164886	0.791826163601627	0.94683600571972	NA	"abundance"	18	3
"OTU_334"	"Geese"	"high"	"Geesehigh"	-1.85109714245348	0.71715364990908	5.26933296905403	0.711196210005303	0.894184482164886	0.916592370884699	1	NA	"abundance"	18	4
"OTU_208"	"Geese"	"high"	"Geesehigh"	0.116395957021177	0.71715364990908	1.58028969668259	0.712545571912361	0.894919710615372	0.457656561587239	0.647560446525157	NA	"abundance"	18	12
"OTU_280"	"Geese"	"low"	"Geeselow"	3.15526293939604	0.830285980745297	5.48137091075154	0.712601003535209	0.894919710615372	0.791826157378292	0.94683600571972	NA	"abundance"	18	5
"OTU_298"	"Geese"	"high"	"Geesehigh"	1.40241191653852	0.71715364990908	1.78427780073443	0.712469106179779	0.894919710615372	0.131650075229062	0.413840882563828	NA	"abundance"	18	10
"OTU_1193"	"Geese"	"low"	"Geeselow"	1.49754785728396	0.830285980745297	1.58745112010801	0.715041018795902	0.897639683871849	0.918798379031122	1	NA	"abundance"	18	4
"OTU_1762"	"Geese"	"low"	"Geeselow"	-0.196679056150558	0.830285980745297	2.62738576352652	0.715549244929586	0.897933395132029	0.0839339769692004	0.401566478048725	NA	"abundance"	18	6
"OTU_961"	"Geese"	"low"	"Geeselow"	0.503285333405531	0.830285980745297	0.858352460935261	0.716959027945601	0.899357799806091	0.457629468196622	0.647560446525157	NA	"abundance"	18	9
"OTU_953"	"Geese"	"low"	"Geeselow"	0.327426279026373	0.830285980745297	1.06175513300277	0.718847011238052	0.901380741016232	0.791826163601627	0.94683600571972	NA	"abundance"	18	3
"OTU_83"	"Geese"	"low"	"Geeselow"	2.70854188396509	0.830285980745297	4.95562496960943	0.720140880028362	0.902657443037082	0.921678872968701	1	NA	"abundance"	18	8
"OTU_49"	"Geese"	"high"	"Geesehigh"	-0.0293383046989397	0.71715364990908	2.02329468859482	0.721147722607185	0.903573533798669	0.824609098751378	0.950573015073097	NA	"abundance"	18	12
"OTU_272"	"Geese"	"low"	"Geeselow"	2.35536024407529	0.830285980745297	3.72622745163512	0.721943965975626	0.904225150957995	0.922684841942636	1	NA	"abundance"	18	4
"OTU_407"	"Geese"	"low"	"Geeselow"	1.14722782410333	0.830285980745297	0.865723464226048	0.722977978178575	0.905173958147861	0.21239718196811	0.470306740308573	NA	"abundance"	18	13
"OTU_362"	"Geese"	"low"	"Geeselow"	1.16528411351767	0.830285980745297	0.924780930249315	0.723454573462571	0.905202965138785	0.687854170849807	0.884383933949754	NA	"abundance"	18	17
"OTU_854"	"Geese"	"low"	"Geeselow"	-0.902376924706925	0.830285980745297	3.73722532183626	0.723554111108186	0.905202965138785	0.791826163601627	0.94683600571972	NA	"abundance"	18	3
"OTU_740"	"Geese"	"high"	"Geesehigh"	0.306696811049959	0.71715364990908	1.1092221993949	0.724749158569507	0.906351697920766	0.824609098751378	0.950573015073097	NA	"abundance"	18	9
"OTU_1185"	"Geese"	"low"	"Geeselow"	1.45848717723641	0.830285980745297	1.38455520771155	0.728776742311875	0.910691746011272	0.791826157378292	0.94683600571972	NA	"abundance"	18	4
"OTU_143"	"Geese"	"high"	"Geesehigh"	0.316408130710747	0.71715364990908	1.12787702290897	0.728979014299711	0.910691746011272	0.687854170849807	0.884383933949754	NA	"abundance"	18	16
"OTU_199"	"Geese"	"high"	"Geesehigh"	1.21657394930406	0.71715364990908	1.39552992201415	0.729054082558199	0.910691746011272	0.824609098751378	0.950573015073097	NA	"abundance"	18	12
"OTU_104"	"Geese"	"high"	"Geesehigh"	0.508250489546957	0.71715364990908	0.585266994982193	0.731551535186692	0.913462900915801	0.731551535186692	0.931837106305091	NA	"abundance"	18	18
"OTU_968"	"Geese"	"high"	"Geesehigh"	0.157382967377054	0.71715364990908	1.4922101115929	0.732775072545673	0.914641855705122	0.92859083814703	1	NA	"abundance"	18	6
"OTU_239"	"Geese"	"low"	"Geeselow"	1.73726014024607	0.830285980745297	2.54539967804301	0.736001670054966	0.917619751622223	0.21239718196811	0.470306740308573	NA	"abundance"	18	7
"OTU_949"	"Geese"	"high"	"Geesehigh"	1.00530266585984	0.71715364990908	0.770518787270429	0.735956101023109	0.917619751622223	0.824609098751378	0.950573015073097	NA	"abundance"	18	6
"OTU_98"	"Geese"	"low"	"Geeselow"	1.09639313984332	0.830285980745297	0.770625905175008	0.735633228096569	0.917619751622223	0.687854170849807	0.884383933949754	NA	"abundance"	18	17
"OTU_1937"	"Geese"	"low"	"Geeselow"	1.67542318558133	0.830285980745297	1.92778053678722	0.736910766420673	0.918403444713089	0.791826163601627	0.94683600571972	NA	"abundance"	18	3
"OTU_449"	"Geese"	"high"	"Geesehigh"	-0.213654773686117	0.71715364990908	2.53629217766801	0.737885405358273	0.919268195259888	0.931295939275803	1	NA	"abundance"	18	6
"OTU_36"	"Geese"	"low"	"Geeselow"	1.92804440649992	0.830285980745297	3.13726732208874	0.738263883541109	0.919389864858726	0.131650075229062	0.413840882563828	NA	"abundance"	18	9
"OTU_303"	"Geese"	"low"	"Geeselow"	1.28576464484025	0.830285980745297	1.29269894204663	0.738923184125452	0.919690790385783	0.482992794811896	0.666238838604974	NA	"abundance"	18	8
"OTU_580"	"Geese"	"low"	"Geeselow"	0.135323588311494	0.830285980745297	1.94779010014394	0.7390673394945	0.919690790385783	0.482992819243678	0.666238838604974	NA	"abundance"	18	6
"OTU_1445"	"Geese"	"low"	"Geeselow"	-0.165876125700715	0.830285980745297	2.29494822037185	0.739525351885466	0.919911095012544	0.791826163601627	0.94683600571972	NA	"abundance"	18	3
"OTU_35"	"Geese"	"high"	"Geesehigh"	1.45279064886643	0.71715364990908	2.16798374990257	0.740104325582773	0.920281641457652	0.240935830076112	0.470306740308573	NA	"abundance"	18	15
"OTU_28"	"Geese"	"high"	"Geesehigh"	2.02247177807067	0.71715364990908	3.7334215777163	0.740719325380572	0.920696686141227	0.0839339753788887	0.401566478048725	NA	"abundance"	18	8
"OTU_802"	"Geese"	"low"	"Geeselow"	1.23818862662325	0.830285980745297	0.953042200158682	0.74312698689576	0.923338806488319	0.791826157378292	0.94683600571972	NA	"abundance"	18	4
"OTU_1096"	"Geese"	"low"	"Geeselow"	0.37710306138292	0.830285980745297	1.33130527139465	0.743618449100433	0.923598938677851	0.934268500358332	1	NA	"abundance"	18	10
"OTU_674"	"Geese"	"low"	"Geeselow"	-0.0890590592917541	0.830285980745297	2.45371439229788	0.744048946239143	0.923783181640862	0.791826157378293	0.94683600571972	NA	"abundance"	18	5
"OTU_220"	"Geese"	"low"	"Geeselow"	1.32214198010538	0.830285980745297	1.47880283457928	0.74645951763123	0.926424738712906	0.935717223800211	1	NA	"abundance"	18	12
"OTU_746"	"Geese"	"low"	"Geeselow"	0.117882208511268	0.830285980745297	2.06710727265035	0.74803324660054	0.928026089189151	0.936512755181336	1	NA	"abundance"	18	7
"OTU_341"	"Geese"	"high"	"Geesehigh"	0.474002095555211	0.71715364990908	0.730465422064288	0.749218262551699	0.928440799240827	0.791826157378292	0.94683600571972	NA	"abundance"	18	13
"OTU_341"	"Geese"	"low"	"Geeselow"	0.588994537691457	0.830285980745297	0.730465422064288	0.749183080664694	0.928440799240827	0.791826157378292	0.94683600571972	NA	"abundance"	18	13
"OTU_424"	"Geese"	"low"	"Geeselow"	1.13277700036186	0.830285980745297	0.906010403381291	0.749065398400433	0.928440799240827	0.824609098751378	0.950573015073097	NA	"abundance"	18	10
"OTU_1164"	"Geese"	"low"	"Geeselow"	2.19136092152165	0.830285980745297	3.344972342888	0.753842116715946	0.933817287222099	0.791826157378293	0.94683600571972	NA	"abundance"	18	4
"OTU_280"	"Geese"	"high"	"Geesehigh"	2.67938561660009	0.71715364990908	5.48137091075154	0.754464776838647	0.934235128354663	0.791826157378292	0.94683600571972	NA	"abundance"	18	5
"OTU_710"	"Geese"	"high"	"Geesehigh"	1.37332605369978	0.71715364990908	1.92151425599982	0.755107929894606	0.934678019839297	0.791826157378292	0.94683600571972	NA	"abundance"	18	6
"OTU_541"	"Geese"	"high"	"Geesehigh"	0.154074067515713	0.71715364990908	1.7365087202483	0.75694263542655	0.936489247014192	0.457629468196622	0.647560446525157	NA	"abundance"	18	9
"OTU_857"	"Geese"	"low"	"Geeselow"	1.06097331870782	0.830285980745297	0.708020793751569	0.757143261101578	0.936489247014192	0.45765656330011	0.647560446525157	NA	"abundance"	18	8
"OTU_585"	"Geese"	"low"	"Geeselow"	1.30589766228088	0.830285980745297	1.45717451095075	0.757578970972801	0.936674301723924	0.212397181968111	0.470306740308573	NA	"abundance"	18	7
"OTU_830"	"Geese"	"low"	"Geeselow"	0.560247531804591	0.830285980745297	0.854869995683351	0.7599920978108	0.939303181665745	0.824609098751377	0.950573015073097	NA	"abundance"	18	12
"OTU_1182"	"Geese"	"low"	"Geeselow"	2.3415841414701	0.830285980745297	3.8515647287738	0.761842193377122	0.941234468345923	0.791826163601627	0.94683600571972	NA	"abundance"	18	3
"OTU_410"	"Geese"	"low"	"Geeselow"	0.346740308039139	0.830285980745297	1.53620510017757	0.76352912017713	0.942962783651423	0.944081522995798	1	NA	"abundance"	18	9
"OTU_185"	"Geese"	"high"	"Geesehigh"	0.376336068281863	0.71715364990908	1.12150766474529	0.766024326780298	0.944263420888063	0.766024326780298	0.94683600571972	NA	"abundance"	18	18
"OTU_619"	"Geese"	"high"	"Geesehigh"	1.44989144713799	0.71715364990908	2.2456298246149	0.765774998673041	0.944263420888063	0.824609098751378	0.950573015073097	NA	"abundance"	18	6
"OTU_708"	"Geese"	"high"	"Geesehigh"	1.69414211984034	0.71715364990908	2.86498021847476	0.765513887094157	0.944263420888063	0.45765656330011	0.647560446525157	NA	"abundance"	18	4
"OTU_798"	"Geese"	"low"	"Geeselow"	1.63631631998837	0.830285980745297	2.08973086917031	0.765626740341333	0.944263420888063	0.791826163601627	0.94683600571972	NA	"abundance"	18	3
"OTU_912"	"Geese"	"high"	"Geesehigh"	-0.00578128547113121	0.71715364990908	2.29253132571816	0.765538852871762	0.944263420888063	0.0636390835843029	0.371342225006612	NA	"abundance"	18	8
"OTU_385"	"Geese"	"high"	"Geesehigh"	0.410391078942691	0.71715364990908	1.01009799106215	0.76854590778688	0.947015168270322	0.413134733210894	0.647560446525157	NA	"abundance"	18	14
"OTU_270"	"Geese"	"low"	"Geeselow"	1.00533512786066	0.830285980745297	0.57967995008407	0.769895280836043	0.948320974212642	0.687854170849807	0.884383933949754	NA	"abundance"	18	15
"OTU_666"	"Geese"	"high"	"Geesehigh"	0.99719584972602	0.71715364990908	0.922864044747556	0.771604196284885	0.950068498923172	0.240935830076112	0.470306740308573	NA	"abundance"	18	9
"OTU_56"	"Geese"	"high"	"Geesehigh"	0.346315151841587	0.71715364990908	1.25567398775618	0.77270509180725	0.951066342322157	0.77270509180725	0.94683600571972	NA	"abundance"	18	18
"OTU_1261"	"Geese"	"high"	"Geesehigh"	0.991579611313396	0.71715364990908	0.865123013451265	0.773766473283906	0.952014819064828	0.21239718196811	0.470306740308573	NA	"abundance"	18	5
"OTU_265"	"Geese"	"low"	"Geeselow"	0.168429053820415	0.830285980745297	2.19249622203631	0.774729359898751	0.952841444142941	0.21239718196811	0.470306740308573	NA	"abundance"	18	7
"OTU_1298"	"Geese"	"low"	"Geeselow"	0.924451800362264	0.830285980745297	0.301448830583023	0.775112490087389	0.952883672000418	0.212397171168328	0.470306740308573	NA	"abundance"	18	9
"OTU_219"	"Geese"	"low"	"Geeselow"	1.2006982262457	0.830285980745297	1.2420434506666	0.77564607599287	0.952883672000418	0.131650075229062	0.413840882563828	NA	"abundance"	18	8
"OTU_302"	"Geese"	"low"	"Geeselow"	1.22300320517341	0.830285980745297	1.32715347498204	0.775688597632601	0.952883672000418	0.240935830076112	0.470306740308573	NA	"abundance"	18	9
"OTU_303"	"Geese"	"high"	"Geesehigh"	1.10668685318531	0.71715364990908	1.29269894204663	0.775927877077921	0.952883672000418	0.482992794811896	0.666238838604974	NA	"abundance"	18	8
"OTU_259"	"Geese"	"low"	"Geeselow"	0.516283105763714	0.830285980745297	1.08825394476817	0.77814310956257	0.955245797040816	0.687854170849807	0.884383933949754	NA	"abundance"	18	14
"OTU_1882"	"Geese"	"high"	"Geesehigh"	-0.300041173761796	0.71715364990908	3.32805436165365	0.779809155830438	0.956573629913776	0.791826157378292	0.94683600571972	NA	"abundance"	18	6
"OTU_288"	"Geese"	"low"	"Geeselow"	1.35403363200374	0.830285980745297	1.80647299039858	0.780157073978573	0.956573629913776	0.457656561587239	0.647560446525157	NA	"abundance"	18	10
"OTU_785"	"Geese"	"high"	"Geesehigh"	0.999156843482047	0.71715364990908	0.97265854520063	0.780280319937916	0.956573629913776	0.457629468196622	0.647560446525157	NA	"abundance"	18	11
"OTU_900"	"Geese"	"low"	"Geeselow"	1.1544626233482	0.830285980745297	1.13084719646679	0.780393453115362	0.956573629913776	0.951772964565405	1	NA	"abundance"	18	13
"OTU_202"	"Geese"	"low"	"Geeselow"	1.36206664051614	0.830285980745297	1.83940231077041	0.780831055904611	0.956751825236414	0.240935830076113	0.470306740308573	NA	"abundance"	18	10
"OTU_418"	"Geese"	"low"	"Geeselow"	0.0495178659323303	0.830285980745297	2.57944474910408	0.782160704992593	0.95802250211214	0.82460910460576	0.950573015073097	NA	"abundance"	18	5
"OTU_493"	"Geese"	"low"	"Geeselow"	1.25614582601693	0.830285980745297	1.49295281136141	0.783664538963598	0.959505497594174	0.457656563300111	0.647560446525157	NA	"abundance"	18	10
"OTU_1096"	"Geese"	"high"	"Geesehigh"	1.17638074762266	0.71715364990908	1.63050930339719	0.786390642006474	0.962136897164559	0.482992794811896	0.666238838604974	NA	"abundance"	18	10
"OTU_992"	"Geese"	"low"	"Geeselow"	0.943104965611925	0.830285980745297	0.310862656667462	0.786401446796689	0.962136897164559	0.791826157378292	0.94683600571972	NA	"abundance"	18	4
"OTU_1100"	"Geese"	"low"	"Geeselow"	0.317027197351412	0.830285980745297	1.75367873887111	0.788621216626175	0.964492291084832	0.212397171168328	0.470306740308573	NA	"abundance"	18	6
"OTU_1258"	"Geese"	"high"	"Geesehigh"	1.02461721714882	0.71715364990908	1.00319987313224	0.789526361222153	0.965238725407516	0.791826157378292	0.94683600571972	NA	"abundance"	18	5
"OTU_789"	"Geese"	"low"	"Geeselow"	0.34552315555439	0.830285980745297	1.66702794443502	0.79003392908603	0.965498724833021	0.212397171168328	0.470306740308573	NA	"abundance"	18	6
"OTU_944"	"Geese"	"low"	"Geeselow"	0.216841440710557	0.830285980745297	2.11253460588143	0.790417365243341	0.965606885748768	0.212397181968111	0.470306740308573	NA	"abundance"	18	5
"OTU_425"	"Geese"	"low"	"Geeselow"	0.00690776498758025	0.830285980745297	2.90827792633537	0.791322461176659	0.966352009657733	0.0839339769692003	0.401566478048725	NA	"abundance"	18	6
"OTU_67"	"Geese"	"high"	"Geesehigh"	-0.0507527390209495	0.71715364990908	2.80301271150904	0.792238066545885	0.967109407110822	0.212397171168328	0.470306740308573	NA	"abundance"	18	10
"OTU_366"	"Geese"	"low"	"Geeselow"	0.278960820723581	0.830285980745297	1.85446959687962	0.794093988616654	0.96865265228425	0.45765656330011	0.647560446525157	NA	"abundance"	18	4
"OTU_69"	"Geese"	"low"	"Geeselow"	0.0981228928831332	0.830285980745297	2.65611886337142	0.794011396088495	0.96865265228425	0.824609098751378	0.950573015073097	NA	"abundance"	18	8
"OTU_1019"	"Geese"	"low"	"Geeselow"	0.555444950436684	0.830285980745297	1.00066748728252	0.794637855971845	0.96895506162079	0.82460910460576	0.950573015073097	NA	"abundance"	18	7
"OTU_377"	"Geese"	"high"	"Geesehigh"	-0.00846139891153164	0.71715364990908	2.65216585904171	0.795609815808708	0.969779053223272	0.95822465260625	1	NA	"abundance"	18	8
"OTU_170"	"Geese"	"high"	"Geesehigh"	0.174415443304281	0.71715364990908	1.99070911985825	0.796032543984724	0.969933215112015	0.824609098751378	0.950573015073097	NA	"abundance"	18	8
"OTU_14"	"Geese"	"low"	"Geeselow"	0.567554761147874	0.830285980745297	1.01185524426834	0.79880880797802	0.972230497144995	0.79880880797802	0.950573015073097	NA	"abundance"	18	18
"OTU_186"	"Geese"	"high"	"Geesehigh"	1.54113960221338	0.71715364990908	3.06300458334567	0.798528786392178	0.972230497144995	0.959409350087391	1	NA	"abundance"	18	8
"OTU_797"	"Geese"	"low"	"Geeselow"	1.20997508834985	0.830285980745297	1.43230182220953	0.798611680994908	0.972230497144995	0.212397171168329	0.470306740308573	NA	"abundance"	18	10
"OTU_551"	"Geese"	"high"	"Geesehigh"	-0.135985553913547	0.71715364990908	3.12603309027779	0.802863605070632	0.976802468599498	0.791826157378292	0.94683600571972	NA	"abundance"	18	6
"OTU_202"	"Geese"	"high"	"Geesehigh"	-0.00975388811184639	0.71715364990908	2.8097334408607	0.803480890174411	0.977190354543471	0.0636390835843032	0.371342225006612	NA	"abundance"	18	10
"OTU_768"	"Geese"	"low"	"Geeselow"	0.55487741841272	0.830285980745297	1.04564195703788	0.805722585342668	0.979552820056404	0.962256286154063	1	NA	"abundance"	18	6
"OTU_772"	"Geese"	"high"	"Geesehigh"	0.0777626687109286	0.71715364990908	2.28666538608518	0.806455374153703	0.980079767995258	0.457629468196622	0.647560446525157	NA	"abundance"	18	5
"OTU_846"	"Geese"	"low"	"Geeselow"	2.82121280905085	0.830285980745297	6.43167841423413	0.808845001521519	0.982619122442098	0.791826163601627	0.94683600571972	NA	"abundance"	18	3
"OTU_368"	"Geese"	"high"	"Geesehigh"	0.905767565734702	0.71715364990908	0.761718172067652	0.810330480727532	0.983693731517219	0.687854170849807	0.884383933949754	NA	"abundance"	18	17
"OTU_688"	"Geese"	"high"	"Geesehigh"	0.236047703805968	0.71715364990908	1.90003632518363	0.810192982100877	0.983693731517219	0.212397171168329	0.470306740308573	NA	"abundance"	18	8
"OTU_260"	"Geese"	"low"	"Geeselow"	1.38220870555752	0.830285980745297	2.19752413342029	0.811633849073957	0.984910756808056	0.824609098751378	0.950573015073097	NA	"abundance"	18	8
"OTU_258"	"Geese"	"low"	"Geeselow"	0.626149312382893	0.830285980745297	0.827504389450014	0.812740963023542	0.985158797830091	0.791826163601627	0.94683600571972	NA	"abundance"	18	9
"OTU_478"	"Geese"	"low"	"Geeselow"	1.30436553337426	0.830285980745297	1.75324943432135	0.812152342785174	0.985158797830091	0.964713257678901	1	NA	"abundance"	18	5
"OTU_88"	"Geese"	"low"	"Geeselow"	1.17262733951634	0.830285980745297	1.39855208453766	0.812726730883275	0.985158797830091	0.82460910460576	0.950573015073097	NA	"abundance"	18	11
"OTU_484"	"Geese"	"low"	"Geeselow"	-0.2404877372838	0.830285980745297	4.05870290690908	0.816655520284652	0.989537443897835	0.791826157378292	0.94683600571972	NA	"abundance"	18	5
"OTU_1578"	"Geese"	"high"	"Geesehigh"	1.00872933094259	0.71715364990908	1.10303557421311	0.817060775445638	0.989662219315212	0.45765656330011	0.647560446525157	NA	"abundance"	18	4
"OTU_102"	"Geese"	"high"	"Geesehigh"	1.03191088291011	0.71715364990908	1.34465621885563	0.818764134947317	0.991173289569538	0.687854170849808	0.884383933949754	NA	"abundance"	18	16
"OTU_1652"	"Geese"	"low"	"Geeselow"	0.138868442270613	0.830285980745297	2.36184226168392	0.818913789946732	0.991173289569538	0.791826163601628	0.94683600571972	NA	"abundance"	18	3
"OTU_927"	"Geese"	"low"	"Geeselow"	1.30776589915133	0.830285980745297	1.6411964664989	0.819738424077478	0.991804730387902	0.791826163601627	0.94683600571972	NA	"abundance"	18	3
"OTU_478"	"Geese"	"high"	"Geesehigh"	0.172368689222605	0.71715364990908	2.14728325295528	0.823417155955094	0.994847473868427	0.791826157378292	0.94683600571972	NA	"abundance"	18	5
"OTU_621"	"Geese"	"high"	"Geesehigh"	1.27900737881541	0.71715364990908	2.30919445803815	0.823381445615697	0.994847473868427	0.824609098751378	0.950573015073097	NA	"abundance"	18	6
"OTU_679"	"Geese"	"low"	"Geeselow"	0.0426903071008902	0.830285980745297	2.75774484746794	0.822933678054786	0.994847473868427	0.791826157378292	0.94683600571972	NA	"abundance"	18	4
"OTU_714"	"Geese"	"low"	"Geeselow"	1.46933636397579	0.830285980745297	2.6278832219323	0.823468739823896	0.994847473868427	0.82460910460576	0.950573015073097	NA	"abundance"	18	5
"OTU_353"	"Geese"	"high"	"Geesehigh"	-0.889138269286381	0.71715364990908	5.78605495747773	0.827527994780596	0.999014253286014	0.791826163601627	0.94683600571972	NA	"abundance"	18	3
"OTU_952"	"Geese"	"low"	"Geeselow"	1.15773991168122	0.830285980745297	1.37717766172802	0.827348888420726	0.999014253286014	0.82460910460576	0.950573015073097	NA	"abundance"	18	5
"OTU_1112"	"Geese"	"low"	"Geeselow"	0.444986212608095	0.830285980745297	1.56640586921798	0.828464420403894	0.999776082713729	0.45765656330011	0.647560446525157	NA	"abundance"	18	4
"OTU_1"	"Geese"	"high"	"Geesehigh"	0.636792885660323	0.71715364990908	1.10985337131362	0.94351899629628	1	0.99680989622062	1	NA	"abundance"	18	17
"OTU_1001"	"Geese"	"low"	"Geeselow"	0.756150964620947	0.830285980745297	0.707222032951063	0.920763822016362	1	0.82460910460576	0.950573015073097	NA	"abundance"	18	7
"OTU_1015"	"Geese"	"low"	"Geeselow"	0.654275462396364	0.830285980745297	2.42429019995866	0.946652940529311	1	0.82460910460576	0.950573015073097	NA	"abundance"	18	5
"OTU_1024"	"Geese"	"high"	"Geesehigh"	0.509950585907589	0.71715364990908	1.71685394455657	0.909761881167732	1	0.457629468196622	0.647560446525157	NA	"abundance"	18	7
"OTU_1024"	"Geese"	"low"	"Geeselow"	1.03407302974011	0.830285980745297	1.71685394455657	0.911214862601041	1	0.457629468196622	0.647560446525157	NA	"abundance"	18	7
"OTU_1028"	"Geese"	"high"	"Geesehigh"	0.71715364990908	0.71715364990908	0.313671349959043	1	1	0.45765656158724	0.647560446525157	NA	"abundance"	18	6
"OTU_1049"	"Geese"	"high"	"Geesehigh"	0.960142000006302	0.71715364990908	1.3490967233283	0.868810237119726	1	0.791826157378292	0.94683600571972	NA	"abundance"	18	6
"OTU_1058"	"Geese"	"high"	"Geesehigh"	1.34592017039876	0.71715364990908	2.97552691084059	0.852124919236697	1	0.791826157378292	0.94683600571972	NA	"abundance"	18	5
"OTU_1067"	"Geese"	"high"	"Geesehigh"	0.998985120855588	0.71715364990908	1.80884031278178	0.901544301961135	1	0.791826163601627	0.94683600571972	NA	"abundance"	18	3
"OTU_107"	"Geese"	"high"	"Geesehigh"	0.406829324200234	0.71715364990908	3.2382866595716	0.927345845802722	1	0.212397181968111	0.470306740308573	NA	"abundance"	18	7
"OTU_1071"	"Geese"	"low"	"Geeselow"	0.901200716768698	0.830285980745297	2.30657859397024	0.977398459712806	1	0.999489170376646	1	NA	"abundance"	18	6
"OTU_109"	"Geese"	"low"	"Geeselow"	0.798430109359978	0.830285980745297	0.640803750757739	0.961442958352001	1	0.413134733210894	0.647560446525157	NA	"abundance"	18	16
"OTU_1101"	"Geese"	"high"	"Geesehigh"	0.691613352051348	0.71715364990908	1.22491680453651	0.984733221002239	1	0.45765656158724	0.647560446525157	NA	"abundance"	18	6
"OTU_1102"	"Geese"	"high"	"Geesehigh"	0.930621909371337	0.71715364990908	1.71430659320513	0.921209602731418	1	0.791826157378292	0.94683600571972	NA	"abundance"	18	4
"OTU_111"	"Geese"	"high"	"Geesehigh"	2.30160579653236	0.71715364990908	6.61754757579759	0.850294940468768	1	0.791826157378293	0.94683600571972	NA	"abundance"	18	4
"OTU_1114"	"Geese"	"high"	"Geesehigh"	0.522943243316323	0.71715364990908	1.39661043624783	0.896243221963655	1	0.824609098751378	0.950573015073097	NA	"abundance"	18	7
"OTU_1124"	"Geese"	"low"	"Geeselow"	0.648809261257509	0.830285980745297	2.7889367562673	0.958621486221108	1	0.791826163601627	0.94683600571972	NA	"abundance"	18	3
"OTU_1130"	"Geese"	"high"	"Geesehigh"	0.734687224548601	0.71715364990908	2.27078917974092	0.994542867562515	1	0.791826157378293	0.94683600571972	NA	"abundance"	18	5
"OTU_1130"	"Geese"	"low"	"Geeselow"	1.30255713218987	0.830285980745297	2.27078917974092	0.854342742233481	1	0.791826157378293	0.94683600571972	NA	"abundance"	18	5
"OTU_1132"	"Geese"	"low"	"Geeselow"	0.869910397843137	0.830285980745297	1.32513650472574	0.977573176989611	1	0.482992819243678	0.666238838604974	NA	"abundance"	18	6
"OTU_1138"	"Geese"	"high"	"Geesehigh"	1.10926351643857	0.71715364990908	2.35492329652862	0.878271293001861	1	0.21239718196811	0.470306740308573	NA	"abundance"	18	5
"OTU_1153"	"Geese"	"low"	"Geeselow"	1.04468469205488	0.830285980745297	1.03039936182536	0.84224759259547	1	0.824609098751377	0.950573015073097	NA	"abundance"	18	9
"OTU_1162"	"Geese"	"low"	"Geeselow"	0.453576878962652	0.830285980745297	2.22395137486189	0.876215125740806	1	0.791826157378292	0.94683600571972	NA	"abundance"	18	6
"OTU_1164"	"Geese"	"high"	"Geesehigh"	1.74379608733547	0.71715364990908	3.86244136519648	0.834587216014631	1	0.97263861089421	1	NA	"abundance"	18	4
"OTU_1183"	"Geese"	"low"	"Geeselow"	0.939218254089122	0.830285980745297	0.962942113850007	0.917334421861116	1	0.212397181968111	0.470306740308573	NA	"abundance"	18	5
"OTU_1247"	"Geese"	"low"	"Geeselow"	0.835829954856688	0.830285980745297	0.90883133221868	0.996123913852502	1	0.791826163601627	0.94683600571972	NA	"abundance"	18	3
"OTU_1257"	"Geese"	"low"	"Geeselow"	0.868796176883885	0.830285980745297	1.20138923260293	0.979593952703052	1	0.791826157378292	0.94683600571972	NA	"abundance"	18	4
"OTU_1279"	"Geese"	"low"	"Geeselow"	0.921906627566294	0.830285980745297	0.8885640989574	0.919362421139096	1	0.919362421139096	1	NA	"abundance"	18	18
"OTU_1298"	"Geese"	"high"	"Geesehigh"	0.786567995648585	0.71715364990908	0.301448830583023	0.838726514901875	1	0.212397171168328	0.470306740308573	NA	"abundance"	18	9
"OTU_13"	"Geese"	"low"	"Geeselow"	1.01498935753421	0.830285980745297	2.94481385372798	0.951196146384675	1	0.240935830076112	0.470306740308573	NA	"abundance"	18	13
"OTU_1313"	"Geese"	"high"	"Geesehigh"	0.951896478860543	0.71715364990908	1.29534720513159	0.87312804614959	1	0.791826157378292	0.94683600571972	NA	"abundance"	18	5
"OTU_1313"	"Geese"	"low"	"Geeselow"	0.949056307966159	0.830285980745297	1.29534720513159	0.935282098759949	1	0.791826157378292	0.94683600571972	NA	"abundance"	18	5
"OTU_1362"	"Geese"	"low"	"Geeselow"	0.800355578133231	0.830285980745297	1.18687348164301	0.982186372052477	1	0.999682674659347	1	NA	"abundance"	18	4
"OTU_1379"	"Geese"	"low"	"Geeselow"	0.52911524225156	0.830285980745297	1.39998385009098	0.843484940377172	1	0.212397181968111	0.470306740308573	NA	"abundance"	18	5
"OTU_1381"	"Geese"	"low"	"Geeselow"	0.368192502251449	0.830285980745297	1.94467145785649	0.834285665062168	1	0.972538759196112	1	NA	"abundance"	18	5
"OTU_1411"	"Geese"	"low"	"Geeselow"	1.04948383536425	0.830285980745297	0.978772992804079	0.843539252141483	1	0.457629468196622	0.647560446525157	NA	"abundance"	18	5
"OTU_1423"	"Geese"	"high"	"Geesehigh"	0.698968642412131	0.71715364990908	0.519947055826439	0.978296206449901	1	0.999528945345535	1	NA	"abundance"	18	4
"OTU_1525"	"Geese"	"low"	"Geeselow"	0.532854846571486	0.830285980745297	3.22595541356436	0.941420241168971	1	0.791826163601627	0.94683600571972	NA	"abundance"	18	3
"OTU_1528"	"Geese"	"high"	"Geesehigh"	0.80326512204681	0.71715364990908	1.69128173953145	0.961085918847717	1	0.482992794811896	0.666238838604974	NA	"abundance"	18	9
"OTU_154"	"Geese"	"low"	"Geeselow"	1.24323987414176	0.830285980745297	2.04827270427764	0.844680674257509	1	0.45765656158724	0.647560446525157	NA	"abundance"	18	12
"OTU_1567"	"Geese"	"high"	"Geesehigh"	0.718525113021392	0.71715364990908	1.3951389005134	0.999262995943229	1	0.0839339769692004	0.401566478048725	NA	"abundance"	18	6
"OTU_1670"	"Geese"	"high"	"Geesehigh"	0.890215187938651	0.71715364990908	1.11874081210047	0.884976688229032	1	0.824609098751378	0.950573015073097	NA	"abundance"	18	7
"OTU_1670"	"Geese"	"low"	"Geeselow"	0.77351077498781	0.830285980745297	1.11874081210047	0.961995392304726	1	0.824609098751378	0.950573015073097	NA	"abundance"	18	7
"OTU_17"	"Geese"	"high"	"Geesehigh"	0.900099698000954	0.71715364990908	1.54604473439511	0.90759469273294	1	0.99146125918888	1	NA	"abundance"	18	17
"OTU_17"	"Geese"	"low"	"Geeselow"	0.826635574044765	0.830285980745297	1.62150539710046	0.998236674787907	1	0.687854170849807	0.884383933949754	NA	"abundance"	18	17
"OTU_1706"	"Geese"	"high"	"Geesehigh"	1.18671970226561	0.71715364990908	2.07071729793058	0.841578894674219	1	0.45765656330011	0.647560446525157	NA	"abundance"	18	4
"OTU_186"	"Geese"	"low"	"Geeselow"	0.700831039081207	0.830285980745297	2.65263978108552	0.962928388609216	1	0.482992794811895	0.666238838604974	NA	"abundance"	18	8
"OTU_1882"	"Geese"	"low"	"Geeselow"	0.969864663525676	0.830285980745297	2.48058526182408	0.95863900274154	1	0.824609098751378	0.950573015073097	NA	"abundance"	18	6
"OTU_196"	"Geese"	"high"	"Geesehigh"	0.595294334042356	0.71715364990908	1.88378402510051	0.949824563427034	1	0.457656561587238	0.647560446525157	NA	"abundance"	18	12
"OTU_2000"	"Geese"	"low"	"Geeselow"	0.758649528907165	0.830285980745297	3.20174128557735	0.983539326158143	1	0.999729046216672	1	NA	"abundance"	18	6
"OTU_211"	"Geese"	"low"	"Geeselow"	0.228278835373682	0.830285980745297	4.05565956715205	0.895630040844127	1	0.989106911625801	1	NA	"abundance"	18	4
"OTU_226"	"Geese"	"low"	"Geeselow"	0.83968565004371	0.830285980745297	1.11502722925354	0.993422758164666	1	0.791826163601627	0.94683600571972	NA	"abundance"	18	15
"OTU_231"	"Geese"	"low"	"Geeselow"	0.910652622352215	0.830285980745297	1.46166740442948	0.959579952929514	1	0.99836621979482	1	NA	"abundance"	18	6
"OTU_236"	"Geese"	"high"	"Geesehigh"	0.74139076288334	0.71715364990908	0.854218751868893	0.977951978330285	1	0.999513884740452	1	NA	"abundance"	18	17
"OTU_237"	"Geese"	"low"	"Geeselow"	1.32480096861857	0.830285980745297	2.34464988019702	0.843235088531433	1	0.482992819243678	0.666238838604974	NA	"abundance"	18	6
"OTU_240"	"Geese"	"low"	"Geeselow"	0.833936387445828	0.830285980745297	0.524286816113252	0.994765918220168	1	0.0636390835843028	0.371342225006612	NA	"abundance"	18	7
"OTU_244"	"Geese"	"high"	"Geesehigh"	0.70734066282005	0.71715364990908	2.06938271262192	0.99636857937832	1	0.131650075229063	0.413840882563828	NA	"abundance"	18	9
"OTU_250"	"Geese"	"low"	"Geeselow"	0.958520311114599	0.830285980745297	1.26535291966055	0.92130632943751	1	0.993807306213402	1	NA	"abundance"	18	13
"OTU_251"	"Geese"	"high"	"Geesehigh"	0.844989696976797	0.71715364990908	1.36790752741834	0.927623379505133	1	0.063639083584303	0.371342225006612	NA	"abundance"	18	13
"OTU_260"	"Geese"	"high"	"Geesehigh"	0.254451066513821	0.71715364990908	3.32234420405303	0.894662136278732	1	0.45765656158724	0.647560446525157	NA	"abundance"	18	8
"OTU_268"	"Geese"	"high"	"Geesehigh"	0.55945073580585	0.71715364990908	0.713049126080703	0.830108667667135	1	0.971136935198164	1	NA	"abundance"	18	17
"OTU_277"	"Geese"	"high"	"Geesehigh"	0.403955869756059	0.71715364990908	2.71235560518744	0.918564624416538	1	0.791826157378292	0.94683600571972	NA	"abundance"	18	5
"OTU_28"	"Geese"	"low"	"Geeselow"	1.25426784481233	0.830285980745297	2.85144783017773	0.887543337566883	1	0.212397171168329	0.470306740308573	NA	"abundance"	18	8
"OTU_281"	"Geese"	"low"	"Geeselow"	0.436721434019808	0.830285980745297	2.42389814639821	0.878795153037659	1	0.985309385072836	1	NA	"abundance"	18	7
"OTU_286"	"Geese"	"high"	"Geesehigh"	0.961406725767633	0.71715364990908	3.30709709880891	0.945721995789775	1	0.791826157378293	0.94683600571972	NA	"abundance"	18	6
"OTU_29"	"Geese"	"low"	"Geeselow"	0.668783964855984	0.830285980745297	0.963067927913909	0.869139520671924	1	0.869139520671924	0.993560847160617	NA	"abundance"	18	18
"OTU_299"	"Geese"	"low"	"Geeselow"	1.14702366273734	0.830285980745297	1.72129074349204	0.860064125671209	1	0.45765656330011	0.647560446525157	NA	"abundance"	18	8
"OTU_301"	"Geese"	"low"	"Geeselow"	0.773484545220795	0.830285980745297	1.60079349005248	0.972685516555207	1	0.824609098751378	0.950573015073097	NA	"abundance"	18	10
"OTU_31"	"Geese"	"low"	"Geeselow"	0.750458796709819	0.830285980745297	1.52617409597001	0.959603156884208	1	0.413134733210894	0.647560446525157	NA	"abundance"	18	10
"OTU_310"	"Geese"	"low"	"Geeselow"	0.730544039634107	0.830285980745297	2.60087574139727	0.970874831537857	1	0.0636390835843031	0.371342225006612	NA	"abundance"	18	8
"OTU_311"	"Geese"	"high"	"Geesehigh"	0.888469309377169	0.71715364990908	4.05936360817749	0.970161978703443	1	0.791826157378292	0.94683600571972	NA	"abundance"	18	5
"OTU_342"	"Geese"	"low"	"Geeselow"	0.51907558101263	0.830285980745297	1.67800741820337	0.857532029987273	1	0.824609098751378	0.950573015073097	NA	"abundance"	18	11
"OTU_347"	"Geese"	"high"	"Geesehigh"	0.932907356569895	0.71715364990908	2.3248785451382	0.930462774892385	1	0.212397171168328	0.470306740308573	NA	"abundance"	18	7
"OTU_352"	"Geese"	"low"	"Geeselow"	0.878139690762432	0.830285980745297	1.43525958342741	0.974341500191787	1	0.457656561587239	0.647560446525157	NA	"abundance"	18	10
"OTU_36"	"Geese"	"high"	"Geesehigh"	0.725397510614153	0.71715364990908	4.15021456528819	0.998478816540788	1	0.0636390835843025	0.371342225006612	NA	"abundance"	18	9
"OTU_368"	"Geese"	"low"	"Geeselow"	0.875704653205392	0.830285980745297	0.761718172067652	0.953488440220419	1	0.687854170849807	0.884383933949754	NA	"abundance"	18	17
"OTU_381"	"Geese"	"low"	"Geeselow"	0.599561729897537	0.830285980745297	2.37429255488405	0.925240703627721	1	0.212397171168328	0.470306740308573	NA	"abundance"	18	10
"OTU_386"	"Geese"	"low"	"Geeselow"	1.03639403470292	0.830285980745297	1.20684882977369	0.86933393924084	1	0.212397171168328	0.470306740308573	NA	"abundance"	18	10
"OTU_4"	"Geese"	"high"	"Geesehigh"	0.650124036560015	0.71715364990908	0.466359585748345	0.89101025220694	1	0.89101025220694	1	NA	"abundance"	18	18
"OTU_406"	"Geese"	"low"	"Geeselow"	0.906578283062201	0.830285980745297	2.09741315430837	0.972719385482726	1	0.482992819243679	0.666238838604974	NA	"abundance"	18	6
"OTU_409"	"Geese"	"low"	"Geeselow"	0.775258176703965	0.830285980745297	0.824584879277269	0.95768477051333	1	0.99820942135349	1	NA	"abundance"	18	4
"OTU_412"	"Geese"	"low"	"Geeselow"	0.992867387158729	0.830285980745297	1.60513478688401	0.92325029520531	1	0.212397181968111	0.470306740308573	NA	"abundance"	18	7
"OTU_415"	"Geese"	"high"	"Geesehigh"	0.968002715357362	0.71715364990908	1.36533489112558	0.858014815564122	1	0.240935830076112	0.470306740308573	NA	"abundance"	18	13
"OTU_448"	"Geese"	"low"	"Geeselow"	0.971031798566792	0.830285980745297	0.890120776641251	0.878175602466423	1	0.791826157378292	0.94683600571972	NA	"abundance"	18	12
"OTU_460"	"Geese"	"low"	"Geeselow"	1.00632242312064	0.830285980745297	2.00670217379	0.934256099125396	1	0.0839339769692004	0.401566478048725	NA	"abundance"	18	6
"OTU_473"	"Geese"	"low"	"Geeselow"	0.527893821833531	0.830285980745297	2.68376928819887	0.915682816004229	1	0.0839339769692004	0.401566478048725	NA	"abundance"	18	6
"OTU_474"	"Geese"	"low"	"Geeselow"	1.20491798717194	0.830285980745297	3.73459908561785	0.929187801462402	1	0.45765656330011	0.647560446525157	NA	"abundance"	18	4
"OTU_481"	"Geese"	"high"	"Geesehigh"	0.276278893199335	0.71715364990908	3.30163397846703	0.902198314983032	1	0.45765656158724	0.647560446525157	NA	"abundance"	18	6
"OTU_492"	"Geese"	"high"	"Geesehigh"	0.622536055156418	0.71715364990908	0.967462408927408	0.92418572263411	1	0.994252195347488	1	NA	"abundance"	18	15
"OTU_51"	"Geese"	"high"	"Geesehigh"	0.705461473803649	0.71715364990908	0.501514452800989	0.982240616005734	1	0.982240616005734	1	NA	"abundance"	18	18
"OTU_511"	"Geese"	"low"	"Geeselow"	0.865684403636221	0.830285980745297	1.06996339913806	0.974428720370255	1	0.791826157378292	0.94683600571972	NA	"abundance"	18	11
"OTU_512"	"Geese"	"low"	"Geeselow"	0.471479020159317	0.830285980745297	1.78456335975596	0.850470957458014	1	0.0839088199904976	0.401566478048725	NA	"abundance"	18	7
"OTU_513"	"Geese"	"low"	"Geeselow"	1.07656024959614	0.830285980745297	1.14001418696009	0.839619545395102	1	0.482992819243678	0.666238838604974	NA	"abundance"	18	6
"OTU_530"	"Geese"	"low"	"Geeselow"	0.88204006276686	0.830285980745297	1.39469592184201	0.973783680708015	1	0.45765656330011	0.647560446525157	NA	"abundance"	18	4
"OTU_536"	"Geese"	"low"	"Geeselow"	0.812306937153452	0.830285980745297	0.821989120557011	0.983654595752035	1	0.0839339769692002	0.401566478048725	NA	"abundance"	18	6
"OTU_54"	"Geese"	"low"	"Geeselow"	0.889823825334725	0.830285980745297	1.29158471810809	0.964055752302384	1	0.687854170849807	0.884383933949754	NA	"abundance"	18	14
"OTU_541"	"Geese"	"low"	"Geeselow"	1.22399437908392	0.830285980745297	2.74566136636438	0.890616990485197	1	0.457629468196621	0.647560446525157	NA	"abundance"	18	9
"OTU_551"	"Geese"	"low"	"Geeselow"	1.19438539694457	0.830285980745297	2.94725226179861	0.909468653628821	1	0.457656561587239	0.647560446525157	NA	"abundance"	18	6
"OTU_558"	"Geese"	"low"	"Geeselow"	0.561793917887925	0.830285980745297	1.46114320535791	0.860323099505419	1	0.980490363468227	1	NA	"abundance"	18	9
"OTU_56"	"Geese"	"low"	"Geeselow"	1.03847235357938	0.830285980745297	1.25567398775618	0.870560784280136	1	0.870560784280136	0.99466778474463	NA	"abundance"	18	18
"OTU_564"	"Geese"	"high"	"Geesehigh"	-0.0370735785897181	0.71715364990908	5.08681252471374	0.906320612129087	1	0.991224172288131	1	NA	"abundance"	18	4
"OTU_565"	"Geese"	"low"	"Geeselow"	0.712254667092629	0.830285980745297	1.61504964373402	0.944614558168251	1	0.212397171168328	0.470306740308573	NA	"abundance"	18	8
"OTU_579"	"Geese"	"low"	"Geeselow"	0.86962377490374	0.830285980745297	0.924159801216315	0.967476733680914	1	0.998942237147938	1	NA	"abundance"	18	9
"OTU_58"	"Geese"	"high"	"Geesehigh"	0.419693612992036	0.71715364990908	1.51404339778931	0.847999981462843	1	0.976895994364704	1	NA	"abundance"	18	14
"OTU_581"	"Geese"	"high"	"Geesehigh"	0.740910337937192	0.71715364990908	0.925577135180606	0.980293380353267	1	0.824609098751378	0.950573015073097	NA	"abundance"	18	11
"OTU_588"	"Geese"	"high"	"Geesehigh"	0.637567638383409	0.71715364990908	1.21706041381945	0.950514874963397	1	0.063639083584303	0.371342225006612	NA	"abundance"	18	7
"OTU_589"	"Geese"	"high"	"Geesehigh"	0.764936464283218	0.71715364990908	0.457194411239335	0.921335547994704	1	0.687854170849808	0.884383933949754	NA	"abundance"	18	15
"OTU_591"	"Geese"	"low"	"Geeselow"	0.887081762843045	0.830285980745297	0.91183627358022	0.951599416290265	1	0.791826157378292	0.94683600571972	NA	"abundance"	18	13
"OTU_596"	"Geese"	"low"	"Geeselow"	1.34237355385804	0.830285980745297	4.01926436225473	0.919309749495955	1	0.791826163601627	0.94683600571972	NA	"abundance"	18	3
"OTU_597"	"Geese"	"low"	"Geeselow"	1.2037619943874	0.830285980745297	3.13855441673936	0.916130879113746	1	0.45765656330011	0.647560446525157	NA	"abundance"	18	4
"OTU_598"	"Geese"	"high"	"Geesehigh"	0.861291239873849	0.71715364990908	0.816582860130143	0.865547613791638	1	0.824609098751378	0.950573015073097	NA	"abundance"	18	11
"OTU_611"	"Geese"	"low"	"Geeselow"	0.538889528038346	0.830285980745297	1.74626564087097	0.875463701433365	1	0.482992819243678	0.666238838604974	NA	"abundance"	18	6
"OTU_621"	"Geese"	"low"	"Geeselow"	0.748924783035418	0.830285980745297	3.09810946886345	0.980689668837229	1	0.791826157378292	0.94683600571972	NA	"abundance"	18	6
"OTU_626"	"Geese"	"high"	"Geesehigh"	0.613389023548118	0.71715364990908	5.8335369096084	0.988667982683535	1	0.999871585383539	1	NA	"abundance"	18	4
"OTU_626"	"Geese"	"low"	"Geeselow"	1.9059563004691	0.830285980745297	5.05199115763504	0.866378318169919	1	0.791826157378292	0.94683600571972	NA	"abundance"	18	4
"OTU_630"	"Geese"	"low"	"Geeselow"	0.739854691568811	0.830285980745297	0.838901392866124	0.917910049240761	1	0.824609098751378	0.950573015073097	NA	"abundance"	18	9
"OTU_64"	"Geese"	"high"	"Geesehigh"	0.829348492951599	0.71715364990908	0.645183059129837	0.866353451328221	1	0.982138600028122	1	NA	"abundance"	18	17
"OTU_644"	"Geese"	"low"	"Geeselow"	1.03508889795689	0.830285980745297	1.32446153564022	0.880534016544863	1	0.457656561587239	0.647560446525157	NA	"abundance"	18	12
"OTU_672"	"Geese"	"high"	"Geesehigh"	0.235254385099312	0.71715364990908	2.83207760525862	0.873055826914434	1	0.457629468196623	0.647560446525157	NA	"abundance"	18	7
"OTU_677"	"Geese"	"low"	"Geeselow"	0.89963824017041	0.830285980745297	0.775549875696048	0.931467933726796	1	0.457656561587239	0.647560446525157	NA	"abundance"	18	10
"OTU_72"	"Geese"	"low"	"Geeselow"	0.743886501670249	0.830285980745297	0.738524002895344	0.90893881538236	1	0.687854170849807	0.884383933949754	NA	"abundance"	18	17
"OTU_738"	"Geese"	"low"	"Geeselow"	0.690578183364761	0.830285980745297	0.870623794474792	0.876551294453445	1	0.98476041709888	1	NA	"abundance"	18	11
"OTU_755"	"Geese"	"low"	"Geeselow"	0.823054224179374	0.830285980745297	0.724411624263655	0.992404359767429	1	0.999942306249457	1	NA	"abundance"	18	9
"OTU_758"	"Geese"	"high"	"Geesehigh"	0.665561292227934	0.71715364990908	2.69062201755249	0.986443154561612	1	0.99981621194176	1	NA	"abundance"	18	5
"OTU_767"	"Geese"	"low"	"Geeselow"	0.960093470956306	0.830285980745297	1.13286703919607	0.915984703701126	1	0.791826157378292	0.94683600571972	NA	"abundance"	18	6
"OTU_789"	"Geese"	"high"	"Geesehigh"	0.743243406064898	0.71715364990908	2.10864209102531	0.990897764162603	1	0.99991714930276	1	NA	"abundance"	18	6
"OTU_79"	"Geese"	"high"	"Geesehigh"	0.894548170119502	0.71715364990908	1.04820699564504	0.868658200197388	1	0.982749331624611	1	NA	"abundance"	18	17
"OTU_809"	"Geese"	"high"	"Geesehigh"	0.952461778113142	0.71715364990908	1.03171735932451	0.829386367037849	1	0.82460910460576	0.950573015073097	NA	"abundance"	18	7
"OTU_820"	"Geese"	"low"	"Geeselow"	1.19482354012113	0.830285980745297	2.39786627003092	0.888766312203364	1	0.987627066699161	1	NA	"abundance"	18	6
"OTU_828"	"Geese"	"high"	"Geesehigh"	0.946464559766594	0.71715364990908	1.70340499135942	0.899431520217948	1	0.989885980874327	1	NA	"abundance"	18	6
"OTU_829"	"Geese"	"low"	"Geeselow"	0.686596664694386	0.830285980745297	2.08498797448413	0.947676667552468	1	0.791826157378291	0.94683600571972	NA	"abundance"	18	8
"OTU_861"	"Geese"	"low"	"Geeselow"	1.0861727202135	0.830285980745297	1.28061887669587	0.846731109303465	1	0.240935830076112	0.470306740308573	NA	"abundance"	18	11
"OTU_868"	"Geese"	"high"	"Geesehigh"	0.379425549104307	0.71715364990908	3.37021505400419	0.929258860047223	1	0.45765656330011	0.647560446525157	NA	"abundance"	18	4
"OTU_870"	"Geese"	"high"	"Geesehigh"	0.692871030891761	0.71715364990908	1.60114793777399	0.988337590277399	1	0.131650075229063	0.413840882563828	NA	"abundance"	18	10
"OTU_892"	"Geese"	"low"	"Geeselow"	0.686596664694397	0.830285980745297	2.17686551540789	0.953359833276268	1	0.791826157378293	0.94683600571972	NA	"abundance"	18	5
"OTU_895"	"Geese"	"high"	"Geesehigh"	0.736187399456673	0.71715364990908	0.914719576562621	0.984288583537455	1	0.063639083584303	0.371342225006612	NA	"abundance"	18	7
"OTU_896"	"Geese"	"low"	"Geeselow"	0.730508639591305	0.830285980745297	1.30260696900866	0.942624787463386	1	0.0839088199904977	0.401566478048725	NA	"abundance"	18	7
"OTU_907"	"Geese"	"low"	"Geeselow"	0.51085915706559	0.830285980745297	1.53481128460317	0.848535580165067	1	0.212397181968111	0.470306740308573	NA	"abundance"	18	5
"OTU_920"	"Geese"	"low"	"Geeselow"	0.949316082029691	0.830285980745297	0.563112775530904	0.853712516430637	1	0.45765656330011	0.647560446525157	NA	"abundance"	18	4
"OTU_928"	"Geese"	"high"	"Geesehigh"	0.568956604112651	0.71715364990908	1.26219214122971	0.91234037049752	1	0.457629468196621	0.647560446525157	NA	"abundance"	18	7
"OTU_928"	"Geese"	"low"	"Geeselow"	0.952138365021863	0.830285980745297	0.892504622223897	0.898178492527735	1	0.989632380616076	1	NA	"abundance"	18	7
"OTU_93"	"Geese"	"low"	"Geeselow"	0.977789525660133	0.830285980745297	1.04967232715065	0.890514952122594	1	0.687854170849808	0.884383933949754	NA	"abundance"	18	16
"OTU_932"	"Geese"	"high"	"Geesehigh"	0.795921004164357	0.71715364990908	0.951972248719795	0.938451812638956	1	0.482992794811896	0.666238838604974	NA	"abundance"	18	7
"OTU_937"	"Geese"	"low"	"Geeselow"	0.816468375440223	0.830285980745297	1.02619117691128	0.989458831904286	1	0.687854170849807	0.884383933949754	NA	"abundance"	18	17
"OTU_949"	"Geese"	"low"	"Geeselow"	0.922812492683596	0.830285980745297	0.974637739090124	0.930509533918251	1	0.457656561587238	0.647560446525157	NA	"abundance"	18	6
"OTU_964"	"Geese"	"high"	"Geesehigh"	0.532598090846883	0.71715364990908	1.46827943210787	0.911461200447244	1	0.992160880973757	1	NA	"abundance"	18	4
"OTU_967"	"Geese"	"high"	"Geesehigh"	0.622012617456325	0.71715364990908	0.732528490196825	0.903897950308114	1	0.212397171168329	0.470306740308573	NA	"abundance"	18	7
"OTU_974"	"Geese"	"high"	"Geesehigh"	0.473575187982357	0.71715364990908	1.44008983242844	0.881340408654537	1	0.457629468196622	0.647560446525157	NA	"abundance"	18	5
"OTU_980"	"Geese"	"low"	"Geeselow"	1.00953458520938	0.830285980745297	2.55757199090225	0.955445737104107	1	0.791826163601627	0.94683600571972	NA	"abundance"	18	3
"OTU_986"	"Geese"	"low"	"Geeselow"	1.65595380514471	0.830285980745297	3.4832807370936	0.851771592784737	1	0.791826163601627	0.94683600571972	NA	"abundance"	18	3
"OTU_99"	"Geese"	"high"	"Geesehigh"	0.713215051932439	0.71715364990908	1.08948674161793	0.997170198879702	1	0.997170198879702	1	NA	"abundance"	18	18
"OTU_1"	"Geese"	"high"	"Geesehigh"	0.000000000000000352083899370084	0	2.51289181261959	1	1	0.99680989622062	1	NA	"prevalence"	18	17
"OTU_1003"	"Geese"	"low"	"Geeselow"	-0.000000000000000255553638054357	0	1.36930638829352	1	1	0.528660556978646	0.721976730799195	NA	"prevalence"	18	6
"OTU_1005"	"Geese"	"high"	"Geesehigh"	-0.00000000000000075305376704668	0	1.36921985568994	1	1	1	1	NA	"prevalence"	18	3
"OTU_1005"	"Geese"	"low"	"Geeselow"	-0.000000000000000425399591474243	0	1.36921985568994	1	1	1	1	NA	"prevalence"	18	3
"OTU_1008"	"Geese"	"high"	"Geesehigh"	-0.00000000000000059969321476374	0	2.51289181261959	1	1	1	1	NA	"prevalence"	18	2
"OTU_1011"	"Geese"	"high"	"Geesehigh"	0.000000000000000603612273717209	0	2.5128918126196	1	1	1	1	NA	"prevalence"	18	3
"OTU_1013"	"Geese"	"high"	"Geesehigh"	0.000000000000000381742949209588	0	1.36930639376292	1	1	1	1	NA	"prevalence"	18	2
"OTU_1022"	"Geese"	"low"	"Geeselow"	-0.00000000000000169953340254055	0	2.5128918126196	0.999999999999999	1	0.999999999999999	1	NA	"prevalence"	18	3
"OTU_1025"	"Geese"	"high"	"Geesehigh"	0.000000000000000668120415500643	0	1.36921985568994	1	1	1	1	NA	"prevalence"	18	3
"OTU_1025"	"Geese"	"low"	"Geeselow"	0.0000000000000010183654339462	0	1.36921985568994	0.999999999999999	1	0.999999999999999	1	NA	"prevalence"	18	3
"OTU_1027"	"Geese"	"low"	"Geeselow"	0.00000000000000064090501294639	0	2.51289181261959	1	1	1	1	NA	"prevalence"	18	2
"OTU_103"	"Geese"	"low"	"Geeselow"	0.000000000000000408318970169049	0	1.09544511501033	1	1	0.660063252443317	0.869004138108828	NA	"prevalence"	18	12
"OTU_1040"	"Geese"	"high"	"Geesehigh"	0.00000000000000116158634346967	0	2.5128918126196	1	1	1	1	NA	"prevalence"	18	3
"OTU_1042"	"Geese"	"low"	"Geeselow"	0.000000000000000854540017261853	0	2.51289181261959	1	1	1	1	NA	"prevalence"	18	2
"OTU_1047"	"Geese"	"low"	"Geeselow"	-0.0000000000000000567854215813247	0	1.14833846297174	1	1	0.129258538817189	0.413840882563828	NA	"prevalence"	18	5
"OTU_1050"	"Geese"	"low"	"Geeselow"	0.000000000000000219080141264841	0	1.14833846297174	1	1	0.664234161370694	0.873448034952123	NA	"prevalence"	18	7
"OTU_1055"	"Geese"	"low"	"Geeselow"	-0.000000000000000174993844358164	0	1.09544511501033	1	1	0.800644654313286	0.950573015073097	NA	"prevalence"	18	6
"OTU_1058"	"Geese"	"low"	"Geeselow"	0	0	1.14833846297174	1	1	0.85495610539134	0.979897498663561	NA	"prevalence"	18	5
"OTU_106"	"Geese"	"high"	"Geesehigh"	0.000000000000000603612273717209	0	2.5128918126196	1	1	1	1	NA	"prevalence"	18	3
"OTU_1060"	"Geese"	"high"	"Geesehigh"	0.000000000000000148511143512746	0	1.09544511501033	1	1	0.129602993045897	0.413840882563828	NA	"prevalence"	18	10
"OTU_1064"	"Geese"	"low"	"Geeselow"	-0.000000000000000427270008630927	0	2.5128918126196	1	1	1	1	NA	"prevalence"	18	4
"OTU_1066"	"Geese"	"low"	"Geeselow"	-0.000000000000000213635004315463	0	2.5128918126196	1	1	1	1	NA	"prevalence"	18	2
"OTU_1069"	"Geese"	"low"	"Geeselow"	0.000000000000000966439438117249	0	2.5128918126196	1	1	1	1	NA	"prevalence"	18	6
"OTU_1071"	"Geese"	"high"	"Geesehigh"	-0.0000000000000000828518611368694	0	1.14833846297174	1	1	0.680092565858529	0.884383933949754	NA	"prevalence"	18	6
"OTU_1071"	"Geese"	"low"	"Geeselow"	0.000000000000000362652246430818	0	1.14833846297174	1	1	0.999489170376646	1	NA	"prevalence"	18	6
"OTU_1077"	"Geese"	"high"	"Geesehigh"	0.000000000000000603612273717209	0	2.5128918126196	1	1	1	1	NA	"prevalence"	18	3
"OTU_1082"	"Geese"	"low"	"Geeselow"	-0.000000000000000849766701270276	0	2.5128918126196	1	1	1	1	NA	"prevalence"	18	3
"OTU_1086"	"Geese"	"low"	"Geeselow"	0.000000000000000143057785929402	0	1.36930639376292	1	1	1	1	NA	"prevalence"	18	2
"OTU_1088"	"Geese"	"high"	"Geesehigh"	-0.000000000000000938804229525975	0	2.51289181261959	1	1	1	1	NA	"prevalence"	18	2
"OTU_109"	"Geese"	"high"	"Geesehigh"	0.0000000000000014940445686051	0	2.51289181261959	1	1	0.136369801961157	0.425380802708383	NA	"prevalence"	18	16
"OTU_1096"	"Geese"	"low"	"Geeselow"	-0.00000000000000022082120156337	0	1.14833846297174	1	1	0.934268500358332	1	NA	"prevalence"	18	10
"OTU_11"	"Geese"	"high"	"Geesehigh"	-0.000000000000000203409898743388	0	2.51289181261959	1	1	0.0950697403592441	0.413840882563828	NA	"prevalence"	18	17
"OTU_1102"	"Geese"	"low"	"Geeselow"	-0.000000000000000383330457081535	0	1.36930638829352	1	1	0.761592787918389	0.94683600571972	NA	"prevalence"	18	4
"OTU_1104"	"Geese"	"high"	"Geesehigh"	-0.000000000000000938804229525975	0	2.51289181261959	1	1	1	1	NA	"prevalence"	18	2
"OTU_1107"	"Geese"	"high"	"Geesehigh"	-0.00000000000000073018208041157	0	2.5128918126196	1	1	1	1	NA	"prevalence"	18	2
"OTU_1111"	"Geese"	"low"	"Geeselow"	0.00000000000000064090501294639	0	2.5128918126196	1	1	1	1	NA	"prevalence"	18	2
"OTU_1119"	"Geese"	"high"	"Geesehigh"	-0.00000000000000059969321476374	0	2.51289181261959	1	1	1	1	NA	"prevalence"	18	2
"OTU_1128"	"Geese"	"low"	"Geeselow"	-0.00000000000000128181002589278	0	2.5128918126196	1	1	1	1	NA	"prevalence"	18	4
"OTU_1129"	"Geese"	"low"	"Geeselow"	-0.00000000000000213635004315463	0	2.51289181261959	0.999999999999999	1	0.999999999999999	1	NA	"prevalence"	18	4
"OTU_1131"	"Geese"	"low"	"Geeselow"	-0.000000000000000429173357788207	0	1.36930639376292	1	1	1	1	NA	"prevalence"	18	2
"OTU_1134"	"Geese"	"low"	"Geeselow"	-0.00000000000000102221455221743	0	1.36930638829352	0.999999999999999	1	0.913270987154259	1	NA	"prevalence"	18	6
"OTU_114"	"Geese"	"high"	"Geesehigh"	-0.00000000000000059969321476374	0	2.51289181261959	1	1	1	1	NA	"prevalence"	18	2
"OTU_1149"	"Geese"	"low"	"Geeselow"	-0.0000000000000000715288929647011	0	1.36930639376292	1	1	1	1	NA	"prevalence"	18	2
"OTU_1150"	"Geese"	"low"	"Geeselow"	0.00000000000000064090501294639	0	2.51289181261959	1	1	1	1	NA	"prevalence"	18	2
"OTU_1156"	"Geese"	"high"	"Geesehigh"	-0.00000000000000075026313158386	0	1.36921985568994	1	1	1	1	NA	"prevalence"	18	3
"OTU_1156"	"Geese"	"low"	"Geeselow"	-0.00000000000000111391417678253	0	1.36921985568994	0.999999999999999	1	0.999999999999999	1	NA	"prevalence"	18	3
"OTU_1164"	"Geese"	"high"	"Geesehigh"	-0.0000000000000000931054198894739	0	1.36930638829352	1	1	0.97263861089421	1	NA	"prevalence"	18	4
"OTU_1166"	"Geese"	"high"	"Geesehigh"	0.000000000000000465153739275049	0	1.36921985568994	1	1	1	1	NA	"prevalence"	18	3
"OTU_1166"	"Geese"	"low"	"Geeselow"	0.000000000000000689705153914765	0	1.36921985568994	1	1	1	1	NA	"prevalence"	18	3
"OTU_1171"	"Geese"	"high"	"Geesehigh"	0.000000000000000529008313455112	0	2.51289181261959	1	1	1	1	NA	"prevalence"	18	2
"OTU_1173"	"Geese"	"low"	"Geeselow"	-0.000000000000000548373207862843	0	1.14833850352643	1	1	0.694627801044758	0.890486077696608	NA	"prevalence"	18	4
"OTU_1176"	"Geese"	"high"	"Geesehigh"	0.000000000000000603612273717209	0	2.5128918126196	1	1	1	1	NA	"prevalence"	18	3
"OTU_1177"	"Geese"	"low"	"Geeselow"	0.000000000000000357644464823506	0	1.36930639376292	1	1	1	1	NA	"prevalence"	18	2
"OTU_1179"	"Geese"	"low"	"Geeselow"	0.000000000000000874773874902219	0	2.5128918126196	1	1	1	1	NA	"prevalence"	18	5
"OTU_1192"	"Geese"	"low"	"Geeselow"	-0.000000000000000500702250752908	0	1.36930639376291	1	1	1	1	NA	"prevalence"	18	2
"OTU_1193"	"Geese"	"low"	"Geeselow"	0.00000000000000012186071285841	0	1.14833850352643	1	1	0.918798379031122	1	NA	"prevalence"	18	4
"OTU_1194"	"Geese"	"low"	"Geeselow"	-0.00000000000000169953340254055	0	2.5128918126196	0.999999999999999	1	0.999999999999999	1	NA	"prevalence"	18	3
"OTU_1195"	"Geese"	"low"	"Geeselow"	-0.000000000000000874773874902219	0	2.5128918126196	1	1	1	1	NA	"prevalence"	18	5
"OTU_1196"	"Geese"	"high"	"Geesehigh"	0.000000000000000399017458721365	0	2.51289181261959	1	1	1	1	NA	"prevalence"	18	2
"OTU_1197"	"Geese"	"low"	"Geeselow"	-0.00000000000000127465005190541	0	2.5128918126196	1	1	1	1	NA	"prevalence"	18	3
"OTU_1199"	"Geese"	"high"	"Geesehigh"	0.000000000000000118120723211565	0	1.36930638829352	1	1	0.310530893719882	0.590923607113398	NA	"prevalence"	18	4
"OTU_12"	"Geese"	"low"	"Geeselow"	-0.00000000000000131216081235333	0	2.5128918126196	1	1	0.682640960468457	0.884383933949754	NA	"prevalence"	18	17
"OTU_1200"	"Geese"	"high"	"Geesehigh"	0.000000000000000532833726905041	0	2.5128918126196	1	1	1	1	NA	"prevalence"	18	4
"OTU_1207"	"Geese"	"high"	"Geesehigh"	-0.000000000000000171709999745024	0	2.5128918126196	1	1	1	1	NA	"prevalence"	18	2
"OTU_1217"	"Geese"	"high"	"Geesehigh"	0.000000000000000352083899370084	0	2.51289181261959	1	1	0.0504989844870604	0.371342225006612	NA	"prevalence"	18	17
"OTU_1218"	"Geese"	"high"	"Geesehigh"	0.000000000000000603612273717209	0	2.5128918126196	1	1	1	1	NA	"prevalence"	18	3
"OTU_1222"	"Geese"	"high"	"Geesehigh"	0.00000000000000116158634346967	0	2.5128918126196	1	1	1	1	NA	"prevalence"	18	3
"OTU_1223"	"Geese"	"high"	"Geesehigh"	-0.000000000000000690680465167637	0	1.36921985568994	1	1	1	1	NA	"prevalence"	18	3
"OTU_1223"	"Geese"	"low"	"Geeselow"	-0.000000000000000364121016056734	0	1.36921985568994	1	1	1	1	NA	"prevalence"	18	3
"OTU_1224"	"Geese"	"high"	"Geesehigh"	0.000000000000000603612273717209	0	2.5128918126196	1	1	1	1	NA	"prevalence"	18	3
"OTU_123"	"Geese"	"low"	"Geeselow"	0.000000000000000583312814527214	0	1.09544511501033	1	1	0.482087991695274	0.666238838604974	NA	"prevalence"	18	6
"OTU_1236"	"Geese"	"low"	"Geeselow"	-0.000000000000000466650251621771	0	1.09544511501033	1	1	0.864491359462015	0.989277240947673	NA	"prevalence"	18	6
"OTU_1244"	"Geese"	"high"	"Geesehigh"	-0.00000000000000075026313158386	0	1.36921985568994	1	1	1	1	NA	"prevalence"	18	3
"OTU_1244"	"Geese"	"low"	"Geeselow"	-0.000000000000000221957671734714	0	1.36921985568994	1	1	1	1	NA	"prevalence"	18	3
"OTU_1251"	"Geese"	"high"	"Geesehigh"	-0.000000000000000938804229525975	0	2.51289181261959	1	1	1	1	NA	"prevalence"	18	2
"OTU_1263"	"Geese"	"high"	"Geesehigh"	-0.0000000000000000903154922255532	0	1.36930638829352	1	1	0.804758270596786	0.950573015073097	NA	"prevalence"	18	4
"OTU_1266"	"Geese"	"low"	"Geeselow"	0.00000000000000043738693745111	0	2.51289181261959	1	1	1	1	NA	"prevalence"	18	5
"OTU_1267"	"Geese"	"low"	"Geeselow"	0.000000000000000357644464823506	0	1.36930639376292	1	1	1	1	NA	"prevalence"	18	2
"OTU_1270"	"Geese"	"high"	"Geesehigh"	0.000000000000000949796573561338	0	1.36921985568994	0.999999999999999	1	0.999999999999999	1	NA	"prevalence"	18	3
"OTU_1270"	"Geese"	"low"	"Geeselow"	-0.0000000000000000857766409928249	0	1.36921985568994	1	1	1	1	NA	"prevalence"	18	3
"OTU_1283"	"Geese"	"low"	"Geeselow"	-0.0000000000000000715288929647011	0	1.36930639376292	1	1	1	1	NA	"prevalence"	18	2
"OTU_1287"	"Geese"	"low"	"Geeselow"	-0.0000000000000000715288929647011	0	1.36930639376292	1	1	1	1	NA	"prevalence"	18	2
"OTU_129"	"Geese"	"high"	"Geesehigh"	0.00000000000000103400886670682	0	2.5128918126196	1	1	1	1	NA	"prevalence"	18	3
"OTU_1305"	"Geese"	"low"	"Geeselow"	-0.000000000000000874773874902219	0	2.5128918126196	1	1	1	1	NA	"prevalence"	18	5
"OTU_1307"	"Geese"	"low"	"Geeselow"	0	0	1.14833846297174	1	1	0.771783247718926	0.94683600571972	NA	"prevalence"	18	9
"OTU_1314"	"Geese"	"low"	"Geeselow"	-0.00000000000000109674641572569	0	1.14833850352643	0.999999999999999	1	0.798839859199703	0.950573015073097	NA	"prevalence"	18	4
"OTU_1316"	"Geese"	"low"	"Geeselow"	0	0	1.36930639376292	1	1	1	1	NA	"prevalence"	18	2
"OTU_1326"	"Geese"	"low"	"Geeselow"	0.000000000000000143057785929402	0	1.36930639376292	1	1	1	1	NA	"prevalence"	18	2
"OTU_1329"	"Geese"	"low"	"Geeselow"	0.00000000000000064090501294639	0	2.5128918126196	1	1	1	1	NA	"prevalence"	18	2
"OTU_133"	"Geese"	"low"	"Geeselow"	-0.000000000000000116662562905443	0	1.09544511501033	1	1	0.13905167893368	0.432517686881533	NA	"prevalence"	18	12
"OTU_1333"	"Geese"	"low"	"Geeselow"	-0.00000000000000109674641572569	0	1.14833850352643	0.999999999999999	1	0.632339068300683	0.837020249540868	NA	"prevalence"	18	4
"OTU_1338"	"Geese"	"low"	"Geeselow"	0.000000000000000427270008630927	0	2.5128918126196	1	1	1	1	NA	"prevalence"	18	4
"OTU_1346"	"Geese"	"low"	"Geeselow"	-0.00000000000000127465005190541	0	2.5128918126196	1	1	1	1	NA	"prevalence"	18	3
"OTU_1348"	"Geese"	"low"	"Geeselow"	-0.00000000000000212441675317569	0	2.5128918126196	0.999999999999999	1	0.999999999999999	1	NA	"prevalence"	18	3
"OTU_1357"	"Geese"	"high"	"Geesehigh"	-0.000000000000000564734924925002	0	1.36921985568994	1	1	1	1	NA	"prevalence"	18	3
"OTU_1357"	"Geese"	"low"	"Geeselow"	0.000000000000000270289829136015	0	1.36921985568994	1	1	1	1	NA	"prevalence"	18	3
"OTU_1360"	"Geese"	"high"	"Geesehigh"	-0.000000000000000938804229525975	0	2.51289181261959	1	1	1	1	NA	"prevalence"	18	2
"OTU_1362"	"Geese"	"low"	"Geeselow"	-0.000000000000000304651782146024	0	1.14833850352643	1	1	0.999682674659347	1	NA	"prevalence"	18	4
"OTU_1366"	"Geese"	"low"	"Geeselow"	0.000000000000000286115571858805	0	1.36930639376292	1	1	1	1	NA	"prevalence"	18	2
"OTU_137"	"Geese"	"low"	"Geeselow"	-0.000000000000000113570843162649	0	1.14833846297174	1	1	0.0238954087232423	0.300950284637266	NA	"prevalence"	18	9
"OTU_1373"	"Geese"	"high"	"Geesehigh"	-0.000000000000000938804229525975	0	2.51289181261959	1	1	1	1	NA	"prevalence"	18	2
"OTU_1375"	"Geese"	"low"	"Geeselow"	0.000000000000000218218633911705	0	1.09544511501033	1	1	0.841791352155588	0.966827306136857	NA	"prevalence"	18	11
"OTU_1377"	"Geese"	"high"	"Geesehigh"	0.000000000000000493754750693066	0	1.36921985568994	1	1	1	1	NA	"prevalence"	18	3
"OTU_1377"	"Geese"	"low"	"Geeselow"	0.000000000000000293920559172298	0	1.36921985568994	1	1	1	1	NA	"prevalence"	18	3
"OTU_1381"	"Geese"	"low"	"Geeselow"	-0.000000000000000170356264743974	0	1.14833846297174	1	1	0.972538759196112	1	NA	"prevalence"	18	5
"OTU_1386"	"Geese"	"low"	"Geeselow"	0.000000000000000213635004315463	0	2.51289181261959	1	1	1	1	NA	"prevalence"	18	2
"OTU_1395"	"Geese"	"low"	"Geeselow"	0.000000000000000572231143717609	0	1.36930639376292	1	1	1	1	NA	"prevalence"	18	2
"OTU_140"	"Geese"	"low"	"Geeselow"	0.00000000000000012186071285841	0	1.14833850352643	1	1	0.112859878401875	0.413840882563828	NA	"prevalence"	18	8
"OTU_1403"	"Geese"	"high"	"Geesehigh"	0.000000000000000501572037864837	0	1.36930639376292	1	1	1	1	NA	"prevalence"	18	2
"OTU_1406"	"Geese"	"low"	"Geeselow"	0.000000000000000143057785929402	0	1.36930639376292	1	1	1	1	NA	"prevalence"	18	2
"OTU_1411"	"Geese"	"high"	"Geesehigh"	-0.000000000000000600806375685359	0	1.36921985568994	1	1	0.771563478460451	0.94683600571972	NA	"prevalence"	18	5
"OTU_1412"	"Geese"	"high"	"Geesehigh"	-0.000000000000000690680465167637	0	1.36921985568994	1	1	1	1	NA	"prevalence"	18	3
"OTU_1412"	"Geese"	"low"	"Geeselow"	-0.000000000000000495768950654096	0	1.36921985568994	1	1	1	1	NA	"prevalence"	18	3
"OTU_1422"	"Geese"	"high"	"Geesehigh"	0.000000000000000201452788051801	0	1.36930639376292	1	1	1	1	NA	"prevalence"	18	2
"OTU_1423"	"Geese"	"high"	"Geesehigh"	-0.00000000000000195876424041944	0	1.36930638829352	0.999999999999999	1	0.999528945345535	1	NA	"prevalence"	18	4
"OTU_143"	"Geese"	"low"	"Geeselow"	0.000000000000000143057785929402	0	1.36930639376292	1	1	0.904140065039988	1	NA	"prevalence"	18	16
"OTU_1448"	"Geese"	"low"	"Geeselow"	-0.000000000000000427270008630927	0	2.5128918126196	1	1	1	1	NA	"prevalence"	18	2
"OTU_1450"	"Geese"	"high"	"Geesehigh"	-0.00000000000000059969321476374	0	2.51289181261959	1	1	1	1	NA	"prevalence"	18	2
"OTU_1456"	"Geese"	"high"	"Geesehigh"	0.000000000000000769053977397349	0	2.5128918126196	1	1	1	1	NA	"prevalence"	18	3
"OTU_1467"	"Geese"	"high"	"Geesehigh"	0.000000000000000352083899370084	0	2.51289181261959	1	1	0.395819717988821	0.647560446525157	NA	"prevalence"	18	17
"OTU_1474"	"Geese"	"high"	"Geesehigh"	0.000000000000000603612273717209	0	2.5128918126196	1	1	1	1	NA	"prevalence"	18	3
"OTU_1486"	"Geese"	"low"	"Geeselow"	0.000000000000000126741434356041	0	1.36921985568994	1	1	0.543259495793444	0.737328709989124	NA	"prevalence"	18	5
"OTU_15"	"Geese"	"high"	"Geesehigh"	0.000000000000000352083899370084	0	2.51289181261959	1	1	0.0258465786624785	0.300950284637266	NA	"prevalence"	18	17
"OTU_150"	"Geese"	"high"	"Geesehigh"	0.000000000000000352083899370084	0	2.51289181261959	1	1	0.708503792574055	0.905631157446231	NA	"prevalence"	18	17
"OTU_1508"	"Geese"	"high"	"Geesehigh"	-0.000000000000000401656567462919	0	1.36930639376292	1	1	1	1	NA	"prevalence"	18	2
"OTU_153"	"Geese"	"low"	"Geeselow"	0.000000000000000143057785929402	0	1.36930639376292	1	1	1	1	NA	"prevalence"	18	2
"OTU_157"	"Geese"	"high"	"Geesehigh"	0.000000000000000352083899370084	0	2.51289181261959	1	1	0.532005595188515	0.724742113544651	NA	"prevalence"	18	17
"OTU_1574"	"Geese"	"high"	"Geesehigh"	0.000000000000000243644584221918	0	2.51289181261959	1	1	1	1	NA	"prevalence"	18	2
"OTU_1577"	"Geese"	"high"	"Geesehigh"	0.000000000000000399017458721365	0	2.51289181261959	1	1	1	1	NA	"prevalence"	18	2
"OTU_1583"	"Geese"	"high"	"Geesehigh"	0.000000000000000290046903226492	0	1.36930639376292	1	1	1	1	NA	"prevalence"	18	2
"OTU_1589"	"Geese"	"low"	"Geeselow"	0.000000000000000214586678894103	0	1.36930639376292	1	1	1	1	NA	"prevalence"	18	2
"OTU_17"	"Geese"	"high"	"Geesehigh"	0.000000000000000352083899370084	0	2.51289181261959	1	1	0.99146125918888	1	NA	"prevalence"	18	17
"OTU_172"	"Geese"	"high"	"Geesehigh"	0.000000000000000352083899370084	0	2.51289181261959	1	1	0.108791250709779	0.413840882563828	NA	"prevalence"	18	17
"OTU_1736"	"Geese"	"low"	"Geeselow"	0.000000000000000966439438117249	0	2.5128918126196	1	1	1	1	NA	"prevalence"	18	6
"OTU_174"	"Geese"	"low"	"Geeselow"	0.000000000000000233325125810885	0	1.09544511501033	1	1	0.705637908066104	0.90249321264599	NA	"prevalence"	18	12
"OTU_181"	"Geese"	"high"	"Geesehigh"	0.000000000000000352083899370084	0	2.51289181261959	1	1	0.792230563896184	0.94683600571972	NA	"prevalence"	18	17
"OTU_184"	"Geese"	"low"	"Geeselow"	0.000000000000000500702250752908	0	1.36930639376292	1	1	0.710250419961366	0.907335615029179	NA	"prevalence"	18	16
"OTU_186"	"Geese"	"high"	"Geesehigh"	0.00000000000000127116048016942	0	1.14833846297174	0.999999999999999	1	0.959409350087391	1	NA	"prevalence"	18	8
"OTU_187"	"Geese"	"high"	"Geesehigh"	0.00000000000000103400886670682	0	2.5128918126196	1	1	1	1	NA	"prevalence"	18	3
"OTU_188"	"Geese"	"high"	"Geesehigh"	-0.00000000000000014091917981109	0	2.5128918126196	1	1	0.0967902851585712	0.413840882563828	NA	"prevalence"	18	15
"OTU_1892"	"Geese"	"high"	"Geesehigh"	-0.000000000000000185926372798391	0	1.36930638829352	1	1	0.762777561441135	0.94683600571972	NA	"prevalence"	18	4
"OTU_19"	"Geese"	"high"	"Geesehigh"	0.000000000000000858305477913281	0	1.36930639376292	0.999999999999999	1	0.999999999999999	1	NA	"prevalence"	18	2
"OTU_190"	"Geese"	"high"	"Geesehigh"	0.0000000000000014940445686051	0	2.51289181261959	1	1	0.0450665598478012	0.371342225006612	NA	"prevalence"	18	16
"OTU_198"	"Geese"	"high"	"Geesehigh"	0.000000000000000352083899370084	0	2.51289181261959	1	1	0.572478968736395	0.771739604263428	NA	"prevalence"	18	17
"OTU_2"	"Geese"	"high"	"Geesehigh"	0.000000000000000352083899370084	0	2.51289181261959	1	1	0.00173090468889338	0.132695715321189	NA	"prevalence"	18	17
"OTU_2000"	"Geese"	"low"	"Geeselow"	0.000000000000000511107276108714	0	1.36930638829352	1	1	0.999729046216672	1	NA	"prevalence"	18	6
"OTU_203"	"Geese"	"high"	"Geesehigh"	0.000000000000000352083899370084	0	2.51289181261959	1	1	0.32871785126259	0.621225818737218	NA	"prevalence"	18	17
"OTU_205"	"Geese"	"high"	"Geesehigh"	0.000000000000000352083899370084	0	2.51289181261959	1	1	0.501064455116706	0.687281413764077	NA	"prevalence"	18	17
"OTU_210"	"Geese"	"high"	"Geesehigh"	-0.000000000000000938804229525975	0	2.51289181261959	1	1	1	1	NA	"prevalence"	18	2
"OTU_211"	"Geese"	"low"	"Geeselow"	-0.000000000000000487442851433639	0	1.14833850352643	1	1	0.989106911625801	1	NA	"prevalence"	18	4
"OTU_213"	"Geese"	"high"	"Geesehigh"	-0.00000000000000059969321476374	0	2.51289181261959	1	1	1	1	NA	"prevalence"	18	2
"OTU_214"	"Geese"	"low"	"Geeselow"	0.000000000000000715288929647011	0	1.36930639376292	1	1	0.1724158698766	0.470306740308573	NA	"prevalence"	18	16
"OTU_216"	"Geese"	"high"	"Geesehigh"	0.000000000000000532833726905041	0	2.5128918126196	1	1	1	1	NA	"prevalence"	18	4
"OTU_220"	"Geese"	"low"	"Geeselow"	-0.0000000000000019328788762345	0	2.51289181261959	0.999999999999999	1	0.935717223800211	1	NA	"prevalence"	18	12
"OTU_231"	"Geese"	"low"	"Geeselow"	0.000000000000000511107276108714	0	1.36930638829352	1	1	0.99836621979482	1	NA	"prevalence"	18	6
"OTU_236"	"Geese"	"high"	"Geesehigh"	0.000000000000000352083899370084	0	2.51289181261959	1	1	0.999513884740452	1	NA	"prevalence"	18	17
"OTU_238"	"Geese"	"low"	"Geeselow"	0.000000000000000304651782146024	0	1.14833850352643	1	1	0.505934397431766	0.693095406587747	NA	"prevalence"	18	14
"OTU_24"	"Geese"	"high"	"Geesehigh"	-0.000000000000000938804229525975	0	2.51289181261959	1	1	1	1	NA	"prevalence"	18	2
"OTU_250"	"Geese"	"low"	"Geeselow"	0.000000000000000126741434356041	0	1.36921985568994	1	1	0.993807306213402	1	NA	"prevalence"	18	13
"OTU_251"	"Geese"	"low"	"Geeselow"	0.00000000000000043738693745111	0	2.5128918126196	1	1	0.208390284497419	0.470306740308573	NA	"prevalence"	18	13
"OTU_26"	"Geese"	"low"	"Geeselow"	-0.00000000000000131216081235333	0	2.5128918126196	1	1	0.182473426764972	0.470306740308573	NA	"prevalence"	18	17
"OTU_268"	"Geese"	"high"	"Geesehigh"	0.000000000000000352083899370084	0	2.51289181261959	1	1	0.971136935198164	1	NA	"prevalence"	18	17
"OTU_27"	"Geese"	"high"	"Geesehigh"	0.000000000000000352083899370084	0	2.51289181261959	1	1	0.30630789780663	0.583393012648187	NA	"prevalence"	18	17
"OTU_272"	"Geese"	"low"	"Geeselow"	0.000000000000000731164277150458	0	1.14833850352643	0.999999999999999	1	0.922684841942636	1	NA	"prevalence"	18	4
"OTU_273"	"Geese"	"low"	"Geeselow"	0.000000000000000966439438117249	0	2.5128918126196	1	1	1	1	NA	"prevalence"	18	6
"OTU_275"	"Geese"	"low"	"Geeselow"	0	0	1.14833850352643	1	1	0.835176889832491	0.960234790613692	NA	"prevalence"	18	10
"OTU_279"	"Geese"	"high"	"Geesehigh"	0.000000000000000352083899370084	0	2.51289181261959	1	1	0.251595052815127	0.488508166208682	NA	"prevalence"	18	17
"OTU_281"	"Geese"	"low"	"Geeselow"	-0.000000000000000263295869194724	0	1.36921985568994	1	1	0.985309385072836	1	NA	"prevalence"	18	7
"OTU_282"	"Geese"	"high"	"Geesehigh"	0.00000000000000103400886670682	0	2.5128918126196	1	1	1	1	NA	"prevalence"	18	3
"OTU_283"	"Geese"	"high"	"Geesehigh"	-0.000000000000000430548603075274	0	1.36930639376292	1	1	1	1	NA	"prevalence"	18	2
"OTU_284"	"Geese"	"high"	"Geesehigh"	0.000000000000000352083899370084	0	2.51289181261959	1	1	0.606479613155686	0.808148804908911	NA	"prevalence"	18	17
"OTU_304"	"Geese"	"low"	"Geeselow"	0.00000000000000064090501294639	0	2.5128918126196	1	1	1	1	NA	"prevalence"	18	2
"OTU_307"	"Geese"	"low"	"Geeselow"	-0.000000000000000511068794231922	0	1.14833846297174	1	1	0.745732149056963	0.94683600571972	NA	"prevalence"	18	5
"OTU_311"	"Geese"	"low"	"Geeselow"	-0.000000000000000851781323719871	0	1.14833846297174	0.999999999999999	1	0.628363372386513	0.832761596717431	NA	"prevalence"	18	5
"OTU_319"	"Geese"	"high"	"Geesehigh"	0.000000000000000447608621281889	0	1.09544511501033	1	1	0.756421057844996	0.94683600571972	NA	"prevalence"	18	6
"OTU_320"	"Geese"	"high"	"Geesehigh"	0.000000000000000352083899370084	0	2.51289181261959	1	1	0.830630589804733	0.955508001682134	NA	"prevalence"	18	17
"OTU_329"	"Geese"	"high"	"Geesehigh"	-0.0000000000000000185824850491699	0	1.14833846297174	1	1	0.812231882418702	0.950573015073097	NA	"prevalence"	18	10
"OTU_33"	"Geese"	"high"	"Geesehigh"	-0.00000000000000059969321476374	0	2.51289181261959	1	1	1	1	NA	"prevalence"	18	2
"OTU_332"	"Geese"	"low"	"Geeselow"	0.000000000000000854540017261853	0	2.51289181261959	1	1	0.0715919752554856	0.389148459557046	NA	"prevalence"	18	16
"OTU_334"	"Geese"	"high"	"Geesehigh"	0.000000000000000675091666785646	0	1.36930638829352	1	1	0.916592370884699	1	NA	"prevalence"	18	4
"OTU_343"	"Geese"	"high"	"Geesehigh"	0.000000000000000476203812049107	0	2.5128918126196	1	1	0.362470432772008	0.647560446525157	NA	"prevalence"	18	16
"OTU_345"	"Geese"	"high"	"Geesehigh"	0.00000000000000212605746311566	0	2.5128918126196	0.999999999999999	1	0.0587540371105051	0.371342225006612	NA	"prevalence"	18	15
"OTU_35"	"Geese"	"low"	"Geeselow"	0.00000000000000169953340254055	0	2.5128918126196	0.999999999999999	1	0.352865710177215	0.647560446525157	NA	"prevalence"	18	15
"OTU_355"	"Geese"	"low"	"Geeselow"	-0.000000000000000849766701270276	0	2.5128918126196	1	1	1	1	NA	"prevalence"	18	3
"OTU_359"	"Geese"	"low"	"Geeselow"	0.000000000000000966439438117249	0	2.5128918126196	1	1	1	1	NA	"prevalence"	18	6
"OTU_360"	"Geese"	"low"	"Geeselow"	-0.000000000000000572231143717609	0	1.36930639376292	1	1	1	1	NA	"prevalence"	18	2
"OTU_361"	"Geese"	"low"	"Geeselow"	-0.000000000000000763765218690969	0	1.09544511501033	0.999999999999999	1	0.412678526606944	0.647560446525157	NA	"prevalence"	18	7
"OTU_362"	"Geese"	"high"	"Geesehigh"	0.000000000000000352083899370084	0	2.51289181261959	1	1	0.825508508198859	0.95111053725325	NA	"prevalence"	18	17
"OTU_363"	"Geese"	"low"	"Geeselow"	0.000000000000000715288929647011	0	1.36930639376292	1	1	0.887490510207547	1	NA	"prevalence"	18	16
"OTU_365"	"Geese"	"high"	"Geesehigh"	0.00000000000000039291107449055	0	1.36921985568994	1	1	0.840541055549923	0.965896471997713	NA	"prevalence"	18	13
"OTU_37"	"Geese"	"high"	"Geesehigh"	0.000000000000000352083899370084	0	2.51289181261959	1	1	0.748988273132957	0.94683600571972	NA	"prevalence"	18	17
"OTU_370"	"Geese"	"low"	"Geeselow"	-0.000000000000000849766701270276	0	2.5128918126196	1	1	1	1	NA	"prevalence"	18	3
"OTU_371"	"Geese"	"low"	"Geeselow"	0.000000000000000214586678894103	0	1.36930639376292	1	1	1	1	NA	"prevalence"	18	2
"OTU_374"	"Geese"	"high"	"Geesehigh"	0.000000000000000603612273717209	0	2.5128918126196	1	1	1	1	NA	"prevalence"	18	3
"OTU_376"	"Geese"	"low"	"Geeselow"	0.00000000000000131216081235333	0	2.5128918126196	1	1	0.820846664045086	0.950573015073097	NA	"prevalence"	18	13
"OTU_377"	"Geese"	"high"	"Geesehigh"	0.0000000000000000162420325464018	0	1.14833846297174	1	1	0.95822465260625	1	NA	"prevalence"	18	8
"OTU_379"	"Geese"	"low"	"Geeselow"	0.000000000000000966439438117249	0	2.5128918126196	1	1	1	1	NA	"prevalence"	18	6
"OTU_38"	"Geese"	"high"	"Geesehigh"	0.000000000000000352083899370084	0	2.51289181261959	1	1	0.739041973697946	0.940832564777211	NA	"prevalence"	18	17
"OTU_380"	"Geese"	"high"	"Geesehigh"	0.000000000000000916230249854051	0	1.36921985568994	0.999999999999999	1	0.662195457145231	0.871288929832791	NA	"prevalence"	18	15
"OTU_380"	"Geese"	"low"	"Geeselow"	0.000000000000000893295123790135	0	1.36921985568994	0.999999999999999	1	0.796035225003832	0.950050735928486	NA	"prevalence"	18	15
"OTU_383"	"Geese"	"high"	"Geesehigh"	-0.000000000000000938804229525975	0	2.51289181261959	1	1	1	1	NA	"prevalence"	18	2
"OTU_39"	"Geese"	"high"	"Geesehigh"	0.000000000000000352083899370084	0	2.51289181261959	1	1	0.583647414437232	0.78390808691386	NA	"prevalence"	18	17
"OTU_397"	"Geese"	"low"	"Geeselow"	0.000000000000000143057785929402	0	1.36930639376292	1	1	1	1	NA	"prevalence"	18	2
"OTU_40"	"Geese"	"high"	"Geesehigh"	-0.00000000000000059969321476374	0	2.51289181261959	1	1	1	1	NA	"prevalence"	18	2
"OTU_400"	"Geese"	"low"	"Geeselow"	-0.000000000000000511068794231922	0	1.14833846297174	1	1	0.134532148649531	0.420245516976344	NA	"prevalence"	18	13
"OTU_405"	"Geese"	"low"	"Geeselow"	-0.000000000000000263295869194724	0	1.36921985568994	1	1	0.0265967912214719	0.300950284637266	NA	"prevalence"	18	7
"OTU_409"	"Geese"	"low"	"Geeselow"	-0.000000000000000255553638054357	0	1.36930638829352	1	1	0.99820942135349	1	NA	"prevalence"	18	4
"OTU_410"	"Geese"	"low"	"Geeselow"	0.000000000000000227141686325299	0	1.14833846297174	1	1	0.944081522995798	1	NA	"prevalence"	18	9
"OTU_411"	"Geese"	"high"	"Geesehigh"	0.000000000000000279575357974531	0	1.14833846297174	1	1	0.530697716653942	0.723858500479538	NA	"prevalence"	18	13
"OTU_428"	"Geese"	"low"	"Geeselow"	-0.000000000000000143057785929402	0	1.36930639376292	1	1	0.885355299843684	1	NA	"prevalence"	18	10
"OTU_430"	"Geese"	"high"	"Geesehigh"	0.000000000000000603612273717209	0	2.5128918126196	1	1	1	1	NA	"prevalence"	18	3
"OTU_436"	"Geese"	"low"	"Geeselow"	0.000000000000000966439438117249	0	2.5128918126196	1	1	1	1	NA	"prevalence"	18	6
"OTU_440"	"Geese"	"low"	"Geeselow"	0.000000000000000357644464823506	0	1.36930639376292	1	1	0.801245201884812	0.950573015073097	NA	"prevalence"	18	16
"OTU_447"	"Geese"	"high"	"Geesehigh"	0.000000000000000253846692028809	0	2.51289181261959	1	1	1	1	NA	"prevalence"	18	4
"OTU_449"	"Geese"	"high"	"Geesehigh"	0.000000000000000608900821044942	0	1.36930638829352	1	1	0.931295939275803	1	NA	"prevalence"	18	6
"OTU_453"	"Geese"	"low"	"Geeselow"	-0.000000000000000902265993503224	0	1.09544511501033	0.999999999999999	1	0.142250181434505	0.441216664449397	NA	"prevalence"	18	8
"OTU_454"	"Geese"	"high"	"Geesehigh"	0.0000000000000000340416014635228	0	1.36921985568994	1	1	0.158984822688928	0.470306740308573	NA	"prevalence"	18	7
"OTU_456"	"Geese"	"high"	"Geesehigh"	-0.000000000000000272690902096326	0	1.14833846297174	1	1	0.555742844166187	0.752411396910571	NA	"prevalence"	18	5
"OTU_458"	"Geese"	"low"	"Geeselow"	0	0	1.14833850352643	1	1	0.395871123866796	0.647560446525157	NA	"prevalence"	18	8
"OTU_461"	"Geese"	"low"	"Geeselow"	0.0000000000000000715288929647011	0	1.36930639376292	1	1	1	1	NA	"prevalence"	18	2
"OTU_464"	"Geese"	"high"	"Geesehigh"	0.000000000000000722586943335174	0	1.09544511501033	0.999999999999999	1	0.0298643599824516	0.300950284637266	NA	"prevalence"	18	9
"OTU_464"	"Geese"	"low"	"Geeselow"	0.00000000000000145101666875059	0	1.09544511501033	0.999999999999999	1	0.0138114342528776	0.300950284637266	NA	"prevalence"	18	9
"OTU_466"	"Geese"	"high"	"Geesehigh"	0.000000000000000603830461553409	0	1.36921985568994	1	1	0.672778263675812	0.882042428078855	NA	"prevalence"	18	15
"OTU_466"	"Geese"	"low"	"Geeselow"	0.0000000000000000511163679433422	0	1.36921985568994	1	1	0.379051079820628	0.647560446525157	NA	"prevalence"	18	15
"OTU_472"	"Geese"	"low"	"Geeselow"	-0.00000000000000012186071285841	0	1.14833850352643	1	1	0.391079710797935	0.647560446525157	NA	"prevalence"	18	4
"OTU_478"	"Geese"	"low"	"Geeselow"	0.000000000000000567854215813247	0	1.14833846297174	1	1	0.964713257678901	1	NA	"prevalence"	18	5
"OTU_479"	"Geese"	"high"	"Geesehigh"	-0.000000000000000126773669079937	0	1.14833846297174	1	1	0.827995326189222	0.952975752783822	NA	"prevalence"	18	9
"OTU_480"	"Geese"	"low"	"Geeselow"	0.000000000000000966439438117249	0	2.5128918126196	1	1	1	1	NA	"prevalence"	18	6
"OTU_482"	"Geese"	"low"	"Geeselow"	0.000000000000000487442851433639	0	1.14833850352643	1	1	0.261360444426253	0.503904772572477	NA	"prevalence"	18	4
"OTU_484"	"Geese"	"high"	"Geesehigh"	-0.000000000000000602641432633933	0	1.14833846297174	1	1	0.803427490982367	0.950573015073097	NA	"prevalence"	18	5
"OTU_486"	"Geese"	"low"	"Geeselow"	-0.000000000000000492930317845892	0	1.14833846297174	1	1	0.319149382838	0.606273395079799	NA	"prevalence"	18	7
"OTU_487"	"Geese"	"high"	"Geesehigh"	0.000000000000000241093303314883	0	2.5128918126196	1	1	1	1	NA	"prevalence"	18	4
"OTU_490"	"Geese"	"low"	"Geeselow"	0.000000000000000966439438117249	0	2.5128918126196	1	1	1	1	NA	"prevalence"	18	6
"OTU_492"	"Geese"	"high"	"Geesehigh"	0.00000000000000100398050231482	0	1.36921985568994	0.999999999999999	1	0.994252195347488	1	NA	"prevalence"	18	15
"OTU_492"	"Geese"	"low"	"Geeselow"	-0.000000000000000134034037802902	0	1.36921985568994	1	1	0.0819905278359628	0.401566478048725	NA	"prevalence"	18	15
"OTU_498"	"Geese"	"low"	"Geeselow"	0	0	1.36930639376292	1	1	1	1	NA	"prevalence"	18	2
"OTU_499"	"Geese"	"low"	"Geeselow"	0.000000000000000874773874902219	0	2.5128918126196	1	1	1	1	NA	"prevalence"	18	5
"OTU_501"	"Geese"	"high"	"Geesehigh"	0.000000000000000259357864616609	0	1.14833846297174	1	1	0.76640342784076	0.94683600571972	NA	"prevalence"	18	5
"OTU_502"	"Geese"	"low"	"Geeselow"	-0.000000000000000849766701270276	0	2.5128918126196	1	1	1	1	NA	"prevalence"	18	3
"OTU_506"	"Geese"	"high"	"Geesehigh"	0.000000000000000529008313455112	0	2.51289181261959	1	1	1	1	NA	"prevalence"	18	2
"OTU_507"	"Geese"	"low"	"Geeselow"	0.000000000000000731164277150458	0	1.14833850352643	0.999999999999999	1	0.337751978413512	0.635598150740078	NA	"prevalence"	18	10
"OTU_519"	"Geese"	"low"	"Geeselow"	-0.00000000000000127465005190541	0	2.5128918126196	1	1	1	1	NA	"prevalence"	18	3
"OTU_529"	"Geese"	"low"	"Geeselow"	-0.000000000000000853024990008868	0	1.14833850352643	0.999999999999999	1	0.749978299685728	0.94683600571972	NA	"prevalence"	18	10
"OTU_53"	"Geese"	"high"	"Geesehigh"	-0.00000000000000130889078548354	0	2.5128918126196	1	1	0.879441269716042	1	NA	"prevalence"	18	15
"OTU_531"	"Geese"	"high"	"Geesehigh"	-0.00000000000000059969321476374	0	2.51289181261959	1	1	1	1	NA	"prevalence"	18	2
"OTU_543"	"Geese"	"high"	"Geesehigh"	-0.000000000000000131044825908217	0	1.36921985568994	1	1	1	1	NA	"prevalence"	18	3
"OTU_543"	"Geese"	"low"	"Geeselow"	-0.000000000000000105889379449707	0	1.36921985568994	1	1	1	1	NA	"prevalence"	18	3
"OTU_545"	"Geese"	"high"	"Geesehigh"	-0.00000000000000059969321476374	0	2.51289181261959	1	1	1	1	NA	"prevalence"	18	2
"OTU_546"	"Geese"	"low"	"Geeselow"	0.000000000000000572231143717609	0	1.36930639376292	1	1	1	1	NA	"prevalence"	18	2
"OTU_550"	"Geese"	"low"	"Geeselow"	0.00000000000000064090501294639	0	2.51289181261959	1	1	1	1	NA	"prevalence"	18	2
"OTU_558"	"Geese"	"high"	"Geesehigh"	-0.0000000000000000762939071138577	0	1.09544511501033	1	1	0.914765317409208	1	NA	"prevalence"	18	9
"OTU_558"	"Geese"	"low"	"Geeselow"	-0.00000000000000054741492990769	0	1.09544511501033	1	1	0.980490363468227	1	NA	"prevalence"	18	9
"OTU_559"	"Geese"	"low"	"Geeselow"	0.000000000000000357644464823506	0	1.36930639376292	1	1	1	1	NA	"prevalence"	18	2
"OTU_562"	"Geese"	"low"	"Geeselow"	0	0	1.14833850352643	1	1	0.0150491971869883	0.300950284637266	NA	"prevalence"	18	4
"OTU_564"	"Geese"	"high"	"Geesehigh"	-0.0000000000000000366927524573335	0	1.36930638829352	1	1	0.991224172288131	1	NA	"prevalence"	18	4
"OTU_567"	"Geese"	"high"	"Geesehigh"	0.000000000000000590145826247221	0	1.14833846297174	1	1	0.441134762182788	0.647560446525157	NA	"prevalence"	18	7
"OTU_575"	"Geese"	"low"	"Geeselow"	0	0	1.14833850352643	1	1	0.696086488752336	0.891835431330297	NA	"prevalence"	18	10
"OTU_576"	"Geese"	"low"	"Geeselow"	-0.000000000000000511107276108714	0	1.36930638829352	1	1	0.131728040488213	0.413840882563828	NA	"prevalence"	18	12
"OTU_577"	"Geese"	"low"	"Geeselow"	-0.00000000000000146232855430092	0	1.14833850352643	0.999999999999999	1	0.618492689917206	0.821166836189954	NA	"prevalence"	18	14
"OTU_579"	"Geese"	"high"	"Geesehigh"	-0.000000000000000101576146963647	0	1.09544511501033	1	1	0.196470437649865	0.470306740308573	NA	"prevalence"	18	9
"OTU_579"	"Geese"	"low"	"Geeselow"	-0.000000000000000189030866405312	0	1.09544511501033	1	1	0.998942237147938	1	NA	"prevalence"	18	9
"OTU_58"	"Geese"	"high"	"Geesehigh"	0.000000000000000327734586832559	0	1.14833850352643	1	1	0.976895994364704	1	NA	"prevalence"	18	14
"OTU_587"	"Geese"	"high"	"Geesehigh"	0.000000000000000178564326929604	0	1.36921985568994	1	1	1	1	NA	"prevalence"	18	3
"OTU_587"	"Geese"	"low"	"Geeselow"	-0.00000000000000102114899129573	0	1.36921985568994	0.999999999999999	1	0.999999999999999	1	NA	"prevalence"	18	3
"OTU_59"	"Geese"	"high"	"Geesehigh"	0.0000000000000000864419219276471	0	2.5128918126196	1	1	0.123447397268904	0.413840882563828	NA	"prevalence"	18	17
"OTU_593"	"Geese"	"low"	"Geeselow"	0.000000000000000213635004315463	0	2.5128918126196	1	1	1	1	NA	"prevalence"	18	2
"OTU_595"	"Geese"	"low"	"Geeselow"	-0.000000000000000304651782146024	0	1.14833850352643	1	1	0.689059797321405	0.884897844981173	NA	"prevalence"	18	4
"OTU_598"	"Geese"	"low"	"Geeselow"	0.000000000000000438160282529682	0	1.14833846297174	1	1	0.0333189416923607	0.303603302723752	NA	"prevalence"	18	11
"OTU_599"	"Geese"	"low"	"Geeselow"	0.000000000000000408318970169049	0	1.09544511501033	1	1	0.598869139820915	0.801411719102211	NA	"prevalence"	18	6
"OTU_604"	"Geese"	"low"	"Geeselow"	0.0000000000000000583312814527214	0	1.09544511501033	1	1	0.848657259995851	0.973694536546963	NA	"prevalence"	18	6
"OTU_608"	"Geese"	"low"	"Geeselow"	-0.000000000000000487442851433638	0	1.14833850352643	1	1	0.0425489860414242	0.371342225006612	NA	"prevalence"	18	8
"OTU_613"	"Geese"	"high"	"Geesehigh"	-0.00000000000000011804014110031	0	1.36921985568994	1	1	1	1	NA	"prevalence"	18	3
"OTU_613"	"Geese"	"low"	"Geeselow"	0.0000000000000000213517600495958	0	1.36921985568994	1	1	1	1	NA	"prevalence"	18	3
"OTU_615"	"Geese"	"low"	"Geeselow"	-0.000000000000000304651782146024	0	1.14833850352643	1	1	0.792825769749573	0.94683600571972	NA	"prevalence"	18	4
"OTU_616"	"Geese"	"high"	"Geesehigh"	0.000000000000000243644584221918	0	2.51289181261959	1	1	1	1	NA	"prevalence"	18	2
"OTU_617"	"Geese"	"high"	"Geesehigh"	0.000000000000000241093303314883	0	2.51289181261959	1	1	1	1	NA	"prevalence"	18	4
"OTU_618"	"Geese"	"low"	"Geeselow"	-0.000000000000000849766701270276	0	2.5128918126196	1	1	1	1	NA	"prevalence"	18	3
"OTU_620"	"Geese"	"high"	"Geesehigh"	-0.000000000000000171709999745024	0	2.5128918126196	1	1	1	1	NA	"prevalence"	18	2
"OTU_622"	"Geese"	"low"	"Geeselow"	-0.000000000000000874773874902219	0	2.5128918126196	1	1	1	1	NA	"prevalence"	18	5
"OTU_626"	"Geese"	"high"	"Geesehigh"	-0.000000000000000496948287968149	0	1.36930638829352	1	1	0.999871585383539	1	NA	"prevalence"	18	4
"OTU_628"	"Geese"	"high"	"Geesehigh"	-0.000000000000000938804229525975	0	2.51289181261959	1	1	1	1	NA	"prevalence"	18	2
"OTU_635"	"Geese"	"high"	"Geesehigh"	-0.00000000000000059969321476374	0	2.51289181261959	1	1	1	1	NA	"prevalence"	18	2
"OTU_64"	"Geese"	"high"	"Geesehigh"	0.000000000000000352083899370084	0	2.51289181261959	1	1	0.982138600028122	1	NA	"prevalence"	18	17
"OTU_643"	"Geese"	"high"	"Geesehigh"	0.000000000000000241093303314883	0	2.5128918126196	1	1	1	1	NA	"prevalence"	18	4
"OTU_647"	"Geese"	"high"	"Geesehigh"	-0.000000000000000938804229525975	0	2.51289181261959	1	1	1	1	NA	"prevalence"	18	2
"OTU_648"	"Geese"	"high"	"Geesehigh"	-0.00000000000000149677829927844	0	2.51289181261959	1	1	1	1	NA	"prevalence"	18	2
"OTU_650"	"Geese"	"low"	"Geeselow"	0.000000000000000143057785929402	0	1.36930639376292	1	1	1	1	NA	"prevalence"	18	2
"OTU_653"	"Geese"	"low"	"Geeselow"	-0.000000000000000427270008630927	0	2.5128918126196	1	1	1	1	NA	"prevalence"	18	4
"OTU_656"	"Geese"	"low"	"Geeselow"	-0.00000000000000169953340254055	0	2.5128918126196	0.999999999999999	1	0.999999999999999	1	NA	"prevalence"	18	3
"OTU_659"	"Geese"	"low"	"Geeselow"	0.000000000000000143057785929402	0	1.36930639376292	1	1	1	1	NA	"prevalence"	18	2
"OTU_675"	"Geese"	"low"	"Geeselow"	-0.00000000000000076666091416307	0	1.36930638829352	1	1	0.65488735630453	0.863224870615095	NA	"prevalence"	18	12
"OTU_676"	"Geese"	"low"	"Geeselow"	0.00000000000000064090501294639	0	2.5128918126196	1	1	1	1	NA	"prevalence"	18	2
"OTU_679"	"Geese"	"high"	"Geesehigh"	-0.0000000000000000875255645616324	0	1.36930638829352	1	1	0.742970185482024	0.944738000763477	NA	"prevalence"	18	4
"OTU_68"	"Geese"	"high"	"Geesehigh"	0.00000000000000115450280894074	0	2.5128918126196	1	1	0.211013953557105	0.470306740308573	NA	"prevalence"	18	15
"OTU_690"	"Geese"	"high"	"Geesehigh"	0.000000000000000241093303314883	0	2.5128918126196	1	1	1	1	NA	"prevalence"	18	4
"OTU_693"	"Geese"	"high"	"Geesehigh"	0.000000000000000032270879667769	0	1.14833846297174	1	1	0.177005274182944	0.470306740308573	NA	"prevalence"	18	7
"OTU_696"	"Geese"	"low"	"Geeselow"	0.000000000000000874773874902219	0	2.5128918126196	1	1	1	1	NA	"prevalence"	18	5
"OTU_697"	"Geese"	"high"	"Geesehigh"	0.00000000000000116158634346967	0	2.5128918126196	1	1	1	1	NA	"prevalence"	18	3
"OTU_698"	"Geese"	"high"	"Geesehigh"	-0.00000000000000059969321476374	0	2.51289181261959	1	1	1	1	NA	"prevalence"	18	2
"OTU_700"	"Geese"	"low"	"Geeselow"	-0.000000000000000424883350635138	0	2.5128918126196	1	1	1	1	NA	"prevalence"	18	3
"OTU_704"	"Geese"	"low"	"Geeselow"	-0.000000000000000365582138575229	0	1.14833850352643	1	1	0.157354003037635	0.470306740308573	NA	"prevalence"	18	8
"OTU_705"	"Geese"	"low"	"Geeselow"	0.0000000000000000715288929647011	0	1.36930639376292	1	1	1	1	NA	"prevalence"	18	2
"OTU_709"	"Geese"	"high"	"Geesehigh"	-0.000000000000000461135528809414	0	1.09544511501033	1	1	0.60981089250846	0.811833547013143	NA	"prevalence"	18	8
"OTU_713"	"Geese"	"low"	"Geeselow"	0.00000000000000064090501294639	0	2.5128918126196	1	1	1	1	NA	"prevalence"	18	2
"OTU_723"	"Geese"	"high"	"Geesehigh"	0.0000000000000000213660423759102	0	1.14833846297174	1	1	0.593559599106875	0.795275704477545	NA	"prevalence"	18	6
"OTU_723"	"Geese"	"low"	"Geeselow"	0.000000000000000785375455042831	0	1.14833846297174	0.999999999999999	1	0.860165904660695	0.985354369658261	NA	"prevalence"	18	6
"OTU_725"	"Geese"	"high"	"Geesehigh"	0.000000000000000241093303314883	0	2.5128918126196	1	1	1	1	NA	"prevalence"	18	4
"OTU_726"	"Geese"	"high"	"Geesehigh"	0.000000000000000569405138617668	0	1.14833846297174	1	1	0.0557499732619094	0.371342225006612	NA	"prevalence"	18	11
"OTU_728"	"Geese"	"low"	"Geeselow"	0.000000000000000214586678894103	0	1.36930639376292	1	1	1	1	NA	"prevalence"	18	2
"OTU_73"	"Geese"	"low"	"Geeselow"	0.000000000000000427270008630927	0	2.51289181261959	1	1	1	1	NA	"prevalence"	18	2
"OTU_736"	"Geese"	"low"	"Geeselow"	0.000000000000000874773874902219	0	2.5128918126196	1	1	1	1	NA	"prevalence"	18	5
"OTU_737"	"Geese"	"high"	"Geesehigh"	-0.000000000000000690680465167637	0	1.36921985568994	1	1	1	1	NA	"prevalence"	18	3
"OTU_737"	"Geese"	"low"	"Geeselow"	-0.000000000000000198450115638156	0	1.36921985568994	1	1	1	1	NA	"prevalence"	18	3
"OTU_738"	"Geese"	"low"	"Geeselow"	0.000000000000000545546584779263	0	1.09544511501033	1	1	0.98476041709888	1	NA	"prevalence"	18	11
"OTU_74"	"Geese"	"high"	"Geesehigh"	-0.000000000000000940649704261137	0	1.36921985568994	0.999999999999999	1	0.637262030560619	0.842014090921251	NA	"prevalence"	18	11
"OTU_743"	"Geese"	"high"	"Geesehigh"	-0.000000000000000938804229525975	0	2.51289181261959	1	1	1	1	NA	"prevalence"	18	2
"OTU_746"	"Geese"	"low"	"Geeselow"	-0.000000000000000789887607584173	0	1.36921985568994	1	1	0.936512755181336	1	NA	"prevalence"	18	7
"OTU_749"	"Geese"	"low"	"Geeselow"	-0.00000000000000127465005190541	0	2.5128918126196	1	1	1	1	NA	"prevalence"	18	3
"OTU_75"	"Geese"	"low"	"Geeselow"	0.000000000000000427270008630927	0	2.51289181261959	1	1	1	1	NA	"prevalence"	18	2
"OTU_752"	"Geese"	"low"	"Geeselow"	0.00000000000000064090501294639	0	2.5128918126196	1	1	1	1	NA	"prevalence"	18	2
"OTU_755"	"Geese"	"high"	"Geesehigh"	-0.0000000000000000717068815901917	0	1.09544511501033	1	1	0.43483961848515	0.647560446525157	NA	"prevalence"	18	9
"OTU_755"	"Geese"	"low"	"Geeselow"	-0.00000000000000021855170759813	0	1.09544511501033	1	1	0.999942306249457	1	NA	"prevalence"	18	9
"OTU_758"	"Geese"	"high"	"Geesehigh"	-0.00000000000000000150708201131161	0	1.36921985568994	1	1	0.99981621194176	1	NA	"prevalence"	18	5
"OTU_762"	"Geese"	"low"	"Geeselow"	0.000000000000000874773874902219	0	2.5128918126196	1	1	1	1	NA	"prevalence"	18	5
"OTU_768"	"Geese"	"low"	"Geeselow"	0.000000000000000699975377432656	0	1.09544511501033	0.999999999999999	1	0.962256286154063	1	NA	"prevalence"	18	6
"OTU_77"	"Geese"	"high"	"Geesehigh"	0.000000000000000352083899370084	0	2.51289181261959	1	1	0.863266622156461	0.988390772813132	NA	"prevalence"	18	17
"OTU_770"	"Geese"	"low"	"Geeselow"	0.000000000000000143057785929402	0	1.36930639376292	1	1	1	1	NA	"prevalence"	18	2
"OTU_771"	"Geese"	"low"	"Geeselow"	-0.000000000000000304651782146024	0	1.14833850352643	1	1	0.538148887524377	0.732202575590788	NA	"prevalence"	18	4
"OTU_774"	"Geese"	"high"	"Geesehigh"	-0.000000000000000171709999745024	0	2.5128918126196	1	1	1	1	NA	"prevalence"	18	2
"OTU_777"	"Geese"	"low"	"Geeselow"	0.000000000000000143057785929402	0	1.36930639376292	1	1	1	1	NA	"prevalence"	18	2
"OTU_779"	"Geese"	"high"	"Geesehigh"	-0.000000000000000100877431378284	0	1.14833850352643	1	1	0.536824527480128	0.730853479445977	NA	"prevalence"	18	4
"OTU_784"	"Geese"	"low"	"Geeselow"	-0.000000000000000424883350635138	0	2.5128918126196	1	1	1	1	NA	"prevalence"	18	3
"OTU_789"	"Geese"	"high"	"Geesehigh"	-0.000000000000000469020110856009	0	1.36930638829352	1	1	0.99991714930276	1	NA	"prevalence"	18	6
"OTU_79"	"Geese"	"high"	"Geesehigh"	0.000000000000000352083899370084	0	2.51289181261959	1	1	0.982749331624611	1	NA	"prevalence"	18	17
"OTU_790"	"Geese"	"low"	"Geeselow"	-0.00000000000000212441675317569	0	2.5128918126196	0.999999999999999	1	0.999999999999999	1	NA	"prevalence"	18	3
"OTU_794"	"Geese"	"high"	"Geesehigh"	-0.000000000000000928074224988364	0	1.36930638829352	0.999999999999999	1	0.824419964289732	0.950573015073097	NA	"prevalence"	18	6
"OTU_795"	"Geese"	"high"	"Geesehigh"	0.000000000000000603612273717209	0	2.5128918126196	1	1	1	1	NA	"prevalence"	18	3
"OTU_800"	"Geese"	"high"	"Geesehigh"	-0.00000000000000149677829927844	0	2.51289181261959	1	1	1	1	NA	"prevalence"	18	2
"OTU_805"	"Geese"	"high"	"Geesehigh"	-0.00000000000000059969321476374	0	2.51289181261959	1	1	1	1	NA	"prevalence"	18	2
"OTU_810"	"Geese"	"high"	"Geesehigh"	0.000000000000000603612273717209	0	2.5128918126196	1	1	1	1	NA	"prevalence"	18	3
"OTU_812"	"Geese"	"high"	"Geesehigh"	-0.000000000000000938804229525975	0	2.51289181261959	1	1	1	1	NA	"prevalence"	18	2
"OTU_818"	"Geese"	"low"	"Geeselow"	0.00000000000000064090501294639	0	2.5128918126196	1	1	1	1	NA	"prevalence"	18	2
"OTU_819"	"Geese"	"low"	"Geeselow"	-0.000000000000000681425058975897	0	1.14833846297174	1	1	0.574347031811896	0.773308449944158	NA	"prevalence"	18	13
"OTU_820"	"Geese"	"low"	"Geeselow"	-0.000000000000000255553638054357	0	1.36930638829352	1	1	0.987627066699161	1	NA	"prevalence"	18	6
"OTU_822"	"Geese"	"low"	"Geeselow"	-0.000000000000000213635004315463	0	2.5128918126196	1	1	1	1	NA	"prevalence"	18	2
"OTU_826"	"Geese"	"low"	"Geeselow"	-0.00000000000000128181002589278	0	2.5128918126196	1	1	1	1	NA	"prevalence"	18	4
"OTU_828"	"Geese"	"high"	"Geesehigh"	0.000000000000000143561524057483	0	1.09544511501033	1	1	0.989885980874327	1	NA	"prevalence"	18	6
"OTU_83"	"Geese"	"low"	"Geeselow"	0	0	1.36930639376292	1	1	0.921678872968701	1	NA	"prevalence"	18	8
"OTU_832"	"Geese"	"high"	"Geesehigh"	0.000000000000000204294410902915	0	1.14833846297174	1	1	0.493901348839346	0.680004615706084	NA	"prevalence"	18	11
"OTU_840"	"Geese"	"high"	"Geesehigh"	0.000000000000000216058145352663	0	1.36930639376292	1	1	1	1	NA	"prevalence"	18	2
"OTU_842"	"Geese"	"low"	"Geeselow"	0.000000000000000874773874902219	0	2.5128918126196	1	1	1	1	NA	"prevalence"	18	5
"OTU_852"	"Geese"	"low"	"Geeselow"	0.000000000000000966439438117249	0	2.5128918126196	1	1	1	1	NA	"prevalence"	18	6
"OTU_858"	"Geese"	"high"	"Geesehigh"	-0.00000000000000149677829927844	0	2.51289181261959	1	1	1	1	NA	"prevalence"	18	2
"OTU_866"	"Geese"	"low"	"Geeselow"	-0.000000000000000427270008630927	0	2.5128918126196	1	1	1	1	NA	"prevalence"	18	2
"OTU_869"	"Geese"	"low"	"Geeselow"	-0.000000000000000636893642472864	0	1.09544511501033	1	1	0.247123073668362	0.481110766625832	NA	"prevalence"	18	8
"OTU_870"	"Geese"	"low"	"Geeselow"	0.00000000000000012186071285841	0	1.14833850352643	1	1	0.797516351857051	0.950573015073097	NA	"prevalence"	18	10
"OTU_871"	"Geese"	"high"	"Geesehigh"	0.00000000000000103400886670682	0	2.5128918126196	1	1	1	1	NA	"prevalence"	18	3
"OTU_873"	"Geese"	"high"	"Geesehigh"	-0.000000000000000938804229525975	0	2.51289181261959	1	1	1	1	NA	"prevalence"	18	2
"OTU_874"	"Geese"	"low"	"Geeselow"	0.000000000000000966439438117249	0	2.5128918126196	1	1	1	1	NA	"prevalence"	18	6
"OTU_876"	"Geese"	"high"	"Geesehigh"	-0.00000000000000149677829927844	0	2.51289181261959	1	1	1	1	NA	"prevalence"	18	2
"OTU_881"	"Geese"	"low"	"Geeselow"	0.000000000000000874773874902219	0	2.5128918126196	1	1	1	1	NA	"prevalence"	18	5
"OTU_882"	"Geese"	"low"	"Geeselow"	-0.000000000000000511068794231922	0	1.14833846297174	1	1	0.269984626885338	0.519619842804735	NA	"prevalence"	18	13
"OTU_884"	"Geese"	"high"	"Geesehigh"	0.000000000000000208140818357025	0	1.09544511501033	1	1	0.156057144779971	0.470306740308573	NA	"prevalence"	18	7
"OTU_885"	"Geese"	"high"	"Geesehigh"	-0.000000000000000938804229525975	0	2.51289181261959	1	1	1	1	NA	"prevalence"	18	2
"OTU_894"	"Geese"	"low"	"Geeselow"	0.000000000000000143057785929402	0	1.36930639376292	1	1	1	1	NA	"prevalence"	18	2
"OTU_896"	"Geese"	"high"	"Geesehigh"	-0.0000000000000003624337973616	0	1.36921985568994	1	1	0.847437860009079	0.97280373266071	NA	"prevalence"	18	7
"OTU_90"	"Geese"	"high"	"Geesehigh"	0.0000000000000014940445686051	0	2.51289181261959	1	1	0.71908529182796	0.917021661355517	NA	"prevalence"	18	16
"OTU_900"	"Geese"	"low"	"Geeselow"	0.00000000000000349909549960888	0	2.51289181261959	0.999999999999999	1	0.951772964565405	1	NA	"prevalence"	18	13
"OTU_903"	"Geese"	"high"	"Geesehigh"	0.000000000000000243644584221918	0	2.51289181261959	1	1	1	1	NA	"prevalence"	18	2
"OTU_909"	"Geese"	"high"	"Geesehigh"	-0.000000000000000430548603075274	0	1.36930639376292	1	1	1	1	NA	"prevalence"	18	2
"OTU_91"	"Geese"	"high"	"Geesehigh"	0.000000000000000603612273717209	0	2.5128918126196	1	1	1	1	NA	"prevalence"	18	3
"OTU_912"	"Geese"	"low"	"Geeselow"	0.000000000000000715288929647011	0	1.36930639376292	1	1	0.525141222310492	0.718063589161793	NA	"prevalence"	18	8
"OTU_914"	"Geese"	"high"	"Geesehigh"	-0.0000000000000000185824850491699	0	1.14833846297174	1	1	0.825988772467379	0.951164837094056	NA	"prevalence"	18	10
"OTU_917"	"Geese"	"high"	"Geesehigh"	-0.00000000000000073018208041157	0	2.5128918126196	1	1	1	1	NA	"prevalence"	18	2
"OTU_923"	"Geese"	"high"	"Geesehigh"	0.000000000000000603612273717209	0	2.5128918126196	1	1	1	1	NA	"prevalence"	18	3
"OTU_925"	"Geese"	"high"	"Geesehigh"	0.000000000000000241093303314883	0	2.5128918126196	1	1	1	1	NA	"prevalence"	18	4
"OTU_926"	"Geese"	"low"	"Geeselow"	0.000000000000000286115571858805	0	1.36930639376292	1	1	1	1	NA	"prevalence"	18	2
"OTU_928"	"Geese"	"low"	"Geeselow"	-0.000000000000000218218633911705	0	1.09544511501033	1	1	0.989632380616076	1	NA	"prevalence"	18	7
"OTU_930"	"Geese"	"high"	"Geesehigh"	-0.00000000000000059969321476374	0	2.51289181261959	1	1	1	1	NA	"prevalence"	18	2
"OTU_933"	"Geese"	"low"	"Geeselow"	-0.00000000000000169953340254055	0	2.5128918126196	0.999999999999999	1	0.999999999999999	1	NA	"prevalence"	18	3
"OTU_935"	"Geese"	"low"	"Geeselow"	0.000000000000000143057785929402	0	1.36930639376292	1	1	1	1	NA	"prevalence"	18	2
"OTU_936"	"Geese"	"low"	"Geeselow"	0.000000000000000874773874902219	0	2.5128918126196	1	1	1	1	NA	"prevalence"	18	5
"OTU_937"	"Geese"	"high"	"Geesehigh"	0.000000000000000352083899370084	0	2.51289181261959	1	1	0.204543784349253	0.470306740308573	NA	"prevalence"	18	17
"OTU_943"	"Geese"	"high"	"Geesehigh"	-0.000000000000000742935469125495	0	2.5128918126196	1	1	1	1	NA	"prevalence"	18	2
"OTU_946"	"Geese"	"low"	"Geeselow"	-0.00000000000000127465005190541	0	2.5128918126196	1	1	1	1	NA	"prevalence"	18	3
"OTU_95"	"Geese"	"high"	"Geesehigh"	0.000000000000000352083899370084	0	2.51289181261959	1	1	0.853975688118933	0.979284914417325	NA	"prevalence"	18	17
"OTU_950"	"Geese"	"high"	"Geesehigh"	-0.00000000000000059969321476374	0	2.51289181261959	1	1	1	1	NA	"prevalence"	18	2
"OTU_951"	"Geese"	"low"	"Geeselow"	0.000000000000000143057785929402	0	1.36930639376292	1	1	1	1	NA	"prevalence"	18	2
"OTU_954"	"Geese"	"high"	"Geesehigh"	0.000000000000000537181811632972	0	1.36930639376292	1	1	1	1	NA	"prevalence"	18	2
"OTU_958"	"Geese"	"high"	"Geesehigh"	-0.00000000000000059969321476374	0	2.51289181261959	1	1	1	1	NA	"prevalence"	18	2
"OTU_962"	"Geese"	"low"	"Geeselow"	-0.000000000000000858346715576413	0	1.36930639376292	0.999999999999999	1	0.999999999999999	1	NA	"prevalence"	18	2
"OTU_964"	"Geese"	"high"	"Geesehigh"	0.000000000000000644351081974856	0	1.14833850352643	1	1	0.992160880973757	1	NA	"prevalence"	18	4
"OTU_968"	"Geese"	"high"	"Geesehigh"	-0.000000000000000609543401403272	0	1.14833846297174	1	1	0.92859083814703	1	NA	"prevalence"	18	6
"OTU_968"	"Geese"	"low"	"Geeselow"	-0.000000000000000124933885245199	0	1.14833846297174	1	1	0.540165742685606	0.734037110728707	NA	"prevalence"	18	6
"OTU_969"	"Geese"	"high"	"Geesehigh"	-0.0000000000000000835830932344323	0	1.36921985568994	1	1	0.49461063374045	0.680554481011295	NA	"prevalence"	18	5
"OTU_97"	"Geese"	"low"	"Geeselow"	-0.00000000000000169953340254055	0	2.5128918126196	0.999999999999999	1	0.999999999999999	1	NA	"prevalence"	18	3
"OTU_973"	"Geese"	"high"	"Geesehigh"	0.000000000000000843460727841491	0	1.36930638829352	1	1	0.657685013299371	0.866392495024246	NA	"prevalence"	18	4
"OTU_974"	"Geese"	"low"	"Geeselow"	-0.000000000000000887190040492286	0	1.36921985568994	0.999999999999999	1	0.614105248661658	0.815834921996976	NA	"prevalence"	18	5
"OTU_975"	"Geese"	"low"	"Geeselow"	0	0	2.5128918126196	1	1	1	1	NA	"prevalence"	18	4
"OTU_976"	"Geese"	"low"	"Geeselow"	-0.000000000000000789887607584173	0	1.36921985568994	1	1	0.719023028256744	0.917021661355517	NA	"prevalence"	18	7
"OTU_98"	"Geese"	"high"	"Geesehigh"	0.000000000000000352083899370084	0	2.51289181261959	1	1	0.0876913142188411	0.413840882563828	NA	"prevalence"	18	17
"OTU_985"	"Geese"	"low"	"Geeselow"	-0.000000000000000424883350635138	0	2.5128918126196	1	1	1	1	NA	"prevalence"	18	3
"OTU_987"	"Geese"	"high"	"Geesehigh"	-0.00000000000000059969321476374	0	2.51289181261959	1	1	1	1	NA	"prevalence"	18	2
"OTU_989"	"Geese"	"low"	"Geeselow"	0.000000000000000548373207862843	0	1.14833850352643	1	1	0.866391236047247	0.990934976229039	NA	"prevalence"	18	4
"OTU_996"	"Geese"	"low"	"Geeselow"	0.000000000000000214586678894103	0	1.36930639376292	1	1	1	1	NA	"prevalence"	18	2
"OTU_998"	"Geese"	"low"	"Geeselow"	0.000000000000000286115571858805	0	1.36930639376292	1	1	1	1	NA	"prevalence"	18	2
"OTU_999"	"Geese"	"low"	"Geeselow"	0	0	1.14833850352643	1	1	0.326529126706374	0.618686766391024	NA	"prevalence"	18	4
"OTU_125"	"Geese"	"high"	"Geesehigh"	-4.33073332140673	0	2.02356433823224	0.0323425624655712	0.341579191975099	0.000141774304986964	0.0345929304168191	"Prevalence association possibly induced by stronger abundance association"	"prevalence"	18	11
"OTU_32"	"Geese"	"high"	"Geesehigh"	-2.94443896028685	0	1.9383788667248	0.128757111980886	0.448935872870522	0.0000872315312636651	0.0273657775221441	"Prevalence association possibly induced by stronger abundance association"	"prevalence"	18	14
"OTU_34"	"Geese"	"high"	"Geesehigh"	-2.94443896028684	0	1.9383788667248	0.128757111980886	0.448935872870522	0.0000179811211971082	0.0136942809202417	"Prevalence association possibly induced by stronger abundance association"	"prevalence"	18	13
"OTU_242"	"Geese"	"high"	"Geesehigh"	1.55814459916695	0	2.02356433823224	0.441299875469682	0.706511389871757	0.0000311800567400766	0.0136942809202417	"Prevalence association possibly induced by stronger abundance association"	"prevalence"	18	16
"OTU_245"	"Geese"	"high"	"Geesehigh"	1.55814459916696	0	2.02356433823224	0.441299875469682	0.706511389871757	0.0000262264183428229	0.0136942809202417	"Prevalence association possibly induced by stronger abundance association"	"prevalence"	18	14
"OTU_278"	"Geese"	"high"	"Geesehigh"	1.55814459916695	0	2.02356433823224	0.441299875469682	0.706511389871757	0.00264626375608223	0.166034148810188	"Prevalence association possibly induced by stronger abundance association"	"prevalence"	18	13
"OTU_113"	"Geese"	"high"	"Geesehigh"	0.000000000000000352083899370084	0	2.51289181261959	1	1	0.000385481840362134	0.0705431767862705	"Prevalence association possibly induced by stronger abundance association"	"prevalence"	18	17
"OTU_242"	"Geese"	"low"	"Geeselow"	0.000000000000000858346715576413	0	1.36930639376292	0.999999999999999	1	0.000446023699366638	0.0708373881412261	"Prevalence association possibly induced by stronger abundance association"	"prevalence"	18	16
"OTU_72"	"Geese"	"high"	"Geesehigh"	0.000000000000000352083899370084	0	2.51289181261959	1	1	0.0000300613536811101	0.0136942809202417	"Prevalence association possibly induced by stronger abundance association"	"prevalence"	18	17
"OTU_100"	"Geese"	"high"	"Geesehigh"	NA	NA	NA	NA	NA	0.0681470476674244	0.371342225006612	"contrasts can be applied only to factors with 2 or more levels"	"abundance"	18	4
"OTU_100"	"Geese"	"low"	"Geeselow"	NA	NA	NA	NA	NA	0.0681470476674243	0.371342225006612	"contrasts can be applied only to factors with 2 or more levels"	"abundance"	18	4
"OTU_1001"	"Geese"	"high"	"Geesehigh"	NA	NA	NA	NA	NA	0.0681470476674243	0.371342225006612	"Fitting error (NA p-value returned from fitting procedure)"	"abundance"	18	7
"OTU_1005"	"Geese"	"high"	"Geesehigh"	2.57010380068474	NA	NA	NA	NA	1	1	"Fitting error (NA p-value returned from fitting procedure)"	"abundance"	18	3
"OTU_1005"	"Geese"	"low"	"Geeselow"	0.0940974022125021	NA	NA	NA	NA	1	1	"Fitting error (NA p-value returned from fitting procedure)"	"abundance"	18	3
"OTU_1007"	"Geese"	"high"	"Geesehigh"	NA	NA	NA	NA	NA	0.233928680350774	0.470306740308573	"contrasts can be applied only to factors with 2 or more levels"	"abundance"	18	2
"OTU_1007"	"Geese"	"low"	"Geeselow"	NA	NA	NA	NA	NA	0.233928680350775	0.470306740308573	"contrasts can be applied only to factors with 2 or more levels"	"abundance"	18	2
"OTU_1008"	"Geese"	"high"	"Geesehigh"	NA	NA	NA	NA	NA	1	1	"No data points have the baseline factor level"	"abundance"	18	2
"OTU_1008"	"Geese"	"low"	"Geeselow"	NA	NA	NA	NA	NA	0.233928680350775	0.470306740308573	"No data points have the baseline factor level"	"abundance"	18	2
"OTU_1009"	"Geese"	"high"	"Geesehigh"	NA	NA	NA	NA	NA	0.128757111980885	0.413840882563828	"No data points have the baseline factor level"	"abundance"	18	4
"OTU_1009"	"Geese"	"low"	"Geeselow"	NA	NA	NA	NA	NA	0.441299875469682	0.647560446525157	"No data points have the baseline factor level"	"abundance"	18	4
"OTU_101"	"Geese"	"high"	"Geesehigh"	NA	NA	NA	NA	NA	0.0191054750593011	0.300950284637266	"Fitting error (NA p-value returned from fitting procedure)"	"abundance"	18	11
"OTU_1010"	"Geese"	"high"	"Geesehigh"	NA	NA	NA	NA	NA	0.0191054750593011	0.300950284637266	"contrasts can be applied only to factors with 2 or more levels"	"abundance"	18	6
"OTU_1010"	"Geese"	"low"	"Geeselow"	NA	NA	NA	NA	NA	0.0191054750593011	0.300950284637266	"contrasts can be applied only to factors with 2 or more levels"	"abundance"	18	6
"OTU_1011"	"Geese"	"high"	"Geesehigh"	NA	NA	NA	NA	NA	1	1	"No data points have the baseline factor level"	"abundance"	18	3
"OTU_1011"	"Geese"	"low"	"Geeselow"	NA	NA	NA	NA	NA	0.128757111980885	0.413840882563828	"No data points have the baseline factor level"	"abundance"	18	3
"OTU_1012"	"Geese"	"high"	"Geesehigh"	NA	NA	NA	NA	NA	0.128757111980885	0.413840882563828	"Fitting error (NA p-value returned from fitting procedure)"	"abundance"	18	5
"OTU_1013"	"Geese"	"high"	"Geesehigh"	0.427391949297963	NA	NA	NA	NA	1	1	"Fitting error (NA p-value returned from fitting procedure)"	"abundance"	18	2
"OTU_1013"	"Geese"	"low"	"Geeselow"	NA	NA	NA	NA	NA	0.441299875469682	0.647560446525157	"Fitting error (NA p-value returned from fitting procedure)"	"abundance"	18	2
"OTU_1014"	"Geese"	"high"	"Geesehigh"	NA	NA	NA	NA	NA	0.233928680350775	0.470306740308573	"No data points have the baseline factor level"	"abundance"	18	3
"OTU_1014"	"Geese"	"low"	"Geeselow"	NA	NA	NA	NA	NA	0.441299875469683	0.647560446525157	"No data points have the baseline factor level"	"abundance"	18	3
"OTU_1015"	"Geese"	"high"	"Geesehigh"	NA	NA	NA	NA	NA	0.233928680350775	0.470306740308573	"Fitting error (NA p-value returned from fitting procedure)"	"abundance"	18	5
"OTU_1016"	"Geese"	"high"	"Geesehigh"	NA	NA	NA	NA	NA	0.441299875469683	0.647560446525157	"No data points have the baseline factor level"	"abundance"	18	2
"OTU_1016"	"Geese"	"low"	"Geeselow"	NA	NA	NA	NA	NA	0.441299875469683	0.647560446525157	"No data points have the baseline factor level"	"abundance"	18	2
"OTU_1017"	"Geese"	"high"	"Geesehigh"	NA	NA	NA	NA	NA	0.233928680350775	0.470306740308573	"Fitting error (NA p-value returned from fitting procedure)"	"abundance"	18	3
"OTU_1018"	"Geese"	"high"	"Geesehigh"	NA	NA	NA	NA	NA	0.441299875469682	0.647560446525157	"Fitting error (NA p-value returned from fitting procedure)"	"abundance"	18	3
"OTU_1019"	"Geese"	"high"	"Geesehigh"	NA	NA	NA	NA	NA	0.128757111980885	0.413840882563828	"Fitting error (NA p-value returned from fitting procedure)"	"abundance"	18	7
"OTU_1022"	"Geese"	"high"	"Geesehigh"	NA	NA	NA	NA	NA	0.128757111980885	0.413840882563828	"No data points have the baseline factor level"	"abundance"	18	3
"OTU_1022"	"Geese"	"low"	"Geeselow"	NA	NA	NA	NA	NA	0.999999999999999	1	"No data points have the baseline factor level"	"abundance"	18	3
"OTU_1023"	"Geese"	"high"	"Geesehigh"	NA	NA	NA	NA	NA	0.128757111980885	0.413840882563828	"No data points have the baseline factor level"	"abundance"	18	4
"OTU_1023"	"Geese"	"low"	"Geeselow"	NA	NA	NA	NA	NA	0.441299875469682	0.647560446525157	"No data points have the baseline factor level"	"abundance"	18	4
"OTU_1025"	"Geese"	"high"	"Geesehigh"	1.69896864241214	NA	NA	NA	NA	1	1	"Fitting error (NA p-value returned from fitting procedure)"	"abundance"	18	3
"OTU_1025"	"Geese"	"low"	"Geeselow"	4.98340615238601	NA	NA	NA	NA	0.999999999999999	1	"Fitting error (NA p-value returned from fitting procedure)"	"abundance"	18	3
"OTU_1026"	"Geese"	"low"	"Geeselow"	NA	NA	NA	NA	NA	0.128757111980885	0.413840882563828	"Fitting error (NA p-value returned from fitting procedure)"	"abundance"	18	7
"OTU_1027"	"Geese"	"high"	"Geesehigh"	NA	NA	NA	NA	NA	0.233928680350774	0.470306740308573	"No data points have the baseline factor level"	"abundance"	18	2
"OTU_1027"	"Geese"	"low"	"Geeselow"	NA	NA	NA	NA	NA	1	1	"No data points have the baseline factor level"	"abundance"	18	2
"OTU_1031"	"Geese"	"high"	"Geesehigh"	NA	NA	NA	NA	NA	0.128757111980885	0.413840882563828	"Fitting error (NA p-value returned from fitting procedure)"	"abundance"	18	4
"OTU_1032"	"Geese"	"high"	"Geesehigh"	NA	NA	NA	NA	NA	0.128757111980885	0.413840882563828	"Fitting error (NA p-value returned from fitting procedure)"	"abundance"	18	5
"OTU_1036"	"Geese"	"high"	"Geesehigh"	NA	NA	NA	NA	NA	0.233928680350775	0.470306740308573	"contrasts can be applied only to factors with 2 or more levels"	"abundance"	18	2
"OTU_1036"	"Geese"	"low"	"Geeselow"	NA	NA	NA	NA	NA	0.233928680350775	0.470306740308573	"contrasts can be applied only to factors with 2 or more levels"	"abundance"	18	2
"OTU_1037"	"Geese"	"high"	"Geesehigh"	NA	NA	NA	NA	NA	0.128757111980885	0.413840882563828	"Fitting error (NA p-value returned from fitting procedure)"	"abundance"	18	4
"OTU_1040"	"Geese"	"high"	"Geesehigh"	NA	NA	NA	NA	NA	1	1	"No data points have the baseline factor level"	"abundance"	18	3
"OTU_1040"	"Geese"	"low"	"Geeselow"	NA	NA	NA	NA	NA	0.128757111980885	0.413840882563828	"No data points have the baseline factor level"	"abundance"	18	3
"OTU_1041"	"Geese"	"low"	"Geeselow"	NA	NA	NA	NA	NA	0.0323425624655711	0.300950284637266	"Fitting error (NA p-value returned from fitting procedure)"	"abundance"	18	6
"OTU_1042"	"Geese"	"high"	"Geesehigh"	NA	NA	NA	NA	NA	0.233928680350774	0.470306740308573	"No data points have the baseline factor level"	"abundance"	18	2
"OTU_1042"	"Geese"	"low"	"Geeselow"	NA	NA	NA	NA	NA	1	1	"No data points have the baseline factor level"	"abundance"	18	2
"OTU_1043"	"Geese"	"high"	"Geesehigh"	NA	NA	NA	NA	NA	0.128757111980885	0.413840882563828	"No data points have the baseline factor level"	"abundance"	18	4
"OTU_1043"	"Geese"	"low"	"Geeselow"	NA	NA	NA	NA	NA	0.441299875469682	0.647560446525157	"No data points have the baseline factor level"	"abundance"	18	4
"OTU_1044"	"Geese"	"high"	"Geesehigh"	NA	NA	NA	NA	NA	0.128757111980885	0.413840882563828	"Fitting error (NA p-value returned from fitting procedure)"	"abundance"	18	4
"OTU_1046"	"Geese"	"high"	"Geesehigh"	NA	NA	NA	NA	NA	0.0681470476674244	0.371342225006612	"Fitting error (NA p-value returned from fitting procedure)"	"abundance"	18	5
"OTU_1051"	"Geese"	"low"	"Geeselow"	NA	NA	NA	NA	NA	0.233928680350775	0.470306740308573	"Fitting error (NA p-value returned from fitting procedure)"	"abundance"	18	3
"OTU_1052"	"Geese"	"low"	"Geeselow"	NA	NA	NA	NA	NA	0.441299875469682	0.647560446525157	"Fitting error (NA p-value returned from fitting procedure)"	"abundance"	18	3
"OTU_1053"	"Geese"	"high"	"Geesehigh"	NA	NA	NA	NA	NA	0.128757111980885	0.413840882563828	"Fitting error (NA p-value returned from fitting procedure)"	"abundance"	18	5
"OTU_1054"	"Geese"	"low"	"Geeselow"	NA	NA	NA	NA	NA	0.441299875469682	0.647560446525157	"Fitting error (NA p-value returned from fitting procedure)"	"abundance"	18	5
"OTU_1055"	"Geese"	"high"	"Geesehigh"	NA	NA	NA	NA	NA	0.128757111980885	0.413840882563828	"Fitting error (NA p-value returned from fitting procedure)"	"abundance"	18	6
"OTU_1057"	"Geese"	"high"	"Geesehigh"	NA	NA	NA	NA	NA	0.233928680350775	0.470306740308573	"contrasts can be applied only to factors with 2 or more levels"	"abundance"	18	2
"OTU_1057"	"Geese"	"low"	"Geeselow"	NA	NA	NA	NA	NA	0.233928680350775	0.470306740308573	"contrasts can be applied only to factors with 2 or more levels"	"abundance"	18	2
"OTU_106"	"Geese"	"high"	"Geesehigh"	NA	NA	NA	NA	NA	1	1	"No data points have the baseline factor level"	"abundance"	18	3
"OTU_106"	"Geese"	"low"	"Geeselow"	NA	NA	NA	NA	NA	0.128757111980885	0.413840882563828	"No data points have the baseline factor level"	"abundance"	18	3
"OTU_1064"	"Geese"	"high"	"Geesehigh"	NA	NA	NA	NA	NA	0.0681470476674244	0.371342225006612	"No data points have the baseline factor level"	"abundance"	18	4
"OTU_1064"	"Geese"	"low"	"Geeselow"	NA	NA	NA	NA	NA	1	1	"No data points have the baseline factor level"	"abundance"	18	4
"OTU_1066"	"Geese"	"high"	"Geesehigh"	NA	NA	NA	NA	NA	0.233928680350775	0.470306740308573	"No data points have the baseline factor level"	"abundance"	18	2
"OTU_1066"	"Geese"	"low"	"Geeselow"	NA	NA	NA	NA	NA	1	1	"No data points have the baseline factor level"	"abundance"	18	2
"OTU_1067"	"Geese"	"low"	"Geeselow"	NA	NA	NA	NA	NA	0.441299875469682	0.647560446525157	"Fitting error (NA p-value returned from fitting procedure)"	"abundance"	18	3
"OTU_1069"	"Geese"	"high"	"Geesehigh"	NA	NA	NA	NA	NA	0.0191054750593011	0.300950284637266	"No data points have the baseline factor level"	"abundance"	18	6
"OTU_1069"	"Geese"	"low"	"Geeselow"	NA	NA	NA	NA	NA	1	1	"No data points have the baseline factor level"	"abundance"	18	6
"OTU_107"	"Geese"	"low"	"Geeselow"	NA	NA	NA	NA	NA	0.0323425624655712	0.300950284637266	"Fitting error (NA p-value returned from fitting procedure)"	"abundance"	18	7
"OTU_1072"	"Geese"	"high"	"Geesehigh"	NA	NA	NA	NA	NA	0.0681470476674244	0.371342225006612	"Fitting error (NA p-value returned from fitting procedure)"	"abundance"	18	5
"OTU_1074"	"Geese"	"low"	"Geeselow"	NA	NA	NA	NA	NA	0.441299875469682	0.647560446525157	"Fitting error (NA p-value returned from fitting procedure)"	"abundance"	18	3
"OTU_1077"	"Geese"	"high"	"Geesehigh"	NA	NA	NA	NA	NA	1	1	"No data points have the baseline factor level"	"abundance"	18	3
"OTU_1077"	"Geese"	"low"	"Geeselow"	NA	NA	NA	NA	NA	0.128757111980885	0.413840882563828	"No data points have the baseline factor level"	"abundance"	18	3
"OTU_1078"	"Geese"	"high"	"Geesehigh"	NA	NA	NA	NA	NA	0.128757111980885	0.413840882563828	"Fitting error (NA p-value returned from fitting procedure)"	"abundance"	18	7
"OTU_1079"	"Geese"	"high"	"Geesehigh"	NA	NA	NA	NA	NA	0.128757111980885	0.413840882563828	"Fitting error (NA p-value returned from fitting procedure)"	"abundance"	18	4
"OTU_1080"	"Geese"	"high"	"Geesehigh"	NA	NA	NA	NA	NA	0.0681470476674245	0.371342225006612	"Fitting error (NA p-value returned from fitting procedure)"	"abundance"	18	5
"OTU_1081"	"Geese"	"high"	"Geesehigh"	NA	NA	NA	NA	NA	0.128757111980885	0.413840882563828	"contrasts can be applied only to factors with 2 or more levels"	"abundance"	18	3
"OTU_1081"	"Geese"	"low"	"Geeselow"	NA	NA	NA	NA	NA	0.128757111980886	0.413840882563828	"contrasts can be applied only to factors with 2 or more levels"	"abundance"	18	3
"OTU_1082"	"Geese"	"high"	"Geesehigh"	NA	NA	NA	NA	NA	0.128757111980885	0.413840882563828	"No data points have the baseline factor level"	"abundance"	18	3
"OTU_1082"	"Geese"	"low"	"Geeselow"	NA	NA	NA	NA	NA	1	1	"No data points have the baseline factor level"	"abundance"	18	3
"OTU_1083"	"Geese"	"high"	"Geesehigh"	NA	NA	NA	NA	NA	0.233928680350774	0.470306740308573	"contrasts can be applied only to factors with 2 or more levels"	"abundance"	18	2
"OTU_1083"	"Geese"	"low"	"Geeselow"	NA	NA	NA	NA	NA	0.233928680350775	0.470306740308573	"contrasts can be applied only to factors with 2 or more levels"	"abundance"	18	2
"OTU_1084"	"Geese"	"high"	"Geesehigh"	NA	NA	NA	NA	NA	0.128757111980885	0.413840882563828	"No data points have the baseline factor level"	"abundance"	18	5
"OTU_1084"	"Geese"	"low"	"Geeselow"	NA	NA	NA	NA	NA	0.233928680350774	0.470306740308573	"No data points have the baseline factor level"	"abundance"	18	5
"OTU_1086"	"Geese"	"high"	"Geesehigh"	NA	NA	NA	NA	NA	0.441299875469682	0.647560446525157	"Fitting error (NA p-value returned from fitting procedure)"	"abundance"	18	2
"OTU_1086"	"Geese"	"low"	"Geeselow"	-0.607506427713609	NA	NA	NA	NA	1	1	"Fitting error (NA p-value returned from fitting procedure)"	"abundance"	18	2
"OTU_1087"	"Geese"	"high"	"Geesehigh"	NA	NA	NA	NA	NA	0.233928680350774	0.470306740308573	"No data points have the baseline factor level"	"abundance"	18	4
"OTU_1087"	"Geese"	"low"	"Geeselow"	NA	NA	NA	NA	NA	0.233928680350774	0.470306740308573	"No data points have the baseline factor level"	"abundance"	18	4
"OTU_1088"	"Geese"	"high"	"Geesehigh"	NA	NA	NA	NA	NA	1	1	"No data points have the baseline factor level"	"abundance"	18	2
"OTU_1088"	"Geese"	"low"	"Geeselow"	NA	NA	NA	NA	NA	0.233928680350774	0.470306740308573	"No data points have the baseline factor level"	"abundance"	18	2
"OTU_1089"	"Geese"	"low"	"Geeselow"	NA	NA	NA	NA	NA	0.0681470476674244	0.371342225006612	"Fitting error (NA p-value returned from fitting procedure)"	"abundance"	18	6
"OTU_1094"	"Geese"	"high"	"Geesehigh"	NA	NA	NA	NA	NA	0.128757111980885	0.413840882563828	"contrasts can be applied only to factors with 2 or more levels"	"abundance"	18	3
"OTU_1094"	"Geese"	"low"	"Geeselow"	NA	NA	NA	NA	NA	0.128757111980885	0.413840882563828	"contrasts can be applied only to factors with 2 or more levels"	"abundance"	18	3
"OTU_1097"	"Geese"	"high"	"Geesehigh"	NA	NA	NA	NA	NA	0.128757111980885	0.413840882563828	"Fitting error (NA p-value returned from fitting procedure)"	"abundance"	18	4
"OTU_1099"	"Geese"	"high"	"Geesehigh"	NA	NA	NA	NA	NA	0.233928680350774	0.470306740308573	"contrasts can be applied only to factors with 2 or more levels"	"abundance"	18	2
"OTU_1099"	"Geese"	"low"	"Geeselow"	NA	NA	NA	NA	NA	0.233928680350775	0.470306740308573	"contrasts can be applied only to factors with 2 or more levels"	"abundance"	18	2
"OTU_110"	"Geese"	"high"	"Geesehigh"	NA	NA	NA	NA	NA	0.128757111980885	0.413840882563828	"contrasts can be applied only to factors with 2 or more levels"	"abundance"	18	3
"OTU_110"	"Geese"	"low"	"Geeselow"	NA	NA	NA	NA	NA	0.128757111980886	0.413840882563828	"contrasts can be applied only to factors with 2 or more levels"	"abundance"	18	3
"OTU_1103"	"Geese"	"high"	"Geesehigh"	NA	NA	NA	NA	NA	0.233928680350775	0.470306740308573	"No data points have the baseline factor level"	"abundance"	18	3
"OTU_1103"	"Geese"	"low"	"Geeselow"	NA	NA	NA	NA	NA	0.441299875469683	0.647560446525157	"No data points have the baseline factor level"	"abundance"	18	3
"OTU_1104"	"Geese"	"high"	"Geesehigh"	NA	NA	NA	NA	NA	1	1	"No data points have the baseline factor level"	"abundance"	18	2
"OTU_1104"	"Geese"	"low"	"Geeselow"	NA	NA	NA	NA	NA	0.233928680350774	0.470306740308573	"No data points have the baseline factor level"	"abundance"	18	2
"OTU_1106"	"Geese"	"high"	"Geesehigh"	NA	NA	NA	NA	NA	0.233928680350774	0.470306740308573	"contrasts can be applied only to factors with 2 or more levels"	"abundance"	18	2
"OTU_1106"	"Geese"	"low"	"Geeselow"	NA	NA	NA	NA	NA	0.233928680350775	0.470306740308573	"contrasts can be applied only to factors with 2 or more levels"	"abundance"	18	2
"OTU_1107"	"Geese"	"high"	"Geesehigh"	NA	NA	NA	NA	NA	1	1	"No data points have the baseline factor level"	"abundance"	18	2
"OTU_1107"	"Geese"	"low"	"Geeselow"	NA	NA	NA	NA	NA	0.233928680350774	0.470306740308573	"No data points have the baseline factor level"	"abundance"	18	2
"OTU_1109"	"Geese"	"high"	"Geesehigh"	NA	NA	NA	NA	NA	0.233928680350775	0.470306740308573	"Fitting error (NA p-value returned from fitting procedure)"	"abundance"	18	3
"OTU_1111"	"Geese"	"high"	"Geesehigh"	NA	NA	NA	NA	NA	0.233928680350775	0.470306740308573	"No data points have the baseline factor level"	"abundance"	18	2
"OTU_1111"	"Geese"	"low"	"Geeselow"	NA	NA	NA	NA	NA	1	1	"No data points have the baseline factor level"	"abundance"	18	2
"OTU_1112"	"Geese"	"high"	"Geesehigh"	NA	NA	NA	NA	NA	0.128757111980885	0.413840882563828	"Fitting error (NA p-value returned from fitting procedure)"	"abundance"	18	4
"OTU_1117"	"Geese"	"low"	"Geeselow"	NA	NA	NA	NA	NA	0.128757111980886	0.413840882563828	"Fitting error (NA p-value returned from fitting procedure)"	"abundance"	18	5
"OTU_1118"	"Geese"	"high"	"Geesehigh"	NA	NA	NA	NA	NA	0.0681470476674243	0.371342225006612	"No data points have the baseline factor level"	"abundance"	18	7
"OTU_1118"	"Geese"	"low"	"Geeselow"	NA	NA	NA	NA	NA	0.128757111980885	0.413840882563828	"No data points have the baseline factor level"	"abundance"	18	7
"OTU_1119"	"Geese"	"high"	"Geesehigh"	NA	NA	NA	NA	NA	1	1	"No data points have the baseline factor level"	"abundance"	18	2
"OTU_1119"	"Geese"	"low"	"Geeselow"	NA	NA	NA	NA	NA	0.233928680350775	0.470306740308573	"No data points have the baseline factor level"	"abundance"	18	2
"OTU_1122"	"Geese"	"high"	"Geesehigh"	NA	NA	NA	NA	NA	0.128757111980885	0.413840882563828	"No data points have the baseline factor level"	"abundance"	18	4
"OTU_1122"	"Geese"	"low"	"Geeselow"	NA	NA	NA	NA	NA	0.441299875469682	0.647560446525157	"No data points have the baseline factor level"	"abundance"	18	4
"OTU_1124"	"Geese"	"high"	"Geesehigh"	NA	NA	NA	NA	NA	0.441299875469682	0.647560446525157	"Fitting error (NA p-value returned from fitting procedure)"	"abundance"	18	3
"OTU_1128"	"Geese"	"high"	"Geesehigh"	NA	NA	NA	NA	NA	0.0681470476674243	0.371342225006612	"No data points have the baseline factor level"	"abundance"	18	4
"OTU_1128"	"Geese"	"low"	"Geeselow"	NA	NA	NA	NA	NA	1	1	"No data points have the baseline factor level"	"abundance"	18	4
"OTU_1129"	"Geese"	"high"	"Geesehigh"	NA	NA	NA	NA	NA	0.0681470476674244	0.371342225006612	"No data points have the baseline factor level"	"abundance"	18	4
"OTU_1129"	"Geese"	"low"	"Geeselow"	NA	NA	NA	NA	NA	0.999999999999999	1	"No data points have the baseline factor level"	"abundance"	18	4
"OTU_1131"	"Geese"	"high"	"Geesehigh"	NA	NA	NA	NA	NA	0.441299875469682	0.647560446525157	"Fitting error (NA p-value returned from fitting procedure)"	"abundance"	18	2
"OTU_1131"	"Geese"	"low"	"Geeselow"	2.85479269162389	NA	NA	NA	NA	1	1	"Fitting error (NA p-value returned from fitting procedure)"	"abundance"	18	2
"OTU_1132"	"Geese"	"high"	"Geesehigh"	NA	NA	NA	NA	NA	0.0681470476674244	0.371342225006612	"Fitting error (NA p-value returned from fitting procedure)"	"abundance"	18	6
"OTU_1133"	"Geese"	"high"	"Geesehigh"	NA	NA	NA	NA	NA	0.0323425624655712	0.300950284637266	"Fitting error (NA p-value returned from fitting procedure)"	"abundance"	18	7
"OTU_1137"	"Geese"	"high"	"Geesehigh"	NA	NA	NA	NA	NA	0.441299875469682	0.647560446525157	"No data points have the baseline factor level"	"abundance"	18	3
"OTU_1137"	"Geese"	"low"	"Geeselow"	NA	NA	NA	NA	NA	0.233928680350774	0.470306740308573	"No data points have the baseline factor level"	"abundance"	18	3
"OTU_1138"	"Geese"	"low"	"Geeselow"	NA	NA	NA	NA	NA	0.441299875469683	0.647560446525157	"Fitting error (NA p-value returned from fitting procedure)"	"abundance"	18	5
"OTU_114"	"Geese"	"high"	"Geesehigh"	NA	NA	NA	NA	NA	1	1	"No data points have the baseline factor level"	"abundance"	18	2
"OTU_114"	"Geese"	"low"	"Geeselow"	NA	NA	NA	NA	NA	0.233928680350775	0.470306740308573	"No data points have the baseline factor level"	"abundance"	18	2
"OTU_1143"	"Geese"	"high"	"Geesehigh"	NA	NA	NA	NA	NA	0.0681470476674242	0.371342225006612	"No data points have the baseline factor level"	"abundance"	18	6
"OTU_1143"	"Geese"	"low"	"Geeselow"	NA	NA	NA	NA	NA	0.233928680350774	0.470306740308573	"No data points have the baseline factor level"	"abundance"	18	6
"OTU_1145"	"Geese"	"high"	"Geesehigh"	NA	NA	NA	NA	NA	0.233928680350774	0.470306740308573	"Fitting error (NA p-value returned from fitting procedure)"	"abundance"	18	3
"OTU_1147"	"Geese"	"low"	"Geeselow"	NA	NA	NA	NA	NA	0.233928680350774	0.470306740308573	"Fitting error (NA p-value returned from fitting procedure)"	"abundance"	18	5
"OTU_1148"	"Geese"	"high"	"Geesehigh"	NA	NA	NA	NA	NA	0.441299875469682	0.647560446525157	"No data points have the baseline factor level"	"abundance"	18	4
"OTU_1148"	"Geese"	"low"	"Geeselow"	NA	NA	NA	NA	NA	0.128757111980885	0.413840882563828	"No data points have the baseline factor level"	"abundance"	18	4
"OTU_1149"	"Geese"	"high"	"Geesehigh"	NA	NA	NA	NA	NA	0.441299875469682	0.647560446525157	"Fitting error (NA p-value returned from fitting procedure)"	"abundance"	18	2
"OTU_1149"	"Geese"	"low"	"Geeselow"	0.968566520128634	NA	NA	NA	NA	1	1	"Fitting error (NA p-value returned from fitting procedure)"	"abundance"	18	2
"OTU_1150"	"Geese"	"high"	"Geesehigh"	NA	NA	NA	NA	NA	0.233928680350774	0.470306740308573	"No data points have the baseline factor level"	"abundance"	18	2
"OTU_1150"	"Geese"	"low"	"Geeselow"	NA	NA	NA	NA	NA	1	1	"No data points have the baseline factor level"	"abundance"	18	2
"OTU_1151"	"Geese"	"high"	"Geesehigh"	NA	NA	NA	NA	NA	0.441299875469682	0.647560446525157	"Fitting error (NA p-value returned from fitting procedure)"	"abundance"	18	3
"OTU_1152"	"Geese"	"high"	"Geesehigh"	NA	NA	NA	NA	NA	0.0191054750593011	0.300950284637266	"Fitting error (NA p-value returned from fitting procedure)"	"abundance"	18	8
"OTU_1154"	"Geese"	"high"	"Geesehigh"	NA	NA	NA	NA	NA	0.233928680350775	0.470306740308573	"contrasts can be applied only to factors with 2 or more levels"	"abundance"	18	2
"OTU_1154"	"Geese"	"low"	"Geeselow"	NA	NA	NA	NA	NA	0.233928680350775	0.470306740308573	"contrasts can be applied only to factors with 2 or more levels"	"abundance"	18	2
"OTU_1156"	"Geese"	"high"	"Geesehigh"	0.28294736181658	NA	NA	NA	NA	1	1	"Fitting error (NA p-value returned from fitting procedure)"	"abundance"	18	3
"OTU_1156"	"Geese"	"low"	"Geeselow"	-0.923229622120165	NA	NA	NA	NA	0.999999999999999	1	"Fitting error (NA p-value returned from fitting procedure)"	"abundance"	18	3
"OTU_1157"	"Geese"	"low"	"Geeselow"	NA	NA	NA	NA	NA	0.441299875469683	0.647560446525157	"Fitting error (NA p-value returned from fitting procedure)"	"abundance"	18	6
"OTU_116"	"Geese"	"high"	"Geesehigh"	NA	NA	NA	NA	NA	0.0681470476674242	0.371342225006612	"No data points have the baseline factor level"	"abundance"	18	8
"OTU_116"	"Geese"	"low"	"Geeselow"	NA	NA	NA	NA	NA	0.0681470476674242	0.371342225006612	"No data points have the baseline factor level"	"abundance"	18	8
"OTU_1163"	"Geese"	"high"	"Geesehigh"	NA	NA	NA	NA	NA	0.128757111980885	0.413840882563828	"contrasts can be applied only to factors with 2 or more levels"	"abundance"	18	3
"OTU_1163"	"Geese"	"low"	"Geeselow"	NA	NA	NA	NA	NA	0.128757111980885	0.413840882563828	"contrasts can be applied only to factors with 2 or more levels"	"abundance"	18	3
"OTU_1166"	"Geese"	"high"	"Geesehigh"	-1.64344870635416	NA	NA	NA	NA	1	1	"Fitting error (NA p-value returned from fitting procedure)"	"abundance"	18	3
"OTU_1166"	"Geese"	"low"	"Geeselow"	-2.12710455476623	NA	NA	NA	NA	1	1	"Fitting error (NA p-value returned from fitting procedure)"	"abundance"	18	3
"OTU_1167"	"Geese"	"high"	"Geesehigh"	NA	NA	NA	NA	NA	0.0681470476674242	0.371342225006612	"contrasts can be applied only to factors with 2 or more levels"	"abundance"	18	4
"OTU_1167"	"Geese"	"low"	"Geeselow"	NA	NA	NA	NA	NA	0.0681470476674244	0.371342225006612	"contrasts can be applied only to factors with 2 or more levels"	"abundance"	18	4
"OTU_1169"	"Geese"	"high"	"Geesehigh"	NA	NA	NA	NA	NA	0.233928680350775	0.470306740308573	"contrasts can be applied only to factors with 2 or more levels"	"abundance"	18	2
"OTU_1169"	"Geese"	"low"	"Geeselow"	NA	NA	NA	NA	NA	0.233928680350775	0.470306740308573	"contrasts can be applied only to factors with 2 or more levels"	"abundance"	18	2
"OTU_117"	"Geese"	"high"	"Geesehigh"	NA	NA	NA	NA	NA	0.0191054750593011	0.300950284637266	"Fitting error (NA p-value returned from fitting procedure)"	"abundance"	18	8
"OTU_1170"	"Geese"	"high"	"Geesehigh"	NA	NA	NA	NA	NA	0.441299875469682	0.647560446525157	"No data points have the baseline factor level"	"abundance"	18	2
"OTU_1170"	"Geese"	"low"	"Geeselow"	NA	NA	NA	NA	NA	0.441299875469682	0.647560446525157	"No data points have the baseline factor level"	"abundance"	18	2
"OTU_1171"	"Geese"	"high"	"Geesehigh"	NA	NA	NA	NA	NA	1	1	"No data points have the baseline factor level"	"abundance"	18	2
"OTU_1171"	"Geese"	"low"	"Geeselow"	NA	NA	NA	NA	NA	0.233928680350774	0.470306740308573	"No data points have the baseline factor level"	"abundance"	18	2
"OTU_1173"	"Geese"	"high"	"Geesehigh"	NA	NA	NA	NA	NA	0.233928680350775	0.470306740308573	"Fitting error (NA p-value returned from fitting procedure)"	"abundance"	18	4
"OTU_1174"	"Geese"	"high"	"Geesehigh"	NA	NA	NA	NA	NA	0.441299875469682	0.647560446525157	"Fitting error (NA p-value returned from fitting procedure)"	"abundance"	18	3
"OTU_1176"	"Geese"	"high"	"Geesehigh"	NA	NA	NA	NA	NA	1	1	"No data points have the baseline factor level"	"abundance"	18	3
"OTU_1176"	"Geese"	"low"	"Geeselow"	NA	NA	NA	NA	NA	0.128757111980885	0.413840882563828	"No data points have the baseline factor level"	"abundance"	18	3
"OTU_1177"	"Geese"	"high"	"Geesehigh"	NA	NA	NA	NA	NA	0.441299875469682	0.647560446525157	"Fitting error (NA p-value returned from fitting procedure)"	"abundance"	18	2
"OTU_1177"	"Geese"	"low"	"Geeselow"	-0.700837200783714	NA	NA	NA	NA	1	1	"Fitting error (NA p-value returned from fitting procedure)"	"abundance"	18	2
"OTU_1179"	"Geese"	"high"	"Geesehigh"	NA	NA	NA	NA	NA	0.032342562465571	0.300950284637266	"No data points have the baseline factor level"	"abundance"	18	5
"OTU_1179"	"Geese"	"low"	"Geeselow"	NA	NA	NA	NA	NA	1	1	"No data points have the baseline factor level"	"abundance"	18	5
"OTU_118"	"Geese"	"high"	"Geesehigh"	NA	NA	NA	NA	NA	0.0681470476674244	0.371342225006612	"contrasts can be applied only to factors with 2 or more levels"	"abundance"	18	4
"OTU_118"	"Geese"	"low"	"Geeselow"	NA	NA	NA	NA	NA	0.0681470476674242	0.371342225006612	"contrasts can be applied only to factors with 2 or more levels"	"abundance"	18	4
"OTU_1181"	"Geese"	"high"	"Geesehigh"	NA	NA	NA	NA	NA	0.233928680350774	0.470306740308573	"contrasts can be applied only to factors with 2 or more levels"	"abundance"	18	2
"OTU_1181"	"Geese"	"low"	"Geeselow"	NA	NA	NA	NA	NA	0.233928680350775	0.470306740308573	"contrasts can be applied only to factors with 2 or more levels"	"abundance"	18	2
"OTU_1182"	"Geese"	"high"	"Geesehigh"	NA	NA	NA	NA	NA	0.441299875469683	0.647560446525157	"Fitting error (NA p-value returned from fitting procedure)"	"abundance"	18	3
"OTU_1183"	"Geese"	"high"	"Geesehigh"	NA	NA	NA	NA	NA	0.0681470476674243	0.371342225006612	"Fitting error (NA p-value returned from fitting procedure)"	"abundance"	18	5
"OTU_1184"	"Geese"	"high"	"Geesehigh"	NA	NA	NA	NA	NA	0.441299875469683	0.647560446525157	"No data points have the baseline factor level"	"abundance"	18	2
"OTU_1184"	"Geese"	"low"	"Geeselow"	NA	NA	NA	NA	NA	0.441299875469683	0.647560446525157	"No data points have the baseline factor level"	"abundance"	18	2
"OTU_1187"	"Geese"	"low"	"Geeselow"	NA	NA	NA	NA	NA	0.233928680350774	0.470306740308573	"Fitting error (NA p-value returned from fitting procedure)"	"abundance"	18	5
"OTU_1192"	"Geese"	"high"	"Geesehigh"	NA	NA	NA	NA	NA	0.441299875469682	0.647560446525157	"Fitting error (NA p-value returned from fitting procedure)"	"abundance"	18	2
"OTU_1192"	"Geese"	"low"	"Geeselow"	-0.997028011295936	NA	NA	NA	NA	1	1	"Fitting error (NA p-value returned from fitting procedure)"	"abundance"	18	2
"OTU_1193"	"Geese"	"high"	"Geesehigh"	NA	NA	NA	NA	NA	0.233928680350775	0.470306740308573	"Fitting error (NA p-value returned from fitting procedure)"	"abundance"	18	4
"OTU_1194"	"Geese"	"high"	"Geesehigh"	NA	NA	NA	NA	NA	0.128757111980885	0.413840882563828	"No data points have the baseline factor level"	"abundance"	18	3
"OTU_1194"	"Geese"	"low"	"Geeselow"	NA	NA	NA	NA	NA	0.999999999999999	1	"No data points have the baseline factor level"	"abundance"	18	3
"OTU_1195"	"Geese"	"high"	"Geesehigh"	NA	NA	NA	NA	NA	0.0323425624655712	0.300950284637266	"No data points have the baseline factor level"	"abundance"	18	5
"OTU_1195"	"Geese"	"low"	"Geeselow"	NA	NA	NA	NA	NA	1	1	"No data points have the baseline factor level"	"abundance"	18	5
"OTU_1196"	"Geese"	"high"	"Geesehigh"	NA	NA	NA	NA	NA	1	1	"No data points have the baseline factor level"	"abundance"	18	2
"OTU_1196"	"Geese"	"low"	"Geeselow"	NA	NA	NA	NA	NA	0.233928680350774	0.470306740308573	"No data points have the baseline factor level"	"abundance"	18	2
"OTU_1197"	"Geese"	"high"	"Geesehigh"	NA	NA	NA	NA	NA	0.128757111980885	0.413840882563828	"No data points have the baseline factor level"	"abundance"	18	3
"OTU_1197"	"Geese"	"low"	"Geeselow"	NA	NA	NA	NA	NA	1	1	"No data points have the baseline factor level"	"abundance"	18	3
"OTU_1198"	"Geese"	"high"	"Geesehigh"	NA	NA	NA	NA	NA	0.128757111980885	0.413840882563828	"No data points have the baseline factor level"	"abundance"	18	4
"OTU_1198"	"Geese"	"low"	"Geeselow"	NA	NA	NA	NA	NA	0.441299875469682	0.647560446525157	"No data points have the baseline factor level"	"abundance"	18	4
"OTU_120"	"Geese"	"high"	"Geesehigh"	NA	NA	NA	NA	NA	0.019105475059301	0.300950284637266	"Fitting error (NA p-value returned from fitting procedure)"	"abundance"	18	10
"OTU_1200"	"Geese"	"high"	"Geesehigh"	NA	NA	NA	NA	NA	1	1	"No data points have the baseline factor level"	"abundance"	18	4
"OTU_1200"	"Geese"	"low"	"Geeselow"	NA	NA	NA	NA	NA	0.0681470476674243	0.371342225006612	"No data points have the baseline factor level"	"abundance"	18	4
"OTU_1201"	"Geese"	"high"	"Geesehigh"	NA	NA	NA	NA	NA	0.441299875469682	0.647560446525157	"No data points have the baseline factor level"	"abundance"	18	2
"OTU_1201"	"Geese"	"low"	"Geeselow"	NA	NA	NA	NA	NA	0.441299875469682	0.647560446525157	"No data points have the baseline factor level"	"abundance"	18	2
"OTU_1207"	"Geese"	"high"	"Geesehigh"	NA	NA	NA	NA	NA	1	1	"No data points have the baseline factor level"	"abundance"	18	2
"OTU_1207"	"Geese"	"low"	"Geeselow"	NA	NA	NA	NA	NA	0.233928680350775	0.470306740308573	"No data points have the baseline factor level"	"abundance"	18	2
"OTU_1211"	"Geese"	"high"	"Geesehigh"	NA	NA	NA	NA	NA	0.128757111980885	0.413840882563828	"contrasts can be applied only to factors with 2 or more levels"	"abundance"	18	3
"OTU_1211"	"Geese"	"low"	"Geeselow"	NA	NA	NA	NA	NA	0.128757111980885	0.413840882563828	"contrasts can be applied only to factors with 2 or more levels"	"abundance"	18	3
"OTU_1215"	"Geese"	"high"	"Geesehigh"	NA	NA	NA	NA	NA	0.441299875469683	0.647560446525157	"No data points have the baseline factor level"	"abundance"	18	2
"OTU_1215"	"Geese"	"low"	"Geeselow"	NA	NA	NA	NA	NA	0.441299875469683	0.647560446525157	"No data points have the baseline factor level"	"abundance"	18	2
"OTU_1218"	"Geese"	"high"	"Geesehigh"	NA	NA	NA	NA	NA	1	1	"No data points have the baseline factor level"	"abundance"	18	3
"OTU_1218"	"Geese"	"low"	"Geeselow"	NA	NA	NA	NA	NA	0.128757111980885	0.413840882563828	"No data points have the baseline factor level"	"abundance"	18	3
"OTU_1219"	"Geese"	"high"	"Geesehigh"	NA	NA	NA	NA	NA	0.0681470476674243	0.371342225006612	"contrasts can be applied only to factors with 2 or more levels"	"abundance"	18	4
"OTU_1219"	"Geese"	"low"	"Geeselow"	NA	NA	NA	NA	NA	0.0681470476674243	0.371342225006612	"contrasts can be applied only to factors with 2 or more levels"	"abundance"	18	4
"OTU_1222"	"Geese"	"high"	"Geesehigh"	NA	NA	NA	NA	NA	1	1	"No data points have the baseline factor level"	"abundance"	18	3
"OTU_1222"	"Geese"	"low"	"Geeselow"	NA	NA	NA	NA	NA	0.128757111980885	0.413840882563828	"No data points have the baseline factor level"	"abundance"	18	3
"OTU_1223"	"Geese"	"high"	"Geesehigh"	4.30041320119685	NA	NA	NA	NA	1	1	"Fitting error (NA p-value returned from fitting procedure)"	"abundance"	18	3
"OTU_1223"	"Geese"	"low"	"Geeselow"	2.2601402389234	NA	NA	NA	NA	1	1	"Fitting error (NA p-value returned from fitting procedure)"	"abundance"	18	3
"OTU_1224"	"Geese"	"high"	"Geesehigh"	NA	NA	NA	NA	NA	1	1	"No data points have the baseline factor level"	"abundance"	18	3
"OTU_1224"	"Geese"	"low"	"Geeselow"	NA	NA	NA	NA	NA	0.128757111980885	0.413840882563828	"No data points have the baseline factor level"	"abundance"	18	3
"OTU_123"	"Geese"	"high"	"Geesehigh"	NA	NA	NA	NA	NA	0.128757111980885	0.413840882563828	"Fitting error (NA p-value returned from fitting procedure)"	"abundance"	18	6
"OTU_1231"	"Geese"	"high"	"Geesehigh"	NA	NA	NA	NA	NA	0.233928680350775	0.470306740308573	"contrasts can be applied only to factors with 2 or more levels"	"abundance"	18	2
"OTU_1231"	"Geese"	"low"	"Geeselow"	NA	NA	NA	NA	NA	0.233928680350775	0.470306740308573	"contrasts can be applied only to factors with 2 or more levels"	"abundance"	18	2
"OTU_1236"	"Geese"	"high"	"Geesehigh"	NA	NA	NA	NA	NA	0.128757111980885	0.413840882563828	"Fitting error (NA p-value returned from fitting procedure)"	"abundance"	18	6
"OTU_1238"	"Geese"	"high"	"Geesehigh"	NA	NA	NA	NA	NA	0.441299875469682	0.647560446525157	"Fitting error (NA p-value returned from fitting procedure)"	"abundance"	18	5
"OTU_1242"	"Geese"	"low"	"Geeselow"	NA	NA	NA	NA	NA	0.233928680350774	0.470306740308573	"Fitting error (NA p-value returned from fitting procedure)"	"abundance"	18	3
"OTU_1244"	"Geese"	"high"	"Geesehigh"	-3.76514425619147	NA	NA	NA	NA	1	1	"Fitting error (NA p-value returned from fitting procedure)"	"abundance"	18	3
"OTU_1244"	"Geese"	"low"	"Geeselow"	-0.909445479080996	NA	NA	NA	NA	1	1	"Fitting error (NA p-value returned from fitting procedure)"	"abundance"	18	3
"OTU_1246"	"Geese"	"low"	"Geeselow"	NA	NA	NA	NA	NA	0.128757111980885	0.413840882563828	"Fitting error (NA p-value returned from fitting procedure)"	"abundance"	18	4
"OTU_1247"	"Geese"	"high"	"Geesehigh"	NA	NA	NA	NA	NA	0.233928680350775	0.470306740308573	"Fitting error (NA p-value returned from fitting procedure)"	"abundance"	18	3
"OTU_1250"	"Geese"	"high"	"Geesehigh"	NA	NA	NA	NA	NA	0.128757111980885	0.413840882563828	"Fitting error (NA p-value returned from fitting procedure)"	"abundance"	18	4
"OTU_1251"	"Geese"	"high"	"Geesehigh"	NA	NA	NA	NA	NA	1	1	"No data points have the baseline factor level"	"abundance"	18	2
"OTU_1251"	"Geese"	"low"	"Geeselow"	NA	NA	NA	NA	NA	0.233928680350774	0.470306740308573	"No data points have the baseline factor level"	"abundance"	18	2
"OTU_1261"	"Geese"	"low"	"Geeselow"	NA	NA	NA	NA	NA	0.441299875469683	0.647560446525157	"Fitting error (NA p-value returned from fitting procedure)"	"abundance"	18	5
"OTU_1262"	"Geese"	"high"	"Geesehigh"	NA	NA	NA	NA	NA	0.441299875469682	0.647560446525157	"No data points have the baseline factor level"	"abundance"	18	2
"OTU_1262"	"Geese"	"low"	"Geeselow"	NA	NA	NA	NA	NA	0.441299875469682	0.647560446525157	"No data points have the baseline factor level"	"abundance"	18	2
"OTU_1264"	"Geese"	"high"	"Geesehigh"	NA	NA	NA	NA	NA	0.441299875469682	0.647560446525157	"Fitting error (NA p-value returned from fitting procedure)"	"abundance"	18	4
"OTU_1266"	"Geese"	"high"	"Geesehigh"	NA	NA	NA	NA	NA	0.0323425624655711	0.300950284637266	"No data points have the baseline factor level"	"abundance"	18	5
"OTU_1266"	"Geese"	"low"	"Geeselow"	NA	NA	NA	NA	NA	1	1	"No data points have the baseline factor level"	"abundance"	18	5
"OTU_1267"	"Geese"	"high"	"Geesehigh"	NA	NA	NA	NA	NA	0.441299875469682	0.647560446525157	"Fitting error (NA p-value returned from fitting procedure)"	"abundance"	18	2
"OTU_1267"	"Geese"	"low"	"Geeselow"	2.4690878006586	NA	NA	NA	NA	1	1	"Fitting error (NA p-value returned from fitting procedure)"	"abundance"	18	2
"OTU_1270"	"Geese"	"high"	"Geesehigh"	1.39352260558834	NA	NA	NA	NA	0.999999999999999	1	"Fitting error (NA p-value returned from fitting procedure)"	"abundance"	18	3
"OTU_1270"	"Geese"	"low"	"Geeselow"	2.14738107444986	NA	NA	NA	NA	1	1	"Fitting error (NA p-value returned from fitting procedure)"	"abundance"	18	3
"OTU_1271"	"Geese"	"low"	"Geeselow"	NA	NA	NA	NA	NA	0.233928680350775	0.470306740308573	"Fitting error (NA p-value returned from fitting procedure)"	"abundance"	18	5
"OTU_1273"	"Geese"	"high"	"Geesehigh"	NA	NA	NA	NA	NA	0.0323425624655711	0.300950284637266	"Fitting error (NA p-value returned from fitting procedure)"	"abundance"	18	7
"OTU_128"	"Geese"	"high"	"Geesehigh"	NA	NA	NA	NA	NA	0.019105475059301	0.300950284637266	"Fitting error (NA p-value returned from fitting procedure)"	"abundance"	18	10
"OTU_1283"	"Geese"	"high"	"Geesehigh"	NA	NA	NA	NA	NA	0.441299875469683	0.647560446525157	"Fitting error (NA p-value returned from fitting procedure)"	"abundance"	18	2
"OTU_1283"	"Geese"	"low"	"Geeselow"	0.702844709232421	NA	NA	NA	NA	1	1	"Fitting error (NA p-value returned from fitting procedure)"	"abundance"	18	2
"OTU_1287"	"Geese"	"high"	"Geesehigh"	NA	NA	NA	NA	NA	0.441299875469682	0.647560446525157	"Fitting error (NA p-value returned from fitting procedure)"	"abundance"	18	2
"OTU_1287"	"Geese"	"low"	"Geeselow"	1.0940974022125	NA	NA	NA	NA	1	1	"Fitting error (NA p-value returned from fitting procedure)"	"abundance"	18	2
"OTU_129"	"Geese"	"high"	"Geesehigh"	NA	NA	NA	NA	NA	1	1	"No data points have the baseline factor level"	"abundance"	18	3
"OTU_129"	"Geese"	"low"	"Geeselow"	NA	NA	NA	NA	NA	0.128757111980885	0.413840882563828	"No data points have the baseline factor level"	"abundance"	18	3
"OTU_1290"	"Geese"	"high"	"Geesehigh"	NA	NA	NA	NA	NA	0.233928680350775	0.470306740308573	"No data points have the baseline factor level"	"abundance"	18	6
"OTU_1290"	"Geese"	"low"	"Geeselow"	NA	NA	NA	NA	NA	0.0681470476674243	0.371342225006612	"No data points have the baseline factor level"	"abundance"	18	6
"OTU_1297"	"Geese"	"high"	"Geesehigh"	NA	NA	NA	NA	NA	0.0323425624655712	0.300950284637266	"Fitting error (NA p-value returned from fitting procedure)"	"abundance"	18	6
"OTU_1305"	"Geese"	"high"	"Geesehigh"	NA	NA	NA	NA	NA	0.0323425624655712	0.300950284637266	"No data points have the baseline factor level"	"abundance"	18	5
"OTU_1305"	"Geese"	"low"	"Geeselow"	NA	NA	NA	NA	NA	1	1	"No data points have the baseline factor level"	"abundance"	18	5
"OTU_1308"	"Geese"	"high"	"Geesehigh"	NA	NA	NA	NA	NA	0.0323425624655712	0.300950284637266	"contrasts can be applied only to factors with 2 or more levels"	"abundance"	18	5
"OTU_1308"	"Geese"	"low"	"Geeselow"	NA	NA	NA	NA	NA	0.0323425624655712	0.300950284637266	"contrasts can be applied only to factors with 2 or more levels"	"abundance"	18	5
"OTU_1309"	"Geese"	"high"	"Geesehigh"	NA	NA	NA	NA	NA	0.233928680350775	0.470306740308573	"Fitting error (NA p-value returned from fitting procedure)"	"abundance"	18	3
"OTU_131"	"Geese"	"high"	"Geesehigh"	NA	NA	NA	NA	NA	0.0681470476674244	0.371342225006612	"Fitting error (NA p-value returned from fitting procedure)"	"abundance"	18	6
"OTU_1314"	"Geese"	"high"	"Geesehigh"	NA	NA	NA	NA	NA	0.233928680350775	0.470306740308573	"Fitting error (NA p-value returned from fitting procedure)"	"abundance"	18	4
"OTU_1316"	"Geese"	"high"	"Geesehigh"	NA	NA	NA	NA	NA	0.441299875469682	0.647560446525157	"Fitting error (NA p-value returned from fitting procedure)"	"abundance"	18	2
"OTU_1316"	"Geese"	"low"	"Geeselow"	-0.441437069899824	NA	NA	NA	NA	1	1	"Fitting error (NA p-value returned from fitting procedure)"	"abundance"	18	2
"OTU_1317"	"Geese"	"high"	"Geesehigh"	NA	NA	NA	NA	NA	0.233928680350775	0.470306740308573	"contrasts can be applied only to factors with 2 or more levels"	"abundance"	18	2
"OTU_1317"	"Geese"	"low"	"Geeselow"	NA	NA	NA	NA	NA	0.233928680350775	0.470306740308573	"contrasts can be applied only to factors with 2 or more levels"	"abundance"	18	2
"OTU_132"	"Geese"	"high"	"Geesehigh"	NA	NA	NA	NA	NA	0.032342562465571	0.300950284637266	"Fitting error (NA p-value returned from fitting procedure)"	"abundance"	18	11
"OTU_1326"	"Geese"	"high"	"Geesehigh"	NA	NA	NA	NA	NA	0.441299875469682	0.647560446525157	"Fitting error (NA p-value returned from fitting procedure)"	"abundance"	18	2
"OTU_1326"	"Geese"	"low"	"Geeselow"	4.10158466557391	NA	NA	NA	NA	1	1	"Fitting error (NA p-value returned from fitting procedure)"	"abundance"	18	2
"OTU_1329"	"Geese"	"high"	"Geesehigh"	NA	NA	NA	NA	NA	0.233928680350774	0.470306740308573	"No data points have the baseline factor level"	"abundance"	18	2
"OTU_1329"	"Geese"	"low"	"Geeselow"	NA	NA	NA	NA	NA	1	1	"No data points have the baseline factor level"	"abundance"	18	2
"OTU_1333"	"Geese"	"high"	"Geesehigh"	NA	NA	NA	NA	NA	0.233928680350775	0.470306740308573	"Fitting error (NA p-value returned from fitting procedure)"	"abundance"	18	4
"OTU_1338"	"Geese"	"high"	"Geesehigh"	NA	NA	NA	NA	NA	0.0681470476674244	0.371342225006612	"No data points have the baseline factor level"	"abundance"	18	4
"OTU_1338"	"Geese"	"low"	"Geeselow"	NA	NA	NA	NA	NA	1	1	"No data points have the baseline factor level"	"abundance"	18	4
"OTU_1345"	"Geese"	"high"	"Geesehigh"	NA	NA	NA	NA	NA	0.441299875469682	0.647560446525157	"No data points have the baseline factor level"	"abundance"	18	3
"OTU_1345"	"Geese"	"low"	"Geeselow"	NA	NA	NA	NA	NA	0.233928680350775	0.470306740308573	"No data points have the baseline factor level"	"abundance"	18	3
"OTU_1346"	"Geese"	"high"	"Geesehigh"	NA	NA	NA	NA	NA	0.128757111980885	0.413840882563828	"No data points have the baseline factor level"	"abundance"	18	3
"OTU_1346"	"Geese"	"low"	"Geeselow"	NA	NA	NA	NA	NA	1	1	"No data points have the baseline factor level"	"abundance"	18	3
"OTU_1348"	"Geese"	"high"	"Geesehigh"	NA	NA	NA	NA	NA	0.128757111980886	0.413840882563828	"No data points have the baseline factor level"	"abundance"	18	3
"OTU_1348"	"Geese"	"low"	"Geeselow"	NA	NA	NA	NA	NA	0.999999999999999	1	"No data points have the baseline factor level"	"abundance"	18	3
"OTU_1357"	"Geese"	"high"	"Geesehigh"	2.26344188925436	NA	NA	NA	NA	1	1	"Fitting error (NA p-value returned from fitting procedure)"	"abundance"	18	3
"OTU_1357"	"Geese"	"low"	"Geeselow"	3.64222740603877	NA	NA	NA	NA	1	1	"Fitting error (NA p-value returned from fitting procedure)"	"abundance"	18	3
"OTU_1360"	"Geese"	"high"	"Geesehigh"	NA	NA	NA	NA	NA	1	1	"No data points have the baseline factor level"	"abundance"	18	2
"OTU_1360"	"Geese"	"low"	"Geeselow"	NA	NA	NA	NA	NA	0.233928680350774	0.470306740308573	"No data points have the baseline factor level"	"abundance"	18	2
"OTU_1362"	"Geese"	"high"	"Geesehigh"	NA	NA	NA	NA	NA	0.233928680350774	0.470306740308573	"Fitting error (NA p-value returned from fitting procedure)"	"abundance"	18	4
"OTU_1366"	"Geese"	"high"	"Geesehigh"	NA	NA	NA	NA	NA	0.441299875469682	0.647560446525157	"Fitting error (NA p-value returned from fitting procedure)"	"abundance"	18	2
"OTU_1366"	"Geese"	"low"	"Geeselow"	2.57322734970499	NA	NA	NA	NA	1	1	"Fitting error (NA p-value returned from fitting procedure)"	"abundance"	18	2
"OTU_1369"	"Geese"	"high"	"Geesehigh"	NA	NA	NA	NA	NA	0.441299875469682	0.647560446525157	"No data points have the baseline factor level"	"abundance"	18	2
"OTU_1369"	"Geese"	"low"	"Geeselow"	NA	NA	NA	NA	NA	0.441299875469682	0.647560446525157	"No data points have the baseline factor level"	"abundance"	18	2
"OTU_1373"	"Geese"	"high"	"Geesehigh"	NA	NA	NA	NA	NA	1	1	"No data points have the baseline factor level"	"abundance"	18	2
"OTU_1373"	"Geese"	"low"	"Geeselow"	NA	NA	NA	NA	NA	0.233928680350774	0.470306740308573	"No data points have the baseline factor level"	"abundance"	18	2
"OTU_1377"	"Geese"	"high"	"Geesehigh"	0.49289205071465	NA	NA	NA	NA	1	1	"Fitting error (NA p-value returned from fitting procedure)"	"abundance"	18	3
"OTU_1377"	"Geese"	"low"	"Geeselow"	2.36591785215779	NA	NA	NA	NA	1	1	"Fitting error (NA p-value returned from fitting procedure)"	"abundance"	18	3
"OTU_1379"	"Geese"	"high"	"Geesehigh"	NA	NA	NA	NA	NA	0.0681470476674244	0.371342225006612	"Fitting error (NA p-value returned from fitting procedure)"	"abundance"	18	5
"OTU_1382"	"Geese"	"high"	"Geesehigh"	NA	NA	NA	NA	NA	0.233928680350775	0.470306740308573	"No data points have the baseline factor level"	"abundance"	18	5
"OTU_1382"	"Geese"	"low"	"Geeselow"	NA	NA	NA	NA	NA	0.128757111980885	0.413840882563828	"No data points have the baseline factor level"	"abundance"	18	5
"OTU_1386"	"Geese"	"high"	"Geesehigh"	NA	NA	NA	NA	NA	0.233928680350774	0.470306740308573	"No data points have the baseline factor level"	"abundance"	18	2
"OTU_1386"	"Geese"	"low"	"Geeselow"	NA	NA	NA	NA	NA	1	1	"No data points have the baseline factor level"	"abundance"	18	2
"OTU_1395"	"Geese"	"high"	"Geesehigh"	NA	NA	NA	NA	NA	0.441299875469682	0.647560446525157	"Fitting error (NA p-value returned from fitting procedure)"	"abundance"	18	2
"OTU_1395"	"Geese"	"low"	"Geeselow"	0.194823540121119	NA	NA	NA	NA	1	1	"Fitting error (NA p-value returned from fitting procedure)"	"abundance"	18	2
"OTU_1397"	"Geese"	"low"	"Geeselow"	NA	NA	NA	NA	NA	0.441299875469682	0.647560446525157	"Fitting error (NA p-value returned from fitting procedure)"	"abundance"	18	3
"OTU_140"	"Geese"	"high"	"Geesehigh"	NA	NA	NA	NA	NA	0.0681470476674244	0.371342225006612	"Fitting error (NA p-value returned from fitting procedure)"	"abundance"	18	8
"OTU_1403"	"Geese"	"high"	"Geesehigh"	-0.501363893824846	NA	NA	NA	NA	1	1	"Fitting error (NA p-value returned from fitting procedure)"	"abundance"	18	2
"OTU_1403"	"Geese"	"low"	"Geeselow"	NA	NA	NA	NA	NA	0.441299875469682	0.647560446525157	"Fitting error (NA p-value returned from fitting procedure)"	"abundance"	18	2
"OTU_1405"	"Geese"	"high"	"Geesehigh"	NA	NA	NA	NA	NA	0.128757111980885	0.413840882563828	"Fitting error (NA p-value returned from fitting procedure)"	"abundance"	18	4
"OTU_1406"	"Geese"	"high"	"Geesehigh"	NA	NA	NA	NA	NA	0.441299875469682	0.647560446525157	"Fitting error (NA p-value returned from fitting procedure)"	"abundance"	18	2
"OTU_1406"	"Geese"	"low"	"Geeselow"	1.41041548028365	NA	NA	NA	NA	1	1	"Fitting error (NA p-value returned from fitting procedure)"	"abundance"	18	2
"OTU_1409"	"Geese"	"high"	"Geesehigh"	NA	NA	NA	NA	NA	0.0681470476674244	0.371342225006612	"No data points have the baseline factor level"	"abundance"	18	7
"OTU_1409"	"Geese"	"low"	"Geeselow"	NA	NA	NA	NA	NA	0.128757111980885	0.413840882563828	"No data points have the baseline factor level"	"abundance"	18	7
"OTU_1412"	"Geese"	"high"	"Geesehigh"	1.17207285232235	NA	NA	NA	NA	1	1	"Fitting error (NA p-value returned from fitting procedure)"	"abundance"	18	3
"OTU_1412"	"Geese"	"low"	"Geeselow"	-2.42074113297988	NA	NA	NA	NA	1	1	"Fitting error (NA p-value returned from fitting procedure)"	"abundance"	18	3
"OTU_1422"	"Geese"	"high"	"Geesehigh"	-1.62203607931087	NA	NA	NA	NA	1	1	"Fitting error (NA p-value returned from fitting procedure)"	"abundance"	18	2
"OTU_1422"	"Geese"	"low"	"Geeselow"	NA	NA	NA	NA	NA	0.441299875469682	0.647560446525157	"Fitting error (NA p-value returned from fitting procedure)"	"abundance"	18	2
"OTU_1439"	"Geese"	"high"	"Geesehigh"	NA	NA	NA	NA	NA	0.128757111980885	0.413840882563828	"contrasts can be applied only to factors with 2 or more levels"	"abundance"	18	3
"OTU_1439"	"Geese"	"low"	"Geeselow"	NA	NA	NA	NA	NA	0.128757111980885	0.413840882563828	"contrasts can be applied only to factors with 2 or more levels"	"abundance"	18	3
"OTU_1445"	"Geese"	"high"	"Geesehigh"	NA	NA	NA	NA	NA	0.441299875469682	0.647560446525157	"Fitting error (NA p-value returned from fitting procedure)"	"abundance"	18	3
"OTU_1448"	"Geese"	"high"	"Geesehigh"	NA	NA	NA	NA	NA	0.233928680350775	0.470306740308573	"No data points have the baseline factor level"	"abundance"	18	2
"OTU_1448"	"Geese"	"low"	"Geeselow"	NA	NA	NA	NA	NA	1	1	"No data points have the baseline factor level"	"abundance"	18	2
"OTU_1450"	"Geese"	"high"	"Geesehigh"	NA	NA	NA	NA	NA	1	1	"No data points have the baseline factor level"	"abundance"	18	2
"OTU_1450"	"Geese"	"low"	"Geeselow"	NA	NA	NA	NA	NA	0.233928680350775	0.470306740308573	"No data points have the baseline factor level"	"abundance"	18	2
"OTU_1455"	"Geese"	"high"	"Geesehigh"	NA	NA	NA	NA	NA	0.441299875469682	0.647560446525157	"No data points have the baseline factor level"	"abundance"	18	3
"OTU_1455"	"Geese"	"low"	"Geeselow"	NA	NA	NA	NA	NA	0.233928680350774	0.470306740308573	"No data points have the baseline factor level"	"abundance"	18	3
"OTU_1456"	"Geese"	"high"	"Geesehigh"	NA	NA	NA	NA	NA	1	1	"No data points have the baseline factor level"	"abundance"	18	3
"OTU_1456"	"Geese"	"low"	"Geeselow"	NA	NA	NA	NA	NA	0.128757111980885	0.413840882563828	"No data points have the baseline factor level"	"abundance"	18	3
"OTU_1474"	"Geese"	"high"	"Geesehigh"	NA	NA	NA	NA	NA	1	1	"No data points have the baseline factor level"	"abundance"	18	3
"OTU_1474"	"Geese"	"low"	"Geeselow"	NA	NA	NA	NA	NA	0.128757111980885	0.413840882563828	"No data points have the baseline factor level"	"abundance"	18	3
"OTU_1508"	"Geese"	"high"	"Geesehigh"	3.49813090822836	NA	NA	NA	NA	1	1	"Fitting error (NA p-value returned from fitting procedure)"	"abundance"	18	2
"OTU_1508"	"Geese"	"low"	"Geeselow"	NA	NA	NA	NA	NA	0.441299875469682	0.647560446525157	"Fitting error (NA p-value returned from fitting procedure)"	"abundance"	18	2
"OTU_151"	"Geese"	"high"	"Geesehigh"	NA	NA	NA	NA	NA	0.233928680350775	0.470306740308573	"Fitting error (NA p-value returned from fitting procedure)"	"abundance"	18	6
"OTU_1519"	"Geese"	"high"	"Geesehigh"	NA	NA	NA	NA	NA	0.233928680350774	0.470306740308573	"contrasts can be applied only to factors with 2 or more levels"	"abundance"	18	2
"OTU_1519"	"Geese"	"low"	"Geeselow"	NA	NA	NA	NA	NA	0.233928680350774	0.470306740308573	"contrasts can be applied only to factors with 2 or more levels"	"abundance"	18	2
"OTU_1520"	"Geese"	"high"	"Geesehigh"	NA	NA	NA	NA	NA	0.128757111980885	0.413840882563828	"Fitting error (NA p-value returned from fitting procedure)"	"abundance"	18	4
"OTU_1522"	"Geese"	"low"	"Geeselow"	NA	NA	NA	NA	NA	0.441299875469682	0.647560446525157	"Fitting error (NA p-value returned from fitting procedure)"	"abundance"	18	3
"OTU_1525"	"Geese"	"high"	"Geesehigh"	NA	NA	NA	NA	NA	0.441299875469682	0.647560446525157	"Fitting error (NA p-value returned from fitting procedure)"	"abundance"	18	3
"OTU_153"	"Geese"	"high"	"Geesehigh"	NA	NA	NA	NA	NA	0.441299875469682	0.647560446525157	"Fitting error (NA p-value returned from fitting procedure)"	"abundance"	18	2
"OTU_153"	"Geese"	"low"	"Geeselow"	9.76549850768989	NA	NA	NA	NA	1	1	"Fitting error (NA p-value returned from fitting procedure)"	"abundance"	18	2
"OTU_155"	"Geese"	"high"	"Geesehigh"	NA	NA	NA	NA	NA	0.0681470476674246	0.371342225006612	"No data points have the baseline factor level"	"abundance"	18	5
"OTU_155"	"Geese"	"low"	"Geeselow"	NA	NA	NA	NA	NA	0.441299875469683	0.647560446525157	"No data points have the baseline factor level"	"abundance"	18	5
"OTU_156"	"Geese"	"low"	"Geeselow"	NA	NA	NA	NA	NA	0.128757111980885	0.413840882563828	"Fitting error (NA p-value returned from fitting procedure)"	"abundance"	18	4
"OTU_1567"	"Geese"	"low"	"Geeselow"	NA	NA	NA	NA	NA	0.441299875469683	0.647560446525157	"Fitting error (NA p-value returned from fitting procedure)"	"abundance"	18	6
"OTU_1573"	"Geese"	"high"	"Geesehigh"	NA	NA	NA	NA	NA	0.128757111980885	0.413840882563828	"Fitting error (NA p-value returned from fitting procedure)"	"abundance"	18	5
"OTU_1574"	"Geese"	"high"	"Geesehigh"	NA	NA	NA	NA	NA	1	1	"No data points have the baseline factor level"	"abundance"	18	2
"OTU_1574"	"Geese"	"low"	"Geeselow"	NA	NA	NA	NA	NA	0.233928680350774	0.470306740308573	"No data points have the baseline factor level"	"abundance"	18	2
"OTU_1577"	"Geese"	"high"	"Geesehigh"	NA	NA	NA	NA	NA	1	1	"No data points have the baseline factor level"	"abundance"	18	2
"OTU_1577"	"Geese"	"low"	"Geeselow"	NA	NA	NA	NA	NA	0.233928680350774	0.470306740308573	"No data points have the baseline factor level"	"abundance"	18	2
"OTU_1578"	"Geese"	"low"	"Geeselow"	NA	NA	NA	NA	NA	0.441299875469682	0.647560446525157	"Fitting error (NA p-value returned from fitting procedure)"	"abundance"	18	4
"OTU_1583"	"Geese"	"high"	"Geesehigh"	-2.29041270268157	NA	NA	NA	NA	1	1	"Fitting error (NA p-value returned from fitting procedure)"	"abundance"	18	2
"OTU_1583"	"Geese"	"low"	"Geeselow"	NA	NA	NA	NA	NA	0.441299875469683	0.647560446525157	"Fitting error (NA p-value returned from fitting procedure)"	"abundance"	18	2
"OTU_1589"	"Geese"	"high"	"Geesehigh"	NA	NA	NA	NA	NA	0.441299875469682	0.647560446525157	"Fitting error (NA p-value returned from fitting procedure)"	"abundance"	18	2
"OTU_1589"	"Geese"	"low"	"Geeselow"	2.56731316388896	NA	NA	NA	NA	1	1	"Fitting error (NA p-value returned from fitting procedure)"	"abundance"	18	2
"OTU_16"	"Geese"	"high"	"Geesehigh"	NA	NA	NA	NA	NA	0.0681470476674245	0.371342225006612	"contrasts can be applied only to factors with 2 or more levels"	"abundance"	18	4
"OTU_16"	"Geese"	"low"	"Geeselow"	NA	NA	NA	NA	NA	0.0681470476674243	0.371342225006612	"contrasts can be applied only to factors with 2 or more levels"	"abundance"	18	4
"OTU_160"	"Geese"	"high"	"Geesehigh"	NA	NA	NA	NA	NA	0.233928680350775	0.470306740308573	"Fitting error (NA p-value returned from fitting procedure)"	"abundance"	18	7
"OTU_163"	"Geese"	"high"	"Geesehigh"	NA	NA	NA	NA	NA	0.128757111980885	0.413840882563828	"No data points have the baseline factor level"	"abundance"	18	7
"OTU_163"	"Geese"	"low"	"Geeselow"	NA	NA	NA	NA	NA	0.0681470476674243	0.371342225006612	"No data points have the baseline factor level"	"abundance"	18	7
"OTU_164"	"Geese"	"high"	"Geesehigh"	NA	NA	NA	NA	NA	0.441299875469682	0.647560446525157	"No data points have the baseline factor level"	"abundance"	18	3
"OTU_164"	"Geese"	"low"	"Geeselow"	NA	NA	NA	NA	NA	0.233928680350775	0.470306740308573	"No data points have the baseline factor level"	"abundance"	18	3
"OTU_1652"	"Geese"	"high"	"Geesehigh"	NA	NA	NA	NA	NA	0.233928680350775	0.470306740308573	"Fitting error (NA p-value returned from fitting procedure)"	"abundance"	18	3
"OTU_1662"	"Geese"	"high"	"Geesehigh"	NA	NA	NA	NA	NA	0.0681470476674244	0.371342225006612	"Fitting error (NA p-value returned from fitting procedure)"	"abundance"	18	6
"OTU_1677"	"Geese"	"high"	"Geesehigh"	NA	NA	NA	NA	NA	0.441299875469683	0.647560446525157	"Fitting error (NA p-value returned from fitting procedure)"	"abundance"	18	4
"OTU_168"	"Geese"	"high"	"Geesehigh"	NA	NA	NA	NA	NA	0.128757111980885	0.413840882563828	"Fitting error (NA p-value returned from fitting procedure)"	"abundance"	18	4
"OTU_1688"	"Geese"	"high"	"Geesehigh"	NA	NA	NA	NA	NA	0.128757111980885	0.413840882563828	"Fitting error (NA p-value returned from fitting procedure)"	"abundance"	18	5
"OTU_1693"	"Geese"	"high"	"Geesehigh"	NA	NA	NA	NA	NA	0.0191054750593012	0.300950284637266	"Fitting error (NA p-value returned from fitting procedure)"	"abundance"	18	7
"OTU_1706"	"Geese"	"low"	"Geeselow"	NA	NA	NA	NA	NA	0.441299875469683	0.647560446525157	"Fitting error (NA p-value returned from fitting procedure)"	"abundance"	18	4
"OTU_1736"	"Geese"	"high"	"Geesehigh"	NA	NA	NA	NA	NA	0.0191054750593011	0.300950284637266	"No data points have the baseline factor level"	"abundance"	18	6
"OTU_1736"	"Geese"	"low"	"Geeselow"	NA	NA	NA	NA	NA	1	1	"No data points have the baseline factor level"	"abundance"	18	6
"OTU_1745"	"Geese"	"high"	"Geesehigh"	NA	NA	NA	NA	NA	0.233928680350775	0.470306740308573	"Fitting error (NA p-value returned from fitting procedure)"	"abundance"	18	3
"OTU_175"	"Geese"	"high"	"Geesehigh"	NA	NA	NA	NA	NA	0.0323425624655709	0.300950284637266	"No data points have the baseline factor level"	"abundance"	18	6
"OTU_175"	"Geese"	"low"	"Geeselow"	NA	NA	NA	NA	NA	0.441299875469682	0.647560446525157	"No data points have the baseline factor level"	"abundance"	18	6
"OTU_176"	"Geese"	"high"	"Geesehigh"	NA	NA	NA	NA	NA	0.0191054750593011	0.300950284637266	"Fitting error (NA p-value returned from fitting procedure)"	"abundance"	18	7
"OTU_1762"	"Geese"	"high"	"Geesehigh"	NA	NA	NA	NA	NA	0.0323425624655711	0.300950284637266	"Fitting error (NA p-value returned from fitting procedure)"	"abundance"	18	6
"OTU_1768"	"Geese"	"high"	"Geesehigh"	NA	NA	NA	NA	NA	0.128757111980885	0.413840882563828	"No data points have the baseline factor level"	"abundance"	18	4
"OTU_1768"	"Geese"	"low"	"Geeselow"	NA	NA	NA	NA	NA	0.441299875469682	0.647560446525157	"No data points have the baseline factor level"	"abundance"	18	4
"OTU_1773"	"Geese"	"high"	"Geesehigh"	NA	NA	NA	NA	NA	0.019105475059301	0.300950284637266	"No data points have the baseline factor level"	"abundance"	18	7
"OTU_1773"	"Geese"	"low"	"Geeselow"	NA	NA	NA	NA	NA	0.441299875469682	0.647560446525157	"No data points have the baseline factor level"	"abundance"	18	7
"OTU_178"	"Geese"	"high"	"Geesehigh"	NA	NA	NA	NA	NA	0.128757111980885	0.413840882563828	"Fitting error (NA p-value returned from fitting procedure)"	"abundance"	18	4
"OTU_1780"	"Geese"	"high"	"Geesehigh"	NA	NA	NA	NA	NA	0.128757111980885	0.413840882563828	"No data points have the baseline factor level"	"abundance"	18	4
"OTU_1780"	"Geese"	"low"	"Geeselow"	NA	NA	NA	NA	NA	0.441299875469682	0.647560446525157	"No data points have the baseline factor level"	"abundance"	18	4
"OTU_179"	"Geese"	"high"	"Geesehigh"	NA	NA	NA	NA	NA	0.0323425624655711	0.300950284637266	"Fitting error (NA p-value returned from fitting procedure)"	"abundance"	18	6
"OTU_18"	"Geese"	"low"	"Geeselow"	NA	NA	NA	NA	NA	0.441299875469683	0.647560446525157	"Fitting error (NA p-value returned from fitting procedure)"	"abundance"	18	3
"OTU_1811"	"Geese"	"high"	"Geesehigh"	NA	NA	NA	NA	NA	0.0191054750593011	0.300950284637266	"Fitting error (NA p-value returned from fitting procedure)"	"abundance"	18	11
"OTU_1824"	"Geese"	"high"	"Geesehigh"	NA	NA	NA	NA	NA	0.441299875469682	0.647560446525157	"Fitting error (NA p-value returned from fitting procedure)"	"abundance"	18	3
"OTU_183"	"Geese"	"high"	"Geesehigh"	NA	NA	NA	NA	NA	0.0191054750593011	0.300950284637266	"Fitting error (NA p-value returned from fitting procedure)"	"abundance"	18	8
"OTU_187"	"Geese"	"high"	"Geesehigh"	NA	NA	NA	NA	NA	1	1	"No data points have the baseline factor level"	"abundance"	18	3
"OTU_187"	"Geese"	"low"	"Geeselow"	NA	NA	NA	NA	NA	0.128757111980885	0.413840882563828	"No data points have the baseline factor level"	"abundance"	18	3
"OTU_1887"	"Geese"	"low"	"Geeselow"	NA	NA	NA	NA	NA	0.233928680350775	0.470306740308573	"Fitting error (NA p-value returned from fitting procedure)"	"abundance"	18	5
"OTU_19"	"Geese"	"high"	"Geesehigh"	5.08106206214245	NA	NA	NA	NA	0.999999999999999	1	"Fitting error (NA p-value returned from fitting procedure)"	"abundance"	18	2
"OTU_19"	"Geese"	"low"	"Geeselow"	NA	NA	NA	NA	NA	0.441299875469682	0.647560446525157	"Fitting error (NA p-value returned from fitting procedure)"	"abundance"	18	2
"OTU_1913"	"Geese"	"high"	"Geesehigh"	NA	NA	NA	NA	NA	0.233928680350775	0.470306740308573	"Fitting error (NA p-value returned from fitting procedure)"	"abundance"	18	6
"OTU_1916"	"Geese"	"high"	"Geesehigh"	NA	NA	NA	NA	NA	0.233928680350774	0.470306740308573	"contrasts can be applied only to factors with 2 or more levels"	"abundance"	18	2
"OTU_1916"	"Geese"	"low"	"Geeselow"	NA	NA	NA	NA	NA	0.233928680350775	0.470306740308573	"contrasts can be applied only to factors with 2 or more levels"	"abundance"	18	2
"OTU_1937"	"Geese"	"high"	"Geesehigh"	NA	NA	NA	NA	NA	0.233928680350775	0.470306740308573	"Fitting error (NA p-value returned from fitting procedure)"	"abundance"	18	3
"OTU_194"	"Geese"	"high"	"Geesehigh"	NA	NA	NA	NA	NA	0.0323425624655711	0.300950284637266	"Fitting error (NA p-value returned from fitting procedure)"	"abundance"	18	6
"OTU_1955"	"Geese"	"high"	"Geesehigh"	NA	NA	NA	NA	NA	0.0191054750593011	0.300950284637266	"Fitting error (NA p-value returned from fitting procedure)"	"abundance"	18	7
"OTU_1991"	"Geese"	"high"	"Geesehigh"	NA	NA	NA	NA	NA	0.441299875469682	0.647560446525157	"No data points have the baseline factor level"	"abundance"	18	2
"OTU_1991"	"Geese"	"low"	"Geeselow"	NA	NA	NA	NA	NA	0.441299875469682	0.647560446525157	"No data points have the baseline factor level"	"abundance"	18	2
"OTU_201"	"Geese"	"high"	"Geesehigh"	NA	NA	NA	NA	NA	0.0323425624655711	0.300950284637266	"Fitting error (NA p-value returned from fitting procedure)"	"abundance"	18	6
"OTU_210"	"Geese"	"high"	"Geesehigh"	NA	NA	NA	NA	NA	1	1	"No data points have the baseline factor level"	"abundance"	18	2
"OTU_210"	"Geese"	"low"	"Geeselow"	NA	NA	NA	NA	NA	0.233928680350774	0.470306740308573	"No data points have the baseline factor level"	"abundance"	18	2
"OTU_211"	"Geese"	"high"	"Geesehigh"	NA	NA	NA	NA	NA	0.233928680350775	0.470306740308573	"Fitting error (NA p-value returned from fitting procedure)"	"abundance"	18	4
"OTU_212"	"Geese"	"high"	"Geesehigh"	NA	NA	NA	NA	NA	0.233928680350774	0.470306740308573	"contrasts can be applied only to factors with 2 or more levels"	"abundance"	18	2
"OTU_212"	"Geese"	"low"	"Geeselow"	NA	NA	NA	NA	NA	0.233928680350775	0.470306740308573	"contrasts can be applied only to factors with 2 or more levels"	"abundance"	18	2
"OTU_213"	"Geese"	"high"	"Geesehigh"	NA	NA	NA	NA	NA	1	1	"No data points have the baseline factor level"	"abundance"	18	2
"OTU_213"	"Geese"	"low"	"Geeselow"	NA	NA	NA	NA	NA	0.233928680350775	0.470306740308573	"No data points have the baseline factor level"	"abundance"	18	2
"OTU_215"	"Geese"	"high"	"Geesehigh"	NA	NA	NA	NA	NA	0.441299875469682	0.647560446525157	"No data points have the baseline factor level"	"abundance"	18	3
"OTU_215"	"Geese"	"low"	"Geeselow"	NA	NA	NA	NA	NA	0.233928680350774	0.470306740308573	"No data points have the baseline factor level"	"abundance"	18	3
"OTU_216"	"Geese"	"high"	"Geesehigh"	NA	NA	NA	NA	NA	1	1	"No data points have the baseline factor level"	"abundance"	18	4
"OTU_216"	"Geese"	"low"	"Geeselow"	NA	NA	NA	NA	NA	0.0681470476674243	0.371342225006612	"No data points have the baseline factor level"	"abundance"	18	4
"OTU_217"	"Geese"	"high"	"Geesehigh"	NA	NA	NA	NA	NA	0.0191054750593011	0.300950284637266	"Fitting error (NA p-value returned from fitting procedure)"	"abundance"	18	11
"OTU_219"	"Geese"	"high"	"Geesehigh"	NA	NA	NA	NA	NA	0.0191054750593011	0.300950284637266	"Fitting error (NA p-value returned from fitting procedure)"	"abundance"	18	8
"OTU_220"	"Geese"	"high"	"Geesehigh"	NA	NA	NA	NA	NA	0.019105475059301	0.300950284637266	"Fitting error (NA p-value returned from fitting procedure)"	"abundance"	18	12
"OTU_222"	"Geese"	"high"	"Geesehigh"	NA	NA	NA	NA	NA	0.019105475059301	0.300950284637266	"Fitting error (NA p-value returned from fitting procedure)"	"abundance"	18	9
"OTU_223"	"Geese"	"high"	"Geesehigh"	NA	NA	NA	NA	NA	0.0191054750593011	0.300950284637266	"Fitting error (NA p-value returned from fitting procedure)"	"abundance"	18	11
"OTU_224"	"Geese"	"high"	"Geesehigh"	NA	NA	NA	NA	NA	0.0191054750593011	0.300950284637266	"contrasts can be applied only to factors with 2 or more levels"	"abundance"	18	6
"OTU_224"	"Geese"	"low"	"Geeselow"	NA	NA	NA	NA	NA	0.0191054750593011	0.300950284637266	"contrasts can be applied only to factors with 2 or more levels"	"abundance"	18	6
"OTU_228"	"Geese"	"high"	"Geesehigh"	NA	NA	NA	NA	NA	0.0681470476674244	0.371342225006612	"Fitting error (NA p-value returned from fitting procedure)"	"abundance"	18	6
"OTU_233"	"Geese"	"high"	"Geesehigh"	NA	NA	NA	NA	NA	0.233928680350774	0.470306740308573	"Fitting error (NA p-value returned from fitting procedure)"	"abundance"	18	5
"OTU_237"	"Geese"	"high"	"Geesehigh"	NA	NA	NA	NA	NA	0.0681470476674243	0.371342225006612	"Fitting error (NA p-value returned from fitting procedure)"	"abundance"	18	6
"OTU_239"	"Geese"	"high"	"Geesehigh"	NA	NA	NA	NA	NA	0.0323425624655712	0.300950284637266	"Fitting error (NA p-value returned from fitting procedure)"	"abundance"	18	7
"OTU_24"	"Geese"	"high"	"Geesehigh"	NA	NA	NA	NA	NA	1	1	"No data points have the baseline factor level"	"abundance"	18	2
"OTU_24"	"Geese"	"low"	"Geeselow"	NA	NA	NA	NA	NA	0.233928680350774	0.470306740308573	"No data points have the baseline factor level"	"abundance"	18	2
"OTU_240"	"Geese"	"high"	"Geesehigh"	NA	NA	NA	NA	NA	0.0191054750593011	0.300950284637266	"Fitting error (NA p-value returned from fitting procedure)"	"abundance"	18	7
"OTU_248"	"Geese"	"high"	"Geesehigh"	NA	NA	NA	NA	NA	0.0323425624655711	0.300950284637266	"No data points have the baseline factor level"	"abundance"	18	6
"OTU_248"	"Geese"	"low"	"Geeselow"	NA	NA	NA	NA	NA	0.441299875469682	0.647560446525157	"No data points have the baseline factor level"	"abundance"	18	6
"OTU_25"	"Geese"	"high"	"Geesehigh"	NA	NA	NA	NA	NA	0.441299875469682	0.647560446525157	"Fitting error (NA p-value returned from fitting procedure)"	"abundance"	18	4
"OTU_252"	"Geese"	"high"	"Geesehigh"	NA	NA	NA	NA	NA	0.441299875469682	0.647560446525157	"Fitting error (NA p-value returned from fitting procedure)"	"abundance"	18	4
"OTU_254"	"Geese"	"high"	"Geesehigh"	NA	NA	NA	NA	NA	0.0191054750593011	0.300950284637266	"Fitting error (NA p-value returned from fitting procedure)"	"abundance"	18	9
"OTU_255"	"Geese"	"high"	"Geesehigh"	NA	NA	NA	NA	NA	0.0191054750593011	0.300950284637266	"Fitting error (NA p-value returned from fitting procedure)"	"abundance"	18	7
"OTU_258"	"Geese"	"high"	"Geesehigh"	NA	NA	NA	NA	NA	0.0681470476674242	0.371342225006612	"Fitting error (NA p-value returned from fitting procedure)"	"abundance"	18	9
"OTU_265"	"Geese"	"high"	"Geesehigh"	NA	NA	NA	NA	NA	0.0323425624655711	0.300950284637266	"Fitting error (NA p-value returned from fitting procedure)"	"abundance"	18	7
"OTU_267"	"Geese"	"high"	"Geesehigh"	NA	NA	NA	NA	NA	0.128757111980885	0.413840882563828	"contrasts can be applied only to factors with 2 or more levels"	"abundance"	18	3
"OTU_267"	"Geese"	"low"	"Geeselow"	NA	NA	NA	NA	NA	0.128757111980886	0.413840882563828	"contrasts can be applied only to factors with 2 or more levels"	"abundance"	18	3
"OTU_271"	"Geese"	"high"	"Geesehigh"	NA	NA	NA	NA	NA	0.0323425624655712	0.300950284637266	"contrasts can be applied only to factors with 2 or more levels"	"abundance"	18	5
"OTU_271"	"Geese"	"low"	"Geeselow"	NA	NA	NA	NA	NA	0.0323425624655711	0.300950284637266	"contrasts can be applied only to factors with 2 or more levels"	"abundance"	18	5
"OTU_272"	"Geese"	"high"	"Geesehigh"	NA	NA	NA	NA	NA	0.233928680350775	0.470306740308573	"Fitting error (NA p-value returned from fitting procedure)"	"abundance"	18	4
"OTU_273"	"Geese"	"high"	"Geesehigh"	NA	NA	NA	NA	NA	0.0191054750593011	0.300950284637266	"No data points have the baseline factor level"	"abundance"	18	6
"OTU_273"	"Geese"	"low"	"Geeselow"	NA	NA	NA	NA	NA	1	1	"No data points have the baseline factor level"	"abundance"	18	6
"OTU_276"	"Geese"	"high"	"Geesehigh"	NA	NA	NA	NA	NA	0.019105475059301	0.300950284637266	"Fitting error (NA p-value returned from fitting procedure)"	"abundance"	18	10
"OTU_282"	"Geese"	"high"	"Geesehigh"	NA	NA	NA	NA	NA	1	1	"No data points have the baseline factor level"	"abundance"	18	3
"OTU_282"	"Geese"	"low"	"Geeselow"	NA	NA	NA	NA	NA	0.128757111980885	0.413840882563828	"No data points have the baseline factor level"	"abundance"	18	3
"OTU_283"	"Geese"	"high"	"Geesehigh"	-5.68664099865682	NA	NA	NA	NA	1	1	"Fitting error (NA p-value returned from fitting procedure)"	"abundance"	18	2
"OTU_283"	"Geese"	"low"	"Geeselow"	NA	NA	NA	NA	NA	0.441299875469682	0.647560446525157	"Fitting error (NA p-value returned from fitting procedure)"	"abundance"	18	2
"OTU_285"	"Geese"	"high"	"Geesehigh"	NA	NA	NA	NA	NA	0.0191054750593012	0.300950284637266	"No data points have the baseline factor level"	"abundance"	18	10
"OTU_285"	"Geese"	"low"	"Geeselow"	NA	NA	NA	NA	NA	0.0681470476674243	0.371342225006612	"No data points have the baseline factor level"	"abundance"	18	10
"OTU_289"	"Geese"	"high"	"Geesehigh"	NA	NA	NA	NA	NA	0.233928680350775	0.470306740308573	"Fitting error (NA p-value returned from fitting procedure)"	"abundance"	18	3
"OTU_290"	"Geese"	"low"	"Geeselow"	NA	NA	NA	NA	NA	0.441299875469682	0.647560446525157	"Fitting error (NA p-value returned from fitting procedure)"	"abundance"	18	4
"OTU_291"	"Geese"	"high"	"Geesehigh"	NA	NA	NA	NA	NA	0.233928680350774	0.470306740308573	"contrasts can be applied only to factors with 2 or more levels"	"abundance"	18	2
"OTU_291"	"Geese"	"low"	"Geeselow"	NA	NA	NA	NA	NA	0.233928680350775	0.470306740308573	"contrasts can be applied only to factors with 2 or more levels"	"abundance"	18	2
"OTU_293"	"Geese"	"high"	"Geesehigh"	NA	NA	NA	NA	NA	0.128757111980885	0.413840882563828	"Fitting error (NA p-value returned from fitting procedure)"	"abundance"	18	4
"OTU_294"	"Geese"	"high"	"Geesehigh"	NA	NA	NA	NA	NA	0.0323425624655712	0.300950284637266	"Fitting error (NA p-value returned from fitting procedure)"	"abundance"	18	8
"OTU_296"	"Geese"	"high"	"Geesehigh"	NA	NA	NA	NA	NA	0.233928680350775	0.470306740308573	"Fitting error (NA p-value returned from fitting procedure)"	"abundance"	18	5
"OTU_297"	"Geese"	"high"	"Geesehigh"	NA	NA	NA	NA	NA	0.233928680350775	0.470306740308573	"Fitting error (NA p-value returned from fitting procedure)"	"abundance"	18	6
"OTU_299"	"Geese"	"high"	"Geesehigh"	NA	NA	NA	NA	NA	0.0323425624655712	0.300950284637266	"Fitting error (NA p-value returned from fitting procedure)"	"abundance"	18	8
"OTU_302"	"Geese"	"high"	"Geesehigh"	NA	NA	NA	NA	NA	0.128757111980885	0.413840882563828	"Fitting error (NA p-value returned from fitting procedure)"	"abundance"	18	9
"OTU_304"	"Geese"	"high"	"Geesehigh"	NA	NA	NA	NA	NA	0.233928680350774	0.470306740308573	"No data points have the baseline factor level"	"abundance"	18	2
"OTU_304"	"Geese"	"low"	"Geeselow"	NA	NA	NA	NA	NA	1	1	"No data points have the baseline factor level"	"abundance"	18	2
"OTU_305"	"Geese"	"high"	"Geesehigh"	NA	NA	NA	NA	NA	0.019105475059301	0.300950284637266	"Fitting error (NA p-value returned from fitting procedure)"	"abundance"	18	10
"OTU_308"	"Geese"	"high"	"Geesehigh"	NA	NA	NA	NA	NA	0.0323425624655711	0.300950284637266	"Fitting error (NA p-value returned from fitting procedure)"	"abundance"	18	8
"OTU_309"	"Geese"	"high"	"Geesehigh"	NA	NA	NA	NA	NA	0.128757111980885	0.413840882563828	"contrasts can be applied only to factors with 2 or more levels"	"abundance"	18	3
"OTU_309"	"Geese"	"low"	"Geeselow"	NA	NA	NA	NA	NA	0.128757111980886	0.413840882563828	"contrasts can be applied only to factors with 2 or more levels"	"abundance"	18	3
"OTU_31"	"Geese"	"high"	"Geesehigh"	NA	NA	NA	NA	NA	0.0191054750593011	0.300950284637266	"Fitting error (NA p-value returned from fitting procedure)"	"abundance"	18	10
"OTU_313"	"Geese"	"high"	"Geesehigh"	NA	NA	NA	NA	NA	0.0681470476674244	0.371342225006612	"contrasts can be applied only to factors with 2 or more levels"	"abundance"	18	4
"OTU_313"	"Geese"	"low"	"Geeselow"	NA	NA	NA	NA	NA	0.0681470476674243	0.371342225006612	"contrasts can be applied only to factors with 2 or more levels"	"abundance"	18	4
"OTU_314"	"Geese"	"high"	"Geesehigh"	NA	NA	NA	NA	NA	0.0191054750593011	0.300950284637266	"Fitting error (NA p-value returned from fitting procedure)"	"abundance"	18	7
"OTU_316"	"Geese"	"high"	"Geesehigh"	NA	NA	NA	NA	NA	0.441299875469682	0.647560446525157	"Fitting error (NA p-value returned from fitting procedure)"	"abundance"	18	3
"OTU_318"	"Geese"	"high"	"Geesehigh"	NA	NA	NA	NA	NA	0.441299875469682	0.647560446525157	"No data points have the baseline factor level"	"abundance"	18	2
"OTU_318"	"Geese"	"low"	"Geeselow"	NA	NA	NA	NA	NA	0.441299875469682	0.647560446525157	"No data points have the baseline factor level"	"abundance"	18	2
"OTU_319"	"Geese"	"low"	"Geeselow"	NA	NA	NA	NA	NA	0.128757111980885	0.413840882563828	"Fitting error (NA p-value returned from fitting procedure)"	"abundance"	18	6
"OTU_321"	"Geese"	"high"	"Geesehigh"	NA	NA	NA	NA	NA	0.019105475059301	0.300950284637266	"Fitting error (NA p-value returned from fitting procedure)"	"abundance"	18	10
"OTU_324"	"Geese"	"high"	"Geesehigh"	NA	NA	NA	NA	NA	0.0191054750593011	0.300950284637266	"Fitting error (NA p-value returned from fitting procedure)"	"abundance"	18	7
"OTU_326"	"Geese"	"high"	"Geesehigh"	NA	NA	NA	NA	NA	0.0681470476674242	0.371342225006612	"Fitting error (NA p-value returned from fitting procedure)"	"abundance"	18	6
"OTU_328"	"Geese"	"high"	"Geesehigh"	NA	NA	NA	NA	NA	0.0681470476674244	0.371342225006612	"contrasts can be applied only to factors with 2 or more levels"	"abundance"	18	4
"OTU_328"	"Geese"	"low"	"Geeselow"	NA	NA	NA	NA	NA	0.0681470476674243	0.371342225006612	"contrasts can be applied only to factors with 2 or more levels"	"abundance"	18	4
"OTU_33"	"Geese"	"high"	"Geesehigh"	NA	NA	NA	NA	NA	1	1	"No data points have the baseline factor level"	"abundance"	18	2
"OTU_33"	"Geese"	"low"	"Geeselow"	NA	NA	NA	NA	NA	0.233928680350775	0.470306740308573	"No data points have the baseline factor level"	"abundance"	18	2
"OTU_331"	"Geese"	"high"	"Geesehigh"	NA	NA	NA	NA	NA	0.233928680350775	0.470306740308573	"No data points have the baseline factor level"	"abundance"	18	3
"OTU_331"	"Geese"	"low"	"Geeselow"	NA	NA	NA	NA	NA	0.441299875469682	0.647560446525157	"No data points have the baseline factor level"	"abundance"	18	3
"OTU_333"	"Geese"	"high"	"Geesehigh"	NA	NA	NA	NA	NA	0.0191054750593011	0.300950284637266	"Fitting error (NA p-value returned from fitting procedure)"	"abundance"	18	7
"OTU_336"	"Geese"	"high"	"Geesehigh"	NA	NA	NA	NA	NA	0.233928680350775	0.470306740308573	"Fitting error (NA p-value returned from fitting procedure)"	"abundance"	18	3
"OTU_344"	"Geese"	"high"	"Geesehigh"	NA	NA	NA	NA	NA	0.233928680350775	0.470306740308573	"contrasts can be applied only to factors with 2 or more levels"	"abundance"	18	2
"OTU_344"	"Geese"	"low"	"Geeselow"	NA	NA	NA	NA	NA	0.233928680350775	0.470306740308573	"contrasts can be applied only to factors with 2 or more levels"	"abundance"	18	2
"OTU_349"	"Geese"	"high"	"Geesehigh"	NA	NA	NA	NA	NA	0.128757111980885	0.413840882563828	"No data points have the baseline factor level"	"abundance"	18	4
"OTU_349"	"Geese"	"low"	"Geeselow"	NA	NA	NA	NA	NA	0.441299875469682	0.647560446525157	"No data points have the baseline factor level"	"abundance"	18	4
"OTU_350"	"Geese"	"high"	"Geesehigh"	NA	NA	NA	NA	NA	0.441299875469683	0.647560446525157	"No data points have the baseline factor level"	"abundance"	18	2
"OTU_350"	"Geese"	"low"	"Geeselow"	NA	NA	NA	NA	NA	0.441299875469683	0.647560446525157	"No data points have the baseline factor level"	"abundance"	18	2
"OTU_353"	"Geese"	"low"	"Geeselow"	NA	NA	NA	NA	NA	0.233928680350774	0.470306740308573	"Fitting error (NA p-value returned from fitting procedure)"	"abundance"	18	3
"OTU_354"	"Geese"	"high"	"Geesehigh"	NA	NA	NA	NA	NA	0.128757111980885	0.413840882563828	"contrasts can be applied only to factors with 2 or more levels"	"abundance"	18	3
"OTU_354"	"Geese"	"low"	"Geeselow"	NA	NA	NA	NA	NA	0.128757111980885	0.413840882563828	"contrasts can be applied only to factors with 2 or more levels"	"abundance"	18	3
"OTU_355"	"Geese"	"high"	"Geesehigh"	NA	NA	NA	NA	NA	0.128757111980885	0.413840882563828	"No data points have the baseline factor level"	"abundance"	18	3
"OTU_355"	"Geese"	"low"	"Geeselow"	NA	NA	NA	NA	NA	1	1	"No data points have the baseline factor level"	"abundance"	18	3
"OTU_356"	"Geese"	"high"	"Geesehigh"	NA	NA	NA	NA	NA	0.0191054750593011	0.300950284637266	"contrasts can be applied only to factors with 2 or more levels"	"abundance"	18	6
"OTU_356"	"Geese"	"low"	"Geeselow"	NA	NA	NA	NA	NA	0.0191054750593011	0.300950284637266	"contrasts can be applied only to factors with 2 or more levels"	"abundance"	18	6
"OTU_357"	"Geese"	"low"	"Geeselow"	NA	NA	NA	NA	NA	0.441299875469683	0.647560446525157	"Fitting error (NA p-value returned from fitting procedure)"	"abundance"	18	4
"OTU_359"	"Geese"	"high"	"Geesehigh"	NA	NA	NA	NA	NA	0.0191054750593011	0.300950284637266	"No data points have the baseline factor level"	"abundance"	18	6
"OTU_359"	"Geese"	"low"	"Geeselow"	NA	NA	NA	NA	NA	1	1	"No data points have the baseline factor level"	"abundance"	18	6
"OTU_360"	"Geese"	"high"	"Geesehigh"	NA	NA	NA	NA	NA	0.441299875469682	0.647560446525157	"Fitting error (NA p-value returned from fitting procedure)"	"abundance"	18	2
"OTU_360"	"Geese"	"low"	"Geeselow"	7.29803673714947	NA	NA	NA	NA	1	1	"Fitting error (NA p-value returned from fitting procedure)"	"abundance"	18	2
"OTU_366"	"Geese"	"high"	"Geesehigh"	NA	NA	NA	NA	NA	0.128757111980885	0.413840882563828	"Fitting error (NA p-value returned from fitting procedure)"	"abundance"	18	4
"OTU_367"	"Geese"	"high"	"Geesehigh"	NA	NA	NA	NA	NA	0.0191054750593011	0.300950284637266	"No data points have the baseline factor level"	"abundance"	18	7
"OTU_367"	"Geese"	"low"	"Geeselow"	NA	NA	NA	NA	NA	0.441299875469683	0.647560446525157	"No data points have the baseline factor level"	"abundance"	18	7
"OTU_370"	"Geese"	"high"	"Geesehigh"	NA	NA	NA	NA	NA	0.128757111980885	0.413840882563828	"No data points have the baseline factor level"	"abundance"	18	3
"OTU_370"	"Geese"	"low"	"Geeselow"	NA	NA	NA	NA	NA	1	1	"No data points have the baseline factor level"	"abundance"	18	3
"OTU_371"	"Geese"	"high"	"Geesehigh"	NA	NA	NA	NA	NA	0.441299875469682	0.647560446525157	"Fitting error (NA p-value returned from fitting procedure)"	"abundance"	18	2
"OTU_371"	"Geese"	"low"	"Geeselow"	6.23716456219663	NA	NA	NA	NA	1	1	"Fitting error (NA p-value returned from fitting procedure)"	"abundance"	18	2
"OTU_372"	"Geese"	"high"	"Geesehigh"	NA	NA	NA	NA	NA	0.0191054750593011	0.300950284637266	"contrasts can be applied only to factors with 2 or more levels"	"abundance"	18	6
"OTU_372"	"Geese"	"low"	"Geeselow"	NA	NA	NA	NA	NA	0.0191054750593011	0.300950284637266	"contrasts can be applied only to factors with 2 or more levels"	"abundance"	18	6
"OTU_373"	"Geese"	"high"	"Geesehigh"	NA	NA	NA	NA	NA	0.233928680350775	0.470306740308573	"contrasts can be applied only to factors with 2 or more levels"	"abundance"	18	2
"OTU_373"	"Geese"	"low"	"Geeselow"	NA	NA	NA	NA	NA	0.233928680350775	0.470306740308573	"contrasts can be applied only to factors with 2 or more levels"	"abundance"	18	2
"OTU_374"	"Geese"	"high"	"Geesehigh"	NA	NA	NA	NA	NA	1	1	"No data points have the baseline factor level"	"abundance"	18	3
"OTU_374"	"Geese"	"low"	"Geeselow"	NA	NA	NA	NA	NA	0.128757111980885	0.413840882563828	"No data points have the baseline factor level"	"abundance"	18	3
"OTU_378"	"Geese"	"high"	"Geesehigh"	NA	NA	NA	NA	NA	0.0191054750593011	0.300950284637266	"No data points have the baseline factor level"	"abundance"	18	7
"OTU_378"	"Geese"	"low"	"Geeselow"	NA	NA	NA	NA	NA	0.441299875469683	0.647560446525157	"No data points have the baseline factor level"	"abundance"	18	7
"OTU_379"	"Geese"	"high"	"Geesehigh"	NA	NA	NA	NA	NA	0.0191054750593011	0.300950284637266	"No data points have the baseline factor level"	"abundance"	18	6
"OTU_379"	"Geese"	"low"	"Geeselow"	NA	NA	NA	NA	NA	1	1	"No data points have the baseline factor level"	"abundance"	18	6
"OTU_382"	"Geese"	"high"	"Geesehigh"	NA	NA	NA	NA	NA	0.0681470476674243	0.371342225006612	"Fitting error (NA p-value returned from fitting procedure)"	"abundance"	18	5
"OTU_383"	"Geese"	"high"	"Geesehigh"	NA	NA	NA	NA	NA	1	1	"No data points have the baseline factor level"	"abundance"	18	2
"OTU_383"	"Geese"	"low"	"Geeselow"	NA	NA	NA	NA	NA	0.233928680350774	0.470306740308573	"No data points have the baseline factor level"	"abundance"	18	2
"OTU_384"	"Geese"	"high"	"Geesehigh"	NA	NA	NA	NA	NA	0.0323425624655709	0.300950284637266	"No data points have the baseline factor level"	"abundance"	18	6
"OTU_384"	"Geese"	"low"	"Geeselow"	NA	NA	NA	NA	NA	0.441299875469682	0.647560446525157	"No data points have the baseline factor level"	"abundance"	18	6
"OTU_390"	"Geese"	"high"	"Geesehigh"	NA	NA	NA	NA	NA	0.0681470476674244	0.371342225006612	"contrasts can be applied only to factors with 2 or more levels"	"abundance"	18	4
"OTU_390"	"Geese"	"low"	"Geeselow"	NA	NA	NA	NA	NA	0.0681470476674245	0.371342225006612	"contrasts can be applied only to factors with 2 or more levels"	"abundance"	18	4
"OTU_392"	"Geese"	"high"	"Geesehigh"	NA	NA	NA	NA	NA	0.233928680350775	0.470306740308573	"No data points have the baseline factor level"	"abundance"	18	6
"OTU_392"	"Geese"	"low"	"Geeselow"	NA	NA	NA	NA	NA	0.0681470476674244	0.371342225006612	"No data points have the baseline factor level"	"abundance"	18	6
"OTU_393"	"Geese"	"high"	"Geesehigh"	NA	NA	NA	NA	NA	0.0323425624655711	0.300950284637266	"No data points have the baseline factor level"	"abundance"	18	7
"OTU_393"	"Geese"	"low"	"Geeselow"	NA	NA	NA	NA	NA	0.233928680350775	0.470306740308573	"No data points have the baseline factor level"	"abundance"	18	7
"OTU_396"	"Geese"	"high"	"Geesehigh"	NA	NA	NA	NA	NA	0.0681470476674244	0.371342225006612	"contrasts can be applied only to factors with 2 or more levels"	"abundance"	18	4
"OTU_396"	"Geese"	"low"	"Geeselow"	NA	NA	NA	NA	NA	0.0681470476674242	0.371342225006612	"contrasts can be applied only to factors with 2 or more levels"	"abundance"	18	4
"OTU_397"	"Geese"	"high"	"Geesehigh"	NA	NA	NA	NA	NA	0.441299875469682	0.647560446525157	"Fitting error (NA p-value returned from fitting procedure)"	"abundance"	18	2
"OTU_397"	"Geese"	"low"	"Geeselow"	1.00602522520432	NA	NA	NA	NA	1	1	"Fitting error (NA p-value returned from fitting procedure)"	"abundance"	18	2
"OTU_40"	"Geese"	"high"	"Geesehigh"	NA	NA	NA	NA	NA	1	1	"No data points have the baseline factor level"	"abundance"	18	2
"OTU_40"	"Geese"	"low"	"Geeselow"	NA	NA	NA	NA	NA	0.233928680350775	0.470306740308573	"No data points have the baseline factor level"	"abundance"	18	2
"OTU_402"	"Geese"	"high"	"Geesehigh"	NA	NA	NA	NA	NA	0.233928680350774	0.470306740308573	"contrasts can be applied only to factors with 2 or more levels"	"abundance"	18	2
"OTU_402"	"Geese"	"low"	"Geeselow"	NA	NA	NA	NA	NA	0.233928680350775	0.470306740308573	"contrasts can be applied only to factors with 2 or more levels"	"abundance"	18	2
"OTU_403"	"Geese"	"high"	"Geesehigh"	NA	NA	NA	NA	NA	0.441299875469682	0.647560446525157	"No data points have the baseline factor level"	"abundance"	18	5
"OTU_403"	"Geese"	"low"	"Geeselow"	NA	NA	NA	NA	NA	0.0681470476674243	0.371342225006612	"No data points have the baseline factor level"	"abundance"	18	5
"OTU_404"	"Geese"	"high"	"Geesehigh"	NA	NA	NA	NA	NA	0.233928680350775	0.470306740308573	"contrasts can be applied only to factors with 2 or more levels"	"abundance"	18	2
"OTU_404"	"Geese"	"low"	"Geeselow"	NA	NA	NA	NA	NA	0.233928680350775	0.470306740308573	"contrasts can be applied only to factors with 2 or more levels"	"abundance"	18	2
"OTU_406"	"Geese"	"high"	"Geesehigh"	NA	NA	NA	NA	NA	0.233928680350775	0.470306740308573	"Fitting error (NA p-value returned from fitting procedure)"	"abundance"	18	6
"OTU_412"	"Geese"	"high"	"Geesehigh"	NA	NA	NA	NA	NA	0.0323425624655712	0.300950284637266	"Fitting error (NA p-value returned from fitting procedure)"	"abundance"	18	7
"OTU_413"	"Geese"	"high"	"Geesehigh"	NA	NA	NA	NA	NA	0.233928680350775	0.470306740308573	"contrasts can be applied only to factors with 2 or more levels"	"abundance"	18	2
"OTU_413"	"Geese"	"low"	"Geeselow"	NA	NA	NA	NA	NA	0.233928680350775	0.470306740308573	"contrasts can be applied only to factors with 2 or more levels"	"abundance"	18	2
"OTU_416"	"Geese"	"high"	"Geesehigh"	NA	NA	NA	NA	NA	0.233928680350775	0.470306740308573	"No data points have the baseline factor level"	"abundance"	18	3
"OTU_416"	"Geese"	"low"	"Geeselow"	NA	NA	NA	NA	NA	0.441299875469683	0.647560446525157	"No data points have the baseline factor level"	"abundance"	18	3
"OTU_417"	"Geese"	"high"	"Geesehigh"	NA	NA	NA	NA	NA	0.0323425624655711	0.300950284637266	"Fitting error (NA p-value returned from fitting procedure)"	"abundance"	18	9
"OTU_418"	"Geese"	"high"	"Geesehigh"	NA	NA	NA	NA	NA	0.128757111980885	0.413840882563828	"Fitting error (NA p-value returned from fitting procedure)"	"abundance"	18	5
"OTU_420"	"Geese"	"high"	"Geesehigh"	NA	NA	NA	NA	NA	0.0191054750593011	0.300950284637266	"Fitting error (NA p-value returned from fitting procedure)"	"abundance"	18	8
"OTU_421"	"Geese"	"high"	"Geesehigh"	NA	NA	NA	NA	NA	0.128757111980885	0.413840882563828	"contrasts can be applied only to factors with 2 or more levels"	"abundance"	18	3
"OTU_421"	"Geese"	"low"	"Geeselow"	NA	NA	NA	NA	NA	0.128757111980885	0.413840882563828	"contrasts can be applied only to factors with 2 or more levels"	"abundance"	18	3
"OTU_425"	"Geese"	"high"	"Geesehigh"	NA	NA	NA	NA	NA	0.0323425624655711	0.300950284637266	"Fitting error (NA p-value returned from fitting procedure)"	"abundance"	18	6
"OTU_428"	"Geese"	"high"	"Geesehigh"	NA	NA	NA	NA	NA	0.0323425624655711	0.300950284637266	"Fitting error (NA p-value returned from fitting procedure)"	"abundance"	18	10
"OTU_43"	"Geese"	"high"	"Geesehigh"	NA	NA	NA	NA	NA	0.0323425624655711	0.300950284637266	"Fitting error (NA p-value returned from fitting procedure)"	"abundance"	18	8
"OTU_430"	"Geese"	"high"	"Geesehigh"	NA	NA	NA	NA	NA	1	1	"No data points have the baseline factor level"	"abundance"	18	3
"OTU_430"	"Geese"	"low"	"Geeselow"	NA	NA	NA	NA	NA	0.128757111980885	0.413840882563828	"No data points have the baseline factor level"	"abundance"	18	3
"OTU_433"	"Geese"	"high"	"Geesehigh"	NA	NA	NA	NA	NA	0.441299875469682	0.647560446525157	"No data points have the baseline factor level"	"abundance"	18	2
"OTU_433"	"Geese"	"low"	"Geeselow"	NA	NA	NA	NA	NA	0.441299875469682	0.647560446525157	"No data points have the baseline factor level"	"abundance"	18	2
"OTU_434"	"Geese"	"high"	"Geesehigh"	NA	NA	NA	NA	NA	0.0681470476674242	0.371342225006612	"Fitting error (NA p-value returned from fitting procedure)"	"abundance"	18	7
"OTU_435"	"Geese"	"high"	"Geesehigh"	NA	NA	NA	NA	NA	0.233928680350775	0.470306740308573	"No data points have the baseline factor level"	"abundance"	18	3
"OTU_435"	"Geese"	"low"	"Geeselow"	NA	NA	NA	NA	NA	0.441299875469682	0.647560446525157	"No data points have the baseline factor level"	"abundance"	18	3
"OTU_436"	"Geese"	"high"	"Geesehigh"	NA	NA	NA	NA	NA	0.0191054750593011	0.300950284637266	"No data points have the baseline factor level"	"abundance"	18	6
"OTU_436"	"Geese"	"low"	"Geeselow"	NA	NA	NA	NA	NA	1	1	"No data points have the baseline factor level"	"abundance"	18	6
"OTU_441"	"Geese"	"high"	"Geesehigh"	NA	NA	NA	NA	NA	0.0323425624655711	0.300950284637266	"Fitting error (NA p-value returned from fitting procedure)"	"abundance"	18	9
"OTU_442"	"Geese"	"high"	"Geesehigh"	NA	NA	NA	NA	NA	0.0191054750593011	0.300950284637266	"Fitting error (NA p-value returned from fitting procedure)"	"abundance"	18	8
"OTU_443"	"Geese"	"high"	"Geesehigh"	NA	NA	NA	NA	NA	0.441299875469682	0.647560446525157	"Fitting error (NA p-value returned from fitting procedure)"	"abundance"	18	3
"OTU_444"	"Geese"	"high"	"Geesehigh"	NA	NA	NA	NA	NA	0.0191054750593011	0.300950284637266	"Fitting error (NA p-value returned from fitting procedure)"	"abundance"	18	10
"OTU_447"	"Geese"	"high"	"Geesehigh"	NA	NA	NA	NA	NA	1	1	"No data points have the baseline factor level"	"abundance"	18	4
"OTU_447"	"Geese"	"low"	"Geeselow"	NA	NA	NA	NA	NA	0.0681470476674241	0.371342225006612	"No data points have the baseline factor level"	"abundance"	18	4
"OTU_451"	"Geese"	"high"	"Geesehigh"	NA	NA	NA	NA	NA	0.233928680350775	0.470306740308573	"Fitting error (NA p-value returned from fitting procedure)"	"abundance"	18	3
"OTU_452"	"Geese"	"high"	"Geesehigh"	NA	NA	NA	NA	NA	0.019105475059301	0.300950284637266	"Fitting error (NA p-value returned from fitting procedure)"	"abundance"	18	10
"OTU_455"	"Geese"	"high"	"Geesehigh"	NA	NA	NA	NA	NA	0.128757111980885	0.413840882563828	"Fitting error (NA p-value returned from fitting procedure)"	"abundance"	18	4
"OTU_457"	"Geese"	"high"	"Geesehigh"	NA	NA	NA	NA	NA	0.0191054750593011	0.300950284637266	"Fitting error (NA p-value returned from fitting procedure)"	"abundance"	18	8
"OTU_458"	"Geese"	"high"	"Geesehigh"	NA	NA	NA	NA	NA	0.0681470476674246	0.371342225006612	"Fitting error (NA p-value returned from fitting procedure)"	"abundance"	18	8
"OTU_460"	"Geese"	"high"	"Geesehigh"	NA	NA	NA	NA	NA	0.0323425624655711	0.300950284637266	"Fitting error (NA p-value returned from fitting procedure)"	"abundance"	18	6
"OTU_461"	"Geese"	"high"	"Geesehigh"	NA	NA	NA	NA	NA	0.441299875469682	0.647560446525157	"Fitting error (NA p-value returned from fitting procedure)"	"abundance"	18	2
"OTU_461"	"Geese"	"low"	"Geeselow"	6.3269071432538	NA	NA	NA	NA	1	1	"Fitting error (NA p-value returned from fitting procedure)"	"abundance"	18	2
"OTU_468"	"Geese"	"high"	"Geesehigh"	NA	NA	NA	NA	NA	0.0323425624655712	0.300950284637266	"No data points have the baseline factor level"	"abundance"	18	8
"OTU_468"	"Geese"	"low"	"Geeselow"	NA	NA	NA	NA	NA	0.128757111980885	0.413840882563828	"No data points have the baseline factor level"	"abundance"	18	8
"OTU_47"	"Geese"	"low"	"Geeselow"	NA	NA	NA	NA	NA	0.128757111980885	0.413840882563828	"Fitting error (NA p-value returned from fitting procedure)"	"abundance"	18	4
"OTU_471"	"Geese"	"high"	"Geesehigh"	NA	NA	NA	NA	NA	0.0681470476674243	0.371342225006612	"Fitting error (NA p-value returned from fitting procedure)"	"abundance"	18	5
"OTU_472"	"Geese"	"high"	"Geesehigh"	NA	NA	NA	NA	NA	0.233928680350775	0.470306740308573	"Fitting error (NA p-value returned from fitting procedure)"	"abundance"	18	4
"OTU_473"	"Geese"	"high"	"Geesehigh"	NA	NA	NA	NA	NA	0.0323425624655711	0.300950284637266	"Fitting error (NA p-value returned from fitting procedure)"	"abundance"	18	6
"OTU_474"	"Geese"	"high"	"Geesehigh"	NA	NA	NA	NA	NA	0.441299875469682	0.647560446525157	"Fitting error (NA p-value returned from fitting procedure)"	"abundance"	18	4
"OTU_480"	"Geese"	"high"	"Geesehigh"	NA	NA	NA	NA	NA	0.0191054750593011	0.300950284637266	"No data points have the baseline factor level"	"abundance"	18	6
"OTU_480"	"Geese"	"low"	"Geeselow"	NA	NA	NA	NA	NA	1	1	"No data points have the baseline factor level"	"abundance"	18	6
"OTU_482"	"Geese"	"high"	"Geesehigh"	NA	NA	NA	NA	NA	0.233928680350775	0.470306740308573	"Fitting error (NA p-value returned from fitting procedure)"	"abundance"	18	4
"OTU_485"	"Geese"	"high"	"Geesehigh"	NA	NA	NA	NA	NA	0.128757111980885	0.413840882563828	"contrasts can be applied only to factors with 2 or more levels"	"abundance"	18	3
"OTU_485"	"Geese"	"low"	"Geeselow"	NA	NA	NA	NA	NA	0.128757111980885	0.413840882563828	"contrasts can be applied only to factors with 2 or more levels"	"abundance"	18	3
"OTU_487"	"Geese"	"high"	"Geesehigh"	NA	NA	NA	NA	NA	1	1	"No data points have the baseline factor level"	"abundance"	18	4
"OTU_487"	"Geese"	"low"	"Geeselow"	NA	NA	NA	NA	NA	0.0681470476674242	0.371342225006612	"No data points have the baseline factor level"	"abundance"	18	4
"OTU_488"	"Geese"	"high"	"Geesehigh"	NA	NA	NA	NA	NA	0.233928680350775	0.470306740308573	"contrasts can be applied only to factors with 2 or more levels"	"abundance"	18	2
"OTU_488"	"Geese"	"low"	"Geeselow"	NA	NA	NA	NA	NA	0.233928680350775	0.470306740308573	"contrasts can be applied only to factors with 2 or more levels"	"abundance"	18	2
"OTU_489"	"Geese"	"high"	"Geesehigh"	NA	NA	NA	NA	NA	0.0323425624655711	0.300950284637266	"Fitting error (NA p-value returned from fitting procedure)"	"abundance"	18	6
"OTU_490"	"Geese"	"high"	"Geesehigh"	NA	NA	NA	NA	NA	0.0191054750593011	0.300950284637266	"No data points have the baseline factor level"	"abundance"	18	6
"OTU_490"	"Geese"	"low"	"Geeselow"	NA	NA	NA	NA	NA	1	1	"No data points have the baseline factor level"	"abundance"	18	6
"OTU_491"	"Geese"	"high"	"Geesehigh"	NA	NA	NA	NA	NA	0.233928680350774	0.470306740308573	"Fitting error (NA p-value returned from fitting procedure)"	"abundance"	18	5
"OTU_494"	"Geese"	"high"	"Geesehigh"	NA	NA	NA	NA	NA	0.233928680350774	0.470306740308573	"contrasts can be applied only to factors with 2 or more levels"	"abundance"	18	2
"OTU_494"	"Geese"	"low"	"Geeselow"	NA	NA	NA	NA	NA	0.233928680350775	0.470306740308573	"contrasts can be applied only to factors with 2 or more levels"	"abundance"	18	2
"OTU_498"	"Geese"	"high"	"Geesehigh"	NA	NA	NA	NA	NA	0.441299875469682	0.647560446525157	"Fitting error (NA p-value returned from fitting procedure)"	"abundance"	18	2
"OTU_498"	"Geese"	"low"	"Geeselow"	-7.43012175667199	NA	NA	NA	NA	1	1	"Fitting error (NA p-value returned from fitting procedure)"	"abundance"	18	2
"OTU_499"	"Geese"	"high"	"Geesehigh"	NA	NA	NA	NA	NA	0.032342562465571	0.300950284637266	"No data points have the baseline factor level"	"abundance"	18	5
"OTU_499"	"Geese"	"low"	"Geeselow"	NA	NA	NA	NA	NA	1	1	"No data points have the baseline factor level"	"abundance"	18	5
"OTU_500"	"Geese"	"low"	"Geeselow"	NA	NA	NA	NA	NA	0.441299875469682	0.647560446525157	"Fitting error (NA p-value returned from fitting procedure)"	"abundance"	18	3
"OTU_502"	"Geese"	"high"	"Geesehigh"	NA	NA	NA	NA	NA	0.128757111980885	0.413840882563828	"No data points have the baseline factor level"	"abundance"	18	3
"OTU_502"	"Geese"	"low"	"Geeselow"	NA	NA	NA	NA	NA	1	1	"No data points have the baseline factor level"	"abundance"	18	3
"OTU_505"	"Geese"	"high"	"Geesehigh"	NA	NA	NA	NA	NA	0.0323425624655711	0.300950284637266	"Fitting error (NA p-value returned from fitting procedure)"	"abundance"	18	7
"OTU_506"	"Geese"	"high"	"Geesehigh"	NA	NA	NA	NA	NA	1	1	"No data points have the baseline factor level"	"abundance"	18	2
"OTU_506"	"Geese"	"low"	"Geeselow"	NA	NA	NA	NA	NA	0.233928680350774	0.470306740308573	"No data points have the baseline factor level"	"abundance"	18	2
"OTU_508"	"Geese"	"low"	"Geeselow"	NA	NA	NA	NA	NA	0.441299875469682	0.647560446525157	"Fitting error (NA p-value returned from fitting procedure)"	"abundance"	18	5
"OTU_509"	"Geese"	"low"	"Geeselow"	NA	NA	NA	NA	NA	0.233928680350775	0.470306740308573	"Fitting error (NA p-value returned from fitting procedure)"	"abundance"	18	6
"OTU_513"	"Geese"	"high"	"Geesehigh"	NA	NA	NA	NA	NA	0.0681470476674246	0.371342225006612	"Fitting error (NA p-value returned from fitting procedure)"	"abundance"	18	6
"OTU_514"	"Geese"	"high"	"Geesehigh"	NA	NA	NA	NA	NA	0.0323425624655712	0.300950284637266	"Fitting error (NA p-value returned from fitting procedure)"	"abundance"	18	8
"OTU_516"	"Geese"	"high"	"Geesehigh"	NA	NA	NA	NA	NA	0.128757111980885	0.413840882563828	"Fitting error (NA p-value returned from fitting procedure)"	"abundance"	18	4
"OTU_517"	"Geese"	"high"	"Geesehigh"	NA	NA	NA	NA	NA	0.128757111980885	0.413840882563828	"Fitting error (NA p-value returned from fitting procedure)"	"abundance"	18	8
"OTU_518"	"Geese"	"high"	"Geesehigh"	NA	NA	NA	NA	NA	0.128757111980885	0.413840882563828	"No data points have the baseline factor level"	"abundance"	18	6
"OTU_518"	"Geese"	"low"	"Geeselow"	NA	NA	NA	NA	NA	0.128757111980885	0.413840882563828	"No data points have the baseline factor level"	"abundance"	18	6
"OTU_519"	"Geese"	"high"	"Geesehigh"	NA	NA	NA	NA	NA	0.128757111980885	0.413840882563828	"No data points have the baseline factor level"	"abundance"	18	3
"OTU_519"	"Geese"	"low"	"Geeselow"	NA	NA	NA	NA	NA	1	1	"No data points have the baseline factor level"	"abundance"	18	3
"OTU_52"	"Geese"	"high"	"Geesehigh"	NA	NA	NA	NA	NA	0.128757111980885	0.413840882563828	"No data points have the baseline factor level"	"abundance"	18	5
"OTU_52"	"Geese"	"low"	"Geeselow"	NA	NA	NA	NA	NA	0.233928680350774	0.470306740308573	"No data points have the baseline factor level"	"abundance"	18	5
"OTU_521"	"Geese"	"high"	"Geesehigh"	NA	NA	NA	NA	NA	0.0681470476674244	0.371342225006612	"No data points have the baseline factor level"	"abundance"	18	5
"OTU_521"	"Geese"	"low"	"Geeselow"	NA	NA	NA	NA	NA	0.441299875469682	0.647560446525157	"No data points have the baseline factor level"	"abundance"	18	5
"OTU_523"	"Geese"	"high"	"Geesehigh"	NA	NA	NA	NA	NA	0.128757111980885	0.413840882563828	"contrasts can be applied only to factors with 2 or more levels"	"abundance"	18	3
"OTU_523"	"Geese"	"low"	"Geeselow"	NA	NA	NA	NA	NA	0.128757111980886	0.413840882563828	"contrasts can be applied only to factors with 2 or more levels"	"abundance"	18	3
"OTU_524"	"Geese"	"low"	"Geeselow"	NA	NA	NA	NA	NA	0.441299875469683	0.647560446525157	"Fitting error (NA p-value returned from fitting procedure)"	"abundance"	18	6
"OTU_525"	"Geese"	"high"	"Geesehigh"	NA	NA	NA	NA	NA	0.233928680350775	0.470306740308573	"No data points have the baseline factor level"	"abundance"	18	3
"OTU_525"	"Geese"	"low"	"Geeselow"	NA	NA	NA	NA	NA	0.441299875469682	0.647560446525157	"No data points have the baseline factor level"	"abundance"	18	3
"OTU_526"	"Geese"	"high"	"Geesehigh"	NA	NA	NA	NA	NA	0.0323425624655711	0.300950284637266	"Fitting error (NA p-value returned from fitting procedure)"	"abundance"	18	6
"OTU_527"	"Geese"	"high"	"Geesehigh"	NA	NA	NA	NA	NA	0.0681470476674245	0.371342225006612	"Fitting error (NA p-value returned from fitting procedure)"	"abundance"	18	7
"OTU_528"	"Geese"	"high"	"Geesehigh"	NA	NA	NA	NA	NA	0.0323425624655711	0.300950284637266	"No data points have the baseline factor level"	"abundance"	18	7
"OTU_528"	"Geese"	"low"	"Geeselow"	NA	NA	NA	NA	NA	0.233928680350775	0.470306740308573	"No data points have the baseline factor level"	"abundance"	18	7
"OTU_530"	"Geese"	"high"	"Geesehigh"	NA	NA	NA	NA	NA	0.128757111980885	0.413840882563828	"Fitting error (NA p-value returned from fitting procedure)"	"abundance"	18	4
"OTU_531"	"Geese"	"high"	"Geesehigh"	NA	NA	NA	NA	NA	1	1	"No data points have the baseline factor level"	"abundance"	18	2
"OTU_531"	"Geese"	"low"	"Geeselow"	NA	NA	NA	NA	NA	0.233928680350775	0.470306740308573	"No data points have the baseline factor level"	"abundance"	18	2
"OTU_536"	"Geese"	"high"	"Geesehigh"	NA	NA	NA	NA	NA	0.0323425624655712	0.300950284637266	"Fitting error (NA p-value returned from fitting procedure)"	"abundance"	18	6
"OTU_537"	"Geese"	"high"	"Geesehigh"	NA	NA	NA	NA	NA	0.019105475059301	0.300950284637266	"Fitting error (NA p-value returned from fitting procedure)"	"abundance"	18	10
"OTU_539"	"Geese"	"high"	"Geesehigh"	NA	NA	NA	NA	NA	0.0323425624655712	0.300950284637266	"contrasts can be applied only to factors with 2 or more levels"	"abundance"	18	5
"OTU_539"	"Geese"	"low"	"Geeselow"	NA	NA	NA	NA	NA	0.0323425624655712	0.300950284637266	"contrasts can be applied only to factors with 2 or more levels"	"abundance"	18	5
"OTU_542"	"Geese"	"high"	"Geesehigh"	NA	NA	NA	NA	NA	0.0323425624655713	0.300950284637266	"Fitting error (NA p-value returned from fitting procedure)"	"abundance"	18	7
"OTU_543"	"Geese"	"high"	"Geesehigh"	-0.957789334133873	NA	NA	NA	NA	1	1	"Fitting error (NA p-value returned from fitting procedure)"	"abundance"	18	3
"OTU_543"	"Geese"	"low"	"Geeselow"	3.21221553050156	NA	NA	NA	NA	1	1	"Fitting error (NA p-value returned from fitting procedure)"	"abundance"	18	3
"OTU_545"	"Geese"	"high"	"Geesehigh"	NA	NA	NA	NA	NA	1	1	"No data points have the baseline factor level"	"abundance"	18	2
"OTU_545"	"Geese"	"low"	"Geeselow"	NA	NA	NA	NA	NA	0.233928680350775	0.470306740308573	"No data points have the baseline factor level"	"abundance"	18	2
"OTU_546"	"Geese"	"high"	"Geesehigh"	NA	NA	NA	NA	NA	0.441299875469682	0.647560446525157	"Fitting error (NA p-value returned from fitting procedure)"	"abundance"	18	2
"OTU_546"	"Geese"	"low"	"Geeselow"	4.41721596145757	NA	NA	NA	NA	1	1	"Fitting error (NA p-value returned from fitting procedure)"	"abundance"	18	2
"OTU_547"	"Geese"	"high"	"Geesehigh"	NA	NA	NA	NA	NA	0.019105475059301	0.300950284637266	"No data points have the baseline factor level"	"abundance"	18	7
"OTU_547"	"Geese"	"low"	"Geeselow"	NA	NA	NA	NA	NA	0.441299875469682	0.647560446525157	"No data points have the baseline factor level"	"abundance"	18	7
"OTU_549"	"Geese"	"high"	"Geesehigh"	NA	NA	NA	NA	NA	0.0323425624655712	0.300950284637266	"Fitting error (NA p-value returned from fitting procedure)"	"abundance"	18	6
"OTU_550"	"Geese"	"high"	"Geesehigh"	NA	NA	NA	NA	NA	0.233928680350774	0.470306740308573	"No data points have the baseline factor level"	"abundance"	18	2
"OTU_550"	"Geese"	"low"	"Geeselow"	NA	NA	NA	NA	NA	1	1	"No data points have the baseline factor level"	"abundance"	18	2
"OTU_553"	"Geese"	"high"	"Geesehigh"	NA	NA	NA	NA	NA	0.441299875469682	0.647560446525157	"No data points have the baseline factor level"	"abundance"	18	3
"OTU_553"	"Geese"	"low"	"Geeselow"	NA	NA	NA	NA	NA	0.233928680350775	0.470306740308573	"No data points have the baseline factor level"	"abundance"	18	3
"OTU_554"	"Geese"	"low"	"Geeselow"	NA	NA	NA	NA	NA	0.068147047667424	0.371342225006612	"Fitting error (NA p-value returned from fitting procedure)"	"abundance"	18	5
"OTU_557"	"Geese"	"high"	"Geesehigh"	NA	NA	NA	NA	NA	0.0323425624655711	0.300950284637266	"Fitting error (NA p-value returned from fitting procedure)"	"abundance"	18	8
"OTU_559"	"Geese"	"high"	"Geesehigh"	NA	NA	NA	NA	NA	0.441299875469683	0.647560446525157	"Fitting error (NA p-value returned from fitting procedure)"	"abundance"	18	2
"OTU_559"	"Geese"	"low"	"Geeselow"	7.44703320213885	NA	NA	NA	NA	1	1	"Fitting error (NA p-value returned from fitting procedure)"	"abundance"	18	2
"OTU_560"	"Geese"	"high"	"Geesehigh"	NA	NA	NA	NA	NA	0.0191054750593011	0.300950284637266	"Fitting error (NA p-value returned from fitting procedure)"	"abundance"	18	11
"OTU_562"	"Geese"	"high"	"Geesehigh"	NA	NA	NA	NA	NA	0.233928680350775	0.470306740308573	"Fitting error (NA p-value returned from fitting procedure)"	"abundance"	18	4
"OTU_566"	"Geese"	"high"	"Geesehigh"	NA	NA	NA	NA	NA	0.128757111980885	0.413840882563828	"Fitting error (NA p-value returned from fitting procedure)"	"abundance"	18	4
"OTU_571"	"Geese"	"high"	"Geesehigh"	NA	NA	NA	NA	NA	0.0323425624655712	0.300950284637266	"Fitting error (NA p-value returned from fitting procedure)"	"abundance"	18	6
"OTU_572"	"Geese"	"high"	"Geesehigh"	NA	NA	NA	NA	NA	0.0323425624655712	0.300950284637266	"Fitting error (NA p-value returned from fitting procedure)"	"abundance"	18	9
"OTU_580"	"Geese"	"high"	"Geesehigh"	NA	NA	NA	NA	NA	0.0681470476674244	0.371342225006612	"Fitting error (NA p-value returned from fitting procedure)"	"abundance"	18	6
"OTU_585"	"Geese"	"high"	"Geesehigh"	NA	NA	NA	NA	NA	0.0323425624655712	0.300950284637266	"Fitting error (NA p-value returned from fitting procedure)"	"abundance"	18	7
"OTU_586"	"Geese"	"low"	"Geeselow"	NA	NA	NA	NA	NA	0.0681470476674245	0.371342225006612	"Fitting error (NA p-value returned from fitting procedure)"	"abundance"	18	7
"OTU_587"	"Geese"	"high"	"Geesehigh"	2.52582903703197	NA	NA	NA	NA	1	1	"Fitting error (NA p-value returned from fitting procedure)"	"abundance"	18	3
"OTU_587"	"Geese"	"low"	"Geeselow"	5.07137732571242	NA	NA	NA	NA	0.999999999999999	1	"Fitting error (NA p-value returned from fitting procedure)"	"abundance"	18	3
"OTU_588"	"Geese"	"low"	"Geeselow"	NA	NA	NA	NA	NA	0.441299875469682	0.647560446525157	"Fitting error (NA p-value returned from fitting procedure)"	"abundance"	18	7
"OTU_593"	"Geese"	"high"	"Geesehigh"	NA	NA	NA	NA	NA	0.233928680350775	0.470306740308573	"No data points have the baseline factor level"	"abundance"	18	2
"OTU_593"	"Geese"	"low"	"Geeselow"	NA	NA	NA	NA	NA	1	1	"No data points have the baseline factor level"	"abundance"	18	2
"OTU_595"	"Geese"	"high"	"Geesehigh"	NA	NA	NA	NA	NA	0.233928680350774	0.470306740308573	"Fitting error (NA p-value returned from fitting procedure)"	"abundance"	18	4
"OTU_596"	"Geese"	"high"	"Geesehigh"	NA	NA	NA	NA	NA	0.233928680350775	0.470306740308573	"Fitting error (NA p-value returned from fitting procedure)"	"abundance"	18	3
"OTU_597"	"Geese"	"high"	"Geesehigh"	NA	NA	NA	NA	NA	0.128757111980885	0.413840882563828	"Fitting error (NA p-value returned from fitting procedure)"	"abundance"	18	4
"OTU_599"	"Geese"	"high"	"Geesehigh"	NA	NA	NA	NA	NA	0.128757111980885	0.413840882563828	"Fitting error (NA p-value returned from fitting procedure)"	"abundance"	18	6
"OTU_60"	"Geese"	"high"	"Geesehigh"	NA	NA	NA	NA	NA	0.0191054750593011	0.300950284637266	"Fitting error (NA p-value returned from fitting procedure)"	"abundance"	18	7
"OTU_601"	"Geese"	"high"	"Geesehigh"	NA	NA	NA	NA	NA	0.128757111980885	0.413840882563828	"No data points have the baseline factor level"	"abundance"	18	4
"OTU_601"	"Geese"	"low"	"Geeselow"	NA	NA	NA	NA	NA	0.441299875469682	0.647560446525157	"No data points have the baseline factor level"	"abundance"	18	4
"OTU_604"	"Geese"	"high"	"Geesehigh"	NA	NA	NA	NA	NA	0.128757111980885	0.413840882563828	"Fitting error (NA p-value returned from fitting procedure)"	"abundance"	18	6
"OTU_605"	"Geese"	"high"	"Geesehigh"	NA	NA	NA	NA	NA	0.0323425624655713	0.300950284637266	"contrasts can be applied only to factors with 2 or more levels"	"abundance"	18	5
"OTU_605"	"Geese"	"low"	"Geeselow"	NA	NA	NA	NA	NA	0.0323425624655712	0.300950284637266	"contrasts can be applied only to factors with 2 or more levels"	"abundance"	18	5
"OTU_606"	"Geese"	"high"	"Geesehigh"	NA	NA	NA	NA	NA	0.233928680350775	0.470306740308573	"No data points have the baseline factor level"	"abundance"	18	3
"OTU_606"	"Geese"	"low"	"Geeselow"	NA	NA	NA	NA	NA	0.441299875469682	0.647560446525157	"No data points have the baseline factor level"	"abundance"	18	3
"OTU_607"	"Geese"	"low"	"Geeselow"	NA	NA	NA	NA	NA	0.441299875469682	0.647560446525157	"Fitting error (NA p-value returned from fitting procedure)"	"abundance"	18	3
"OTU_608"	"Geese"	"high"	"Geesehigh"	NA	NA	NA	NA	NA	0.0681470476674246	0.371342225006612	"Fitting error (NA p-value returned from fitting procedure)"	"abundance"	18	8
"OTU_609"	"Geese"	"high"	"Geesehigh"	NA	NA	NA	NA	NA	0.128757111980885	0.413840882563828	"No data points have the baseline factor level"	"abundance"	18	7
"OTU_609"	"Geese"	"low"	"Geeselow"	NA	NA	NA	NA	NA	0.068147047667424	0.371342225006612	"No data points have the baseline factor level"	"abundance"	18	7
"OTU_61"	"Geese"	"high"	"Geesehigh"	NA	NA	NA	NA	NA	0.128757111980885	0.413840882563828	"contrasts can be applied only to factors with 2 or more levels"	"abundance"	18	3
"OTU_61"	"Geese"	"low"	"Geeselow"	NA	NA	NA	NA	NA	0.128757111980885	0.413840882563828	"contrasts can be applied only to factors with 2 or more levels"	"abundance"	18	3
"OTU_610"	"Geese"	"high"	"Geesehigh"	NA	NA	NA	NA	NA	0.128757111980885	0.413840882563828	"Fitting error (NA p-value returned from fitting procedure)"	"abundance"	18	5
"OTU_611"	"Geese"	"high"	"Geesehigh"	NA	NA	NA	NA	NA	0.0681470476674245	0.371342225006612	"Fitting error (NA p-value returned from fitting procedure)"	"abundance"	18	6
"OTU_613"	"Geese"	"high"	"Geesehigh"	-1.6208543644131	NA	NA	NA	NA	1	1	"Fitting error (NA p-value returned from fitting procedure)"	"abundance"	18	3
"OTU_613"	"Geese"	"low"	"Geeselow"	0.77525817670397	NA	NA	NA	NA	1	1	"Fitting error (NA p-value returned from fitting procedure)"	"abundance"	18	3
"OTU_614"	"Geese"	"high"	"Geesehigh"	NA	NA	NA	NA	NA	0.0323425624655712	0.300950284637266	"Fitting error (NA p-value returned from fitting procedure)"	"abundance"	18	6
"OTU_615"	"Geese"	"high"	"Geesehigh"	NA	NA	NA	NA	NA	0.233928680350775	0.470306740308573	"Fitting error (NA p-value returned from fitting procedure)"	"abundance"	18	4
"OTU_616"	"Geese"	"high"	"Geesehigh"	NA	NA	NA	NA	NA	1	1	"No data points have the baseline factor level"	"abundance"	18	2
"OTU_616"	"Geese"	"low"	"Geeselow"	NA	NA	NA	NA	NA	0.233928680350774	0.470306740308573	"No data points have the baseline factor level"	"abundance"	18	2
"OTU_617"	"Geese"	"high"	"Geesehigh"	NA	NA	NA	NA	NA	1	1	"No data points have the baseline factor level"	"abundance"	18	4
"OTU_617"	"Geese"	"low"	"Geeselow"	NA	NA	NA	NA	NA	0.0681470476674242	0.371342225006612	"No data points have the baseline factor level"	"abundance"	18	4
"OTU_618"	"Geese"	"high"	"Geesehigh"	NA	NA	NA	NA	NA	0.128757111980885	0.413840882563828	"No data points have the baseline factor level"	"abundance"	18	3
"OTU_618"	"Geese"	"low"	"Geeselow"	NA	NA	NA	NA	NA	1	1	"No data points have the baseline factor level"	"abundance"	18	3
"OTU_620"	"Geese"	"high"	"Geesehigh"	NA	NA	NA	NA	NA	1	1	"No data points have the baseline factor level"	"abundance"	18	2
"OTU_620"	"Geese"	"low"	"Geeselow"	NA	NA	NA	NA	NA	0.233928680350775	0.470306740308573	"No data points have the baseline factor level"	"abundance"	18	2
"OTU_622"	"Geese"	"high"	"Geesehigh"	NA	NA	NA	NA	NA	0.0323425624655712	0.300950284637266	"No data points have the baseline factor level"	"abundance"	18	5
"OTU_622"	"Geese"	"low"	"Geeselow"	NA	NA	NA	NA	NA	1	1	"No data points have the baseline factor level"	"abundance"	18	5
"OTU_623"	"Geese"	"high"	"Geesehigh"	NA	NA	NA	NA	NA	0.233928680350774	0.470306740308573	"contrasts can be applied only to factors with 2 or more levels"	"abundance"	18	2
"OTU_623"	"Geese"	"low"	"Geeselow"	NA	NA	NA	NA	NA	0.233928680350774	0.470306740308573	"contrasts can be applied only to factors with 2 or more levels"	"abundance"	18	2
"OTU_627"	"Geese"	"high"	"Geesehigh"	NA	NA	NA	NA	NA	0.0323425624655711	0.300950284637266	"Fitting error (NA p-value returned from fitting procedure)"	"abundance"	18	7
"OTU_628"	"Geese"	"high"	"Geesehigh"	NA	NA	NA	NA	NA	1	1	"No data points have the baseline factor level"	"abundance"	18	2
"OTU_628"	"Geese"	"low"	"Geeselow"	NA	NA	NA	NA	NA	0.233928680350774	0.470306740308573	"No data points have the baseline factor level"	"abundance"	18	2
"OTU_629"	"Geese"	"high"	"Geesehigh"	NA	NA	NA	NA	NA	0.0323425624655712	0.300950284637266	"No data points have the baseline factor level"	"abundance"	18	7
"OTU_629"	"Geese"	"low"	"Geeselow"	NA	NA	NA	NA	NA	0.233928680350775	0.470306740308573	"No data points have the baseline factor level"	"abundance"	18	7
"OTU_633"	"Geese"	"low"	"Geeselow"	NA	NA	NA	NA	NA	0.0681470476674243	0.371342225006612	"Fitting error (NA p-value returned from fitting procedure)"	"abundance"	18	6
"OTU_634"	"Geese"	"high"	"Geesehigh"	NA	NA	NA	NA	NA	0.128757111980885	0.413840882563828	"Fitting error (NA p-value returned from fitting procedure)"	"abundance"	18	5
"OTU_635"	"Geese"	"high"	"Geesehigh"	NA	NA	NA	NA	NA	1	1	"No data points have the baseline factor level"	"abundance"	18	2
"OTU_635"	"Geese"	"low"	"Geeselow"	NA	NA	NA	NA	NA	0.233928680350775	0.470306740308573	"No data points have the baseline factor level"	"abundance"	18	2
"OTU_636"	"Geese"	"high"	"Geesehigh"	NA	NA	NA	NA	NA	0.441299875469682	0.647560446525157	"No data points have the baseline factor level"	"abundance"	18	2
"OTU_636"	"Geese"	"low"	"Geeselow"	NA	NA	NA	NA	NA	0.441299875469682	0.647560446525157	"No data points have the baseline factor level"	"abundance"	18	2
"OTU_637"	"Geese"	"high"	"Geesehigh"	NA	NA	NA	NA	NA	0.0323425624655713	0.300950284637266	"contrasts can be applied only to factors with 2 or more levels"	"abundance"	18	5
"OTU_637"	"Geese"	"low"	"Geeselow"	NA	NA	NA	NA	NA	0.0323425624655712	0.300950284637266	"contrasts can be applied only to factors with 2 or more levels"	"abundance"	18	5
"OTU_639"	"Geese"	"high"	"Geesehigh"	NA	NA	NA	NA	NA	0.128757111980885	0.413840882563828	"Fitting error (NA p-value returned from fitting procedure)"	"abundance"	18	5
"OTU_640"	"Geese"	"high"	"Geesehigh"	NA	NA	NA	NA	NA	0.441299875469682	0.647560446525157	"Fitting error (NA p-value returned from fitting procedure)"	"abundance"	18	3
"OTU_641"	"Geese"	"high"	"Geesehigh"	NA	NA	NA	NA	NA	0.233928680350774	0.470306740308573	"contrasts can be applied only to factors with 2 or more levels"	"abundance"	18	2
"OTU_641"	"Geese"	"low"	"Geeselow"	NA	NA	NA	NA	NA	0.233928680350775	0.470306740308573	"contrasts can be applied only to factors with 2 or more levels"	"abundance"	18	2
"OTU_642"	"Geese"	"high"	"Geesehigh"	NA	NA	NA	NA	NA	0.0191054750593011	0.300950284637266	"Fitting error (NA p-value returned from fitting procedure)"	"abundance"	18	9
"OTU_643"	"Geese"	"high"	"Geesehigh"	NA	NA	NA	NA	NA	1	1	"No data points have the baseline factor level"	"abundance"	18	4
"OTU_643"	"Geese"	"low"	"Geeselow"	NA	NA	NA	NA	NA	0.0681470476674242	0.371342225006612	"No data points have the baseline factor level"	"abundance"	18	4
"OTU_647"	"Geese"	"high"	"Geesehigh"	NA	NA	NA	NA	NA	1	1	"No data points have the baseline factor level"	"abundance"	18	2
"OTU_647"	"Geese"	"low"	"Geeselow"	NA	NA	NA	NA	NA	0.233928680350774	0.470306740308573	"No data points have the baseline factor level"	"abundance"	18	2
"OTU_648"	"Geese"	"high"	"Geesehigh"	NA	NA	NA	NA	NA	1	1	"No data points have the baseline factor level"	"abundance"	18	2
"OTU_648"	"Geese"	"low"	"Geeselow"	NA	NA	NA	NA	NA	0.233928680350774	0.470306740308573	"No data points have the baseline factor level"	"abundance"	18	2
"OTU_649"	"Geese"	"high"	"Geesehigh"	NA	NA	NA	NA	NA	0.0323425624655711	0.300950284637266	"Fitting error (NA p-value returned from fitting procedure)"	"abundance"	18	6
"OTU_65"	"Geese"	"high"	"Geesehigh"	NA	NA	NA	NA	NA	0.0191054750593011	0.300950284637266	"Fitting error (NA p-value returned from fitting procedure)"	"abundance"	18	7
"OTU_650"	"Geese"	"high"	"Geesehigh"	NA	NA	NA	NA	NA	0.441299875469682	0.647560446525157	"Fitting error (NA p-value returned from fitting procedure)"	"abundance"	18	2
"OTU_650"	"Geese"	"low"	"Geeselow"	6.45208191265805	NA	NA	NA	NA	1	1	"Fitting error (NA p-value returned from fitting procedure)"	"abundance"	18	2
"OTU_652"	"Geese"	"high"	"Geesehigh"	NA	NA	NA	NA	NA	0.128757111980885	0.413840882563828	"No data points have the baseline factor level"	"abundance"	18	5
"OTU_652"	"Geese"	"low"	"Geeselow"	NA	NA	NA	NA	NA	0.233928680350774	0.470306740308573	"No data points have the baseline factor level"	"abundance"	18	5
"OTU_653"	"Geese"	"high"	"Geesehigh"	NA	NA	NA	NA	NA	0.0681470476674244	0.371342225006612	"No data points have the baseline factor level"	"abundance"	18	4
"OTU_653"	"Geese"	"low"	"Geeselow"	NA	NA	NA	NA	NA	1	1	"No data points have the baseline factor level"	"abundance"	18	4
"OTU_654"	"Geese"	"high"	"Geesehigh"	NA	NA	NA	NA	NA	0.233928680350775	0.470306740308573	"contrasts can be applied only to factors with 2 or more levels"	"abundance"	18	2
"OTU_654"	"Geese"	"low"	"Geeselow"	NA	NA	NA	NA	NA	0.233928680350775	0.470306740308573	"contrasts can be applied only to factors with 2 or more levels"	"abundance"	18	2
"OTU_655"	"Geese"	"high"	"Geesehigh"	NA	NA	NA	NA	NA	0.441299875469682	0.647560446525157	"Fitting error (NA p-value returned from fitting procedure)"	"abundance"	18	4
"OTU_656"	"Geese"	"high"	"Geesehigh"	NA	NA	NA	NA	NA	0.128757111980885	0.413840882563828	"No data points have the baseline factor level"	"abundance"	18	3
"OTU_656"	"Geese"	"low"	"Geeselow"	NA	NA	NA	NA	NA	0.999999999999999	1	"No data points have the baseline factor level"	"abundance"	18	3
"OTU_657"	"Geese"	"low"	"Geeselow"	NA	NA	NA	NA	NA	0.441299875469682	0.647560446525157	"Fitting error (NA p-value returned from fitting procedure)"	"abundance"	18	6
"OTU_659"	"Geese"	"high"	"Geesehigh"	NA	NA	NA	NA	NA	0.441299875469682	0.647560446525157	"Fitting error (NA p-value returned from fitting procedure)"	"abundance"	18	2
"OTU_659"	"Geese"	"low"	"Geeselow"	6.53454407285002	NA	NA	NA	NA	1	1	"Fitting error (NA p-value returned from fitting procedure)"	"abundance"	18	2
"OTU_660"	"Geese"	"high"	"Geesehigh"	NA	NA	NA	NA	NA	0.0681470476674242	0.371342225006612	"Fitting error (NA p-value returned from fitting procedure)"	"abundance"	18	7
"OTU_661"	"Geese"	"high"	"Geesehigh"	NA	NA	NA	NA	NA	0.441299875469682	0.647560446525157	"No data points have the baseline factor level"	"abundance"	18	4
"OTU_661"	"Geese"	"low"	"Geeselow"	NA	NA	NA	NA	NA	0.128757111980885	0.413840882563828	"No data points have the baseline factor level"	"abundance"	18	4
"OTU_662"	"Geese"	"high"	"Geesehigh"	NA	NA	NA	NA	NA	0.441299875469682	0.647560446525157	"Fitting error (NA p-value returned from fitting procedure)"	"abundance"	18	5
"OTU_663"	"Geese"	"high"	"Geesehigh"	NA	NA	NA	NA	NA	0.128757111980886	0.413840882563828	"No data points have the baseline factor level"	"abundance"	18	4
"OTU_663"	"Geese"	"low"	"Geeselow"	NA	NA	NA	NA	NA	0.441299875469682	0.647560446525157	"No data points have the baseline factor level"	"abundance"	18	4
"OTU_664"	"Geese"	"high"	"Geesehigh"	NA	NA	NA	NA	NA	0.0681470476674244	0.371342225006612	"contrasts can be applied only to factors with 2 or more levels"	"abundance"	18	4
"OTU_664"	"Geese"	"low"	"Geeselow"	NA	NA	NA	NA	NA	0.0681470476674243	0.371342225006612	"contrasts can be applied only to factors with 2 or more levels"	"abundance"	18	4
"OTU_666"	"Geese"	"low"	"Geeselow"	NA	NA	NA	NA	NA	0.128757111980885	0.413840882563828	"Fitting error (NA p-value returned from fitting procedure)"	"abundance"	18	9
"OTU_676"	"Geese"	"high"	"Geesehigh"	NA	NA	NA	NA	NA	0.233928680350775	0.470306740308573	"No data points have the baseline factor level"	"abundance"	18	2
"OTU_676"	"Geese"	"low"	"Geeselow"	NA	NA	NA	NA	NA	1	1	"No data points have the baseline factor level"	"abundance"	18	2
"OTU_678"	"Geese"	"low"	"Geeselow"	NA	NA	NA	NA	NA	0.441299875469683	0.647560446525157	"Fitting error (NA p-value returned from fitting procedure)"	"abundance"	18	5
"OTU_681"	"Geese"	"high"	"Geesehigh"	NA	NA	NA	NA	NA	0.233928680350774	0.470306740308573	"No data points have the baseline factor level"	"abundance"	18	5
"OTU_681"	"Geese"	"low"	"Geeselow"	NA	NA	NA	NA	NA	0.128757111980885	0.413840882563828	"No data points have the baseline factor level"	"abundance"	18	5
"OTU_682"	"Geese"	"high"	"Geesehigh"	NA	NA	NA	NA	NA	0.441299875469682	0.647560446525157	"Fitting error (NA p-value returned from fitting procedure)"	"abundance"	18	3
"OTU_685"	"Geese"	"high"	"Geesehigh"	NA	NA	NA	NA	NA	0.441299875469682	0.647560446525157	"No data points have the baseline factor level"	"abundance"	18	3
"OTU_685"	"Geese"	"low"	"Geeselow"	NA	NA	NA	NA	NA	0.233928680350774	0.470306740308573	"No data points have the baseline factor level"	"abundance"	18	3
"OTU_689"	"Geese"	"high"	"Geesehigh"	NA	NA	NA	NA	NA	0.128757111980885	0.413840882563828	"Fitting error (NA p-value returned from fitting procedure)"	"abundance"	18	4
"OTU_690"	"Geese"	"high"	"Geesehigh"	NA	NA	NA	NA	NA	1	1	"No data points have the baseline factor level"	"abundance"	18	4
"OTU_690"	"Geese"	"low"	"Geeselow"	NA	NA	NA	NA	NA	0.0681470476674242	0.371342225006612	"No data points have the baseline factor level"	"abundance"	18	4
"OTU_691"	"Geese"	"high"	"Geesehigh"	NA	NA	NA	NA	NA	0.0191054750593011	0.300950284637266	"Fitting error (NA p-value returned from fitting procedure)"	"abundance"	18	7
"OTU_692"	"Geese"	"high"	"Geesehigh"	NA	NA	NA	NA	NA	0.0323425624655712	0.300950284637266	"Fitting error (NA p-value returned from fitting procedure)"	"abundance"	18	7
"OTU_695"	"Geese"	"high"	"Geesehigh"	NA	NA	NA	NA	NA	0.441299875469682	0.647560446525157	"No data points have the baseline factor level"	"abundance"	18	3
"OTU_695"	"Geese"	"low"	"Geeselow"	NA	NA	NA	NA	NA	0.233928680350774	0.470306740308573	"No data points have the baseline factor level"	"abundance"	18	3
"OTU_696"	"Geese"	"high"	"Geesehigh"	NA	NA	NA	NA	NA	0.032342562465571	0.300950284637266	"No data points have the baseline factor level"	"abundance"	18	5
"OTU_696"	"Geese"	"low"	"Geeselow"	NA	NA	NA	NA	NA	1	1	"No data points have the baseline factor level"	"abundance"	18	5
"OTU_697"	"Geese"	"high"	"Geesehigh"	NA	NA	NA	NA	NA	1	1	"No data points have the baseline factor level"	"abundance"	18	3
"OTU_697"	"Geese"	"low"	"Geeselow"	NA	NA	NA	NA	NA	0.128757111980885	0.413840882563828	"No data points have the baseline factor level"	"abundance"	18	3
"OTU_698"	"Geese"	"high"	"Geesehigh"	NA	NA	NA	NA	NA	1	1	"No data points have the baseline factor level"	"abundance"	18	2
"OTU_698"	"Geese"	"low"	"Geeselow"	NA	NA	NA	NA	NA	0.233928680350775	0.470306740308573	"No data points have the baseline factor level"	"abundance"	18	2
"OTU_700"	"Geese"	"high"	"Geesehigh"	NA	NA	NA	NA	NA	0.128757111980885	0.413840882563828	"No data points have the baseline factor level"	"abundance"	18	3
"OTU_700"	"Geese"	"low"	"Geeselow"	NA	NA	NA	NA	NA	1	1	"No data points have the baseline factor level"	"abundance"	18	3
"OTU_703"	"Geese"	"high"	"Geesehigh"	NA	NA	NA	NA	NA	0.233928680350775	0.470306740308573	"No data points have the baseline factor level"	"abundance"	18	3
"OTU_703"	"Geese"	"low"	"Geeselow"	NA	NA	NA	NA	NA	0.441299875469683	0.647560446525157	"No data points have the baseline factor level"	"abundance"	18	3
"OTU_704"	"Geese"	"high"	"Geesehigh"	NA	NA	NA	NA	NA	0.0681470476674245	0.371342225006612	"Fitting error (NA p-value returned from fitting procedure)"	"abundance"	18	8
"OTU_705"	"Geese"	"high"	"Geesehigh"	NA	NA	NA	NA	NA	0.441299875469682	0.647560446525157	"Fitting error (NA p-value returned from fitting procedure)"	"abundance"	18	2
"OTU_705"	"Geese"	"low"	"Geeselow"	5.40936930344577	NA	NA	NA	NA	1	1	"Fitting error (NA p-value returned from fitting procedure)"	"abundance"	18	2
"OTU_707"	"Geese"	"high"	"Geesehigh"	NA	NA	NA	NA	NA	0.0191054750593011	0.300950284637266	"contrasts can be applied only to factors with 2 or more levels"	"abundance"	18	6
"OTU_707"	"Geese"	"low"	"Geeselow"	NA	NA	NA	NA	NA	0.0191054750593011	0.300950284637266	"contrasts can be applied only to factors with 2 or more levels"	"abundance"	18	6
"OTU_708"	"Geese"	"low"	"Geeselow"	NA	NA	NA	NA	NA	0.441299875469682	0.647560446525157	"Fitting error (NA p-value returned from fitting procedure)"	"abundance"	18	4
"OTU_71"	"Geese"	"low"	"Geeselow"	NA	NA	NA	NA	NA	0.128757111980885	0.413840882563828	"Fitting error (NA p-value returned from fitting procedure)"	"abundance"	18	5
"OTU_712"	"Geese"	"high"	"Geesehigh"	NA	NA	NA	NA	NA	0.128757111980885	0.413840882563828	"No data points have the baseline factor level"	"abundance"	18	6
"OTU_712"	"Geese"	"low"	"Geeselow"	NA	NA	NA	NA	NA	0.128757111980885	0.413840882563828	"No data points have the baseline factor level"	"abundance"	18	6
"OTU_713"	"Geese"	"high"	"Geesehigh"	NA	NA	NA	NA	NA	0.233928680350774	0.470306740308573	"No data points have the baseline factor level"	"abundance"	18	2
"OTU_713"	"Geese"	"low"	"Geeselow"	NA	NA	NA	NA	NA	1	1	"No data points have the baseline factor level"	"abundance"	18	2
"OTU_714"	"Geese"	"high"	"Geesehigh"	NA	NA	NA	NA	NA	0.233928680350775	0.470306740308573	"Fitting error (NA p-value returned from fitting procedure)"	"abundance"	18	5
"OTU_717"	"Geese"	"high"	"Geesehigh"	NA	NA	NA	NA	NA	0.441299875469682	0.647560446525157	"Fitting error (NA p-value returned from fitting procedure)"	"abundance"	18	3
"OTU_718"	"Geese"	"high"	"Geesehigh"	NA	NA	NA	NA	NA	0.0681470476674245	0.371342225006612	"contrasts can be applied only to factors with 2 or more levels"	"abundance"	18	4
"OTU_718"	"Geese"	"low"	"Geeselow"	NA	NA	NA	NA	NA	0.0681470476674241	0.371342225006612	"contrasts can be applied only to factors with 2 or more levels"	"abundance"	18	4
"OTU_720"	"Geese"	"high"	"Geesehigh"	NA	NA	NA	NA	NA	0.0191054750593012	0.300950284637266	"Fitting error (NA p-value returned from fitting procedure)"	"abundance"	18	9
"OTU_724"	"Geese"	"high"	"Geesehigh"	NA	NA	NA	NA	NA	0.0681470476674246	0.371342225006612	"No data points have the baseline factor level"	"abundance"	18	5
"OTU_724"	"Geese"	"low"	"Geeselow"	NA	NA	NA	NA	NA	0.441299875469682	0.647560446525157	"No data points have the baseline factor level"	"abundance"	18	5
"OTU_725"	"Geese"	"high"	"Geesehigh"	NA	NA	NA	NA	NA	1	1	"No data points have the baseline factor level"	"abundance"	18	4
"OTU_725"	"Geese"	"low"	"Geeselow"	NA	NA	NA	NA	NA	0.0681470476674242	0.371342225006612	"No data points have the baseline factor level"	"abundance"	18	4
"OTU_727"	"Geese"	"high"	"Geesehigh"	NA	NA	NA	NA	NA	0.233928680350775	0.470306740308573	"contrasts can be applied only to factors with 2 or more levels"	"abundance"	18	2
"OTU_727"	"Geese"	"low"	"Geeselow"	NA	NA	NA	NA	NA	0.233928680350775	0.470306740308573	"contrasts can be applied only to factors with 2 or more levels"	"abundance"	18	2
"OTU_728"	"Geese"	"high"	"Geesehigh"	NA	NA	NA	NA	NA	0.441299875469682	0.647560446525157	"Fitting error (NA p-value returned from fitting procedure)"	"abundance"	18	2
"OTU_728"	"Geese"	"low"	"Geeselow"	1.77243367194633	NA	NA	NA	NA	1	1	"Fitting error (NA p-value returned from fitting procedure)"	"abundance"	18	2
"OTU_729"	"Geese"	"high"	"Geesehigh"	NA	NA	NA	NA	NA	0.0323425624655712	0.300950284637266	"No data points have the baseline factor level"	"abundance"	18	10
"OTU_729"	"Geese"	"low"	"Geeselow"	NA	NA	NA	NA	NA	0.0323425624655713	0.300950284637266	"No data points have the baseline factor level"	"abundance"	18	10
"OTU_73"	"Geese"	"high"	"Geesehigh"	NA	NA	NA	NA	NA	0.233928680350774	0.470306740308573	"No data points have the baseline factor level"	"abundance"	18	2
"OTU_73"	"Geese"	"low"	"Geeselow"	NA	NA	NA	NA	NA	1	1	"No data points have the baseline factor level"	"abundance"	18	2
"OTU_730"	"Geese"	"high"	"Geesehigh"	NA	NA	NA	NA	NA	0.128757111980885	0.413840882563828	"Fitting error (NA p-value returned from fitting procedure)"	"abundance"	18	5
"OTU_731"	"Geese"	"high"	"Geesehigh"	NA	NA	NA	NA	NA	0.233928680350775	0.470306740308573	"Fitting error (NA p-value returned from fitting procedure)"	"abundance"	18	3
"OTU_732"	"Geese"	"high"	"Geesehigh"	NA	NA	NA	NA	NA	0.441299875469682	0.647560446525157	"Fitting error (NA p-value returned from fitting procedure)"	"abundance"	18	3
"OTU_733"	"Geese"	"high"	"Geesehigh"	NA	NA	NA	NA	NA	0.0681470476674243	0.371342225006612	"No data points have the baseline factor level"	"abundance"	18	7
"OTU_733"	"Geese"	"low"	"Geeselow"	NA	NA	NA	NA	NA	0.128757111980885	0.413840882563828	"No data points have the baseline factor level"	"abundance"	18	7
"OTU_736"	"Geese"	"high"	"Geesehigh"	NA	NA	NA	NA	NA	0.032342562465571	0.300950284637266	"No data points have the baseline factor level"	"abundance"	18	5
"OTU_736"	"Geese"	"low"	"Geeselow"	NA	NA	NA	NA	NA	1	1	"No data points have the baseline factor level"	"abundance"	18	5
"OTU_737"	"Geese"	"high"	"Geesehigh"	-3.12473226358253	NA	NA	NA	NA	1	1	"Fitting error (NA p-value returned from fitting procedure)"	"abundance"	18	3
"OTU_737"	"Geese"	"low"	"Geeselow"	-5.19335061271576	NA	NA	NA	NA	1	1	"Fitting error (NA p-value returned from fitting procedure)"	"abundance"	18	3
"OTU_739"	"Geese"	"high"	"Geesehigh"	NA	NA	NA	NA	NA	0.128757111980885	0.413840882563828	"contrasts can be applied only to factors with 2 or more levels"	"abundance"	18	3
"OTU_739"	"Geese"	"low"	"Geeselow"	NA	NA	NA	NA	NA	0.128757111980886	0.413840882563828	"contrasts can be applied only to factors with 2 or more levels"	"abundance"	18	3
"OTU_741"	"Geese"	"high"	"Geesehigh"	NA	NA	NA	NA	NA	0.0681470476674241	0.371342225006612	"No data points have the baseline factor level"	"abundance"	18	5
"OTU_741"	"Geese"	"low"	"Geeselow"	NA	NA	NA	NA	NA	0.441299875469682	0.647560446525157	"No data points have the baseline factor level"	"abundance"	18	5
"OTU_743"	"Geese"	"high"	"Geesehigh"	NA	NA	NA	NA	NA	1	1	"No data points have the baseline factor level"	"abundance"	18	2
"OTU_743"	"Geese"	"low"	"Geeselow"	NA	NA	NA	NA	NA	0.233928680350774	0.470306740308573	"No data points have the baseline factor level"	"abundance"	18	2
"OTU_744"	"Geese"	"low"	"Geeselow"	NA	NA	NA	NA	NA	0.0191054750593012	0.300950284637266	"Fitting error (NA p-value returned from fitting procedure)"	"abundance"	18	8
"OTU_749"	"Geese"	"high"	"Geesehigh"	NA	NA	NA	NA	NA	0.128757111980885	0.413840882563828	"No data points have the baseline factor level"	"abundance"	18	3
"OTU_749"	"Geese"	"low"	"Geeselow"	NA	NA	NA	NA	NA	1	1	"No data points have the baseline factor level"	"abundance"	18	3
"OTU_75"	"Geese"	"high"	"Geesehigh"	NA	NA	NA	NA	NA	0.233928680350774	0.470306740308573	"No data points have the baseline factor level"	"abundance"	18	2
"OTU_75"	"Geese"	"low"	"Geeselow"	NA	NA	NA	NA	NA	1	1	"No data points have the baseline factor level"	"abundance"	18	2
"OTU_750"	"Geese"	"high"	"Geesehigh"	NA	NA	NA	NA	NA	0.0681470476674244	0.371342225006612	"contrasts can be applied only to factors with 2 or more levels"	"abundance"	18	4
"OTU_750"	"Geese"	"low"	"Geeselow"	NA	NA	NA	NA	NA	0.0681470476674242	0.371342225006612	"contrasts can be applied only to factors with 2 or more levels"	"abundance"	18	4
"OTU_752"	"Geese"	"high"	"Geesehigh"	NA	NA	NA	NA	NA	0.233928680350775	0.470306740308573	"No data points have the baseline factor level"	"abundance"	18	2
"OTU_752"	"Geese"	"low"	"Geeselow"	NA	NA	NA	NA	NA	1	1	"No data points have the baseline factor level"	"abundance"	18	2
"OTU_759"	"Geese"	"high"	"Geesehigh"	NA	NA	NA	NA	NA	0.441299875469682	0.647560446525157	"No data points have the baseline factor level"	"abundance"	18	2
"OTU_759"	"Geese"	"low"	"Geeselow"	NA	NA	NA	NA	NA	0.441299875469682	0.647560446525157	"No data points have the baseline factor level"	"abundance"	18	2
"OTU_762"	"Geese"	"high"	"Geesehigh"	NA	NA	NA	NA	NA	0.032342562465571	0.300950284637266	"No data points have the baseline factor level"	"abundance"	18	5
"OTU_762"	"Geese"	"low"	"Geeselow"	NA	NA	NA	NA	NA	1	1	"No data points have the baseline factor level"	"abundance"	18	5
"OTU_763"	"Geese"	"high"	"Geesehigh"	NA	NA	NA	NA	NA	0.128757111980885	0.413840882563828	"contrasts can be applied only to factors with 2 or more levels"	"abundance"	18	3
"OTU_763"	"Geese"	"low"	"Geeselow"	NA	NA	NA	NA	NA	0.128757111980885	0.413840882563828	"contrasts can be applied only to factors with 2 or more levels"	"abundance"	18	3
"OTU_764"	"Geese"	"high"	"Geesehigh"	NA	NA	NA	NA	NA	0.233928680350774	0.470306740308573	"No data points have the baseline factor level"	"abundance"	18	4
"OTU_764"	"Geese"	"low"	"Geeselow"	NA	NA	NA	NA	NA	0.233928680350774	0.470306740308573	"No data points have the baseline factor level"	"abundance"	18	4
"OTU_765"	"Geese"	"high"	"Geesehigh"	NA	NA	NA	NA	NA	0.128757111980885	0.413840882563828	"Fitting error (NA p-value returned from fitting procedure)"	"abundance"	18	4
"OTU_768"	"Geese"	"high"	"Geesehigh"	NA	NA	NA	NA	NA	0.128757111980885	0.413840882563828	"Fitting error (NA p-value returned from fitting procedure)"	"abundance"	18	6
"OTU_770"	"Geese"	"high"	"Geesehigh"	NA	NA	NA	NA	NA	0.441299875469682	0.647560446525157	"Fitting error (NA p-value returned from fitting procedure)"	"abundance"	18	2
"OTU_770"	"Geese"	"low"	"Geeselow"	-0.325106697012885	NA	NA	NA	NA	1	1	"Fitting error (NA p-value returned from fitting procedure)"	"abundance"	18	2
"OTU_771"	"Geese"	"high"	"Geesehigh"	NA	NA	NA	NA	NA	0.233928680350774	0.470306740308573	"Fitting error (NA p-value returned from fitting procedure)"	"abundance"	18	4
"OTU_774"	"Geese"	"high"	"Geesehigh"	NA	NA	NA	NA	NA	1	1	"No data points have the baseline factor level"	"abundance"	18	2
"OTU_774"	"Geese"	"low"	"Geeselow"	NA	NA	NA	NA	NA	0.233928680350775	0.470306740308573	"No data points have the baseline factor level"	"abundance"	18	2
"OTU_776"	"Geese"	"high"	"Geesehigh"	NA	NA	NA	NA	NA	0.233928680350775	0.470306740308573	"No data points have the baseline factor level"	"abundance"	18	3
"OTU_776"	"Geese"	"low"	"Geeselow"	NA	NA	NA	NA	NA	0.441299875469682	0.647560446525157	"No data points have the baseline factor level"	"abundance"	18	3
"OTU_777"	"Geese"	"high"	"Geesehigh"	NA	NA	NA	NA	NA	0.441299875469682	0.647560446525157	"Fitting error (NA p-value returned from fitting procedure)"	"abundance"	18	2
"OTU_777"	"Geese"	"low"	"Geeselow"	-0.376180881607153	NA	NA	NA	NA	1	1	"Fitting error (NA p-value returned from fitting procedure)"	"abundance"	18	2
"OTU_778"	"Geese"	"high"	"Geesehigh"	NA	NA	NA	NA	NA	0.128757111980885	0.413840882563828	"Fitting error (NA p-value returned from fitting procedure)"	"abundance"	18	5
"OTU_779"	"Geese"	"low"	"Geeselow"	NA	NA	NA	NA	NA	0.233928680350775	0.470306740308573	"Fitting error (NA p-value returned from fitting procedure)"	"abundance"	18	4
"OTU_780"	"Geese"	"low"	"Geeselow"	NA	NA	NA	NA	NA	0.441299875469682	0.647560446525157	"Fitting error (NA p-value returned from fitting procedure)"	"abundance"	18	4
"OTU_781"	"Geese"	"high"	"Geesehigh"	NA	NA	NA	NA	NA	0.0191054750593011	0.300950284637266	"contrasts can be applied only to factors with 2 or more levels"	"abundance"	18	6
"OTU_781"	"Geese"	"low"	"Geeselow"	NA	NA	NA	NA	NA	0.0191054750593011	0.300950284637266	"contrasts can be applied only to factors with 2 or more levels"	"abundance"	18	6
"OTU_782"	"Geese"	"high"	"Geesehigh"	NA	NA	NA	NA	NA	0.128757111980885	0.413840882563828	"No data points have the baseline factor level"	"abundance"	18	4
"OTU_782"	"Geese"	"low"	"Geeselow"	NA	NA	NA	NA	NA	0.441299875469682	0.647560446525157	"No data points have the baseline factor level"	"abundance"	18	4
"OTU_783"	"Geese"	"high"	"Geesehigh"	NA	NA	NA	NA	NA	0.233928680350775	0.470306740308573	"contrasts can be applied only to factors with 2 or more levels"	"abundance"	18	2
"OTU_783"	"Geese"	"low"	"Geeselow"	NA	NA	NA	NA	NA	0.233928680350775	0.470306740308573	"contrasts can be applied only to factors with 2 or more levels"	"abundance"	18	2
"OTU_784"	"Geese"	"high"	"Geesehigh"	NA	NA	NA	NA	NA	0.128757111980885	0.413840882563828	"No data points have the baseline factor level"	"abundance"	18	3
"OTU_784"	"Geese"	"low"	"Geeselow"	NA	NA	NA	NA	NA	1	1	"No data points have the baseline factor level"	"abundance"	18	3
"OTU_787"	"Geese"	"high"	"Geesehigh"	NA	NA	NA	NA	NA	0.0681470476674244	0.371342225006612	"Fitting error (NA p-value returned from fitting procedure)"	"abundance"	18	6
"OTU_788"	"Geese"	"high"	"Geesehigh"	NA	NA	NA	NA	NA	0.233928680350775	0.470306740308573	"Fitting error (NA p-value returned from fitting procedure)"	"abundance"	18	3
"OTU_790"	"Geese"	"high"	"Geesehigh"	NA	NA	NA	NA	NA	0.128757111980886	0.413840882563828	"No data points have the baseline factor level"	"abundance"	18	3
"OTU_790"	"Geese"	"low"	"Geeselow"	NA	NA	NA	NA	NA	0.999999999999999	1	"No data points have the baseline factor level"	"abundance"	18	3
"OTU_791"	"Geese"	"high"	"Geesehigh"	NA	NA	NA	NA	NA	0.233928680350774	0.470306740308573	"contrasts can be applied only to factors with 2 or more levels"	"abundance"	18	2
"OTU_791"	"Geese"	"low"	"Geeselow"	NA	NA	NA	NA	NA	0.233928680350775	0.470306740308573	"contrasts can be applied only to factors with 2 or more levels"	"abundance"	18	2
"OTU_793"	"Geese"	"high"	"Geesehigh"	NA	NA	NA	NA	NA	0.441299875469682	0.647560446525157	"Fitting error (NA p-value returned from fitting procedure)"	"abundance"	18	4
"OTU_795"	"Geese"	"high"	"Geesehigh"	NA	NA	NA	NA	NA	1	1	"No data points have the baseline factor level"	"abundance"	18	3
"OTU_795"	"Geese"	"low"	"Geeselow"	NA	NA	NA	NA	NA	0.128757111980885	0.413840882563828	"No data points have the baseline factor level"	"abundance"	18	3
"OTU_798"	"Geese"	"high"	"Geesehigh"	NA	NA	NA	NA	NA	0.441299875469682	0.647560446525157	"Fitting error (NA p-value returned from fitting procedure)"	"abundance"	18	3
"OTU_799"	"Geese"	"high"	"Geesehigh"	NA	NA	NA	NA	NA	0.0323425624655713	0.300950284637266	"Fitting error (NA p-value returned from fitting procedure)"	"abundance"	18	7
"OTU_80"	"Geese"	"high"	"Geesehigh"	NA	NA	NA	NA	NA	0.019105475059301	0.300950284637266	"Fitting error (NA p-value returned from fitting procedure)"	"abundance"	18	11
"OTU_800"	"Geese"	"high"	"Geesehigh"	NA	NA	NA	NA	NA	1	1	"No data points have the baseline factor level"	"abundance"	18	2
"OTU_800"	"Geese"	"low"	"Geeselow"	NA	NA	NA	NA	NA	0.233928680350774	0.470306740308573	"No data points have the baseline factor level"	"abundance"	18	2
"OTU_801"	"Geese"	"high"	"Geesehigh"	NA	NA	NA	NA	NA	0.128757111980886	0.413840882563828	"No data points have the baseline factor level"	"abundance"	18	4
"OTU_801"	"Geese"	"low"	"Geeselow"	NA	NA	NA	NA	NA	0.441299875469682	0.647560446525157	"No data points have the baseline factor level"	"abundance"	18	4
"OTU_804"	"Geese"	"low"	"Geeselow"	NA	NA	NA	NA	NA	0.441299875469682	0.647560446525157	"Fitting error (NA p-value returned from fitting procedure)"	"abundance"	18	4
"OTU_805"	"Geese"	"high"	"Geesehigh"	NA	NA	NA	NA	NA	1	1	"No data points have the baseline factor level"	"abundance"	18	2
"OTU_805"	"Geese"	"low"	"Geeselow"	NA	NA	NA	NA	NA	0.233928680350775	0.470306740308573	"No data points have the baseline factor level"	"abundance"	18	2
"OTU_806"	"Geese"	"high"	"Geesehigh"	NA	NA	NA	NA	NA	0.441299875469682	0.647560446525157	"No data points have the baseline factor level"	"abundance"	18	4
"OTU_806"	"Geese"	"low"	"Geeselow"	NA	NA	NA	NA	NA	0.128757111980885	0.413840882563828	"No data points have the baseline factor level"	"abundance"	18	4
"OTU_809"	"Geese"	"low"	"Geeselow"	NA	NA	NA	NA	NA	0.0681470476674244	0.371342225006612	"Fitting error (NA p-value returned from fitting procedure)"	"abundance"	18	7
"OTU_810"	"Geese"	"high"	"Geesehigh"	NA	NA	NA	NA	NA	1	1	"No data points have the baseline factor level"	"abundance"	18	3
"OTU_810"	"Geese"	"low"	"Geeselow"	NA	NA	NA	NA	NA	0.128757111980885	0.413840882563828	"No data points have the baseline factor level"	"abundance"	18	3
"OTU_811"	"Geese"	"high"	"Geesehigh"	NA	NA	NA	NA	NA	0.233928680350775	0.470306740308573	"No data points have the baseline factor level"	"abundance"	18	4
"OTU_811"	"Geese"	"low"	"Geeselow"	NA	NA	NA	NA	NA	0.233928680350775	0.470306740308573	"No data points have the baseline factor level"	"abundance"	18	4
"OTU_812"	"Geese"	"high"	"Geesehigh"	NA	NA	NA	NA	NA	1	1	"No data points have the baseline factor level"	"abundance"	18	2
"OTU_812"	"Geese"	"low"	"Geeselow"	NA	NA	NA	NA	NA	0.233928680350774	0.470306740308573	"No data points have the baseline factor level"	"abundance"	18	2
"OTU_814"	"Geese"	"high"	"Geesehigh"	NA	NA	NA	NA	NA	0.0681470476674245	0.371342225006612	"Fitting error (NA p-value returned from fitting procedure)"	"abundance"	18	7
"OTU_815"	"Geese"	"high"	"Geesehigh"	NA	NA	NA	NA	NA	0.441299875469682	0.647560446525157	"No data points have the baseline factor level"	"abundance"	18	2
"OTU_815"	"Geese"	"low"	"Geeselow"	NA	NA	NA	NA	NA	0.441299875469682	0.647560446525157	"No data points have the baseline factor level"	"abundance"	18	2
"OTU_818"	"Geese"	"high"	"Geesehigh"	NA	NA	NA	NA	NA	0.233928680350775	0.470306740308573	"No data points have the baseline factor level"	"abundance"	18	2
"OTU_818"	"Geese"	"low"	"Geeselow"	NA	NA	NA	NA	NA	1	1	"No data points have the baseline factor level"	"abundance"	18	2
"OTU_822"	"Geese"	"high"	"Geesehigh"	NA	NA	NA	NA	NA	0.233928680350775	0.470306740308573	"No data points have the baseline factor level"	"abundance"	18	2
"OTU_822"	"Geese"	"low"	"Geeselow"	NA	NA	NA	NA	NA	1	1	"No data points have the baseline factor level"	"abundance"	18	2
"OTU_823"	"Geese"	"high"	"Geesehigh"	NA	NA	NA	NA	NA	0.233928680350774	0.470306740308573	"contrasts can be applied only to factors with 2 or more levels"	"abundance"	18	2
"OTU_823"	"Geese"	"low"	"Geeselow"	NA	NA	NA	NA	NA	0.233928680350775	0.470306740308573	"contrasts can be applied only to factors with 2 or more levels"	"abundance"	18	2
"OTU_824"	"Geese"	"high"	"Geesehigh"	NA	NA	NA	NA	NA	0.441299875469683	0.647560446525157	"No data points have the baseline factor level"	"abundance"	18	2
"OTU_824"	"Geese"	"low"	"Geeselow"	NA	NA	NA	NA	NA	0.441299875469683	0.647560446525157	"No data points have the baseline factor level"	"abundance"	18	2
"OTU_826"	"Geese"	"high"	"Geesehigh"	NA	NA	NA	NA	NA	0.0681470476674243	0.371342225006612	"No data points have the baseline factor level"	"abundance"	18	4
"OTU_826"	"Geese"	"low"	"Geeselow"	NA	NA	NA	NA	NA	1	1	"No data points have the baseline factor level"	"abundance"	18	4
"OTU_827"	"Geese"	"high"	"Geesehigh"	NA	NA	NA	NA	NA	0.128757111980885	0.413840882563828	"contrasts can be applied only to factors with 2 or more levels"	"abundance"	18	3
"OTU_827"	"Geese"	"low"	"Geeselow"	NA	NA	NA	NA	NA	0.128757111980885	0.413840882563828	"contrasts can be applied only to factors with 2 or more levels"	"abundance"	18	3
"OTU_828"	"Geese"	"low"	"Geeselow"	NA	NA	NA	NA	NA	0.128757111980885	0.413840882563828	"Fitting error (NA p-value returned from fitting procedure)"	"abundance"	18	6
"OTU_833"	"Geese"	"high"	"Geesehigh"	NA	NA	NA	NA	NA	0.441299875469682	0.647560446525157	"No data points have the baseline factor level"	"abundance"	18	2
"OTU_833"	"Geese"	"low"	"Geeselow"	NA	NA	NA	NA	NA	0.441299875469683	0.647560446525157	"No data points have the baseline factor level"	"abundance"	18	2
"OTU_834"	"Geese"	"high"	"Geesehigh"	NA	NA	NA	NA	NA	0.441299875469683	0.647560446525157	"No data points have the baseline factor level"	"abundance"	18	2
"OTU_834"	"Geese"	"low"	"Geeselow"	NA	NA	NA	NA	NA	0.441299875469683	0.647560446525157	"No data points have the baseline factor level"	"abundance"	18	2
"OTU_835"	"Geese"	"high"	"Geesehigh"	NA	NA	NA	NA	NA	0.128757111980885	0.413840882563828	"Fitting error (NA p-value returned from fitting procedure)"	"abundance"	18	4
"OTU_837"	"Geese"	"high"	"Geesehigh"	NA	NA	NA	NA	NA	0.0323425624655711	0.300950284637266	"Fitting error (NA p-value returned from fitting procedure)"	"abundance"	18	6
"OTU_838"	"Geese"	"high"	"Geesehigh"	NA	NA	NA	NA	NA	0.0681470476674244	0.371342225006612	"No data points have the baseline factor level"	"abundance"	18	6
"OTU_838"	"Geese"	"low"	"Geeselow"	NA	NA	NA	NA	NA	0.233928680350775	0.470306740308573	"No data points have the baseline factor level"	"abundance"	18	6
"OTU_839"	"Geese"	"high"	"Geesehigh"	NA	NA	NA	NA	NA	0.128757111980885	0.413840882563828	"Fitting error (NA p-value returned from fitting procedure)"	"abundance"	18	4
"OTU_84"	"Geese"	"high"	"Geesehigh"	NA	NA	NA	NA	NA	0.0681470476674245	0.371342225006612	"No data points have the baseline factor level"	"abundance"	18	7
"OTU_84"	"Geese"	"low"	"Geeselow"	NA	NA	NA	NA	NA	0.128757111980885	0.413840882563828	"No data points have the baseline factor level"	"abundance"	18	7
"OTU_840"	"Geese"	"high"	"Geesehigh"	2.81803131412831	NA	NA	NA	NA	1	1	"Fitting error (NA p-value returned from fitting procedure)"	"abundance"	18	2
"OTU_840"	"Geese"	"low"	"Geeselow"	NA	NA	NA	NA	NA	0.441299875469682	0.647560446525157	"Fitting error (NA p-value returned from fitting procedure)"	"abundance"	18	2
"OTU_841"	"Geese"	"high"	"Geesehigh"	NA	NA	NA	NA	NA	0.441299875469682	0.647560446525157	"Fitting error (NA p-value returned from fitting procedure)"	"abundance"	18	3
"OTU_842"	"Geese"	"high"	"Geesehigh"	NA	NA	NA	NA	NA	0.032342562465571	0.300950284637266	"No data points have the baseline factor level"	"abundance"	18	5
"OTU_842"	"Geese"	"low"	"Geeselow"	NA	NA	NA	NA	NA	1	1	"No data points have the baseline factor level"	"abundance"	18	5
"OTU_845"	"Geese"	"high"	"Geesehigh"	NA	NA	NA	NA	NA	0.0681470476674244	0.371342225006612	"No data points have the baseline factor level"	"abundance"	18	5
"OTU_845"	"Geese"	"low"	"Geeselow"	NA	NA	NA	NA	NA	0.441299875469682	0.647560446525157	"No data points have the baseline factor level"	"abundance"	18	5
"OTU_846"	"Geese"	"high"	"Geesehigh"	NA	NA	NA	NA	NA	0.441299875469682	0.647560446525157	"Fitting error (NA p-value returned from fitting procedure)"	"abundance"	18	3
"OTU_848"	"Geese"	"high"	"Geesehigh"	NA	NA	NA	NA	NA	0.441299875469683	0.647560446525157	"Fitting error (NA p-value returned from fitting procedure)"	"abundance"	18	4
"OTU_85"	"Geese"	"high"	"Geesehigh"	NA	NA	NA	NA	NA	0.019105475059301	0.300950284637266	"No data points have the baseline factor level"	"abundance"	18	10
"OTU_85"	"Geese"	"low"	"Geeselow"	NA	NA	NA	NA	NA	0.068147047667424	0.371342225006612	"No data points have the baseline factor level"	"abundance"	18	10
"OTU_852"	"Geese"	"high"	"Geesehigh"	NA	NA	NA	NA	NA	0.0191054750593011	0.300950284637266	"No data points have the baseline factor level"	"abundance"	18	6
"OTU_852"	"Geese"	"low"	"Geeselow"	NA	NA	NA	NA	NA	1	1	"No data points have the baseline factor level"	"abundance"	18	6
"OTU_853"	"Geese"	"low"	"Geeselow"	NA	NA	NA	NA	NA	0.441299875469683	0.647560446525157	"Fitting error (NA p-value returned from fitting procedure)"	"abundance"	18	5
"OTU_854"	"Geese"	"high"	"Geesehigh"	NA	NA	NA	NA	NA	0.233928680350774	0.470306740308573	"Fitting error (NA p-value returned from fitting procedure)"	"abundance"	18	3
"OTU_855"	"Geese"	"high"	"Geesehigh"	NA	NA	NA	NA	NA	0.441299875469683	0.647560446525157	"Fitting error (NA p-value returned from fitting procedure)"	"abundance"	18	3
"OTU_856"	"Geese"	"high"	"Geesehigh"	NA	NA	NA	NA	NA	0.233928680350775	0.470306740308573	"No data points have the baseline factor level"	"abundance"	18	5
"OTU_856"	"Geese"	"low"	"Geeselow"	NA	NA	NA	NA	NA	0.128757111980885	0.413840882563828	"No data points have the baseline factor level"	"abundance"	18	5
"OTU_857"	"Geese"	"high"	"Geesehigh"	NA	NA	NA	NA	NA	0.0323425624655711	0.300950284637266	"Fitting error (NA p-value returned from fitting procedure)"	"abundance"	18	8
"OTU_858"	"Geese"	"high"	"Geesehigh"	NA	NA	NA	NA	NA	1	1	"No data points have the baseline factor level"	"abundance"	18	2
"OTU_858"	"Geese"	"low"	"Geeselow"	NA	NA	NA	NA	NA	0.233928680350774	0.470306740308573	"No data points have the baseline factor level"	"abundance"	18	2
"OTU_859"	"Geese"	"high"	"Geesehigh"	NA	NA	NA	NA	NA	0.441299875469683	0.647560446525157	"No data points have the baseline factor level"	"abundance"	18	2
"OTU_859"	"Geese"	"low"	"Geeselow"	NA	NA	NA	NA	NA	0.441299875469683	0.647560446525157	"No data points have the baseline factor level"	"abundance"	18	2
"OTU_860"	"Geese"	"high"	"Geesehigh"	NA	NA	NA	NA	NA	0.233928680350775	0.470306740308573	"contrasts can be applied only to factors with 2 or more levels"	"abundance"	18	2
"OTU_860"	"Geese"	"low"	"Geeselow"	NA	NA	NA	NA	NA	0.233928680350775	0.470306740308573	"contrasts can be applied only to factors with 2 or more levels"	"abundance"	18	2
"OTU_863"	"Geese"	"high"	"Geesehigh"	NA	NA	NA	NA	NA	0.233928680350775	0.470306740308573	"No data points have the baseline factor level"	"abundance"	18	5
"OTU_863"	"Geese"	"low"	"Geeselow"	NA	NA	NA	NA	NA	0.128757111980885	0.413840882563828	"No data points have the baseline factor level"	"abundance"	18	5
"OTU_864"	"Geese"	"high"	"Geesehigh"	NA	NA	NA	NA	NA	0.128757111980885	0.413840882563828	"No data points have the baseline factor level"	"abundance"	18	5
"OTU_864"	"Geese"	"low"	"Geeselow"	NA	NA	NA	NA	NA	0.233928680350775	0.470306740308573	"No data points have the baseline factor level"	"abundance"	18	5
"OTU_866"	"Geese"	"high"	"Geesehigh"	NA	NA	NA	NA	NA	0.233928680350775	0.470306740308573	"No data points have the baseline factor level"	"abundance"	18	2
"OTU_866"	"Geese"	"low"	"Geeselow"	NA	NA	NA	NA	NA	1	1	"No data points have the baseline factor level"	"abundance"	18	2
"OTU_868"	"Geese"	"low"	"Geeselow"	NA	NA	NA	NA	NA	0.128757111980885	0.413840882563828	"Fitting error (NA p-value returned from fitting procedure)"	"abundance"	18	4
"OTU_871"	"Geese"	"high"	"Geesehigh"	NA	NA	NA	NA	NA	1	1	"No data points have the baseline factor level"	"abundance"	18	3
"OTU_871"	"Geese"	"low"	"Geeselow"	NA	NA	NA	NA	NA	0.128757111980885	0.413840882563828	"No data points have the baseline factor level"	"abundance"	18	3
"OTU_872"	"Geese"	"high"	"Geesehigh"	NA	NA	NA	NA	NA	0.0323425624655712	0.300950284637266	"Fitting error (NA p-value returned from fitting procedure)"	"abundance"	18	7
"OTU_873"	"Geese"	"high"	"Geesehigh"	NA	NA	NA	NA	NA	1	1	"No data points have the baseline factor level"	"abundance"	18	2
"OTU_873"	"Geese"	"low"	"Geeselow"	NA	NA	NA	NA	NA	0.233928680350774	0.470306740308573	"No data points have the baseline factor level"	"abundance"	18	2
"OTU_874"	"Geese"	"high"	"Geesehigh"	NA	NA	NA	NA	NA	0.0191054750593011	0.300950284637266	"No data points have the baseline factor level"	"abundance"	18	6
"OTU_874"	"Geese"	"low"	"Geeselow"	NA	NA	NA	NA	NA	1	1	"No data points have the baseline factor level"	"abundance"	18	6
"OTU_876"	"Geese"	"high"	"Geesehigh"	NA	NA	NA	NA	NA	1	1	"No data points have the baseline factor level"	"abundance"	18	2
"OTU_876"	"Geese"	"low"	"Geeselow"	NA	NA	NA	NA	NA	0.233928680350774	0.470306740308573	"No data points have the baseline factor level"	"abundance"	18	2
"OTU_877"	"Geese"	"high"	"Geesehigh"	NA	NA	NA	NA	NA	0.128757111980885	0.413840882563828	"contrasts can be applied only to factors with 2 or more levels"	"abundance"	18	3
"OTU_877"	"Geese"	"low"	"Geeselow"	NA	NA	NA	NA	NA	0.128757111980886	0.413840882563828	"contrasts can be applied only to factors with 2 or more levels"	"abundance"	18	3
"OTU_878"	"Geese"	"high"	"Geesehigh"	NA	NA	NA	NA	NA	0.233928680350775	0.470306740308573	"No data points have the baseline factor level"	"abundance"	18	3
"OTU_878"	"Geese"	"low"	"Geeselow"	NA	NA	NA	NA	NA	0.441299875469682	0.647560446525157	"No data points have the baseline factor level"	"abundance"	18	3
"OTU_881"	"Geese"	"high"	"Geesehigh"	NA	NA	NA	NA	NA	0.032342562465571	0.300950284637266	"No data points have the baseline factor level"	"abundance"	18	5
"OTU_881"	"Geese"	"low"	"Geeselow"	NA	NA	NA	NA	NA	1	1	"No data points have the baseline factor level"	"abundance"	18	5
"OTU_883"	"Geese"	"low"	"Geeselow"	NA	NA	NA	NA	NA	0.441299875469682	0.647560446525157	"Fitting error (NA p-value returned from fitting procedure)"	"abundance"	18	5
"OTU_885"	"Geese"	"high"	"Geesehigh"	NA	NA	NA	NA	NA	1	1	"No data points have the baseline factor level"	"abundance"	18	2
"OTU_885"	"Geese"	"low"	"Geeselow"	NA	NA	NA	NA	NA	0.233928680350774	0.470306740308573	"No data points have the baseline factor level"	"abundance"	18	2
"OTU_886"	"Geese"	"high"	"Geesehigh"	NA	NA	NA	NA	NA	0.233928680350774	0.470306740308573	"contrasts can be applied only to factors with 2 or more levels"	"abundance"	18	2
"OTU_886"	"Geese"	"low"	"Geeselow"	NA	NA	NA	NA	NA	0.233928680350775	0.470306740308573	"contrasts can be applied only to factors with 2 or more levels"	"abundance"	18	2
"OTU_888"	"Geese"	"high"	"Geesehigh"	NA	NA	NA	NA	NA	0.0191054750593011	0.300950284637266	"contrasts can be applied only to factors with 2 or more levels"	"abundance"	18	6
"OTU_888"	"Geese"	"low"	"Geeselow"	NA	NA	NA	NA	NA	0.0191054750593011	0.300950284637266	"contrasts can be applied only to factors with 2 or more levels"	"abundance"	18	6
"OTU_893"	"Geese"	"high"	"Geesehigh"	NA	NA	NA	NA	NA	0.233928680350775	0.470306740308573	"contrasts can be applied only to factors with 2 or more levels"	"abundance"	18	2
"OTU_893"	"Geese"	"low"	"Geeselow"	NA	NA	NA	NA	NA	0.233928680350775	0.470306740308573	"contrasts can be applied only to factors with 2 or more levels"	"abundance"	18	2
"OTU_894"	"Geese"	"high"	"Geesehigh"	NA	NA	NA	NA	NA	0.441299875469682	0.647560446525157	"Fitting error (NA p-value returned from fitting procedure)"	"abundance"	18	2
"OTU_894"	"Geese"	"low"	"Geeselow"	0.714421667173751	NA	NA	NA	NA	1	1	"Fitting error (NA p-value returned from fitting procedure)"	"abundance"	18	2
"OTU_895"	"Geese"	"low"	"Geeselow"	NA	NA	NA	NA	NA	0.441299875469682	0.647560446525157	"Fitting error (NA p-value returned from fitting procedure)"	"abundance"	18	7
"OTU_898"	"Geese"	"high"	"Geesehigh"	NA	NA	NA	NA	NA	0.441299875469682	0.647560446525157	"Fitting error (NA p-value returned from fitting procedure)"	"abundance"	18	3
"OTU_901"	"Geese"	"low"	"Geeselow"	NA	NA	NA	NA	NA	0.441299875469682	0.647560446525157	"Fitting error (NA p-value returned from fitting procedure)"	"abundance"	18	3
"OTU_903"	"Geese"	"high"	"Geesehigh"	NA	NA	NA	NA	NA	1	1	"No data points have the baseline factor level"	"abundance"	18	2
"OTU_903"	"Geese"	"low"	"Geeselow"	NA	NA	NA	NA	NA	0.233928680350774	0.470306740308573	"No data points have the baseline factor level"	"abundance"	18	2
"OTU_905"	"Geese"	"low"	"Geeselow"	NA	NA	NA	NA	NA	0.233928680350774	0.470306740308573	"Fitting error (NA p-value returned from fitting procedure)"	"abundance"	18	3
"OTU_907"	"Geese"	"high"	"Geesehigh"	NA	NA	NA	NA	NA	0.0681470476674244	0.371342225006612	"Fitting error (NA p-value returned from fitting procedure)"	"abundance"	18	5
"OTU_909"	"Geese"	"high"	"Geesehigh"	1.80628036506034	NA	NA	NA	NA	1	1	"Fitting error (NA p-value returned from fitting procedure)"	"abundance"	18	2
"OTU_909"	"Geese"	"low"	"Geeselow"	NA	NA	NA	NA	NA	0.441299875469682	0.647560446525157	"Fitting error (NA p-value returned from fitting procedure)"	"abundance"	18	2
"OTU_91"	"Geese"	"high"	"Geesehigh"	NA	NA	NA	NA	NA	1	1	"No data points have the baseline factor level"	"abundance"	18	3
"OTU_91"	"Geese"	"low"	"Geeselow"	NA	NA	NA	NA	NA	0.128757111980885	0.413840882563828	"No data points have the baseline factor level"	"abundance"	18	3
"OTU_913"	"Geese"	"high"	"Geesehigh"	NA	NA	NA	NA	NA	0.128757111980885	0.413840882563828	"contrasts can be applied only to factors with 2 or more levels"	"abundance"	18	3
"OTU_913"	"Geese"	"low"	"Geeselow"	NA	NA	NA	NA	NA	0.128757111980885	0.413840882563828	"contrasts can be applied only to factors with 2 or more levels"	"abundance"	18	3
"OTU_915"	"Geese"	"high"	"Geesehigh"	NA	NA	NA	NA	NA	0.233928680350775	0.470306740308573	"Fitting error (NA p-value returned from fitting procedure)"	"abundance"	18	3
"OTU_916"	"Geese"	"high"	"Geesehigh"	NA	NA	NA	NA	NA	0.441299875469682	0.647560446525157	"No data points have the baseline factor level"	"abundance"	18	3
"OTU_916"	"Geese"	"low"	"Geeselow"	NA	NA	NA	NA	NA	0.233928680350774	0.470306740308573	"No data points have the baseline factor level"	"abundance"	18	3
"OTU_917"	"Geese"	"high"	"Geesehigh"	NA	NA	NA	NA	NA	1	1	"No data points have the baseline factor level"	"abundance"	18	2
"OTU_917"	"Geese"	"low"	"Geeselow"	NA	NA	NA	NA	NA	0.233928680350774	0.470306740308573	"No data points have the baseline factor level"	"abundance"	18	2
"OTU_919"	"Geese"	"low"	"Geeselow"	NA	NA	NA	NA	NA	0.032342562465571	0.300950284637266	"Fitting error (NA p-value returned from fitting procedure)"	"abundance"	18	9
"OTU_92"	"Geese"	"high"	"Geesehigh"	NA	NA	NA	NA	NA	0.441299875469682	0.647560446525157	"No data points have the baseline factor level"	"abundance"	18	3
"OTU_92"	"Geese"	"low"	"Geeselow"	NA	NA	NA	NA	NA	0.233928680350774	0.470306740308573	"No data points have the baseline factor level"	"abundance"	18	3
"OTU_920"	"Geese"	"high"	"Geesehigh"	NA	NA	NA	NA	NA	0.128757111980885	0.413840882563828	"Fitting error (NA p-value returned from fitting procedure)"	"abundance"	18	4
"OTU_921"	"Geese"	"high"	"Geesehigh"	NA	NA	NA	NA	NA	0.441299875469682	0.647560446525157	"No data points have the baseline factor level"	"abundance"	18	2
"OTU_921"	"Geese"	"low"	"Geeselow"	NA	NA	NA	NA	NA	0.441299875469683	0.647560446525157	"No data points have the baseline factor level"	"abundance"	18	2
"OTU_923"	"Geese"	"high"	"Geesehigh"	NA	NA	NA	NA	NA	1	1	"No data points have the baseline factor level"	"abundance"	18	3
"OTU_923"	"Geese"	"low"	"Geeselow"	NA	NA	NA	NA	NA	0.128757111980885	0.413840882563828	"No data points have the baseline factor level"	"abundance"	18	3
"OTU_925"	"Geese"	"high"	"Geesehigh"	NA	NA	NA	NA	NA	1	1	"No data points have the baseline factor level"	"abundance"	18	4
"OTU_925"	"Geese"	"low"	"Geeselow"	NA	NA	NA	NA	NA	0.0681470476674242	0.371342225006612	"No data points have the baseline factor level"	"abundance"	18	4
"OTU_926"	"Geese"	"high"	"Geesehigh"	NA	NA	NA	NA	NA	0.441299875469682	0.647560446525157	"Fitting error (NA p-value returned from fitting procedure)"	"abundance"	18	2
"OTU_926"	"Geese"	"low"	"Geeselow"	4.52075992981086	NA	NA	NA	NA	1	1	"Fitting error (NA p-value returned from fitting procedure)"	"abundance"	18	2
"OTU_927"	"Geese"	"high"	"Geesehigh"	NA	NA	NA	NA	NA	0.441299875469682	0.647560446525157	"Fitting error (NA p-value returned from fitting procedure)"	"abundance"	18	3
"OTU_930"	"Geese"	"high"	"Geesehigh"	NA	NA	NA	NA	NA	1	1	"No data points have the baseline factor level"	"abundance"	18	2
"OTU_930"	"Geese"	"low"	"Geeselow"	NA	NA	NA	NA	NA	0.233928680350775	0.470306740308573	"No data points have the baseline factor level"	"abundance"	18	2
"OTU_931"	"Geese"	"high"	"Geesehigh"	NA	NA	NA	NA	NA	0.0323425624655712	0.300950284637266	"contrasts can be applied only to factors with 2 or more levels"	"abundance"	18	5
"OTU_931"	"Geese"	"low"	"Geeselow"	NA	NA	NA	NA	NA	0.0323425624655711	0.300950284637266	"contrasts can be applied only to factors with 2 or more levels"	"abundance"	18	5
"OTU_933"	"Geese"	"high"	"Geesehigh"	NA	NA	NA	NA	NA	0.128757111980886	0.413840882563828	"No data points have the baseline factor level"	"abundance"	18	3
"OTU_933"	"Geese"	"low"	"Geeselow"	NA	NA	NA	NA	NA	0.999999999999999	1	"No data points have the baseline factor level"	"abundance"	18	3
"OTU_935"	"Geese"	"high"	"Geesehigh"	NA	NA	NA	NA	NA	0.441299875469682	0.647560446525157	"Fitting error (NA p-value returned from fitting procedure)"	"abundance"	18	2
"OTU_935"	"Geese"	"low"	"Geeselow"	5.53454407285002	NA	NA	NA	NA	1	1	"Fitting error (NA p-value returned from fitting procedure)"	"abundance"	18	2
"OTU_936"	"Geese"	"high"	"Geesehigh"	NA	NA	NA	NA	NA	0.032342562465571	0.300950284637266	"No data points have the baseline factor level"	"abundance"	18	5
"OTU_936"	"Geese"	"low"	"Geeselow"	NA	NA	NA	NA	NA	1	1	"No data points have the baseline factor level"	"abundance"	18	5
"OTU_939"	"Geese"	"high"	"Geesehigh"	NA	NA	NA	NA	NA	0.441299875469682	0.647560446525157	"No data points have the baseline factor level"	"abundance"	18	2
"OTU_939"	"Geese"	"low"	"Geeselow"	NA	NA	NA	NA	NA	0.441299875469682	0.647560446525157	"No data points have the baseline factor level"	"abundance"	18	2
"OTU_94"	"Geese"	"high"	"Geesehigh"	NA	NA	NA	NA	NA	0.0323425624655712	0.300950284637266	"Fitting error (NA p-value returned from fitting procedure)"	"abundance"	18	9
"OTU_941"	"Geese"	"high"	"Geesehigh"	NA	NA	NA	NA	NA	0.233928680350774	0.470306740308573	"Fitting error (NA p-value returned from fitting procedure)"	"abundance"	18	3
"OTU_942"	"Geese"	"high"	"Geesehigh"	NA	NA	NA	NA	NA	0.441299875469682	0.647560446525157	"No data points have the baseline factor level"	"abundance"	18	4
"OTU_942"	"Geese"	"low"	"Geeselow"	NA	NA	NA	NA	NA	0.128757111980885	0.413840882563828	"No data points have the baseline factor level"	"abundance"	18	4
"OTU_943"	"Geese"	"high"	"Geesehigh"	NA	NA	NA	NA	NA	1	1	"No data points have the baseline factor level"	"abundance"	18	2
"OTU_943"	"Geese"	"low"	"Geeselow"	NA	NA	NA	NA	NA	0.233928680350775	0.470306740308573	"No data points have the baseline factor level"	"abundance"	18	2
"OTU_944"	"Geese"	"high"	"Geesehigh"	NA	NA	NA	NA	NA	0.0681470476674243	0.371342225006612	"Fitting error (NA p-value returned from fitting procedure)"	"abundance"	18	5
"OTU_946"	"Geese"	"high"	"Geesehigh"	NA	NA	NA	NA	NA	0.128757111980885	0.413840882563828	"No data points have the baseline factor level"	"abundance"	18	3
"OTU_946"	"Geese"	"low"	"Geeselow"	NA	NA	NA	NA	NA	1	1	"No data points have the baseline factor level"	"abundance"	18	3
"OTU_948"	"Geese"	"high"	"Geesehigh"	NA	NA	NA	NA	NA	0.0681470476674244	0.371342225006612	"Fitting error (NA p-value returned from fitting procedure)"	"abundance"	18	6
"OTU_950"	"Geese"	"high"	"Geesehigh"	NA	NA	NA	NA	NA	1	1	"No data points have the baseline factor level"	"abundance"	18	2
"OTU_950"	"Geese"	"low"	"Geeselow"	NA	NA	NA	NA	NA	0.233928680350775	0.470306740308573	"No data points have the baseline factor level"	"abundance"	18	2
"OTU_951"	"Geese"	"high"	"Geesehigh"	NA	NA	NA	NA	NA	0.441299875469682	0.647560446525157	"Fitting error (NA p-value returned from fitting procedure)"	"abundance"	18	2
"OTU_951"	"Geese"	"low"	"Geeselow"	1.26285829186979	NA	NA	NA	NA	1	1	"Fitting error (NA p-value returned from fitting procedure)"	"abundance"	18	2
"OTU_952"	"Geese"	"high"	"Geesehigh"	NA	NA	NA	NA	NA	0.128757111980885	0.413840882563828	"Fitting error (NA p-value returned from fitting procedure)"	"abundance"	18	5
"OTU_953"	"Geese"	"high"	"Geesehigh"	NA	NA	NA	NA	NA	0.233928680350775	0.470306740308573	"Fitting error (NA p-value returned from fitting procedure)"	"abundance"	18	3
"OTU_954"	"Geese"	"high"	"Geesehigh"	0.229387281013977	NA	NA	NA	NA	1	1	"Fitting error (NA p-value returned from fitting procedure)"	"abundance"	18	2
"OTU_954"	"Geese"	"low"	"Geeselow"	NA	NA	NA	NA	NA	0.441299875469683	0.647560446525157	"Fitting error (NA p-value returned from fitting procedure)"	"abundance"	18	2
"OTU_955"	"Geese"	"high"	"Geesehigh"	NA	NA	NA	NA	NA	0.441299875469682	0.647560446525157	"No data points have the baseline factor level"	"abundance"	18	3
"OTU_955"	"Geese"	"low"	"Geeselow"	NA	NA	NA	NA	NA	0.233928680350775	0.470306740308573	"No data points have the baseline factor level"	"abundance"	18	3
"OTU_958"	"Geese"	"high"	"Geesehigh"	NA	NA	NA	NA	NA	1	1	"No data points have the baseline factor level"	"abundance"	18	2
"OTU_958"	"Geese"	"low"	"Geeselow"	NA	NA	NA	NA	NA	0.233928680350775	0.470306740308573	"No data points have the baseline factor level"	"abundance"	18	2
"OTU_959"	"Geese"	"high"	"Geesehigh"	NA	NA	NA	NA	NA	0.441299875469682	0.647560446525157	"No data points have the baseline factor level"	"abundance"	18	2
"OTU_959"	"Geese"	"low"	"Geeselow"	NA	NA	NA	NA	NA	0.441299875469683	0.647560446525157	"No data points have the baseline factor level"	"abundance"	18	2
"OTU_962"	"Geese"	"high"	"Geesehigh"	NA	NA	NA	NA	NA	0.441299875469682	0.647560446525157	"Fitting error (NA p-value returned from fitting procedure)"	"abundance"	18	2
"OTU_962"	"Geese"	"low"	"Geeselow"	3.26094012791491	NA	NA	NA	NA	0.999999999999999	1	"Fitting error (NA p-value returned from fitting procedure)"	"abundance"	18	2
"OTU_964"	"Geese"	"low"	"Geeselow"	NA	NA	NA	NA	NA	0.233928680350775	0.470306740308573	"Fitting error (NA p-value returned from fitting procedure)"	"abundance"	18	4
"OTU_965"	"Geese"	"high"	"Geesehigh"	NA	NA	NA	NA	NA	0.233928680350775	0.470306740308573	"contrasts can be applied only to factors with 2 or more levels"	"abundance"	18	2
"OTU_965"	"Geese"	"low"	"Geeselow"	NA	NA	NA	NA	NA	0.233928680350775	0.470306740308573	"contrasts can be applied only to factors with 2 or more levels"	"abundance"	18	2
"OTU_966"	"Geese"	"high"	"Geesehigh"	NA	NA	NA	NA	NA	0.0681470476674242	0.371342225006612	"Fitting error (NA p-value returned from fitting procedure)"	"abundance"	18	7
"OTU_97"	"Geese"	"high"	"Geesehigh"	NA	NA	NA	NA	NA	0.128757111980886	0.413840882563828	"No data points have the baseline factor level"	"abundance"	18	3
"OTU_97"	"Geese"	"low"	"Geeselow"	NA	NA	NA	NA	NA	0.999999999999999	1	"No data points have the baseline factor level"	"abundance"	18	3
"OTU_970"	"Geese"	"high"	"Geesehigh"	NA	NA	NA	NA	NA	0.233928680350775	0.470306740308573	"contrasts can be applied only to factors with 2 or more levels"	"abundance"	18	2
"OTU_970"	"Geese"	"low"	"Geeselow"	NA	NA	NA	NA	NA	0.233928680350775	0.470306740308573	"contrasts can be applied only to factors with 2 or more levels"	"abundance"	18	2
"OTU_975"	"Geese"	"high"	"Geesehigh"	NA	NA	NA	NA	NA	0.0681470476674243	0.371342225006612	"No data points have the baseline factor level"	"abundance"	18	4
"OTU_975"	"Geese"	"low"	"Geeselow"	NA	NA	NA	NA	NA	1	1	"No data points have the baseline factor level"	"abundance"	18	4
"OTU_979"	"Geese"	"high"	"Geesehigh"	NA	NA	NA	NA	NA	0.233928680350775	0.470306740308573	"Fitting error (NA p-value returned from fitting procedure)"	"abundance"	18	3
"OTU_980"	"Geese"	"high"	"Geesehigh"	NA	NA	NA	NA	NA	0.233928680350775	0.470306740308573	"Fitting error (NA p-value returned from fitting procedure)"	"abundance"	18	3
"OTU_982"	"Geese"	"high"	"Geesehigh"	NA	NA	NA	NA	NA	0.233928680350775	0.470306740308573	"Fitting error (NA p-value returned from fitting procedure)"	"abundance"	18	7
"OTU_985"	"Geese"	"high"	"Geesehigh"	NA	NA	NA	NA	NA	0.128757111980885	0.413840882563828	"No data points have the baseline factor level"	"abundance"	18	3
"OTU_985"	"Geese"	"low"	"Geeselow"	NA	NA	NA	NA	NA	1	1	"No data points have the baseline factor level"	"abundance"	18	3
"OTU_986"	"Geese"	"high"	"Geesehigh"	NA	NA	NA	NA	NA	0.233928680350775	0.470306740308573	"Fitting error (NA p-value returned from fitting procedure)"	"abundance"	18	3
"OTU_987"	"Geese"	"high"	"Geesehigh"	NA	NA	NA	NA	NA	1	1	"No data points have the baseline factor level"	"abundance"	18	2
"OTU_987"	"Geese"	"low"	"Geeselow"	NA	NA	NA	NA	NA	0.233928680350775	0.470306740308573	"No data points have the baseline factor level"	"abundance"	18	2
"OTU_989"	"Geese"	"high"	"Geesehigh"	NA	NA	NA	NA	NA	0.233928680350775	0.470306740308573	"Fitting error (NA p-value returned from fitting procedure)"	"abundance"	18	4
"OTU_990"	"Geese"	"high"	"Geesehigh"	NA	NA	NA	NA	NA	0.0323425624655712	0.300950284637266	"Fitting error (NA p-value returned from fitting procedure)"	"abundance"	18	8
"OTU_993"	"Geese"	"high"	"Geesehigh"	NA	NA	NA	NA	NA	0.128757111980885	0.413840882563828	"Fitting error (NA p-value returned from fitting procedure)"	"abundance"	18	5
"OTU_994"	"Geese"	"low"	"Geeselow"	NA	NA	NA	NA	NA	0.441299875469683	0.647560446525157	"Fitting error (NA p-value returned from fitting procedure)"	"abundance"	18	4
"OTU_996"	"Geese"	"high"	"Geesehigh"	NA	NA	NA	NA	NA	0.441299875469682	0.647560446525157	"Fitting error (NA p-value returned from fitting procedure)"	"abundance"	18	2
"OTU_996"	"Geese"	"low"	"Geeselow"	-0.892118454748339	NA	NA	NA	NA	1	1	"Fitting error (NA p-value returned from fitting procedure)"	"abundance"	18	2
"OTU_997"	"Geese"	"high"	"Geesehigh"	NA	NA	NA	NA	NA	0.233928680350775	0.470306740308573	"contrasts can be applied only to factors with 2 or more levels"	"abundance"	18	2
"OTU_997"	"Geese"	"low"	"Geeselow"	NA	NA	NA	NA	NA	0.233928680350775	0.470306740308573	"contrasts can be applied only to factors with 2 or more levels"	"abundance"	18	2
"OTU_998"	"Geese"	"high"	"Geesehigh"	NA	NA	NA	NA	NA	0.441299875469682	0.647560446525157	"Fitting error (NA p-value returned from fitting procedure)"	"abundance"	18	2
"OTU_998"	"Geese"	"low"	"Geeselow"	4.35083492836854	NA	NA	NA	NA	1	1	"Fitting error (NA p-value returned from fitting procedure)"	"abundance"	18	2
"OTU_999"	"Geese"	"high"	"Geesehigh"	NA	NA	NA	NA	NA	0.233928680350775	0.470306740308573	"Fitting error (NA p-value returned from fitting procedure)"	"abundance"	18	4
"OTU_104"	"Geese"	"high"	"Geesehigh"	NA	0	NA	NA	NA	0.731551535186692	0.931837106305091	"All logistic values are the same"	"prevalence"	18	18
"OTU_104"	"Geese"	"low"	"Geeselow"	NA	0	NA	NA	NA	0.0142527160538823	0.300950284637266	"All logistic values are the same"	"prevalence"	18	18
"OTU_115"	"Geese"	"high"	"Geesehigh"	NA	0	NA	NA	NA	0.0154104960601276	0.300950284637266	"All logistic values are the same"	"prevalence"	18	18
"OTU_115"	"Geese"	"low"	"Geeselow"	NA	0	NA	NA	NA	0.4590432210544	0.649104258490318	"All logistic values are the same"	"prevalence"	18	18
"OTU_1279"	"Geese"	"high"	"Geesehigh"	NA	0	NA	NA	NA	0.0802898033217083	0.401566478048725	"All logistic values are the same"	"prevalence"	18	18
"OTU_1279"	"Geese"	"low"	"Geeselow"	NA	0	NA	NA	NA	0.919362421139096	1	"All logistic values are the same"	"prevalence"	18	18
"OTU_14"	"Geese"	"high"	"Geesehigh"	NA	0	NA	NA	NA	0.0531861748816299	0.371342225006612	"All logistic values are the same"	"prevalence"	18	18
"OTU_14"	"Geese"	"low"	"Geeselow"	NA	0	NA	NA	NA	0.79880880797802	0.950573015073097	"All logistic values are the same"	"prevalence"	18	18
"OTU_142"	"Geese"	"high"	"Geesehigh"	NA	0	NA	NA	NA	0.00108716398907793	0.0994755050006308	"All logistic values are the same"	"prevalence"	18	18
"OTU_142"	"Geese"	"low"	"Geeselow"	NA	0	NA	NA	NA	0.00463473594973585	0.23669488710744	"All logistic values are the same"	"prevalence"	18	18
"OTU_1436"	"Geese"	"high"	"Geesehigh"	NA	0	NA	NA	NA	0.0000287147782942476	0.0136942809202417	"All logistic values are the same"	"prevalence"	18	18
"OTU_1436"	"Geese"	"low"	"Geeselow"	NA	0	NA	NA	NA	0.110031537159346	0.413840882563828	"All logistic values are the same"	"prevalence"	18	18
"OTU_185"	"Geese"	"high"	"Geesehigh"	NA	0	NA	NA	NA	0.766024326780298	0.94683600571972	"All logistic values are the same"	"prevalence"	18	18
"OTU_185"	"Geese"	"low"	"Geeselow"	NA	0	NA	NA	NA	0.197680907141036	0.470306740308573	"All logistic values are the same"	"prevalence"	18	18
"OTU_21"	"Geese"	"high"	"Geesehigh"	NA	0	NA	NA	NA	0.00324123962042422	0.192371951525719	"All logistic values are the same"	"prevalence"	18	18
"OTU_21"	"Geese"	"low"	"Geeselow"	NA	0	NA	NA	NA	0.161327798622289	0.470306740308573	"All logistic values are the same"	"prevalence"	18	18
"OTU_22"	"Geese"	"high"	"Geesehigh"	NA	0	NA	NA	NA	0.604798487031136	0.806887896427931	"All logistic values are the same"	"prevalence"	18	18
"OTU_22"	"Geese"	"low"	"Geeselow"	NA	0	NA	NA	NA	0.366033212010562	0.647560446525157	"All logistic values are the same"	"prevalence"	18	18
"OTU_23"	"Geese"	"high"	"Geesehigh"	NA	0	NA	NA	NA	0.000139094083946301	0.0345929304168191	"All logistic values are the same"	"prevalence"	18	18
"OTU_23"	"Geese"	"low"	"Geeselow"	NA	0	NA	NA	NA	0.10020054582078	0.413840882563828	"All logistic values are the same"	"prevalence"	18	18
"OTU_266"	"Geese"	"high"	"Geesehigh"	NA	0	NA	NA	NA	0.00187320909606414	0.132695715321189	"All logistic values are the same"	"prevalence"	18	18
"OTU_266"	"Geese"	"low"	"Geeselow"	NA	0	NA	NA	NA	0.0188061828032633	0.300950284637266	"All logistic values are the same"	"prevalence"	18	18
"OTU_269"	"Geese"	"high"	"Geesehigh"	NA	0	NA	NA	NA	0.1438696850211	0.444357001837321	"All logistic values are the same"	"prevalence"	18	18
"OTU_269"	"Geese"	"low"	"Geeselow"	NA	0	NA	NA	NA	0.00101078124159049	0.0974567176836012	"All logistic values are the same"	"prevalence"	18	18
"OTU_29"	"Geese"	"high"	"Geesehigh"	NA	0	NA	NA	NA	0.403323074876679	0.647560446525157	"All logistic values are the same"	"prevalence"	18	18
"OTU_29"	"Geese"	"low"	"Geeselow"	NA	0	NA	NA	NA	0.869139520671924	0.993560847160617	"All logistic values are the same"	"prevalence"	18	18
"OTU_3"	"Geese"	"high"	"Geesehigh"	NA	0	NA	NA	NA	0.131217917148346	0.413840882563828	"All logistic values are the same"	"prevalence"	18	18
"OTU_3"	"Geese"	"low"	"Geeselow"	NA	0	NA	NA	NA	0.00602799671773857	0.281648527492636	"All logistic values are the same"	"prevalence"	18	18
"OTU_4"	"Geese"	"high"	"Geesehigh"	NA	0	NA	NA	NA	0.89101025220694	1	"All logistic values are the same"	"prevalence"	18	18
"OTU_4"	"Geese"	"low"	"Geeselow"	NA	0	NA	NA	NA	0.0318493245561737	0.300950284637266	"All logistic values are the same"	"prevalence"	18	18
"OTU_42"	"Geese"	"high"	"Geesehigh"	NA	0	NA	NA	NA	0.212808206501844	0.470306740308573	"All logistic values are the same"	"prevalence"	18	18
"OTU_42"	"Geese"	"low"	"Geeselow"	NA	0	NA	NA	NA	0.435551640739323	0.647560446525157	"All logistic values are the same"	"prevalence"	18	18
"OTU_45"	"Geese"	"high"	"Geesehigh"	NA	0	NA	NA	NA	0.257903877476597	0.498115140667201	"All logistic values are the same"	"prevalence"	18	18
"OTU_45"	"Geese"	"low"	"Geeselow"	NA	0	NA	NA	NA	0.210147178506161	0.470306740308573	"All logistic values are the same"	"prevalence"	18	18
"OTU_46"	"Geese"	"high"	"Geesehigh"	NA	0	NA	NA	NA	0.0160926065379519	0.300950284637266	"All logistic values are the same"	"prevalence"	18	18
"OTU_46"	"Geese"	"low"	"Geeselow"	NA	0	NA	NA	NA	0.259019093575693	0.499829463525678	"All logistic values are the same"	"prevalence"	18	18
"OTU_5"	"Geese"	"high"	"Geesehigh"	NA	0	NA	NA	NA	0.435741544946883	0.647560446525157	"All logistic values are the same"	"prevalence"	18	18
"OTU_5"	"Geese"	"low"	"Geeselow"	NA	0	NA	NA	NA	0.34286700246602	0.64408548966243	"All logistic values are the same"	"prevalence"	18	18
"OTU_50"	"Geese"	"high"	"Geesehigh"	NA	0	NA	NA	NA	0.0232221069328487	0.300950284637266	"All logistic values are the same"	"prevalence"	18	18
"OTU_50"	"Geese"	"low"	"Geeselow"	NA	0	NA	NA	NA	0.17910097405179	0.470306740308573	"All logistic values are the same"	"prevalence"	18	18
"OTU_51"	"Geese"	"high"	"Geesehigh"	NA	0	NA	NA	NA	0.982240616005734	1	"All logistic values are the same"	"prevalence"	18	18
"OTU_51"	"Geese"	"low"	"Geeselow"	NA	0	NA	NA	NA	0.420079635663483	0.647560446525157	"All logistic values are the same"	"prevalence"	18	18
"OTU_56"	"Geese"	"high"	"Geesehigh"	NA	0	NA	NA	NA	0.77270509180725	0.94683600571972	"All logistic values are the same"	"prevalence"	18	18
"OTU_56"	"Geese"	"low"	"Geeselow"	NA	0	NA	NA	NA	0.870560784280136	0.99466778474463	"All logistic values are the same"	"prevalence"	18	18
"OTU_6"	"Geese"	"high"	"Geesehigh"	NA	0	NA	NA	NA	0.000657364045054454	0.08491596723174	"All logistic values are the same"	"prevalence"	18	18
"OTU_6"	"Geese"	"low"	"Geeselow"	NA	0	NA	NA	NA	0.0669850093643716	0.371342225006612	"All logistic values are the same"	"prevalence"	18	18
"OTU_70"	"Geese"	"high"	"Geesehigh"	NA	0	NA	NA	NA	0.020605962791068	0.300950284637266	"All logistic values are the same"	"prevalence"	18	18
"OTU_70"	"Geese"	"low"	"Geeselow"	NA	0	NA	NA	NA	0.595324640537172	0.797154213792457	"All logistic values are the same"	"prevalence"	18	18
"OTU_8"	"Geese"	"high"	"Geesehigh"	NA	0	NA	NA	NA	0.350227510911318	0.647560446525157	"All logistic values are the same"	"prevalence"	18	18
"OTU_8"	"Geese"	"low"	"Geeselow"	NA	0	NA	NA	NA	0.1921371556463	0.470306740308573	"All logistic values are the same"	"prevalence"	18	18
"OTU_87"	"Geese"	"high"	"Geesehigh"	NA	0	NA	NA	NA	0.000985062245131396	0.0974567176836012	"All logistic values are the same"	"prevalence"	18	18
"OTU_87"	"Geese"	"low"	"Geeselow"	NA	0	NA	NA	NA	0.347622776706089	0.647560446525157	"All logistic values are the same"	"prevalence"	18	18
"OTU_9"	"Geese"	"high"	"Geesehigh"	NA	0	NA	NA	NA	0.0573998377089926	0.371342225006612	"All logistic values are the same"	"prevalence"	18	18
"OTU_9"	"Geese"	"low"	"Geeselow"	NA	0	NA	NA	NA	0.473450654859807	0.666238838604974	"All logistic values are the same"	"prevalence"	18	18
"OTU_99"	"Geese"	"high"	"Geesehigh"	NA	0	NA	NA	NA	0.997170198879702	1	"All logistic values are the same"	"prevalence"	18	18
"OTU_99"	"Geese"	"low"	"Geeselow"	NA	0	NA	NA	NA	0.188740066369232	0.470306740308573	"All logistic values are the same"	"prevalence"	18	18
