"feature"	"metadata"	"value"	"name"	"coef"	"null_hypothesis"	"stderr"	"pval_individual"	"qval_individual"	"pval_joint"	"qval_joint"	"error"	"model"	"N"	"N_not_zero"
"OTU_147"	"Geese"	"high"	"Geesehigh"	4.5385448326083	-0.122975517760526	0.355876571723402	0.00000000135967037628859	0.0000198321521085454	0.00000000135967037628859	0.0000117665874364015	NA	"abundance"	18	18
"OTU_156"	"Geese"	"high"	"Geesehigh"	4.02381906137493	-0.122975517760526	0.354935859942678	0.00000000653740084288756	0.000047677264347179	0.00000000653740084288756	0.0000282873334471745	NA	"abundance"	18	18
"OTU_329"	"Geese"	"high"	"Geesehigh"	3.12005636049742	-0.122975517760526	0.302082351947689	0.0000000207626194015376	0.000100947855530276	0.0000000207626194015376	0.000059893236100302	NA	"abundance"	18	18
"OTU_215"	"Geese"	"high"	"Geesehigh"	2.23687060125718	-0.122975517760526	0.218969806361096	0.0000000418251460132524	0.00012201231594986	0.0000000418251460132524	0.0000723909627197372	NA	"abundance"	18	17
"OTU_6"	"Geese"	"high"	"Geesehigh"	3.35592837408427	-0.122975517760526	0.340271382173936	0.0000000391918573150463	0.00012201231594986	0.0000000391918573150463	0.0000723909627197372	NA	"abundance"	18	18
"OTU_100"	"Geese"	"high"	"Geesehigh"	2.96364298247816	-0.122975517760526	0.32243459071812	0.0000000945397906626511	0.000153217487400603	0.0000000945397906626511	0.0000909052609327314	NA	"abundance"	18	18
"OTU_26"	"Geese"	"high"	"Geesehigh"	1.9604296714062	-0.122975517760526	0.212189183146532	0.000000073640668674102	0.000153217487400603	0.000000073640668674102	0.0000909052609327314	NA	"abundance"	18	18
"OTU_458"	"Geese"	"high"	"Geesehigh"	4.67955999800389	-0.122975517760526	0.38890506304373	0.0000000891650464573956	0.000153217487400603	0.0000000891650464573956	0.0000909052609327314	NA	"abundance"	18	14
"OTU_5269"	"Geese"	"high"	"Geesehigh"	-3.53855699999369	-0.122975517760526	0.219515628975232	0.0000000894471139378794	0.000153217487400603	0.0000000894471139378794	0.0000909052609327314	NA	"abundance"	18	12
"OTU_473"	"Geese"	"high"	"Geesehigh"	3.6482638569562	-0.122975517760526	0.399063270012198	0.000000107890728795468	0.000157369417021069	0.000000107890728795468	0.0000933686366995978	NA	"abundance"	18	18
"OTU_525"	"Geese"	"high"	"Geesehigh"	2.31793916901007	-0.122975517760526	0.260144916433003	0.000000124662832945432	0.000165302916485643	0.000000124662832945432	0.0000980756505736157	NA	"abundance"	18	18
"OTU_127"	"Geese"	"high"	"Geesehigh"	1.18355359183704	-0.122975517760526	0.138744915802809	0.000000147331461031186	0.000179081390883407	0.000000147331461031186	0.00010625053864699	NA	"abundance"	18	18
"OTU_6"	"Geese"	"low"	"Geeselow"	3.02369980900988	-0.0832408318611617	0.340271382173936	0.000000169047414289025	0.000189671198832286	0.000000169047414289025	0.000112533563327479	NA	"abundance"	18	18
"OTU_559"	"Geese"	"high"	"Geesehigh"	2.86170594318621	-0.122975517760526	0.314432857859528	0.000000187573089949211	0.000195424363571371	0.000000375146144714758	0.000166645402123263	NA	"abundance"	18	17
"OTU_630"	"Geese"	"high"	"Geesehigh"	2.8334953387435	-0.122975517760526	0.284213643323485	0.000000249173214061926	0.000242296033353817	0.000000249173214061926	0.000154024642463708	NA	"abundance"	18	15
"OTU_53"	"Geese"	"high"	"Geesehigh"	-2.1690485472144	-0.122975517760526	0.231301532197007	0.000000268733615360617	0.000244984282103122	0.000000268733615360617	0.000155041380488718	NA	"abundance"	18	18
"OTU_778"	"Geese"	"high"	"Geesehigh"	-4.19513362617769	-0.122975517760526	0.446864166947862	0.000000301466663188421	0.000258658397015665	0.000000602933235494693	0.000179923593792106	NA	"abundance"	18	17
"OTU_129"	"Geese"	"high"	"Geesehigh"	3.28621868388315	-0.122975517760526	0.40815420613741	0.000000514864038070328	0.000270843480946002	0.000000514864038070328	0.000166645402123263	NA	"abundance"	18	18
"OTU_149"	"Geese"	"high"	"Geesehigh"	2.27175563897329	-0.122975517760526	0.280533858785432	0.000000414044287744275	0.000270843480946002	0.000000414044287744275	0.000166645402123263	NA	"abundance"	18	18
"OTU_193"	"Geese"	"high"	"Geesehigh"	3.85987981994963	-0.122975517760526	0.457760125549076	0.000000518517321745904	0.000270843480946002	0.000000518517321745904	0.000166645402123263	NA	"abundance"	18	17
"OTU_280"	"Geese"	"high"	"Geesehigh"	3.70910623902319	-0.122975517760526	0.448182721209862	0.000000388533206274744	0.000270843480946002	0.000000388533206274744	0.000166645402123263	NA	"abundance"	18	18
"OTU_292"	"Geese"	"high"	"Geesehigh"	4.49499943056939	-0.122975517760526	0.529327420103641	0.000000505109391424341	0.000270843480946002	0.000000505109391424341	0.000166645402123263	NA	"abundance"	18	17
"OTU_2949"	"Geese"	"high"	"Geesehigh"	2.67135977377134	-0.122975517760526	0.328845660405043	0.00000042713804671024	0.000270843480946002	0.00000042713804671024	0.000166645402123263	NA	"abundance"	18	18
"OTU_4477"	"Geese"	"high"	"Geesehigh"	-3.73551412339809	-0.122975517760526	0.430441435197497	0.000000488403794740577	0.000270843480946002	0.000000488403794740577	0.000166645402123263	NA	"abundance"	18	18
"OTU_547"	"Geese"	"high"	"Geesehigh"	4.67831193679827	-0.122975517760526	0.448284052112564	0.000000378368051556777	0.000270843480946002	0.000000378368051556777	0.000166645402123263	NA	"abundance"	18	14
"OTU_5986"	"Geese"	"high"	"Geesehigh"	-4.4398679139452	-0.122975517760526	0.505177118888775	0.000000387831085801871	0.000270843480946002	0.000000387831085801871	0.000166645402123263	NA	"abundance"	18	18
"OTU_661"	"Geese"	"high"	"Geesehigh"	4.23350599180147	-0.122975517760526	0.385057742794419	0.000000519924411523931	0.000270843480946002	0.000000519924411523931	0.000166645402123263	NA	"abundance"	18	13
"OTU_83"	"Geese"	"high"	"Geesehigh"	2.79532978769926	-0.122975517760526	0.345394356099178	0.00000045788015212711	0.000270843480946002	0.00000045788015212711	0.000166645402123263	NA	"abundance"	18	18
"OTU_225"	"Geese"	"high"	"Geesehigh"	3.25219483546826	-0.122975517760526	0.405384450123618	0.000000544785988321195	0.000274008566401826	0.000000544785988321195	0.000168377783676129	NA	"abundance"	18	18
"OTU_396"	"Geese"	"high"	"Geesehigh"	1.78443604058609	-0.122975517760526	0.231054811653947	0.000000659451834694735	0.00032062548202858	0.000000659451834694735	0.000190229872581608	NA	"abundance"	18	18
"OTU_536"	"Geese"	"high"	"Geesehigh"	3.3390515699675	-0.122975517760526	0.407062715013417	0.000000694227402231462	0.000326645189966068	0.000000694227402231462	0.000193801417384228	NA	"abundance"	18	17
"OTU_50"	"Geese"	"high"	"Geesehigh"	3.80381025487495	-0.122975517760526	0.486622762243526	0.000000794013189753251	0.000361921137054404	0.000000794013189753251	0.000214730942003895	NA	"abundance"	18	18
"OTU_2416"	"Geese"	"high"	"Geesehigh"	-3.4037985829491	-0.122975517760526	0.413911759991984	0.000000999295772019515	0.000441688731232626	0.000000999295772019515	0.000262057745789603	NA	"abundance"	18	18
"OTU_2453"	"Geese"	"low"	"Geeselow"	2.43658957359285	-0.0832408318611617	0.244514911234963	0.00000123918748951013	0.000502077464499854	0.00000123918748951013	0.00030639795812059	NA	"abundance"	18	13
"OTU_594"	"Geese"	"high"	"Geesehigh"	1.6602130167523	-0.122975517760526	0.227093469342563	0.00000122333910157479	0.000502077464499854	0.00000122333910157479	0.00030639795812059	NA	"abundance"	18	18
"OTU_6208"	"Geese"	"high"	"Geesehigh"	2.62287874989237	-0.122975517760526	0.239203051476318	0.00000118465339216112	0.000502077464499854	0.00000236930538091857	0.000429120524596765	NA	"abundance"	18	12
"OTU_152"	"Geese"	"high"	"Geesehigh"	3.39039518093838	-0.122975517760526	0.45294526319389	0.00000129865882758651	0.00051195236916694	0.00000129865882758651	0.000312183152609268	NA	"abundance"	18	18
"OTU_350"	"Geese"	"high"	"Geesehigh"	-4.65478082212219	-0.122975517760526	0.566737128116851	0.00000139158279832685	0.000520451966574242	0.00000139158279832685	0.000316914672018962	NA	"abundance"	18	17
"OTU_604"	"Geese"	"high"	"Geesehigh"	1.93266499644782	-0.122975517760526	0.265294096037523	0.00000138958259010558	0.000520451966574242	0.00000138958259010558	0.000316914672018962	NA	"abundance"	18	18
"OTU_7"	"Geese"	"high"	"Geesehigh"	0.873530135965921	-0.122975517760526	0.126244999933606	0.0000014449049046128	0.000526884573467057	0.0000014449049046128	0.000320620693449209	NA	"abundance"	18	18
"OTU_791"	"Geese"	"high"	"Geesehigh"	4.82025983848891	-0.122975517760526	0.596091696335625	0.00000151797837988354	0.000540030064609302	0.00000151797837988354	0.000328414622487805	NA	"abundance"	18	16
"OTU_3743"	"Geese"	"high"	"Geesehigh"	2.70605919769576	-0.122975517760526	0.374550387886919	0.00000182517049907016	0.000633855640462795	0.00000182517049907016	0.000385244524364712	NA	"abundance"	18	18
"OTU_1143"	"Geese"	"high"	"Geesehigh"	2.91274433570626	-0.122975517760526	0.37555179508536	0.00000205911551143245	0.000653935287238281	0.00000411822678290821	0.00056356372509613	NA	"abundance"	18	16
"OTU_147"	"Geese"	"low"	"Geeselow"	2.57188294173859	-0.0832408318611617	0.355876571723402	0.00000204150962079819	0.000653935287238281	0.00000204150962079819	0.000405621166755425	NA	"abundance"	18	18
"OTU_324"	"Geese"	"high"	"Geesehigh"	3.39686290508415	-0.122975517760526	0.469782809766702	0.00000196638022054163	0.000653935287238281	0.00000196638022054163	0.000405167962584935	NA	"abundance"	18	18
"OTU_370"	"Geese"	"high"	"Geesehigh"	-5.53370541098669	-0.122975517760526	0.599139545017589	0.00000206232162436315	0.000653935287238281	0.00000206232162436315	0.000405621166755425	NA	"abundance"	18	14
"OTU_366"	"Geese"	"high"	"Geesehigh"	2.42414774802857	-0.122975517760526	0.34235716746403	0.00000218649227301526	0.0006785569424298	0.00000218649227301526	0.000420486758459424	NA	"abundance"	18	18
"OTU_1218"	"Geese"	"high"	"Geesehigh"	3.32930467432096	-0.122975517760526	0.472134822110066	0.00000262651130222835	0.000701802540335504	0.00000262651130222835	0.000430995537489378	NA	"abundance"	18	18
"OTU_1286"	"Geese"	"high"	"Geesehigh"	-3.20615012474576	-0.122975517760526	0.402502423263315	0.0000023272088947035	0.000701802540335504	0.0000023272088947035	0.000429120524596765	NA	"abundance"	18	17
"OTU_1645"	"Geese"	"high"	"Geesehigh"	2.65538568736974	-0.122975517760526	0.377183966394145	0.00000242973257513768	0.000701802540335504	0.00000242973257513768	0.000429120524596765	NA	"abundance"	18	18
"OTU_18"	"Geese"	"high"	"Geesehigh"	3.03043748496645	-0.122975517760526	0.433309913368234	0.00000277607481624642	0.000701802540335504	0.00000277607481624642	0.000430995537489378	NA	"abundance"	18	18
"OTU_292"	"Geese"	"low"	"Geeselow"	3.91814266475434	-0.0832408318611617	0.529327420103641	0.00000265397294463288	0.000701802540335504	0.00000265397294463288	0.000430995537489378	NA	"abundance"	18	17
"OTU_4942"	"Geese"	"high"	"Geesehigh"	1.92129560992891	-0.122975517760526	0.279869344758329	0.00000278879671034016	0.000701802540335504	0.00000278879671034016	0.000430995537489378	NA	"abundance"	18	18
"OTU_56"	"Geese"	"high"	"Geesehigh"	2.26020144434835	-0.122975517760526	0.327352333255935	0.0000028387734731794	0.000701802540335504	0.0000028387734731794	0.000430995537489378	NA	"abundance"	18	18
"OTU_560"	"Geese"	"high"	"Geesehigh"	-3.9502904938242	-0.122975517760526	0.523945296420005	0.0000026326244234598	0.000701802540335504	0.0000026326244234598	0.000430995537489378	NA	"abundance"	18	18
"OTU_61"	"Geese"	"high"	"Geesehigh"	1.14126088416418	-0.122975517760526	0.171792655278653	0.00000279917925471995	0.000701802540335504	0.00000279917925471995	0.000430995537489378	NA	"abundance"	18	18
"OTU_6150"	"Geese"	"high"	"Geesehigh"	3.71647578716478	-0.122975517760526	0.522100854449879	0.00000242784588744271	0.000701802540335504	0.00000242784588744271	0.000429120524596765	NA	"abundance"	18	18
"OTU_765"	"Geese"	"high"	"Geesehigh"	-4.63722695020807	-0.122975517760526	0.572029507649356	0.00000264328740406938	0.000701802540335504	0.00000264328740406938	0.000430995537489378	NA	"abundance"	18	16
"OTU_964"	"Geese"	"high"	"Geesehigh"	1.61555637475475	-0.122975517760526	0.228674520278957	0.00000270245183164874	0.000701802540335504	0.00000540489636005159	0.000648111589701382	NA	"abundance"	18	17
"OTU_493"	"Geese"	"low"	"Geeselow"	1.77786587627254	-0.0832408318611617	0.256694060632966	0.00000296122843390645	0.000719874632282658	0.00000296122843390645	0.000441835704603904	NA	"abundance"	18	18
"OTU_285"	"Geese"	"high"	"Geesehigh"	4.40512770026267	-0.122975517760526	0.632038747163354	0.00000329796707787544	0.000788592586850675	0.00000329796707787544	0.00048373910325312	NA	"abundance"	18	18
"OTU_1001"	"Geese"	"high"	"Geesehigh"	2.00409123151261	-0.122975517760526	0.295727883415966	0.00000337029438890468	0.000792888934783285	0.00000337029438890468	0.000486108794026352	NA	"abundance"	18	18
"OTU_661"	"Geese"	"low"	"Geeselow"	3.70848355487272	-0.0832408318611617	0.415909897494142	0.00000374246455048244	0.000866469649735505	0.00000374246455048244	0.000530939151145492	NA	"abundance"	18	13
"OTU_3513"	"Geese"	"high"	"Geesehigh"	2.82585114842964	-0.122975517760526	0.419901334095673	0.00000423291450557528	0.000935474105732137	0.00000423291450557528	0.00056356372509613	NA	"abundance"	18	18
"OTU_493"	"Geese"	"high"	"Geesehigh"	1.69219396586657	-0.122975517760526	0.256694060632966	0.00000419054615585779	0.000935474105732137	0.00000419054615585779	0.00056356372509613	NA	"abundance"	18	18
"OTU_90"	"Geese"	"high"	"Geesehigh"	2.17337702091248	-0.122975517760526	0.325820703638842	0.00000422988946580105	0.000935474105732137	0.00000422988946580105	0.00056356372509613	NA	"abundance"	18	18
"OTU_605"	"Geese"	"high"	"Geesehigh"	2.27024570745132	-0.122975517760526	0.341030730183215	0.0000043648864065382	0.000950242285459198	0.0000043648864065382	0.000572329196396691	NA	"abundance"	18	18
"OTU_277"	"Geese"	"high"	"Geesehigh"	-2.0487598317293	-0.122975517760526	0.274670196314642	0.00000450788910111299	0.000957446579478257	0.00000450788910111299	0.000576415182787618	NA	"abundance"	18	18
"OTU_482"	"Geese"	"low"	"Geeselow"	3.27131998419072	-0.0832408318611617	0.480982979021569	0.00000452926189387082	0.000957446579478257	0.00000452926189387082	0.000576415182787618	NA	"abundance"	18	18
"OTU_226"	"Geese"	"high"	"Geesehigh"	2.05211846333925	-0.122975517760526	0.313174144733517	0.00000488812743437705	0.00101854609654034	0.00000488812743437705	0.000613070359668102	NA	"abundance"	18	18
"OTU_553"	"Geese"	"high"	"Geesehigh"	2.71026199577683	-0.122975517760526	0.409289751051658	0.00000497566851254128	0.00102218452005531	0.00000497566851254128	0.000615134790107603	NA	"abundance"	18	18
"OTU_4683"	"Geese"	"high"	"Geesehigh"	2.79540292136736	-0.122975517760526	0.410818657489512	0.00000545410291874493	0.00109236834381608	0.00000545410291874493	0.000648111589701382	NA	"abundance"	18	17
"OTU_84"	"Geese"	"high"	"Geesehigh"	2.35941533749385	-0.122975517760526	0.360749024551596	0.00000546708412851871	0.00109236834381608	0.00000546708412851871	0.000648111589701382	NA	"abundance"	18	18
"OTU_269"	"Geese"	"high"	"Geesehigh"	2.36352066254333	-0.122975517760526	0.366214608165345	0.00000635238478119415	0.00125210654619592	0.00000635238478119415	0.000742885647249381	NA	"abundance"	18	18
"OTU_156"	"Geese"	"low"	"Geeselow"	2.31460360939422	-0.0832408318611617	0.354935859942678	0.00000662577183940805	0.00126903909601404	0.00000662577183940805	0.000752931875559133	NA	"abundance"	18	18
"OTU_18"	"Geese"	"low"	"Geeselow"	2.84013100281588	-0.0832408318611617	0.433309913368234	0.00000668094711486766	0.00126903909601404	0.00000668094711486766	0.000752931875559133	NA	"abundance"	18	18
"OTU_526"	"Geese"	"high"	"Geesehigh"	3.38092780677712	-0.122975517760526	0.502633484001762	0.00000669930141183883	0.00126903909601404	0.00000669930141183883	0.000752931875559133	NA	"abundance"	18	17
"OTU_3842"	"Geese"	"high"	"Geesehigh"	4.01114491934488	-0.122975517760526	0.572020704953315	0.00000678877275495093	0.00126950050517582	0.00000678877275495093	0.000753205633606992	NA	"abundance"	18	16
"OTU_2718"	"Geese"	"high"	"Geesehigh"	2.78268690099862	-0.122975517760526	0.282894369228714	0.00000720058719849703	0.00132946537819339	0.00000720058719849703	0.000788783311592321	NA	"abundance"	18	11
"OTU_323"	"Geese"	"high"	"Geesehigh"	-4.43339509725713	-0.122975517760526	0.62440442870596	0.00000740309315760967	0.00134793950064794	0.00000740309315760967	0.000799744168285155	NA	"abundance"	18	17
"OTU_801"	"Geese"	"high"	"Geesehigh"	4.21838458817599	-0.122975517760526	0.606439823994175	0.00000748547234008523	0.00134793950064794	0.00000748547234008523	0.000799744168285155	NA	"abundance"	18	16
"OTU_2119"	"Geese"	"low"	"Geeselow"	3.77199992291669	-0.0832408318611617	0.580898812587891	0.00000798619592934369	0.00140345366054707	0.00000798619592934369	0.00083268119966916	NA	"abundance"	18	18
"OTU_591"	"Geese"	"high"	"Geesehigh"	2.8183128299601	-0.122975517760526	0.442504903933873	0.00000793440037893944	0.00140345366054707	0.00000793440037893944	0.00083268119966916	NA	"abundance"	18	18
"OTU_177"	"Geese"	"high"	"Geesehigh"	3.05860420862918	-0.122975517760526	0.480419325804977	0.00000826185766700238	0.00143461257060591	0.00000826185766700238	0.000851168050598079	NA	"abundance"	18	18
"OTU_586"	"Geese"	"high"	"Geesehigh"	3.67636056693445	-0.122975517760526	0.537462899450431	0.00000857549016708425	0.00145444301833827	0.0000171509067951369	0.00137429580930662	NA	"abundance"	18	16
"OTU_95"	"Geese"	"high"	"Geesehigh"	1.41753372781607	-0.122975517760526	0.231418395064439	0.00000856460944520521	0.00145444301833827	0.00000856460944520521	0.00087197800163301	NA	"abundance"	18	18
"OTU_321"	"Geese"	"high"	"Geesehigh"	2.70569250916802	-0.122975517760526	0.429452512607146	0.00000888212355554252	0.00148913395610509	0.00000888212355554252	0.000893789502903081	NA	"abundance"	18	18
"OTU_104"	"Geese"	"high"	"Geesehigh"	2.51120567639845	-0.122975517760526	0.388157524126474	0.00000907572072506024	0.00150339028492699	0.00000907572072506024	0.000901996648562681	NA	"abundance"	18	17
"OTU_152"	"Geese"	"low"	"Geeselow"	2.88767250763659	-0.0832408318611617	0.45294526319389	0.00000925535242346509	0.00150339028492699	0.00000925535242346509	0.000901996648562681	NA	"abundance"	18	18
"OTU_353"	"Geese"	"low"	"Geeselow"	2.60877175853257	-0.0832408318611617	0.410944261373112	0.00000927636950798227	0.00150339028492699	0.00000927636950798227	0.000901996648562681	NA	"abundance"	18	18
"OTU_2201"	"Geese"	"high"	"Geesehigh"	3.8315300240404	-0.122975517760526	0.606240256198913	0.00000976463557700313	0.00156513158819965	0.00000976463557700313	0.000938923958704279	NA	"abundance"	18	18
"OTU_477"	"Geese"	"high"	"Geesehigh"	-3.46835732921573	-0.122975517760526	0.514518956330389	0.0000101700585471987	0.00161239645618956	0.0000101700585471987	0.000967161391950079	NA	"abundance"	18	18
"OTU_346"	"Geese"	"high"	"Geesehigh"	-3.7100060771275	-0.122975517760526	0.535817474479712	0.0000104005603274171	0.00163121046167426	0.0000208010124831791	0.00154096129612741	NA	"abundance"	18	17
"OTU_303"	"Geese"	"high"	"Geesehigh"	-4.54133131056481	-0.122975517760526	0.68175976373282	0.000010530384910945	0.00163400206713877	0.000010530384910945	0.000990542945862157	NA	"abundance"	18	18
"OTU_3506"	"Geese"	"high"	"Geesehigh"	3.149084333613	-0.122975517760526	0.506218277992408	0.0000109529327857461	0.00167210337781554	0.0000109529327857461	0.00101318134602629	NA	"abundance"	18	18
"OTU_765"	"Geese"	"low"	"Geeselow"	-3.61322169526224	-0.0832408318611617	0.511638745695878	0.0000110052052838538	0.00167210337781554	0.0000110052052838538	0.00101318134602629	NA	"abundance"	18	16
"OTU_124"	"Geese"	"high"	"Geesehigh"	0.945638285502964	-0.122975517760526	0.163947479181138	0.0000116473823429386	0.00173355835565411	0.0000116473823429386	0.00104996298745615	NA	"abundance"	18	18
"OTU_36"	"Geese"	"high"	"Geesehigh"	-2.50192950881607	-0.122975517760526	0.369398386818606	0.000011580247213594	0.00173355835565411	0.000011580247213594	0.00104996298745615	NA	"abundance"	18	18
"OTU_2116"	"Geese"	"low"	"Geeselow"	1.37532677663099	-0.0832408318611617	0.181009992865112	0.0000117744427579058	0.00173476789966479	0.0000117744427579058	0.0010504745116177	NA	"abundance"	18	13
"OTU_283"	"Geese"	"high"	"Geesehigh"	-4.50733512938044	-0.122975517760526	0.667815839699417	0.000012780454864636	0.0018641571465558	0.0000255607463892454	0.00182812148142587	NA	"abundance"	18	17
"OTU_15"	"Geese"	"high"	"Geesehigh"	1.18603280603018	-0.122975517760526	0.204705521540184	0.0000134961850635218	0.00191727395149713	0.0000134961850635218	0.00117166128064883	NA	"abundance"	18	18
"OTU_502"	"Geese"	"high"	"Geesehigh"	1.46026101078296	-0.122975517760526	0.24795790649119	0.0000133354724348722	0.00191727395149713	0.0000133354724348722	0.00117166128064883	NA	"abundance"	18	18
"OTU_57"	"Geese"	"high"	"Geesehigh"	1.19205984618954	-0.122975517760526	0.20540778254082	0.000013538956328274	0.00191727395149713	0.000013538956328274	0.00117166128064883	NA	"abundance"	18	18
"OTU_193"	"Geese"	"low"	"Geeselow"	2.90056270176826	-0.0832408318611617	0.457760125549076	0.0000137558917803204	0.00192926382218994	0.0000137558917803204	0.00117864839076132	NA	"abundance"	18	17
"OTU_140"	"Geese"	"high"	"Geesehigh"	3.18342589273152	-0.122975517760526	0.527540071688596	0.0000154591681892358	0.00206869199273571	0.0000154591681892358	0.0012988703059189	NA	"abundance"	18	18
"OTU_3408"	"Geese"	"high"	"Geesehigh"	-3.97764112346375	-0.122975517760526	0.596663201564681	0.0000150490073526077	0.00206869199273571	0.0000300977882325931	0.00202802689781888	NA	"abundance"	18	17
"OTU_5355"	"Geese"	"high"	"Geesehigh"	-3.21431237198418	-0.122975517760526	0.478291600386729	0.0000151835840802583	0.00206869199273571	0.0000303669376192912	0.00202802689781888	NA	"abundance"	18	17
"OTU_820"	"Geese"	"high"	"Geesehigh"	3.10783076586925	-0.122975517760526	0.500013852420894	0.0000152325805822251	0.00206869199273571	0.000030464929132939	0.00202802689781888	NA	"abundance"	18	17
"OTU_893"	"Geese"	"high"	"Geesehigh"	2.93050627973928	-0.122975517760526	0.487072962494854	0.000015394189665896	0.00206869199273571	0.000015394189665896	0.0012988703059189	NA	"abundance"	18	18
"OTU_234"	"Geese"	"low"	"Geeselow"	-2.39670975243328	-0.0832408318611617	0.370426823683106	0.0000159923229501313	0.00212058202318741	0.0000159923229501313	0.0013307457962542	NA	"abundance"	18	18
"OTU_299"	"Geese"	"high"	"Geesehigh"	1.98569724172889	-0.122975517760526	0.337881246456489	0.0000165632545708894	0.00217650118172065	0.0000165632545708894	0.00136512766720454	NA	"abundance"	18	18
"OTU_429"	"Geese"	"high"	"Geesehigh"	3.01751833605869	-0.122975517760526	0.491562794896703	0.0000170955921385829	0.00220669298171124	0.0000170955921385829	0.00137429580930662	NA	"abundance"	18	17
"OTU_525"	"Geese"	"low"	"Geeselow"	1.53580808710612	-0.0832408318611617	0.260144916433003	0.0000169756139549726	0.00220669298171124	0.0000169756139549726	0.00137429580930662	NA	"abundance"	18	18
"OTU_432"	"Geese"	"high"	"Geesehigh"	1.10226677236925	-0.122975517760526	0.195622046033031	0.0000174836392146105	0.00221753357899399	0.0000174836392146105	0.00137548557966581	NA	"abundance"	18	18
"OTU_936"	"Geese"	"high"	"Geesehigh"	5.16410853756377	-0.122975517760526	0.690591953128587	0.0000174077598379396	0.00221753357899399	0.0000174077598379396	0.00137548557966581	NA	"abundance"	18	13
"OTU_141"	"Geese"	"high"	"Geesehigh"	-3.03713862684362	-0.122975517760526	0.470996523348491	0.0000178256505987129	0.00222226444130621	0.0000178256505987129	0.00137734982393983	NA	"abundance"	18	18
"OTU_497"	"Geese"	"high"	"Geesehigh"	-3.06136096764774	-0.122975517760526	0.42805571720484	0.0000177666214870031	0.00222226444130621	0.0000177666214870031	0.00137734982393983	NA	"abundance"	18	15
"OTU_4403"	"Geese"	"high"	"Geesehigh"	2.79295868743794	-0.122975517760526	0.475680721434684	0.000019475839892813	0.00237313139371177	0.000019475839892813	0.00146921675325464	NA	"abundance"	18	18
"OTU_448"	"Geese"	"high"	"Geesehigh"	2.97512238360407	-0.122975517760526	0.505074633821098	0.0000195239110959422	0.00237313139371177	0.0000195239110959422	0.00146921675325464	NA	"abundance"	18	18
"OTU_700"	"Geese"	"high"	"Geesehigh"	2.16418360514594	-0.122975517760526	0.371874504600979	0.000019201685864001	0.00237313139371177	0.000019201685864001	0.00146921675325464	NA	"abundance"	18	18
"OTU_528"	"Geese"	"high"	"Geesehigh"	-3.12526311790689	-0.122975517760526	0.444553911789002	0.0000208334263516186	0.00251137484929511	0.0000208334263516186	0.00154096129612741	NA	"abundance"	18	15
"OTU_1115"	"Geese"	"high"	"Geesehigh"	3.3413331460302	-0.122975517760526	0.536921138335038	0.0000219613056166024	0.00260976050504206	0.0000219613056166024	0.00160346806761642	NA	"abundance"	18	16
"OTU_208"	"Geese"	"high"	"Geesehigh"	2.4791588673761	-0.122975517760526	0.428486371210817	0.0000220490755773461	0.00260976050504206	0.0000220490755773461	0.00160346806761642	NA	"abundance"	18	18
"OTU_6052"	"Geese"	"high"	"Geesehigh"	-4.82924377428678	-0.122975517760526	0.755378201721368	0.0000221863638163455	0.00260976050504206	0.0000443722353979517	0.00262454235088839	NA	"abundance"	18	17
"OTU_482"	"Geese"	"high"	"Geesehigh"	2.76717791311421	-0.122975517760526	0.480982979021568	0.0000245278504857893	0.00286210581748578	0.0000245278504857893	0.00176886681753351	NA	"abundance"	18	18
"OTU_1671"	"Geese"	"high"	"Geesehigh"	-2.09533049052867	-0.122975517760526	0.309327580342079	0.0000254882594117323	0.00295056945856767	0.0000509758691720967	0.00280984185869634	NA	"abundance"	18	16
"OTU_766"	"Geese"	"high"	"Geesehigh"	2.95327817213321	-0.122975517760526	0.516512956531956	0.0000270337574472812	0.00308058114160972	0.0000270337574472812	0.00190203363372985	NA	"abundance"	18	18
"OTU_810"	"Geese"	"high"	"Geesehigh"	2.83384623889724	-0.122975517760526	0.482676693857299	0.0000268784735184546	0.00308058114160972	0.0000268784735184546	0.00190203363372985	NA	"abundance"	18	17
"OTU_779"	"Geese"	"high"	"Geesehigh"	1.70204870345249	-0.122975517760526	0.29802996605684	0.0000279780257945728	0.00316346887007471	0.0000559552688192182	0.00295266400220435	NA	"abundance"	18	17
"OTU_63"	"Geese"	"high"	"Geesehigh"	1.90466653408124	-0.122975517760526	0.342644813184634	0.0000292368363643547	0.0032803730400806	0.0000292368363643547	0.00202802689781888	NA	"abundance"	18	18
"OTU_1462"	"Geese"	"high"	"Geesehigh"	2.61545552161344	-0.122975517760526	0.420675829136744	0.0000296589625207178	0.00330233303303198	0.0000296589625207178	0.00202802689781888	NA	"abundance"	18	15
"OTU_43"	"Geese"	"high"	"Geesehigh"	2.21136825468074	-0.122975517760526	0.395545997886175	0.0000300257309446827	0.00331784326938744	0.0000300257309446827	0.00202802689781888	NA	"abundance"	18	18
"OTU_267"	"Geese"	"high"	"Geesehigh"	-2.59876813103114	-0.122975517760526	0.420180642383074	0.0000304641501974734	0.00334097815624321	0.0000304641501974734	0.00202802689781888	NA	"abundance"	18	18
"OTU_697"	"Geese"	"high"	"Geesehigh"	2.08855922116126	-0.122975517760526	0.365642620408758	0.0000311752167823087	0.00339344561184146	0.000062349461670476	0.00311891468957399	NA	"abundance"	18	17
"OTU_1734"	"Geese"	"high"	"Geesehigh"	2.69322189282866	-0.122975517760526	0.416127168397813	0.000031780809851889	0.00343373994444188	0.000031780809851889	0.00209947426304006	NA	"abundance"	18	14
"OTU_166"	"Geese"	"high"	"Geesehigh"	2.71793252105148	-0.122975517760526	0.485186642603951	0.000032440310123949	0.00347922326079353	0.000032440310123949	0.00212680639252011	NA	"abundance"	18	18
"OTU_579"	"Geese"	"high"	"Geesehigh"	3.5341647410491	-0.122975517760526	0.626075044350565	0.0000328244547043166	0.00349472625049023	0.0000328244547043166	0.00213581075948238	NA	"abundance"	18	18
"OTU_6150"	"Geese"	"low"	"Geeselow"	2.95851723641513	-0.0832408318611617	0.522100854449879	0.000033717244596998	0.00353812755173966	0.000033717244596998	0.00216140025735126	NA	"abundance"	18	18
"OTU_910"	"Geese"	"high"	"Geesehigh"	2.93018945034598	-0.122975517760526	0.509381884151078	0.0000336497602954067	0.00353812755173966	0.0000336497602954067	0.00216140025735126	NA	"abundance"	18	17
"OTU_685"	"Geese"	"high"	"Geesehigh"	2.01646484041044	-0.122975517760526	0.359701888815562	0.0000366725322001882	0.00382075396194246	0.0000366725322001882	0.00233355951220903	NA	"abundance"	18	17
"OTU_3720"	"Geese"	"low"	"Geeselow"	-1.98058396087465	-0.0832408318611617	0.252953383306996	0.000037929910575496	0.00390419910477711	0.000037929910575496	0.0023835369957142	NA	"abundance"	18	11
"OTU_3760"	"Geese"	"high"	"Geesehigh"	3.57920567369776	-0.122975517760526	0.642336226923254	0.0000380087942464247	0.00390419910477711	0.0000380087942464247	0.0023835369957142	NA	"abundance"	18	18
"OTU_1820"	"Geese"	"high"	"Geesehigh"	1.87362099760967	-0.122975517760526	0.336863627077917	0.0000385026098363994	0.00392726620331274	0.0000385026098363994	0.0023971337088072	NA	"abundance"	18	17
"OTU_750"	"Geese"	"high"	"Geesehigh"	-5.01173474599338	-0.122975517760526	0.703303523634035	0.0000396307951799901	0.0040142692951065	0.0000396307951799901	0.00244974929634025	NA	"abundance"	18	13
"OTU_140"	"Geese"	"low"	"Geeselow"	2.93949818189112	-0.0832408318611617	0.527540071688596	0.0000402526383105339	0.00404913780963757	0.0000402526383105339	0.00247054136127206	NA	"abundance"	18	18
"OTU_740"	"Geese"	"high"	"Geesehigh"	2.32622484497561	-0.122975517760526	0.404712950976809	0.000042110980690957	0.00420706002985136	0.000042110980690957	0.00256639737253198	NA	"abundance"	18	16
"OTU_2416"	"Geese"	"low"	"Geeselow"	-2.44492138214243	-0.0832408318611617	0.413911759991984	0.0000424894031855194	0.00421598935281623	0.0000424894031855194	0.00257135171445794	NA	"abundance"	18	18
"OTU_1030"	"Geese"	"high"	"Geesehigh"	2.17817361651144	-0.122975517760526	0.403432813880973	0.0000429149778453652	0.00422944504630066	0.0000429149778453652	0.00257907096023466	NA	"abundance"	18	18
"OTU_158"	"Geese"	"high"	"Geesehigh"	1.98279888836626	-0.122975517760526	0.369876684786133	0.0000441664663775043	0.0043235709971965	0.0000441664663775043	0.00262454235088839	NA	"abundance"	18	18
"OTU_2914"	"Geese"	"high"	"Geesehigh"	1.24850747987953	-0.122975517760526	0.240331603892115	0.0000445814335082728	0.00433509859434445	0.0000445814335082728	0.00262454235088839	NA	"abundance"	18	18
"OTU_13"	"Geese"	"high"	"Geesehigh"	1.3515246756394	-0.122975517760526	0.258637969922601	0.0000453260766364316	0.00437831889946352	0.0000453260766364316	0.00265035045413297	NA	"abundance"	18	18
"OTU_101"	"Geese"	"high"	"Geesehigh"	1.27270534354258	-0.122975517760526	0.244974122478309	0.0000458085987777856	0.00439581724850514	0.0000458085987777856	0.00266058801223461	NA	"abundance"	18	18
"OTU_671"	"Geese"	"high"	"Geesehigh"	1.85613327935226	-0.122975517760526	0.340544774228225	0.0000465788600034767	0.004411683454615	0.0000465788600034767	0.00268728969646725	NA	"abundance"	18	17
"OTU_964"	"Geese"	"low"	"Geeselow"	-1.47791376749344	-0.0832408318611617	0.239835860219635	0.0000464491732045103	0.004411683454615	0.000092896188883329	0.00386231642378154	NA	"abundance"	18	17
"OTU_432"	"Geese"	"low"	"Geeselow"	1.02642926743081	-0.0832408318611617	0.195622046033031	0.0000473603474421269	0.00445676146961847	0.0000473603474421269	0.00271428110439845	NA	"abundance"	18	18
"OTU_388"	"Geese"	"high"	"Geesehigh"	1.44997252727496	-0.122975517760526	0.277773514147494	0.0000482199867606337	0.00450856876211925	0.0000482199867606337	0.00274536687780608	NA	"abundance"	18	18
"OTU_704"	"Geese"	"high"	"Geesehigh"	-3.83604249428525	-0.122975517760526	0.576675361363694	0.0000487397462882733	0.0045281397411513	0.0000487397462882733	0.00275682198940338	NA	"abundance"	18	14
"OTU_1321"	"Geese"	"high"	"Geesehigh"	2.58544139175737	-0.122975517760526	0.469724997798803	0.0000499618664497881	0.00460647213594596	0.0000499618664497881	0.00280359034887707	NA	"abundance"	18	17
"OTU_380"	"Geese"	"high"	"Geesehigh"	1.76908083509268	-0.122975517760526	0.32765318706202	0.0000502145255460995	0.00460647213594596	0.0000502145255460995	0.00280359034887707	NA	"abundance"	18	17
"OTU_2320"	"Geese"	"low"	"Geeselow"	1.85840439749624	-0.0832408318611617	0.345589172908253	0.0000506467012142409	0.00461707989944323	0.0000506467012142409	0.0028095932840259	NA	"abundance"	18	18
"OTU_2452"	"Geese"	"high"	"Geesehigh"	-3.99169140863227	-0.122975517760526	0.692016407512231	0.0000519487582626432	0.0047063639007386	0.0000519487582626432	0.00284534527851212	NA	"abundance"	18	18
"OTU_4749"	"Geese"	"high"	"Geesehigh"	-3.08583388775088	-0.122975517760526	0.530050547217966	0.000052696754994308	0.00474465968115418	0.000052696754994308	0.00286816174667133	NA	"abundance"	18	18
"OTU_1945"	"Geese"	"low"	"Geeselow"	3.1134047867826	-0.0832408318611617	0.559824975176348	0.0000543126309167086	0.004851057234361	0.0000543126309167086	0.00293114676095936	NA	"abundance"	18	17
"OTU_211"	"Geese"	"high"	"Geesehigh"	-3.61164901259745	-0.122975517760526	0.627322361732525	0.0000550871199602732	0.004851057234361	0.0000550871199602732	0.00293114676095936	NA	"abundance"	18	18
"OTU_600"	"Geese"	"high"	"Geesehigh"	1.5469657250766	-0.122975517760526	0.292047232599601	0.0000552087961678271	0.004851057234361	0.0000552087961678271	0.00293114676095936	NA	"abundance"	18	17
"OTU_71"	"Geese"	"high"	"Geesehigh"	2.95263544305322	-0.122975517760526	0.552626084830625	0.0000547537928938802	0.004851057234361	0.0000547537928938802	0.00293114676095936	NA	"abundance"	18	18
"OTU_4440"	"Geese"	"high"	"Geesehigh"	2.20427011314641	-0.122975517760526	0.408404121114702	0.0000566306998823762	0.00494619993104395	0.0000566306998823762	0.0029701944047399	NA	"abundance"	18	17
"OTU_27"	"Geese"	"high"	"Geesehigh"	1.74237643896409	-0.122975517760526	0.336418171254156	0.0000587379467704707	0.0050997124499648	0.0000587379467704707	0.00306215777922683	NA	"abundance"	18	18
"OTU_1134"	"Geese"	"high"	"Geesehigh"	-2.21212625828799	-0.122975517760526	0.377500771935313	0.0000591034944269486	0.00510108621131049	0.0000591034944269486	0.00306276431599289	NA	"abundance"	18	18
"OTU_2201"	"Geese"	"low"	"Geeselow"	3.26088664216695	-0.0832408318611617	0.606240256198913	0.0000596197511303354	0.00511537464698277	0.0000596197511303354	0.0030711269421543	NA	"abundance"	18	18
"OTU_161"	"Geese"	"low"	"Geeselow"	2.42418246774906	-0.0832408318611617	0.454864069964966	0.0000603140269253011	0.00513384411021541	0.0000603140269253011	0.00308178888375086	NA	"abundance"	18	18
"OTU_262"	"Geese"	"high"	"Geesehigh"	4.16228917892662	-0.122975517760526	0.758514155016759	0.0000605389542682744	0.00513384411021541	0.0000605389542682744	0.00308178888375086	NA	"abundance"	18	17
"OTU_4946"	"Geese"	"high"	"Geesehigh"	4.06429117857471	-0.122975517760526	0.667490670832991	0.0000610527538453809	0.00514748825195795	0.0000610527538453809	0.00308976919168378	NA	"abundance"	18	14
"OTU_2"	"Geese"	"high"	"Geesehigh"	2.15819161194366	-0.122975517760526	0.414474885513808	0.0000623211752630581	0.00522423369187911	0.0000623211752630581	0.00311891468957399	NA	"abundance"	18	18
"OTU_1684"	"Geese"	"high"	"Geesehigh"	-3.8285780436151	-0.122975517760526	0.640307229894137	0.0000634970021438086	0.00526133900216903	0.0000634970021438086	0.00313933430378618	NA	"abundance"	18	16
"OTU_206"	"Geese"	"high"	"Geesehigh"	1.59017809537845	-0.122975517760526	0.310804950572637	0.0000638459484014753	0.00526133900216903	0.0000638459484014753	0.00313933430378618	NA	"abundance"	18	18
"OTU_807"	"Geese"	"high"	"Geesehigh"	-3.02650540807763	-0.122975517760526	0.484229605760859	0.0000638065987689229	0.00526133900216903	0.0000638065987689229	0.00313933430378618	NA	"abundance"	18	15
"OTU_366"	"Geese"	"low"	"Geeselow"	1.79313908887353	-0.0832408318611617	0.34235716746403	0.0000644385583270513	0.00528034163909196	0.0000644385583270513	0.00315057222464577	NA	"abundance"	18	18
"OTU_5300"	"Geese"	"high"	"Geesehigh"	4.81591989508332	-0.122975517760526	0.856556502154869	0.0000657955160989765	0.00534039166408752	0.0000657955160989765	0.00319884492314912	NA	"abundance"	18	16
"OTU_818"	"Geese"	"high"	"Geesehigh"	1.95962680806346	-0.122975517760526	0.370821026536453	0.0000659036404453417	0.00534039166408752	0.000131802937600859	0.00481275367931577	NA	"abundance"	18	17
"OTU_3345"	"Geese"	"high"	"Geesehigh"	-3.03226731907867	-0.122975517760526	0.532891078852558	0.0000669627649261262	0.00539623695697501	0.0000669627649261262	0.00323740652329998	NA	"abundance"	18	18
"OTU_173"	"Geese"	"high"	"Geesehigh"	2.60559933871982	-0.122975517760526	0.500558630737484	0.0000679846573783394	0.00544848468417834	0.0000679846573783394	0.00326855124973416	NA	"abundance"	18	18
"OTU_14"	"Geese"	"high"	"Geesehigh"	2.05490483741443	-0.122975517760526	0.399946470035284	0.0000700758397196299	0.00558538906093182	0.0000700758397196299	0.00335047688913634	NA	"abundance"	18	18
"OTU_1480"	"Geese"	"high"	"Geesehigh"	2.26553296015914	-0.122975517760526	0.367250372641255	0.0000708704974721197	0.00560513926821304	0.0000708704974721197	0.00336152981476893	NA	"abundance"	18	13
"OTU_2190"	"Geese"	"high"	"Geesehigh"	2.84439459412838	-0.122975517760526	0.547041743206542	0.0000716793089209355	0.00560513926821304	0.0000716793089209355	0.00336152981476893	NA	"abundance"	18	18
"OTU_3294"	"Geese"	"high"	"Geesehigh"	2.51342288965108	-0.122975517760526	0.486282564977416	0.0000718607598488852	0.00560513926821304	0.0000718607598488852	0.00336152981476893	NA	"abundance"	18	18
"OTU_50"	"Geese"	"low"	"Geeselow"	2.55638954850698	-0.0832408318611617	0.486622762243526	0.0000711549177611071	0.00560513926821304	0.0000711549177611071	0.00336152981476893	NA	"abundance"	18	18
"OTU_383"	"Geese"	"high"	"Geesehigh"	1.95140552266953	-0.122975517760526	0.373029358335712	0.0000725861310751919	0.0056316027013976	0.0000725861310751919	0.00337720633507909	NA	"abundance"	18	17
"OTU_4901"	"Geese"	"high"	"Geesehigh"	3.87452289726859	-0.122975517760526	0.679875482706283	0.0000754543560952392	0.00582315998944529	0.0000754543560952392	0.00349188234036471	NA	"abundance"	18	15
"OTU_374"	"Geese"	"high"	"Geesehigh"	1.55821208227137	-0.122975517760526	0.311567321674029	0.0000773418173789509	0.00593740920152304	0.0000773418173789509	0.00356019195530554	NA	"abundance"	18	18
"OTU_630"	"Geese"	"low"	"Geeselow"	1.76598667380846	-0.0832408318611617	0.314858530020204	0.0000777551982844571	0.00593789173914707	0.000155504350698054	0.00527211406093988	NA	"abundance"	18	15
"OTU_43"	"Geese"	"low"	"Geeselow"	2.04324355870507	-0.0832408318611617	0.395545997886175	0.0000783704779232508	0.00595370724473196	0.0000783704779232508	0.00358845563993552	NA	"abundance"	18	18
"OTU_1125"	"Geese"	"high"	"Geesehigh"	3.10644562817318	-0.122975517760526	0.587272461823363	0.0000795553091693657	0.00601240279556668	0.0000795553091693657	0.00362353497658785	NA	"abundance"	18	17
"OTU_1860"	"Geese"	"high"	"Geesehigh"	2.4171078632781	-0.122975517760526	0.417745090504107	0.0000809545724784755	0.0060447909124434	0.0000809545724784755	0.00364217431472435	NA	"abundance"	18	14
"OTU_47"	"Geese"	"high"	"Geesehigh"	0.724546630039781	-0.122975517760526	0.155359948732171	0.0000809887473036675	0.0060447909124434	0.0000809887473036675	0.00364217431472435	NA	"abundance"	18	18
"OTU_684"	"Geese"	"high"	"Geesehigh"	1.804297825205	-0.122975517760526	0.35933438294069	0.0000812271369010631	0.0060447909124434	0.0000812271369010631	0.00364217431472435	NA	"abundance"	18	18
"OTU_1088"	"Geese"	"high"	"Geesehigh"	3.14427849497957	-0.122975517760526	0.562796520661171	0.0000853585669938761	0.00610313754006214	0.0000853585669938761	0.00369346519382502	NA	"abundance"	18	15
"OTU_1439"	"Geese"	"high"	"Geesehigh"	-3.13127493666831	-0.122975517760526	0.563547633292107	0.0000841690233658321	0.00610313754006214	0.0000841690233658321	0.00369346519382502	NA	"abundance"	18	18
"OTU_1564"	"Geese"	"low"	"Geeselow"	3.34347086777116	-0.0832408318611617	0.540627572595929	0.0000853293776755804	0.00610313754006214	0.000170651474248466	0.00561527702717197	NA	"abundance"	18	13
"OTU_384"	"Geese"	"high"	"Geesehigh"	3.25308603218796	-0.122975517760526	0.633061519296341	0.000084626271491417	0.00610313754006214	0.000084626271491417	0.00369346519382502	NA	"abundance"	18	18
"OTU_640"	"Geese"	"high"	"Geesehigh"	3.47230105873412	-0.122975517760526	0.617545933468773	0.0000828654924518446	0.00610313754006214	0.0000828654924518446	0.00369036888413396	NA	"abundance"	18	15
"OTU_67"	"Geese"	"high"	"Geesehigh"	0.929161259716016	-0.122975517760526	0.195118437922156	0.0000842476000003645	0.00610313754006214	0.0000842476000003645	0.00369346519382502	NA	"abundance"	18	18
"OTU_78"	"Geese"	"low"	"Geeselow"	-2.31709995865655	-0.0832408318611617	0.419181081421568	0.0000853386212320562	0.00610313754006214	0.0000853386212320562	0.00369346519382502	NA	"abundance"	18	18
"OTU_888"	"Geese"	"high"	"Geesehigh"	3.48059320405114	-0.122975517760526	0.658636315231471	0.000083154833880994	0.00610313754006214	0.000083154833880994	0.00369036888413396	NA	"abundance"	18	17
"OTU_1747"	"Geese"	"low"	"Geeselow"	1.8756667561371	-0.0832408318611617	0.359144225687871	0.0000866620975240595	0.00616432669093059	0.0000866620975240595	0.00372906107324549	NA	"abundance"	18	17
"OTU_31"	"Geese"	"high"	"Geesehigh"	-2.18158728811612	-0.122975517760526	0.386494702658691	0.0000873125216709347	0.00616432669093059	0.0000873125216709347	0.00372906107324549	NA	"abundance"	18	18
"OTU_324"	"Geese"	"low"	"Geeselow"	2.41214947240395	-0.0832408318611617	0.469782809766703	0.0000877713863515206	0.00616432669093059	0.0000877713863515206	0.00372906107324549	NA	"abundance"	18	18
"OTU_585"	"Geese"	"high"	"Geesehigh"	-3.60762764650064	-0.122975517760526	0.602732746702163	0.0000879048369473168	0.00616432669093059	0.0000879048369473168	0.00372906107324549	NA	"abundance"	18	15
"OTU_1489"	"Geese"	"high"	"Geesehigh"	3.0828306215603	-0.122975517760526	0.532950255565672	0.0000889089524821474	0.00617536181383144	0.000177810000162463	0.00576317506144553	NA	"abundance"	18	14
"OTU_410"	"Geese"	"high"	"Geesehigh"	1.22488153378809	-0.122975517760526	0.246546000144008	0.0000885245106314603	0.00617536181383144	0.0000885245106314603	0.00373702982929101	NA	"abundance"	18	17
"OTU_1194"	"Geese"	"low"	"Geeselow"	2.3435592431467	-0.0832408318611617	0.458033717036048	0.0000899592740322142	0.00618936778789564	0.0000899592740322142	0.0037609060747574	NA	"abundance"	18	18
"OTU_84"	"Geese"	"low"	"Geeselow"	1.83162660475856	-0.0832408318611617	0.360749024551596	0.0000895678039687375	0.00618936778789564	0.0000895678039687375	0.0037609060747574	NA	"abundance"	18	18
"OTU_212"	"Geese"	"high"	"Geesehigh"	1.19800359888846	-0.122975517760526	0.248394405304427	0.0000932775748290204	0.00638754322279855	0.0000932775748290204	0.00386231642378154	NA	"abundance"	18	18
"OTU_271"	"Geese"	"low"	"Geeselow"	1.44769104714453	-0.0832408318611617	0.289973936689723	0.0000963419928234899	0.00654907036997626	0.0000963419928234899	0.00395928115874325	NA	"abundance"	18	18
"OTU_51"	"Geese"	"high"	"Geesehigh"	-1.47428917202188	-0.122975517760526	0.255196902397868	0.0000965343568863908	0.00654907036997626	0.0000965343568863908	0.00395928115874325	NA	"abundance"	18	18
"OTU_17"	"Geese"	"high"	"Geesehigh"	1.7025690106529	-0.122975517760526	0.346500199813046	0.0000975063768584583	0.00655996488394347	0.0000975063768584583	0.0039651747012298	NA	"abundance"	18	18
"OTU_87"	"Geese"	"high"	"Geesehigh"	-2.02681023401545	-0.122975517760526	0.361288441394915	0.0000975944316341515	0.00655996488394347	0.0000975944316341515	0.0039651747012298	NA	"abundance"	18	18
"OTU_77"	"Geese"	"high"	"Geesehigh"	1.00029932999333	-0.122975517760526	0.211451086472423	0.000098310767986165	0.00657780211856056	0.000098310767986165	0.00397561395398258	NA	"abundance"	18	18
"OTU_1224"	"Geese"	"high"	"Geesehigh"	-3.24930367693537	-0.122975517760526	0.566981911443777	0.000101109674520372	0.00669806155131236	0.000101109674520372	0.00404727165654638	NA	"abundance"	18	16
"OTU_590"	"Geese"	"high"	"Geesehigh"	-1.42066028897338	-0.122975517760526	0.246309262448795	0.00010148578108049	0.00669806155131236	0.00010148578108049	0.00404727165654638	NA	"abundance"	18	18
"OTU_673"	"Geese"	"low"	"Geeselow"	-2.61491268838711	-0.0832408318611617	0.472296509341466	0.000100976986621371	0.00669806155131236	0.000100976986621371	0.00404727165654638	NA	"abundance"	18	17
"OTU_1161"	"Geese"	"high"	"Geesehigh"	-3.04018483323025	-0.122975517760526	0.557654741790598	0.000103343388342503	0.00678993992055741	0.000103343388342503	0.0041024480858533	NA	"abundance"	18	18
"OTU_2093"	"Geese"	"high"	"Geesehigh"	2.29111259903482	-0.122975517760526	0.409906912252064	0.000107130872230909	0.00697594152839306	0.000214250267438034	0.00655166718872349	NA	"abundance"	18	14
"OTU_215"	"Geese"	"low"	"Geeselow"	1.1452930450656	-0.0832408318611617	0.229657470393622	0.000106918705067072	0.00697594152839306	0.00021382597852465	0.00655166718872349	NA	"abundance"	18	17
"OTU_196"	"Geese"	"high"	"Geesehigh"	-4.36675534374558	-0.122975517760526	0.723287427639067	0.000108411772994477	0.00700276588451868	0.000108411772994477	0.00426811435872667	NA	"abundance"	18	14
"OTU_5824"	"Geese"	"high"	"Geesehigh"	4.46187210299992	-0.122975517760526	0.780994701373788	0.00010850302275478	0.00700276588451868	0.00010850302275478	0.00426811435872667	NA	"abundance"	18	14
"OTU_436"	"Geese"	"high"	"Geesehigh"	-5.30052445941345	-0.122975517760526	0.842173941336568	0.000109104257004278	0.00701054930689161	0.000109104257004278	0.00427234497789602	NA	"abundance"	18	13
"OTU_3939"	"Geese"	"high"	"Geesehigh"	1.59117091508207	-0.122975517760526	0.329290305237076	0.000110376570722437	0.007061195879638	0.000110376570722437	0.00430269749113499	NA	"abundance"	18	18
"OTU_588"	"Geese"	"high"	"Geesehigh"	-2.57529106012628	-0.122975517760526	0.463684259711024	0.000116714276901408	0.00743403686848884	0.000233414931580384	0.00694148734672387	NA	"abundance"	18	17
"OTU_89"	"Geese"	"low"	"Geeselow"	-2.33675544123255	-0.0832408318611617	0.436548793134979	0.000117826479019589	0.00747224792599882	0.000117826479019589	0.00457123666950209	NA	"abundance"	18	18
"OTU_2234"	"Geese"	"high"	"Geesehigh"	2.05109016879921	-0.122975517760526	0.411802230582607	0.000119218125838483	0.00747318172938798	0.000119218125838483	0.00457123666950209	NA	"abundance"	18	17
"OTU_5344"	"Geese"	"low"	"Geeselow"	-1.73580080464056	-0.0832408318611617	0.319968504735581	0.000118602169188242	0.00747318172938798	0.000118602169188242	0.00457123666950209	NA	"abundance"	18	18
"OTU_5986"	"Geese"	"low"	"Geeselow"	-2.68668618699992	-0.0832408318611617	0.505177118888775	0.000119378262919745	0.00747318172938798	0.000119378262919745	0.00457123666950209	NA	"abundance"	18	18
"OTU_623"	"Geese"	"high"	"Geesehigh"	0.79294953935726	-0.122975517760526	0.175300893507978	0.000120071519763787	0.00748445806527605	0.000120071519763787	0.00457752833495953	NA	"abundance"	18	18
"OTU_71"	"Geese"	"low"	"Geeselow"	2.75944992986098	-0.0832408318611617	0.552626084830625	0.000121062054523002	0.00751408990328729	0.000121062054523002	0.00459504833264062	NA	"abundance"	18	18
"OTU_1311"	"Geese"	"high"	"Geesehigh"	2.38085556791722	-0.122975517760526	0.449073205960569	0.000123446672835037	0.0075974395357462	0.000123446672835037	0.00464481524658439	NA	"abundance"	18	15
"OTU_151"	"Geese"	"high"	"Geesehigh"	-2.35971195127048	-0.122975517760526	0.435039758706983	0.00012294337466856	0.0075974395357462	0.00012294337466856	0.00464481524658439	NA	"abundance"	18	18
"OTU_264"	"Geese"	"high"	"Geesehigh"	2.55715642665103	-0.122975517760526	0.521545749890713	0.000124058094243651	0.0076029889186466	0.000124058094243651	0.00464761362590716	NA	"abundance"	18	18
"OTU_3159"	"Geese"	"high"	"Geesehigh"	-2.53547459685349	-0.122975517760526	0.459315381887144	0.000125170648388462	0.00763907563763223	0.000125170648388462	0.00466908099635236	NA	"abundance"	18	17
"OTU_485"	"Geese"	"low"	"Geeselow"	2.26791170212493	-0.0832408318611617	0.459391525518856	0.00012665276535806	0.00769732181463607	0.00012665276535806	0.00470409026355643	NA	"abundance"	18	18
"OTU_417"	"Geese"	"high"	"Geesehigh"	-3.07255463567673	-0.122975517760526	0.577566226479223	0.000130394222119579	0.00785355631843394	0.000130394222119579	0.00479779088151447	NA	"abundance"	18	18
"OTU_717"	"Geese"	"high"	"Geesehigh"	-3.90769642382564	-0.122975517760526	0.705669043799079	0.000130247560043872	0.00785355631843394	0.000130247560043872	0.00479779088151447	NA	"abundance"	18	16
"OTU_93"	"Geese"	"high"	"Geesehigh"	2.57320559830901	-0.122975517760526	0.527889049462729	0.000130838762195218	0.00785355631843394	0.000130838762195218	0.00479779088151447	NA	"abundance"	18	18
"OTU_2488"	"Geese"	"high"	"Geesehigh"	1.84932900447594	-0.122975517760526	0.378771951375576	0.000137184842604943	0.00802786327972383	0.000137184842604943	0.00492045531197766	NA	"abundance"	18	17
"OTU_2765"	"Geese"	"high"	"Geesehigh"	2.30650601560371	-0.122975517760526	0.466600091841904	0.000135631487435894	0.00802786327972383	0.000271244578971405	0.00772154798163992	NA	"abundance"	18	17
"OTU_2941"	"Geese"	"high"	"Geesehigh"	-2.64513944038275	-0.122975517760526	0.484607996658897	0.000136703286696349	0.00802786327972383	0.000273387885604105	0.00773169530071216	NA	"abundance"	18	17
"OTU_313"	"Geese"	"high"	"Geesehigh"	3.09641577096084	-0.122975517760526	0.63324166600357	0.000136738336453224	0.00802786327972383	0.000136738336453224	0.00492045531197766	NA	"abundance"	18	18
"OTU_342"	"Geese"	"high"	"Geesehigh"	-3.17009819935259	-0.122975517760526	0.599463725549113	0.000136393282010205	0.00802786327972383	0.000136393282010205	0.00492045531197766	NA	"abundance"	18	18
"OTU_598"	"Geese"	"low"	"Geeselow"	2.53362567524696	-0.0832408318611617	0.514622535820335	0.000135185716692909	0.00802786327972383	0.000135185716692909	0.00491553442126234	NA	"abundance"	18	18
"OTU_744"	"Geese"	"high"	"Geesehigh"	-3.05784727770416	-0.122975517760526	0.577575001946377	0.000137595353073561	0.00802786327972383	0.000137595353073561	0.00492045531197766	NA	"abundance"	18	18
"OTU_1923"	"Geese"	"high"	"Geesehigh"	2.24258121452618	-0.122975517760526	0.346859807641246	0.000138710482936122	0.00803288239334678	0.000277401725274167	0.00779426795624235	NA	"abundance"	18	11
"OTU_524"	"Geese"	"high"	"Geesehigh"	-5.88924036523822	-0.122975517760526	0.966387600653004	0.000138782830325201	0.00803288239334678	0.000138782830325201	0.0049424963524045	NA	"abundance"	18	13
"OTU_801"	"Geese"	"low"	"Geeselow"	3.13881349105714	-0.0832408318611617	0.606439823994175	0.000141831125549441	0.00817687271645907	0.000141831125549441	0.00503035475616746	NA	"abundance"	18	16
"OTU_1262"	"Geese"	"high"	"Geesehigh"	-3.27857105001502	-0.122975517760526	0.609801266906046	0.00014293244273933	0.00819655229533174	0.00014293244273933	0.00504872391618841	NA	"abundance"	18	17
"OTU_600"	"Geese"	"low"	"Geeselow"	1.50334277331368	-0.0832408318611617	0.306301721634068	0.000143296368799506	0.00819655229533174	0.000286572203749701	0.00797426318729875	NA	"abundance"	18	17
"OTU_485"	"Geese"	"high"	"Geesehigh"	2.20052550229146	-0.122975517760526	0.459391525518856	0.000144267077267113	0.00821984214460198	0.000144267077267113	0.00507515157182762	NA	"abundance"	18	18
"OTU_5392"	"Geese"	"high"	"Geesehigh"	2.68871580761306	-0.122975517760526	0.544161269636707	0.000145237083899685	0.00824291091735723	0.000290453073988831	0.00805634904583123	NA	"abundance"	18	17
"OTU_1861"	"Geese"	"high"	"Geesehigh"	2.35449910967441	-0.122975517760526	0.480825047773929	0.000149544217621922	0.00832538915356242	0.000149544217621922	0.00517662263720045	NA	"abundance"	18	17
"OTU_371"	"Geese"	"high"	"Geesehigh"	1.15217846599031	-0.122975517760526	0.251624119929726	0.000149481356240155	0.00832538915356242	0.000149481356240155	0.00517662263720045	NA	"abundance"	18	18
"OTU_562"	"Geese"	"high"	"Geesehigh"	-1.69860636034322	-0.122975517760526	0.311615863973121	0.000148996364504161	0.00832538915356242	0.000148996364504161	0.00517662263720045	NA	"abundance"	18	18
"OTU_642"	"Geese"	"high"	"Geesehigh"	2.12451893403021	-0.122975517760526	0.445106495438167	0.000147430914721358	0.00832538915356242	0.000147430914721358	0.0051654539918973	NA	"abundance"	18	18
"OTU_872"	"Geese"	"high"	"Geesehigh"	4.2277813817945	-0.122975517760526	0.694534657782257	0.000148368688948741	0.00832538915356242	0.000296715364629622	0.00820375324442413	NA	"abundance"	18	12
"OTU_2109"	"Geese"	"high"	"Geesehigh"	-3.36414022860612	-0.122975517760526	0.613894552971781	0.000151138922549587	0.0083821761380543	0.000151138922549587	0.00521098101890091	NA	"abundance"	18	16
"OTU_586"	"Geese"	"low"	"Geeselow"	3.08248645486254	-0.0832408318611617	0.600901789277649	0.000152497529318119	0.00842548849482605	0.000304971803139789	0.00833082834195909	NA	"abundance"	18	16
"OTU_1389"	"Geese"	"high"	"Geesehigh"	2.55142893169975	-0.122975517760526	0.521865126053067	0.000157785710860114	0.00846125874487363	0.000157785710860114	0.00527211406093988	NA	"abundance"	18	17
"OTU_1485"	"Geese"	"high"	"Geesehigh"	2.7001840098075	-0.122975517760526	0.501822860762216	0.00015640628100444	0.00846125874487363	0.000312788099084142	0.00848548028048327	NA	"abundance"	18	14
"OTU_2027"	"Geese"	"high"	"Geesehigh"	3.76326233973195	-0.122975517760526	0.776450142536356	0.000157363600182925	0.00846125874487363	0.000157363600182925	0.00527211406093988	NA	"abundance"	18	18
"OTU_2836"	"Geese"	"low"	"Geeselow"	2.99366631875143	-0.0832408318611617	0.220105274828577	0.000155156935579992	0.00846125874487363	0.000155156935579992	0.00527211406093988	NA	"abundance"	18	7
"OTU_4403"	"Geese"	"low"	"Geeselow"	2.30397602419226	-0.0832408318611617	0.475680721434684	0.00015487187951535	0.00846125874487363	0.00015487187951535	0.00527211406093988	NA	"abundance"	18	18
"OTU_4792"	"Geese"	"high"	"Geesehigh"	1.59595651994525	-0.122975517760526	0.326098194933723	0.000156787095699551	0.00846125874487363	0.000156787095699551	0.00527211406093988	NA	"abundance"	18	16
"OTU_52"	"Geese"	"high"	"Geesehigh"	0.973481179504668	-0.122975517760526	0.216699523763957	0.000156608046995688	0.00846125874487363	0.000156608046995688	0.00527211406093988	NA	"abundance"	18	18
"OTU_998"	"Geese"	"high"	"Geesehigh"	2.67446238679923	-0.122975517760526	0.557768513869209	0.000156012520463045	0.00846125874487363	0.000156012520463045	0.00527211406093988	NA	"abundance"	18	18
"OTU_456"	"Geese"	"high"	"Geesehigh"	1.56328921528935	-0.122975517760526	0.336900949180935	0.000162788912545953	0.00869757904174089	0.000162788912545953	0.00541836634297182	NA	"abundance"	18	18
"OTU_1505"	"Geese"	"high"	"Geesehigh"	1.89020562182691	-0.122975517760526	0.402779439490024	0.000163850524771636	0.00872234946831782	0.000163850524771636	0.00543280628878827	NA	"abundance"	18	18
"OTU_945"	"Geese"	"high"	"Geesehigh"	-2.90693105098606	-0.122975517760526	0.546255377678359	0.000165607436739101	0.00878381844464194	0.000331187447655099	0.00879170604910193	NA	"abundance"	18	17
"OTU_286"	"Geese"	"high"	"Geesehigh"	1.59199874165206	-0.122975517760526	0.343596656379817	0.000167991116385213	0.00884591488662354	0.000167991116385213	0.00554883634044899	NA	"abundance"	18	18
"OTU_5560"	"Geese"	"low"	"Geeselow"	1.38304060305313	-0.0832408318611617	0.10540082026445	0.000167608455052148	0.00884591488662354	0.000335188817510092	0.0088151634570102	NA	"abundance"	18	7
"OTU_5543"	"Geese"	"high"	"Geesehigh"	2.68116060117765	-0.122975517760526	0.565151128505599	0.000173004293983148	0.00907712457567695	0.000173004293983148	0.00567113318231121	NA	"abundance"	18	18
"OTU_508"	"Geese"	"high"	"Geesehigh"	1.27692015596484	-0.122975517760526	0.275375010573362	0.000176097396590302	0.00920629615292527	0.000176097396590302	0.00575074290600934	NA	"abundance"	18	17
"OTU_2236"	"Geese"	"low"	"Geeselow"	3.36258998687582	-0.0832408318611617	0.6653609010486	0.000177726151193269	0.00925826300466081	0.000177726151193269	0.00576317506144553	NA	"abundance"	18	16
"OTU_1425"	"Geese"	"high"	"Geesehigh"	1.80868220515954	-0.122975517760526	0.348937119687957	0.000182018228831793	0.00943878272660479	0.000364003327027959	0.00918392067667626	NA	"abundance"	18	14
"OTU_172"	"Geese"	"high"	"Geesehigh"	-5.04081458150168	-0.122975517760526	0.976290535919729	0.000182485721164305	0.00943878272660479	0.000182485721164305	0.00589265459311901	NA	"abundance"	18	17
"OTU_604"	"Geese"	"low"	"Geeselow"	1.22763216289475	-0.0832408318611617	0.265294096037523	0.00018378549882847	0.00947242150498964	0.00018378549882847	0.00591256396602819	NA	"abundance"	18	18
"OTU_4528"	"Geese"	"high"	"Geesehigh"	-2.58425342383098	-0.122975517760526	0.476428165537266	0.000184586196460668	0.00948019106188485	0.000184586196460668	0.00591632942285414	NA	"abundance"	18	16
"OTU_263"	"Geese"	"high"	"Geesehigh"	-3.17254152182483	-0.122975517760526	0.621636397821362	0.000192484727696396	0.0098511657479987	0.000192484727696396	0.00614672632282144	NA	"abundance"	18	18
"OTU_1150"	"Geese"	"high"	"Geesehigh"	-1.95806485987238	-0.122975517760526	0.373651965033418	0.000194249292792215	0.00989521445423381	0.000194249292792215	0.00617198898375421	NA	"abundance"	18	18
"OTU_76"	"Geese"	"high"	"Geesehigh"	1.11593679499014	-0.122975517760526	0.251384558431071	0.000194702217768072	0.00989521445423381	0.000194702217768072	0.00617198898375421	NA	"abundance"	18	18
"OTU_472"	"Geese"	"high"	"Geesehigh"	-3.96504867091641	-0.122975517760526	0.673154137362496	0.00019801181536605	0.0100284733990598	0.00019801181536605	0.00625399361378759	NA	"abundance"	18	13
"OTU_3019"	"Geese"	"high"	"Geesehigh"	6.56122886703546	-0.122975517760526	1.3091403959368	0.000201890135237415	0.0101895138843354	0.000201890135237415	0.00635329901943486	NA	"abundance"	18	16
"OTU_353"	"Geese"	"high"	"Geesehigh"	1.88279499254211	-0.122975517760526	0.410944261373112	0.000206357941659463	0.0103620426169859	0.000206357941659463	0.00645861319740166	NA	"abundance"	18	18
"OTU_481"	"Geese"	"high"	"Geesehigh"	1.89968726661019	-0.122975517760526	0.415067816890329	0.000206729357023372	0.0103620426169859	0.000206729357023372	0.00645861319740166	NA	"abundance"	18	18
"OTU_884"	"Geese"	"high"	"Geesehigh"	2.65882852437231	-0.122975517760526	0.571655214550021	0.000208131924901545	0.010396617317171	0.000208131924901545	0.00647904200754664	NA	"abundance"	18	18
"OTU_240"	"Geese"	"high"	"Geesehigh"	-2.47929544054396	-0.122975517760526	0.48445280969644	0.000209155043761067	0.0104120664447062	0.000209155043761067	0.00648755465486836	NA	"abundance"	18	18
"OTU_1194"	"Geese"	"high"	"Geesehigh"	2.10474485128044	-0.122975517760526	0.458033717036048	0.000210528299797952	0.010444781567527	0.000210528299797952	0.0065068282373267	NA	"abundance"	18	18
"OTU_698"	"Geese"	"high"	"Geesehigh"	-2.14920509126059	-0.122975517760526	0.416886734812193	0.00021272213975454	0.0105178478998634	0.00021272213975454	0.00655123628980707	NA	"abundance"	18	18
"OTU_1705"	"Geese"	"high"	"Geesehigh"	2.54111357514548	-0.122975517760526	0.418075630938975	0.000218502997724412	0.0107671781243523	0.000436958251888811	0.0105755129335839	NA	"abundance"	18	11
"OTU_1574"	"Geese"	"high"	"Geesehigh"	2.06120482324906	-0.122975517760526	0.442036166265539	0.000220440663943666	0.0108009284343447	0.000220440663943666	0.00669956994075525	NA	"abundance"	18	17
"OTU_732"	"Geese"	"high"	"Geesehigh"	3.26075084091645	-0.122975517760526	0.668951170401346	0.000220763812624258	0.0108009284343447	0.000220763812624258	0.00669956994075525	NA	"abundance"	18	16
"OTU_978"	"Geese"	"high"	"Geesehigh"	2.51616672129184	-0.122975517760526	0.52106244652043	0.000221409406408135	0.0108009284343447	0.000221409406408135	0.00669956994075525	NA	"abundance"	18	16
"OTU_4946"	"Geese"	"low"	"Geeselow"	3.62738661825287	-0.0832408318611617	0.689381400502664	0.000223011065648815	0.0108427980118454	0.000223011065648815	0.00672452181925033	NA	"abundance"	18	14
"OTU_2662"	"Geese"	"low"	"Geeselow"	-2.22289415324069	-0.0832408318611617	0.434660663035002	0.000227512062337842	0.0109929809992468	0.000227512062337842	0.00681561828149656	NA	"abundance"	18	17
"OTU_73"	"Geese"	"high"	"Geesehigh"	1.01538270949132	-0.122975517760526	0.234689979652263	0.000227607312612954	0.0109929809992468	0.000227607312612954	0.00681561828149656	NA	"abundance"	18	18
"OTU_1888"	"Geese"	"low"	"Geeselow"	2.72519928282037	-0.0832408318611617	0.501588324797189	0.000230830210937283	0.0111118463918522	0.000461607139288284	0.010914612522953	NA	"abundance"	18	13
"OTU_3219"	"Geese"	"high"	"Geesehigh"	2.3106018618101	-0.122975517760526	0.505748650873305	0.000232262666399308	0.0111440238555931	0.000232262666399308	0.00693103832765382	NA	"abundance"	18	18
"OTU_2270"	"Geese"	"high"	"Geesehigh"	3.95013717110012	-0.122975517760526	0.810753685686616	0.000234922688774564	0.0112346961916911	0.000234922688774564	0.00696240050909272	NA	"abundance"	18	16
"OTU_296"	"Geese"	"high"	"Geesehigh"	-3.40471583112287	-0.122975517760526	0.684194677640706	0.000238472674285894	0.0113671974742943	0.000238472674285894	0.00704348984051239	NA	"abundance"	18	18
"OTU_796"	"Geese"	"high"	"Geesehigh"	-2.64634858795069	-0.122975517760526	0.526276246715248	0.000240833622726644	0.0114423427397095	0.000240833622726644	0.00708902779277679	NA	"abundance"	18	18
"OTU_3123"	"Geese"	"low"	"Geeselow"	1.89115713487333	-0.0832408318611617	0.355119406242761	0.000244360350012407	0.011572208004159	0.000488660988044156	0.0113071448944763	NA	"abundance"	18	13
"OTU_2517"	"Geese"	"low"	"Geeselow"	2.29188766021797	-0.0832408318611617	0.347626464872646	0.000249954383880313	0.0117493694847831	0.000249954383880313	0.00729960202027782	NA	"abundance"	18	10
"OTU_3640"	"Geese"	"high"	"Geesehigh"	2.13893090398806	-0.122975517760526	0.181094636355762	0.000249939455106984	0.0117493694847831	0.000249939455106984	0.00729960202027782	NA	"abundance"	18	7
"OTU_968"	"Geese"	"high"	"Geesehigh"	2.80732919057231	-0.122975517760526	0.614380981577524	0.000250517887684598	0.0117493694847831	0.000250517887684598	0.00729960202027782	NA	"abundance"	18	18
"OTU_5087"	"Geese"	"high"	"Geesehigh"	-4.10335942729918	-0.122975517760526	0.777273926608802	0.000256260702078848	0.0119419124617319	0.000256260702078848	0.00741699035381387	NA	"abundance"	18	15
"OTU_893"	"Geese"	"low"	"Geeselow"	2.23431723993886	-0.0832408318611617	0.487072962494854	0.000256177870232133	0.0119419124617319	0.000256177870232133	0.00741699035381387	NA	"abundance"	18	18
"OTU_177"	"Geese"	"low"	"Geeselow"	2.20157294522228	-0.0832408318611617	0.480419325804977	0.000259516713784658	0.0120551298957421	0.000259516713784658	0.00748619213697476	NA	"abundance"	18	18
"OTU_982"	"Geese"	"high"	"Geesehigh"	-2.8064988650303	-0.122975517760526	0.524893361461966	0.000261951144933104	0.0121295853968071	0.000261951144933104	0.00753131298422285	NA	"abundance"	18	15
"OTU_921"	"Geese"	"high"	"Geesehigh"	3.04691835800893	-0.122975517760526	0.60063587042536	0.000263468918764054	0.0121612583832041	0.000263468918764054	0.00754986762577524	NA	"abundance"	18	14
"OTU_478"	"Geese"	"high"	"Geesehigh"	-2.86699577378512	-0.122975517760526	0.579049469419117	0.000266697509149871	0.0122714506891483	0.000266697509149871	0.00761716252205606	NA	"abundance"	18	18
"OTU_138"	"Geese"	"high"	"Geesehigh"	-1.41817950759692	-0.122975517760526	0.272758285020683	0.000272170262109128	0.0124838850412696	0.000272170262109128	0.00772249655177835	NA	"abundance"	18	18
"OTU_5940"	"Geese"	"high"	"Geesehigh"	1.74807310931728	-0.122975517760526	0.395751781480634	0.0002756670408538	0.0126046377990393	0.0002756670408538	0.00777075756204815	NA	"abundance"	18	18
"OTU_3435"	"Geese"	"high"	"Geesehigh"	-2.83580300854644	-0.122975517760526	0.56422653212875	0.000281417306054355	0.01282735258159	0.000562755416408562	0.0124554613135542	NA	"abundance"	18	17
"OTU_358"	"Geese"	"high"	"Geesehigh"	-3.15263455084433	-0.122975517760526	0.64442397564027	0.000285907923679662	0.0129215076230623	0.000285907923679662	0.00797426318729875	NA	"abundance"	18	18
"OTU_503"	"Geese"	"high"	"Geesehigh"	-1.88438047426585	-0.122975517760526	0.373708931047159	0.000286140611699515	0.0129215076230623	0.000286140611699515	0.00797426318729875	NA	"abundance"	18	18
"OTU_868"	"Geese"	"high"	"Geesehigh"	2.23292694557647	-0.122975517760526	0.490155068310693	0.000284840707995837	0.0129215076230623	0.000569600281762743	0.0125348915025917	NA	"abundance"	18	17
"OTU_1187"	"Geese"	"high"	"Geesehigh"	3.57110823649024	-0.122975517760526	0.555756825912311	0.00029266730403199	0.0131754484463291	0.000585248953913132	0.012700451861841	NA	"abundance"	18	10
"OTU_2681"	"Geese"	"low"	"Geeselow"	-1.44218301020924	-0.0832408318611617	0.20493898464624	0.00030426276763873	0.0135704085507031	0.000608432959445689	0.0130009353852913	NA	"abundance"	18	10
"OTU_415"	"Geese"	"high"	"Geesehigh"	-2.81432113346714	-0.122975517760526	0.575738137313097	0.000302635674790053	0.0135704085507031	0.000302635674790053	0.00833082834195909	NA	"abundance"	18	18
"OTU_4798"	"Geese"	"low"	"Geeselow"	2.3084783610311	-0.0832408318611617	0.512258928951197	0.000304888981675133	0.0135704085507031	0.000304888981675133	0.00833082834195909	NA	"abundance"	18	18
"OTU_698"	"Geese"	"low"	"Geeselow"	-2.03247731425017	-0.0832408318611617	0.416886734812193	0.000305162073538368	0.0135704085507031	0.000305162073538368	0.00833082834195909	NA	"abundance"	18	18
"OTU_570"	"Geese"	"high"	"Geesehigh"	1.23469246323114	-0.122975517760526	0.284368397457192	0.000310485905523183	0.0137651897202467	0.000310485905523183	0.00844951266162777	NA	"abundance"	18	17
"OTU_39"	"Geese"	"high"	"Geesehigh"	1.27641406865347	-0.122975517760526	0.299217087992159	0.000314396275991502	0.0138937986582857	0.000314396275991502	0.00850011191927183	NA	"abundance"	18	18
"OTU_6004"	"Geese"	"high"	"Geesehigh"	1.8581026749293	-0.122975517760526	0.406825992555007	0.000315291879603219	0.0138937986582857	0.000315291879603219	0.00850011191927183	NA	"abundance"	18	16
"OTU_2734"	"Geese"	"high"	"Geesehigh"	-3.35001734382799	-0.122975517760526	0.680782058974685	0.000318457254020466	0.0139910165877786	0.000318457254020466	0.00855878595122083	NA	"abundance"	18	17
"OTU_2320"	"Geese"	"high"	"Geesehigh"	1.48449749015994	-0.122975517760526	0.345589172908253	0.000324378126610347	0.0141857872567662	0.000324378126610347	0.00868652307977345	NA	"abundance"	18	18
"OTU_2574"	"Geese"	"low"	"Geeselow"	2.31941839254169	-0.0832408318611617	0.36747070408769	0.000325808222337631	0.0141857872567662	0.00065151029367752	0.0138190443173658	NA	"abundance"	18	10
"OTU_808"	"Geese"	"high"	"Geesehigh"	-2.84332818371509	-0.122975517760526	0.586204849463815	0.000325217642459741	0.0141857872567662	0.000325217642459741	0.00868652307977345	NA	"abundance"	18	18
"OTU_2027"	"Geese"	"low"	"Geeselow"	3.51138500429661	-0.0832408318611617	0.776450142536356	0.00032838177075778	0.0142552872270029	0.00032838177075778	0.00874404875119331	NA	"abundance"	18	18
"OTU_96"	"Geese"	"high"	"Geesehigh"	1.21679657634192	-0.122975517760526	0.288623662642504	0.000332288078817466	0.0143820591027643	0.000332288078817466	0.00879394811647203	NA	"abundance"	18	18
"OTU_21"	"Geese"	"high"	"Geesehigh"	2.08161086961836	-0.122975517760526	0.476231745071451	0.000333547819104552	0.0143938712705887	0.000333547819104552	0.00880037447113045	NA	"abundance"	18	18
"OTU_1351"	"Geese"	"high"	"Geesehigh"	-2.06896308509311	-0.122975517760526	0.420358116875465	0.000336145590572379	0.014463184613831	0.000336145590572379	0.0088151634570102	NA	"abundance"	18	18
"OTU_764"	"Geese"	"high"	"Geesehigh"	2.23130752161731	-0.122975517760526	0.510248477076918	0.000341822195073505	0.0146641721686533	0.000341822195073505	0.00893694645367404	NA	"abundance"	18	18
"OTU_1645"	"Geese"	"low"	"Geeselow"	1.65682090808154	-0.0832408318611617	0.377183966394145	0.000344478157097816	0.0147090402089504	0.000344478157097816	0.00896215952527525	NA	"abundance"	18	18
"OTU_817"	"Geese"	"high"	"Geesehigh"	-2.23685967348738	-0.122975517760526	0.439120550331187	0.000345032948228852	0.0147090402089504	0.000345032948228852	0.00896215952527525	NA	"abundance"	18	16
"OTU_886"	"Geese"	"low"	"Geeselow"	-3.17442729293567	-0.0832408318611617	0.520209364554584	0.000345893376639927	0.0147090402089504	0.000345893376639927	0.00896215952527525	NA	"abundance"	18	10
"OTU_1107"	"Geese"	"high"	"Geesehigh"	2.24539289477822	-0.122975517760526	0.493997883246301	0.000356166156703974	0.0149147815890359	0.000356166156703974	0.00908262210118143	NA	"abundance"	18	16
"OTU_1179"	"Geese"	"high"	"Geesehigh"	-2.70773020860386	-0.122975517760526	0.539637068587349	0.000357840321036029	0.0149147815890359	0.000357840321036029	0.00908262210118143	NA	"abundance"	18	16
"OTU_1249"	"Geese"	"high"	"Geesehigh"	2.60218086252576	-0.122975517760526	0.535506506230301	0.000354830846183152	0.0149147815890359	0.000354830846183152	0.00908262210118143	NA	"abundance"	18	14
"OTU_2703"	"Geese"	"low"	"Geeselow"	2.56697807261523	-0.0832408318611617	0.234212664636043	0.000354610364551311	0.0149147815890359	0.000354610364551311	0.00908262210118143	NA	"abundance"	18	7
"OTU_567"	"Geese"	"high"	"Geesehigh"	-3.38102798704134	-0.122975517760526	0.696377779249188	0.000357889315519166	0.0149147815890359	0.000357889315519166	0.00908262210118143	NA	"abundance"	18	17
"OTU_788"	"Geese"	"high"	"Geesehigh"	-2.66251748485429	-0.122975517760526	0.529236234722722	0.000352945534261129	0.0149147815890359	0.000352945534261129	0.00908262210118143	NA	"abundance"	18	16
"OTU_938"	"Geese"	"high"	"Geesehigh"	1.26052485824494	-0.122975517760526	0.299394462881721	0.000357260485506217	0.0149147815890359	0.000357260485506217	0.00908262210118143	NA	"abundance"	18	18
"OTU_260"	"Geese"	"high"	"Geesehigh"	3.07277266890272	-0.122975517760526	0.697640809098059	0.000363958697511713	0.0151245058743756	0.000363958697511713	0.00918392067667626	NA	"abundance"	18	18
"OTU_3237"	"Geese"	"low"	"Geeselow"	2.7568498601187	-0.0832408318611617	0.155963920667666	0.000370604370515171	0.0153569186032224	0.000741071393430896	0.0150899572676494	NA	"abundance"	18	6
"OTU_1772"	"Geese"	"high"	"Geesehigh"	1.90067501314689	-0.122975517760526	0.384446365225603	0.000374626422755209	0.0154796062388314	0.000749112500553791	0.0151467747191414	NA	"abundance"	18	13
"OTU_208"	"Geese"	"low"	"Geeselow"	1.87199235967902	-0.0832408318611617	0.428486371210817	0.00037971707037876	0.0156456304761147	0.00037971707037876	0.00955253350888892	NA	"abundance"	18	18
"OTU_1771"	"Geese"	"high"	"Geesehigh"	2.27818518203	-0.122975517760526	0.516413712733358	0.000382688968407319	0.0157236656146173	0.000765231485968097	0.0153743626476744	NA	"abundance"	18	17
"OTU_244"	"Geese"	"high"	"Geesehigh"	-4.64668918212064	-0.122975517760526	0.994676721107778	0.000385509157238229	0.0157950465378562	0.000385509157238229	0.00967013404852067	NA	"abundance"	18	18
"OTU_344"	"Geese"	"high"	"Geesehigh"	-2.08131468909373	-0.122975517760526	0.430260242770868	0.000388983544031163	0.0158927562275589	0.000388983544031163	0.00972908552036325	NA	"abundance"	18	18
"OTU_1693"	"Geese"	"high"	"Geesehigh"	2.2847082848608	-0.122975517760526	0.495302190175217	0.000395051252876311	0.0160955798169102	0.000789946440260222	0.015715394239108	NA	"abundance"	18	15
"OTU_953"	"Geese"	"low"	"Geeselow"	-2.52468089586695	-0.0832408318611617	0.538436469284593	0.000400368525195205	0.0162667835891289	0.000400368525195205	0.00998498333440721	NA	"abundance"	18	18
"OTU_591"	"Geese"	"low"	"Geeselow"	1.92278810356442	-0.0832408318611617	0.442504903933873	0.000401643147538877	0.0162732415277835	0.000401643147538877	0.00998798792759035	NA	"abundance"	18	18
"OTU_1636"	"Geese"	"high"	"Geesehigh"	2.25366248566113	-0.122975517760526	0.456083394536797	0.000402929895505832	0.0162760201710468	0.000805697438510972	0.0159226453828003	NA	"abundance"	18	13
"OTU_724"	"Geese"	"low"	"Geeselow"	3.42624758990932	-0.0832408318611617	0.642867365569195	0.000403943459613254	0.0162760201710468	0.000807723748907944	0.0159226453828003	NA	"abundance"	18	12
"OTU_3219"	"Geese"	"low"	"Geeselow"	2.20336158147926	-0.0832408318611617	0.505748650873305	0.000409489120391848	0.0164540173830179	0.000409489120391848	0.0101539222002036	NA	"abundance"	18	18
"OTU_280"	"Geese"	"low"	"Geeselow"	1.94248506983711	-0.0832408318611617	0.448182721209862	0.000411358387694127	0.0164837182497432	0.000411358387694127	0.0101711299631571	NA	"abundance"	18	18
"OTU_28"	"Geese"	"high"	"Geesehigh"	1.88749457836581	-0.122975517760526	0.444759084070489	0.00041690760185964	0.0166603130978759	0.00041690760185964	0.0102789697620892	NA	"abundance"	18	18
"OTU_546"	"Geese"	"high"	"Geesehigh"	1.55537726290948	-0.122975517760526	0.371766524285629	0.000423666227694852	0.0168841409758391	0.000423666227694852	0.010415930495657	NA	"abundance"	18	18
"OTU_374"	"Geese"	"low"	"Geeselow"	1.32166488465515	-0.0832408318611617	0.311567321674029	0.000425274533540243	0.0169020554392861	0.000425274533540243	0.0104258521622019	NA	"abundance"	18	18
"OTU_2996"	"Geese"	"high"	"Geesehigh"	2.18403242227676	-0.122975517760526	0.503052034114962	0.000430872422744533	0.0170441292440556	0.000430872422744533	0.0105101091543995	NA	"abundance"	18	17
"OTU_372"	"Geese"	"high"	"Geesehigh"	1.93493501340522	-0.122975517760526	0.457377734409594	0.000432354848505456	0.0170441292440556	0.000432354848505456	0.0105101091543995	NA	"abundance"	18	18
"OTU_4798"	"Geese"	"high"	"Geesehigh"	2.18180205362331	-0.122975517760526	0.512258928951197	0.000431606353394676	0.0170441292440556	0.000431606353394676	0.0105101091543995	NA	"abundance"	18	18
"OTU_4084"	"Geese"	"high"	"Geesehigh"	-3.00405418950383	-0.122975517760526	0.62951718918741	0.000436013675268354	0.0171420363004426	0.000871837242611687	0.0168412488784856	NA	"abundance"	18	17
"OTU_418"	"Geese"	"high"	"Geesehigh"	1.0170567567143	-0.122975517760526	0.25241727276671	0.000437489441902361	0.0171538198913652	0.000437489441902361	0.0105755129335839	NA	"abundance"	18	18
"OTU_2305"	"Geese"	"high"	"Geesehigh"	1.91769254406183	-0.122975517760526	0.396214974653779	0.000441976504129582	0.0172832956815927	0.000441976504129582	0.0106542191274022	NA	"abundance"	18	13
"OTU_4197"	"Geese"	"high"	"Geesehigh"	2.2555305478243	-0.122975517760526	0.530331892583621	0.000443352672745867	0.0172907542370888	0.000443352672745867	0.0106577056387298	NA	"abundance"	18	18
"OTU_475"	"Geese"	"high"	"Geesehigh"	-2.97333735985802	-0.122975517760526	0.624909267780948	0.00044740089177786	0.0174021050865917	0.00044740089177786	0.0107252280261651	NA	"abundance"	18	17
"OTU_4708"	"Geese"	"high"	"Geesehigh"	1.83164593984374	-0.122975517760526	0.407860188458682	0.000449176321850153	0.0174246963577296	0.000898150884332196	0.0171202593678653	NA	"abundance"	18	15
"OTU_739"	"Geese"	"high"	"Geesehigh"	-3.00460389683636	-0.122975517760526	0.619096020844782	0.000456460093099187	0.0176602836019754	0.000456460093099187	0.0109121702919347	NA	"abundance"	18	16
"OTU_2270"	"Geese"	"low"	"Geeselow"	3.85077299796969	-0.0832408318611617	0.846804606970612	0.000458170498787158	0.0176795632151045	0.000458170498787158	0.010914612522953	NA	"abundance"	18	16
"OTU_2405"	"Geese"	"high"	"Geesehigh"	-1.77725433972812	-0.122975517760526	0.345615663111699	0.000459811130426924	0.0176960558005465	0.000459811130426924	0.010914612522953	NA	"abundance"	18	15
"OTU_354"	"Geese"	"high"	"Geesehigh"	2.81268368584064	-0.122975517760526	0.657833968880774	0.000461392263130245	0.0177101777632046	0.000461392263130245	0.010914612522953	NA	"abundance"	18	18
"OTU_262"	"Geese"	"low"	"Geeselow"	3.52616590819047	-0.0832408318611617	0.795536357243883	0.000466563326342873	0.017861660572276	0.000932908971348257	0.0175127857658304	NA	"abundance"	18	17
"OTU_21"	"Geese"	"low"	"Geeselow"	2.03603013258167	-0.0832408318611617	0.476231745071451	0.000470426334096663	0.0179624044741726	0.000470426334096663	0.0110928324121867	NA	"abundance"	18	18
"OTU_1260"	"Geese"	"high"	"Geesehigh"	-2.3887528347461	-0.122975517760526	0.508660536894503	0.000471991478663614	0.0179751115085835	0.000471991478663614	0.011099495261834	NA	"abundance"	18	18
"OTU_75"	"Geese"	"high"	"Geesehigh"	1.04419005396376	-0.122975517760526	0.260880348596484	0.000479637995380422	0.0182187494807782	0.000479637995380422	0.0112487458320384	NA	"abundance"	18	18
"OTU_266"	"Geese"	"low"	"Geeselow"	-1.10356186193281	-0.0832408318611617	0.228939660256762	0.000481340811214537	0.0182359404477279	0.000481340811214537	0.0112581712979746	NA	"abundance"	18	18
"OTU_3513"	"Geese"	"low"	"Geeselow"	1.77817300601691	-0.0832408318611617	0.419901334095673	0.00048834083513305	0.0183597421107265	0.00048834083513305	0.0113071448944763	NA	"abundance"	18	18
"OTU_676"	"Geese"	"high"	"Geesehigh"	-4.4637055730972	-0.122975517760526	0.88947026190729	0.000487205491967901	0.0183597421107265	0.000487205491967901	0.0113071448944763	NA	"abundance"	18	14
"OTU_832"	"Geese"	"high"	"Geesehigh"	0.792375006726073	-0.122975517760526	0.204515610213399	0.000488384748317694	0.0183597421107265	0.000488384748317694	0.0113071448944763	NA	"abundance"	18	18
"OTU_2899"	"Geese"	"low"	"Geeselow"	2.75113860621179	-0.0832408318611617	0.503326073804238	0.000495318795669331	0.0185725448679508	0.000495318795669331	0.0114306369539264	NA	"abundance"	18	11
"OTU_5769"	"Geese"	"high"	"Geesehigh"	1.60696508103008	-0.122975517760526	0.390536809772248	0.000498697804854453	0.0186512979015566	0.000498697804854453	0.0114780074553469	NA	"abundance"	18	18
"OTU_957"	"Geese"	"high"	"Geesehigh"	-2.66864487116732	-0.122975517760526	0.480761521797564	0.000501573676918499	0.018710878904177	0.000501573676918499	0.0115135771884687	NA	"abundance"	18	12
"OTU_568"	"Geese"	"high"	"Geesehigh"	2.19765465340465	-0.122975517760526	0.525241850799295	0.000506009156689413	0.0188281876517137	0.000506009156689413	0.0115846646613497	NA	"abundance"	18	18
"OTU_842"	"Geese"	"high"	"Geesehigh"	-3.26721325482378	-0.122975517760526	0.714719944437225	0.000519477696795834	0.0192801569604683	0.000519477696795834	0.0118616358524305	NA	"abundance"	18	18
"OTU_499"	"Geese"	"high"	"Geesehigh"	2.56781855630417	-0.122975517760526	0.600390464376443	0.000522917990910532	0.0193217692449715	0.000522917990910532	0.0119087691929993	NA	"abundance"	18	17
"OTU_5532"	"Geese"	"high"	"Geesehigh"	1.74309068437339	-0.122975517760526	0.415995381634501	0.000523248241585339	0.0193217692449715	0.00104622269444836	0.0191012894467428	NA	"abundance"	18	17
"OTU_455"	"Geese"	"high"	"Geesehigh"	1.54416189732241	-0.122975517760526	0.378781984166277	0.000525835931947216	0.0193682901600558	0.000525835931947216	0.0119437904332578	NA	"abundance"	18	18
"OTU_607"	"Geese"	"high"	"Geesehigh"	3.01454223333637	-0.122975517760526	0.66893736289884	0.000528943736689547	0.0194336860034099	0.000528943736689547	0.0119829295741134	NA	"abundance"	18	15
"OTU_189"	"Geese"	"high"	"Geesehigh"	-3.71202949694019	-0.122975517760526	0.817679852611816	0.000531254202578602	0.0194541309778001	0.000531254202578602	0.0119931754877806	NA	"abundance"	18	18
"OTU_626"	"Geese"	"high"	"Geesehigh"	-2.49267503527919	-0.122975517760526	0.539560778787384	0.000532167712885112	0.0194541309778001	0.000532167712885112	0.0119931754877806	NA	"abundance"	18	18
"OTU_26"	"Geese"	"low"	"Geeselow"	0.851298490880844	-0.0832408318611617	0.212189183146532	0.000536920846082145	0.0195788186523854	0.000536920846082145	0.0120688649402465	NA	"abundance"	18	18
"OTU_22"	"Geese"	"high"	"Geesehigh"	-3.39510692850091	-0.122975517760526	0.747390702621604	0.000544359056939836	0.0198005516322305	0.000544359056939836	0.0122043608257962	NA	"abundance"	18	18
"OTU_92"	"Geese"	"high"	"Geesehigh"	1.33694776628609	-0.122975517760526	0.332196467871257	0.000547459560855446	0.0198637939170088	0.000547459560855446	0.0122421577251758	NA	"abundance"	18	18
"OTU_299"	"Geese"	"low"	"Geeselow"	1.39707349363543	-0.0832408318611617	0.337881246456489	0.000549022165639901	0.0198710603176764	0.000549022165639901	0.0122454583027003	NA	"abundance"	18	18
"OTU_241"	"Geese"	"low"	"Geeselow"	-1.22012408987223	-0.0832408318611617	0.259114789389299	0.000551670033455243	0.0198927137154225	0.000551670033455243	0.0122564622064313	NA	"abundance"	18	18
"OTU_643"	"Geese"	"high"	"Geesehigh"	2.36743996699012	-0.122975517760526	0.569372945802283	0.000552348077248466	0.0198927137154225	0.000552348077248466	0.0122564622064313	NA	"abundance"	18	18
"OTU_2640"	"Geese"	"high"	"Geesehigh"	1.55914751518412	-0.122975517760526	0.369419632645726	0.000562552710576814	0.0202103296464862	0.00112478895560145	0.0200212943574281	NA	"abundance"	18	16
"OTU_678"	"Geese"	"high"	"Geesehigh"	-2.29019321556912	-0.122975517760526	0.496575900140765	0.000565762621174137	0.0202757090723488	0.000565762621174137	0.0124900758256148	NA	"abundance"	18	18
"OTU_1605"	"Geese"	"high"	"Geesehigh"	3.2011293357981	-0.122975517760526	0.427641346054584	0.000570934860310901	0.0203610168031658	0.00114154375400708	0.0201610605044435	NA	"abundance"	18	8
"OTU_3408"	"Geese"	"low"	"Geeselow"	-2.8577011246007	-0.0832408318611617	0.625785645178568	0.000570689536864011	0.0203610168031658	0.000570689536864011	0.0125348915025917	NA	"abundance"	18	17
"OTU_2013"	"Geese"	"high"	"Geesehigh"	1.31859157595303	-0.122975517760526	0.33053806741996	0.000577515542975249	0.020495478612742	0.000577515542975249	0.0126207563356258	NA	"abundance"	18	18
"OTU_285"	"Geese"	"low"	"Geeselow"	2.66504172181737	-0.0832408318611617	0.632038747163354	0.00057717855762951	0.020495478612742	0.00057717855762951	0.0126207563356258	NA	"abundance"	18	18
"OTU_232"	"Geese"	"high"	"Geesehigh"	1.10901708999526	-0.122975517760526	0.28218150258545	0.000585683719343422	0.0206840113308094	0.000585683719343422	0.012700451861841	NA	"abundance"	18	18
"OTU_2949"	"Geese"	"low"	"Geeselow"	1.3453504822857	-0.0832408318611617	0.328845660405043	0.00058850025382462	0.0206840113308094	0.00058850025382462	0.012700451861841	NA	"abundance"	18	18
"OTU_5408"	"Geese"	"high"	"Geesehigh"	2.57330301650887	-0.122975517760526	0.582423343418346	0.000587178206574723	0.0206840113308094	0.000587178206574723	0.012700451861841	NA	"abundance"	18	15
"OTU_632"	"Geese"	"high"	"Geesehigh"	-3.75410496095486	-0.122975517760526	0.784862851503147	0.000587154828692316	0.0206840113308094	0.000587154828692316	0.012700451861841	NA	"abundance"	18	15
"OTU_330"	"Geese"	"high"	"Geesehigh"	1.56758239369735	-0.122975517760526	0.381877643872226	0.000594691369024014	0.0208513661264045	0.000594691369024014	0.0128021370834175	NA	"abundance"	18	17
"OTU_5126"	"Geese"	"low"	"Geeselow"	3.07002979963216	-0.0832408318611617	0.715519822178257	0.000600450831543364	0.0210028197335528	0.00120054112188563	0.0209465380419319	NA	"abundance"	18	17
"OTU_1100"	"Geese"	"high"	"Geesehigh"	-2.66715907546258	-0.122975517760526	0.565266023048777	0.000603029630617202	0.0210425602683792	0.000603029630617202	0.0129494253681421	NA	"abundance"	18	16
"OTU_966"	"Geese"	"high"	"Geesehigh"	3.41275265219528	-0.122975517760526	0.767067199849459	0.000605894571785059	0.0210920721337873	0.000605894571785059	0.0129787416441285	NA	"abundance"	18	15
"OTU_1768"	"Geese"	"high"	"Geesehigh"	-2.38161608337454	-0.122975517760526	0.414261885077685	0.00061658012064425	0.021412946761231	0.00123278007024333	0.021465751967577	NA	"abundance"	18	11
"OTU_1459"	"Geese"	"high"	"Geesehigh"	-2.56416407139513	-0.122975517760526	0.545679351286416	0.00063434988046529	0.021974008700797	0.00063434988046529	0.013517862217044	NA	"abundance"	18	16
"OTU_4193"	"Geese"	"high"	"Geesehigh"	1.51410426571452	-0.122975517760526	0.379631540148241	0.000635748777713996	0.021974008700797	0.000635748777713996	0.013517862217044	NA	"abundance"	18	18
"OTU_646"	"Geese"	"high"	"Geesehigh"	-2.38305021552312	-0.122975517760526	0.51676523632768	0.000648248169919374	0.0223530681003404	0.00129607611414895	0.0221664875332905	NA	"abundance"	18	17
"OTU_371"	"Geese"	"low"	"Geeselow"	0.998550026959374	-0.0832408318611617	0.251624119929726	0.000655088205609111	0.0225356522806946	0.000655088205609111	0.0138609616903209	NA	"abundance"	18	18
"OTU_1158"	"Geese"	"low"	"Geeselow"	-2.63980708999091	-0.0832408318611617	0.544246530833831	0.000657632503331618	0.0225699475143411	0.0013148325261538	0.0223547361126424	NA	"abundance"	18	14
"OTU_713"	"Geese"	"high"	"Geesehigh"	-2.90831350965067	-0.122975517760526	0.638777426619894	0.00065918801523468	0.0225702262681057	0.00065918801523468	0.0139136904483925	NA	"abundance"	18	17
"OTU_1767"	"Geese"	"high"	"Geesehigh"	1.99382768186988	-0.122975517760526	0.415559902782361	0.000662985858875254	0.0226471000879495	0.000662985858875254	0.0139598044348089	NA	"abundance"	18	12
"OTU_4901"	"Geese"	"low"	"Geeselow"	3.01129438294614	-0.0832408318611617	0.679875482706283	0.00066589186872168	0.0226932214887253	0.00066589186872168	0.0139869617279549	NA	"abundance"	18	15
"OTU_438"	"Geese"	"high"	"Geesehigh"	2.0291492147492	-0.122975517760526	0.503335506389356	0.000675084326836495	0.0228875636353563	0.000675084326836495	0.0141369973137601	NA	"abundance"	18	18
"OTU_4929"	"Geese"	"high"	"Geesehigh"	3.04471267232212	-0.122975517760526	0.624293352628338	0.000675334432512997	0.0228875636353563	0.00135021278843026	0.0228174066222953	NA	"abundance"	18	12
"OTU_6164"	"Geese"	"high"	"Geesehigh"	-2.39998898225753	-0.122975517760526	0.500865299332289	0.000676301928344891	0.0228875636353563	0.000676301928344891	0.0141369973137601	NA	"abundance"	18	15
"OTU_210"	"Geese"	"high"	"Geesehigh"	2.19907138407241	-0.122975517760526	0.543828122710653	0.000680938556666844	0.0229911337674597	0.000680938556666844	0.0141996199262527	NA	"abundance"	18	18
"OTU_1771"	"Geese"	"low"	"Geeselow"	2.26489967095481	-0.0832408318611617	0.541619271231145	0.000689713975722372	0.0232336444570128	0.00137895224607644	0.0230415056847423	NA	"abundance"	18	17
"OTU_271"	"Geese"	"high"	"Geesehigh"	1.11743033823754	-0.122975517760526	0.289973936689723	0.00069352130990552	0.0233080687241519	0.00069352130990552	0.0144272437882749	NA	"abundance"	18	18
"OTU_647"	"Geese"	"high"	"Geesehigh"	-3.57808713725526	-0.122975517760526	0.798029163289213	0.000698416920949074	0.023364929378356	0.000698416920949074	0.0144595694590749	NA	"abundance"	18	17
"OTU_690"	"Geese"	"high"	"Geesehigh"	2.39119716621544	-0.122975517760526	0.580508818140232	0.000697859517368449	0.023364929378356	0.000697859517368449	0.0144595694590749	NA	"abundance"	18	17
"OTU_3257"	"Geese"	"high"	"Geesehigh"	-3.68945438426538	-0.122975517760526	0.765896367001639	0.000703088885495529	0.0234138230224607	0.000703088885495529	0.0144869790835198	NA	"abundance"	18	14
"OTU_922"	"Geese"	"high"	"Geesehigh"	1.90026492271946	-0.122975517760526	0.446682911305812	0.000702651109596997	0.0234138230224607	0.000702651109596997	0.0144869790835198	NA	"abundance"	18	15
"OTU_3794"	"Geese"	"high"	"Geesehigh"	-1.74264179318173	-0.122975517760526	0.380402645031986	0.000710647637828687	0.0236116319940074	0.000710647637828687	0.0146079445552719	NA	"abundance"	18	18
"OTU_1747"	"Geese"	"high"	"Geesehigh"	1.50712826636305	-0.122975517760526	0.376673641670657	0.000714093391321668	0.0236721959223133	0.00142767685327181	0.023759837477335	NA	"abundance"	18	17
"OTU_1282"	"Geese"	"low"	"Geeselow"	2.67006746358305	-0.0832408318611617	0.61072975887182	0.000720670609368534	0.0238360578418355	0.000720670609368534	0.0147788707428325	NA	"abundance"	18	15
"OTU_1393"	"Geese"	"high"	"Geesehigh"	1.80331725363082	-0.122975517760526	0.437362341523853	0.000727503132773588	0.0239534101459042	0.000727503132773588	0.0148837165745216	NA	"abundance"	18	16
"OTU_383"	"Geese"	"low"	"Geeselow"	1.60335496932503	-0.0832408318611617	0.391236491649728	0.000726540856326618	0.0239534101459042	0.00145255385103733	0.0240812280208372	NA	"abundance"	18	17
"OTU_1095"	"Geese"	"low"	"Geeselow"	-2.43867259067734	-0.0832408318611617	0.536004208084474	0.000731096240317863	0.0240174994623341	0.000731096240317863	0.0149219501502613	NA	"abundance"	18	16
"OTU_595"	"Geese"	"low"	"Geeselow"	-1.74903850583983	-0.0832408318611617	0.38767172753558	0.000743883636365794	0.0243826667865876	0.000743883636365794	0.0151116642936845	NA	"abundance"	18	17
"OTU_1215"	"Geese"	"high"	"Geesehigh"	3.66228848141121	-0.122975517760526	0.791423675920872	0.000746041923893825	0.0243985818428595	0.000746041923893825	0.0151200159470191	NA	"abundance"	18	13
"OTU_222"	"Geese"	"low"	"Geeselow"	-1.68478507064514	-0.0832408318611617	0.380095784327055	0.000763655877970115	0.0249187575751054	0.000763655877970115	0.0153743626476744	NA	"abundance"	18	18
"OTU_179"	"Geese"	"high"	"Geesehigh"	1.49990442216704	-0.122975517760526	0.384550117351068	0.000765697977946345	0.0249296221123334	0.000765697977946345	0.0153743626476744	NA	"abundance"	18	18
"OTU_1002"	"Geese"	"high"	"Geesehigh"	3.16240261619057	-0.122975517760526	0.713829774099139	0.000768616050706439	0.0249688946895415	0.00153664133077947	0.0248098770085179	NA	"abundance"	18	14
"OTU_11"	"Geese"	"high"	"Geesehigh"	0.823352679471681	-0.122975517760526	0.223545392532139	0.000777043928654741	0.0251307377901509	0.000777043928654741	0.0155660605522642	NA	"abundance"	18	18
"OTU_3789"	"Geese"	"high"	"Geesehigh"	1.56157606591681	-0.122975517760526	0.180622005012967	0.00077547716950388	0.0251307377901509	0.00155035297416734	0.024926194833263	NA	"abundance"	18	7
"OTU_4683"	"Geese"	"low"	"Geeselow"	1.67193779051638	-0.0832408318611617	0.410818657489512	0.000784083334580132	0.0253022998189952	0.000784083334580132	0.0156708017955115	NA	"abundance"	18	17
"OTU_80"	"Geese"	"high"	"Geesehigh"	-2.40128602387704	-0.122975517760526	0.542665017511525	0.000786593758263621	0.0253272771700512	0.000786593758263621	0.0156847520368972	NA	"abundance"	18	18
"OTU_497"	"Geese"	"low"	"Geeselow"	-1.87331996869422	-0.0832408318611617	0.401551856412021	0.000795254825262881	0.0255497508398334	0.000795254825262881	0.015784713894094	NA	"abundance"	18	15
"OTU_2390"	"Geese"	"high"	"Geesehigh"	2.05394674709812	-0.122975517760526	0.501012404777489	0.000807318138294377	0.0258803128904655	0.000807318138294377	0.0159226453828003	NA	"abundance"	18	16
"OTU_504"	"Geese"	"high"	"Geesehigh"	1.63373034674541	-0.122975517760526	0.419517440101648	0.000815625418155275	0.026089281467572	0.000815625418155275	0.0160418690198085	NA	"abundance"	18	18
"OTU_1770"	"Geese"	"high"	"Geesehigh"	1.52413941969299	-0.122975517760526	0.393966041599353	0.000820729069562987	0.0261702178540735	0.000820729069562987	0.0160890806332595	NA	"abundance"	18	18
"OTU_183"	"Geese"	"low"	"Geeselow"	0.558414890843262	-0.0832408318611617	0.152498053353946	0.000821744122937451	0.0261702178540735	0.000821744122937451	0.0160890806332595	NA	"abundance"	18	18
"OTU_2119"	"Geese"	"high"	"Geesehigh"	2.3024479860776	-0.122975517760526	0.580898812587891	0.000826033401108983	0.0262495058574632	0.000826033401108983	0.0161365531674879	NA	"abundance"	18	18
"OTU_300"	"Geese"	"high"	"Geesehigh"	4.36448816213699	-0.122975517760526	1.03788794916469	0.000830877203148894	0.0263460323589778	0.000830877203148894	0.0161946200811949	NA	"abundance"	18	16
"OTU_1610"	"Geese"	"high"	"Geesehigh"	2.96138197630637	-0.122975517760526	0.627544019551574	0.000835319002860935	0.0264294207716477	0.000835319002860935	0.0162446082039518	NA	"abundance"	18	12
"OTU_448"	"Geese"	"low"	"Geeselow"	2.01945389067954	-0.0832408318611617	0.505074633821098	0.000839775737921711	0.026512919725814	0.000839775737921711	0.0162946619640684	NA	"abundance"	18	18
"OTU_1426"	"Geese"	"high"	"Geesehigh"	2.22519242845928	-0.122975517760526	0.517182184906615	0.000851103626659411	0.0268125215949334	0.00170148287593551	0.0262004142497258	NA	"abundance"	18	14
"OTU_396"	"Geese"	"low"	"Geeselow"	0.878140367256738	-0.0832408318611617	0.231054811653947	0.000866520562117667	0.0272393726703627	0.000866520562117667	0.0167759931645778	NA	"abundance"	18	18
"OTU_787"	"Geese"	"high"	"Geesehigh"	-3.0446273506267	-0.122975517760526	0.679918185182959	0.000874206516658038	0.0274218844128476	0.000874206516658038	0.0168494057798634	NA	"abundance"	18	16
"OTU_3957"	"Geese"	"high"	"Geesehigh"	2.00894537464914	-0.122975517760526	0.514438652609436	0.000877883681474678	0.0274781360042696	0.000877883681474678	0.0168826786210708	NA	"abundance"	18	18
"OTU_207"	"Geese"	"high"	"Geesehigh"	1.12974482991393	-0.122975517760526	0.30141048728561	0.000880139244720746	0.0274897452323272	0.000880139244720746	0.0168885255516925	NA	"abundance"	18	18
"OTU_1853"	"Geese"	"high"	"Geesehigh"	1.8666043014798	-0.122975517760526	0.480983323281097	0.000893025064395925	0.0277962097804294	0.000893025064395925	0.0170978736886777	NA	"abundance"	18	18
"OTU_3241"	"Geese"	"low"	"Geeselow"	-1.55671589344793	-0.0832408318611617	0.266298005633065	0.000895603874700002	0.0277962097804294	0.000895603874700002	0.0171093949926133	NA	"abundance"	18	9
"OTU_458"	"Geese"	"low"	"Geeselow"	1.83916188477776	-0.0832408318611617	0.426024151514039	0.000895668352996148	0.0277962097804294	0.00179053448419374	0.0272804320884025	NA	"abundance"	18	14
"OTU_5817"	"Geese"	"high"	"Geesehigh"	-2.2227078522372	-0.122975517760526	0.508889499339645	0.000909059262143908	0.0281518861945457	0.000909059262143908	0.0172901073727327	NA	"abundance"	18	18
"OTU_4016"	"Geese"	"high"	"Geesehigh"	1.83130923051363	-0.122975517760526	0.457225188100737	0.000911745331293901	0.0281752487335865	0.000911745331293901	0.0173031668794242	NA	"abundance"	18	16
"OTU_169"	"Geese"	"high"	"Geesehigh"	1.46819287266799	-0.122975517760526	0.385696962308507	0.000918717756255738	0.0283286480381625	0.000918717756255738	0.0173922452706578	NA	"abundance"	18	18
"OTU_442"	"Geese"	"high"	"Geesehigh"	1.39372359129335	-0.122975517760526	0.361181882844883	0.00092447802455542	0.0283286480381625	0.00092447802455542	0.0173922452706578	NA	"abundance"	18	17
"OTU_5344"	"Geese"	"high"	"Geesehigh"	-1.4462943629331	-0.122975517760526	0.319968504735581	0.000922331810762844	0.0283286480381625	0.000922331810762844	0.0173922452706578	NA	"abundance"	18	18
"OTU_986"	"Geese"	"low"	"Geeselow"	-1.96895541021171	-0.0832408318611617	0.405957911800477	0.000924359088086413	0.0283286480381625	0.000924359088086413	0.0173922452706578	NA	"abundance"	18	13
"OTU_2315"	"Geese"	"high"	"Geesehigh"	2.3991791264772	-0.122975517760526	0.562700064926605	0.000935743098748554	0.028613729220852	0.000935743098748554	0.0175274479437043	NA	"abundance"	18	14
"OTU_4197"	"Geese"	"low"	"Geeselow"	2.09558870659778	-0.0832408318611617	0.530331892583621	0.000937740743925941	0.0286148252947778	0.000937740743925941	0.0175274479437043	NA	"abundance"	18	18
"OTU_1887"	"Geese"	"high"	"Geesehigh"	-1.45938328564853	-0.122975517760526	0.29722477521284	0.000943957118441974	0.0287443810638719	0.00188702318184249	0.0283512128744182	NA	"abundance"	18	14
"OTU_289"	"Geese"	"high"	"Geesehigh"	0.901766261054323	-0.122975517760526	0.24884434504321	0.000959037671360408	0.0291427572384644	0.000959037671360408	0.0178868793274848	NA	"abundance"	18	18
"OTU_892"	"Geese"	"low"	"Geeselow"	1.74662360781079	-0.0832408318611617	0.421467160825648	0.000967077826961593	0.0293259816716461	0.00193322041439979	0.0289447914640411	NA	"abundance"	18	15
"OTU_1508"	"Geese"	"high"	"Geesehigh"	1.9382579200362	-0.122975517760526	0.475596526871034	0.000983930197350324	0.0297751158891117	0.000983930197350324	0.0183116815653112	NA	"abundance"	18	15
"OTU_1008"	"Geese"	"low"	"Geeselow"	2.00345369968934	-0.0832408318611617	0.511672162447353	0.000993273993086019	0.0298815935164862	0.000993273993086019	0.0184123530338793	NA	"abundance"	18	18
"OTU_1232"	"Geese"	"high"	"Geesehigh"	2.58498340383174	-0.122975517760526	0.663782346260462	0.000993594738481818	0.0298815935164862	0.000993594738481818	0.0184123530338793	NA	"abundance"	18	18
"OTU_2456"	"Geese"	"high"	"Geesehigh"	2.46179426167159	-0.122975517760526	0.476538713078907	0.000991028823944085	0.0298815935164862	0.00198107550975828	0.0295081367666922	NA	"abundance"	18	10
"OTU_1617"	"Geese"	"high"	"Geesehigh"	2.48567368833507	-0.122975517760526	0.629131851377449	0.000996472574278151	0.0299064793588912	0.000996472574278151	0.0184262257645366	NA	"abundance"	18	17
"OTU_89"	"Geese"	"high"	"Geesehigh"	-1.90285397344558	-0.122975517760526	0.436548793134979	0.0010108082238639	0.0302744327582728	0.0010108082238639	0.0186514592096337	NA	"abundance"	18	18
"OTU_1887"	"Geese"	"low"	"Geeselow"	-1.62118916482116	-0.0832408318611617	0.347083760522763	0.00102173686535456	0.0305390449140607	0.0020424297844871	0.0302139954785493	NA	"abundance"	18	14
"OTU_1292"	"Geese"	"high"	"Geesehigh"	-2.20173442974178	-0.122975517760526	0.469324160419489	0.00102994550901814	0.0306415531873056	0.00205883023028473	0.0303225059115188	NA	"abundance"	18	14
"OTU_1357"	"Geese"	"high"	"Geesehigh"	1.66838889506306	-0.122975517760526	0.440560036534539	0.00102937435849748	0.0306415531873056	0.00102937435849748	0.0189518688382404	NA	"abundance"	18	18
"OTU_673"	"Geese"	"high"	"Geesehigh"	-1.98437355472934	-0.122975517760526	0.450317052688369	0.00103146871074777	0.0306415531873056	0.00103146871074777	0.0189518688382404	NA	"abundance"	18	17
"OTU_35"	"Geese"	"high"	"Geesehigh"	-3.32618347190138	-0.122975517760526	0.789928219466303	0.00104156806124467	0.0308786824010462	0.00104156806124467	0.0190968855974817	NA	"abundance"	18	18
"OTU_1350"	"Geese"	"high"	"Geesehigh"	2.32571473770253	-0.122975517760526	0.582546517004409	0.00104439191648986	0.0308995953223552	0.00104439191648986	0.0191012894467428	NA	"abundance"	18	16
"OTU_974"	"Geese"	"high"	"Geesehigh"	2.80878441905909	-0.122975517760526	0.664349145546203	0.00105032039246522	0.031012091588052	0.00209953761200361	0.0307434830698465	NA	"abundance"	18	14
"OTU_240"	"Geese"	"low"	"Geeselow"	-2.04648509282585	-0.0832408318611617	0.484452809696441	0.00105260872855606	0.0310168705347852	0.00105260872855606	0.0191774230251034	NA	"abundance"	18	18
"OTU_2814"	"Geese"	"high"	"Geesehigh"	1.58217679747405	-0.122975517760526	0.358366406103837	0.00105673310251131	0.0310756230508668	0.00211234952017268	0.0308267668593159	NA	"abundance"	18	12
"OTU_304"	"Geese"	"high"	"Geesehigh"	1.88786710899473	-0.122975517760526	0.480112637566934	0.00107742721991988	0.0316204294361195	0.00107742721991988	0.0195883511789635	NA	"abundance"	18	16
"OTU_4"	"Geese"	"high"	"Geesehigh"	-2.77294180438305	-0.122975517760526	0.656164466616258	0.00108225576175247	0.0316983585159067	0.00108225576175247	0.0196348875517943	NA	"abundance"	18	18
"OTU_2578"	"Geese"	"high"	"Geesehigh"	1.75457905242563	-0.122975517760526	0.449115274989981	0.00109784993635853	0.0320906596627766	0.00109784993635853	0.0198761367139053	NA	"abundance"	18	16
"OTU_1220"	"Geese"	"high"	"Geesehigh"	1.76540606273965	-0.122975517760526	0.460866105141744	0.00110213689524552	0.0321421979780029	0.00110213689524552	0.0199120933015756	NA	"abundance"	18	17
"OTU_4566"	"Geese"	"high"	"Geesehigh"	-2.26450973280368	-0.122975517760526	0.501589864227927	0.00110402037481006	0.0321421979780029	0.00220682188863212	0.0319361816458567	NA	"abundance"	18	15
"OTU_778"	"Geese"	"low"	"Geeselow"	-2.0020580720418	-0.0832408318611617	0.468675092225102	0.00110723720337136	0.0321716371481566	0.00110723720337136	0.0199625640791161	NA	"abundance"	18	17
"OTU_5144"	"Geese"	"high"	"Geesehigh"	1.3399590786834	-0.122975517760526	0.356546951185739	0.00111193024335343	0.0322437664603442	0.00111193024335343	0.0200054975592112	NA	"abundance"	18	17
"OTU_1210"	"Geese"	"high"	"Geesehigh"	1.95285419814067	-0.122975517760526	0.516207864817435	0.00113060885501415	0.0322923334331899	0.00113060885501415	0.0200212943574281	NA	"abundance"	18	18
"OTU_1213"	"Geese"	"high"	"Geesehigh"	1.52786738853107	-0.122975517760526	0.410203211188688	0.00113026082174583	0.0322923334331899	0.00113026082174583	0.0200212943574281	NA	"abundance"	18	18
"OTU_1534"	"Geese"	"high"	"Geesehigh"	2.29755916158936	-0.122975517760526	0.581761506238533	0.00112883393474861	0.0322923334331899	0.00112883393474861	0.0200212943574281	NA	"abundance"	18	16
"OTU_228"	"Geese"	"high"	"Geesehigh"	1.62782975423852	-0.122975517760526	0.434648546886856	0.0011207153951116	0.0322923334331899	0.0011207153951116	0.0200212943574281	NA	"abundance"	18	18
"OTU_2723"	"Geese"	"high"	"Geesehigh"	1.77962974757429	-0.122975517760526	0.447057850859618	0.00112567581093881	0.0322923334331899	0.00112567581093881	0.0200212943574281	NA	"abundance"	18	15
"OTU_274"	"Geese"	"high"	"Geesehigh"	1.55047264519783	-0.122975517760526	0.41555184310579	0.00111748671477008	0.0322923334331899	0.00111748671477008	0.0200212943574281	NA	"abundance"	18	18
"OTU_5758"	"Geese"	"high"	"Geesehigh"	-3.97542833865786	-0.122975517760526	0.882227301712493	0.00113131649419718	0.0322923334331899	0.00113131649419718	0.0200212943574281	NA	"abundance"	18	14
"OTU_991"	"Geese"	"high"	"Geesehigh"	3.16173965247766	-0.122975517760526	0.69916734617074	0.00113032641477595	0.0322923334331899	0.00225937519174796	0.0323719087903756	NA	"abundance"	18	12
"OTU_1399"	"Geese"	"high"	"Geesehigh"	1.52954299930838	-0.122975517760526	0.38758290132776	0.00113573958820568	0.0323552688155625	0.00227018927199913	0.0324730875369926	NA	"abundance"	18	15
"OTU_1224"	"Geese"	"low"	"Geeselow"	-2.43593333051579	-0.0832408318611617	0.566981911443777	0.00114719346935432	0.0326178634386007	0.00114719346935432	0.0202195769527338	NA	"abundance"	18	16
"OTU_1058"	"Geese"	"high"	"Geesehigh"	2.46068494117633	-0.122975517760526	0.57411313164966	0.00114975831199948	0.0326271882078297	0.00229819467982295	0.0328194335960195	NA	"abundance"	18	13
"OTU_281"	"Geese"	"low"	"Geeselow"	2.49876407797599	-0.0832408318611617	0.635033677663352	0.00116131070001635	0.0328910249911427	0.00116131070001635	0.0204267943047591	NA	"abundance"	18	17
"OTU_241"	"Geese"	"high"	"Geesehigh"	-1.16658788399455	-0.122975517760526	0.259114789389299	0.00116814101549556	0.0330203582403454	0.00116814101549556	0.0205052583125732	NA	"abundance"	18	18
"OTU_716"	"Geese"	"high"	"Geesehigh"	-4.62653584020848	-0.122975517760526	1.00435238109589	0.00117915199977103	0.0332671393977955	0.00117915199977103	0.0206566425223047	NA	"abundance"	18	13
"OTU_849"	"Geese"	"high"	"Geesehigh"	-2.76891049815766	-0.122975517760526	0.640120326054281	0.00118351419725815	0.0333257491915201	0.00118351419725815	0.0206911754809536	NA	"abundance"	18	16
"OTU_4100"	"Geese"	"high"	"Geesehigh"	3.14082715723885	-0.122975517760526	0.266236631279295	0.00119382296466863	0.0335512558047335	0.0023862207160663	0.0336324984964784	NA	"abundance"	18	6
"OTU_1438"	"Geese"	"high"	"Geesehigh"	1.65237059833609	-0.122975517760526	0.431416820309404	0.00124392335873269	0.0348054305248281	0.00248629937214298	0.0345923388529347	NA	"abundance"	18	16
"OTU_19"	"Geese"	"low"	"Geeselow"	2.3386218061491	-0.0832408318611617	0.610640704660736	0.00124560723140132	0.0348054305248281	0.00124560723140132	0.021602183413542	NA	"abundance"	18	18
"OTU_62"	"Geese"	"high"	"Geesehigh"	-4.73362963051294	-0.122975517760526	1.16261490820531	0.00124560775633897	0.0348054305248281	0.00124560775633897	0.021602183413542	NA	"abundance"	18	18
"OTU_4528"	"Geese"	"low"	"Geeselow"	-1.8311822497549	-0.0832408318611617	0.42613030581474	0.00125424193708557	0.0349796804862907	0.00125424193708557	0.021708419447077	NA	"abundance"	18	16
"OTU_1106"	"Geese"	"low"	"Geeselow"	2.04430432870323	-0.0832408318611617	0.53709796761927	0.00126494068471283	0.0350334690460029	0.00126494068471283	0.0217342122572968	NA	"abundance"	18	18
"OTU_3160"	"Geese"	"high"	"Geesehigh"	2.05281733083166	-0.122975517760526	0.540267845422392	0.00126400341352229	0.0350334690460029	0.00126400341352229	0.0217342122572968	NA	"abundance"	18	17
"OTU_329"	"Geese"	"low"	"Geeselow"	1.11607920313472	-0.0832408318611617	0.302082351947689	0.00126284817696398	0.0350334690460029	0.00126284817696398	0.0217342122572968	NA	"abundance"	18	18
"OTU_350"	"Geese"	"low"	"Geeselow"	-2.25661452766932	-0.0832408318611617	0.540362649595904	0.00126577801914463	0.0350334690460029	0.00126577801914463	0.0217342122572968	NA	"abundance"	18	17
"OTU_1199"	"Geese"	"high"	"Geesehigh"	2.30094221637803	-0.122975517760526	0.591618571709779	0.00127760226661744	0.0352937626153068	0.00127760226661744	0.0218938020105095	NA	"abundance"	18	16
"OTU_1770"	"Geese"	"low"	"Geeselow"	1.47208946139739	-0.0832408318611617	0.393966041599353	0.00130522555506063	0.0359886955503107	0.00130522555506063	0.0222789387642893	NA	"abundance"	18	18
"OTU_1274"	"Geese"	"high"	"Geesehigh"	2.70137831721467	-0.122975517760526	0.705094765757042	0.00130870145146522	0.0360074743147006	0.00261569020344138	0.0357601627497341	NA	"abundance"	18	17
"OTU_731"	"Geese"	"high"	"Geesehigh"	4.14732423399952	-0.122975517760526	0.967726586927159	0.0013108438818803	0.0360074743147006	0.0013108438818803	0.0223307932161262	NA	"abundance"	18	13
"OTU_1050"	"Geese"	"high"	"Geesehigh"	-3.88661346014533	-0.122975517760526	0.780225209324025	0.00132180418965921	0.0361306726792677	0.00264186121300263	0.0359735698446128	NA	"abundance"	18	11
"OTU_2379"	"Geese"	"low"	"Geeselow"	-1.25277398329575	-0.0832408318611617	0.29203030828426	0.00132276012688393	0.0361306726792677	0.00264377055941458	0.0359735698446128	NA	"abundance"	18	17
"OTU_2517"	"Geese"	"high"	"Geesehigh"	1.55991391978404	-0.122975517760526	0.325174782532212	0.00131793926688073	0.0361306726792677	0.00263414156985027	0.0359556169487134	NA	"abundance"	18	10
"OTU_2"	"Geese"	"low"	"Geeselow"	1.54987208303788	-0.0832408318611617	0.414474885513808	0.00132966976544258	0.036251519997655	0.00132966976544258	0.0225626708826276	NA	"abundance"	18	18
"OTU_1395"	"Geese"	"low"	"Geeselow"	2.19737915367124	-0.0832408318611617	0.560331040211308	0.00133234563868356	0.036256704264624	0.00266291613246621	0.0361204956275275	NA	"abundance"	18	16
"OTU_1346"	"Geese"	"high"	"Geesehigh"	2.93800801624699	-0.122975517760526	0.736660967821693	0.00134556030947031	0.0365481241600259	0.00268931008639419	0.0363645148244614	NA	"abundance"	18	15
"OTU_416"	"Geese"	"high"	"Geesehigh"	3.11760259112693	-0.122975517760526	0.760775077113619	0.00134962780019388	0.0365904667167804	0.00134962780019388	0.0228174066222953	NA	"abundance"	18	14
"OTU_1408"	"Geese"	"high"	"Geesehigh"	1.89434547936151	-0.122975517760526	0.485480331344461	0.00135266733510386	0.0366048344152596	0.00135266733510386	0.0228174066222953	NA	"abundance"	18	15
"OTU_4942"	"Geese"	"low"	"Geeselow"	1.01862507978129	-0.0832408318611617	0.279869344758329	0.00135522844971803	0.0366062262362725	0.00135522844971803	0.0228174066222953	NA	"abundance"	18	18
"OTU_559"	"Geese"	"low"	"Geeselow"	1.23257309295049	-0.0832408318611617	0.329779963478501	0.00136116641284367	0.0366986567425838	0.00272048005168389	0.0366143613798949	NA	"abundance"	18	17
"OTU_463"	"Geese"	"high"	"Geesehigh"	3.79171708763025	-0.122975517760526	0.944501986089819	0.00136505354123795	0.0367355552629091	0.00136505354123795	0.0229382006715985	NA	"abundance"	18	15
"OTU_1649"	"Geese"	"low"	"Geeselow"	2.46122331247246	-0.0832408318611617	0.530679394680346	0.00137344227529468	0.0368932394612305	0.00137344227529468	0.0230344369193801	NA	"abundance"	18	11
"OTU_619"	"Geese"	"high"	"Geesehigh"	-2.44291410337667	-0.122975517760526	0.591852697824696	0.00137918880803056	0.0369116476218969	0.00137918880803056	0.0230415056847423	NA	"abundance"	18	18
"OTU_817"	"Geese"	"low"	"Geeselow"	-2.07382750854774	-0.0832408318611617	0.490951700428826	0.00137866744573689	0.0369116476218969	0.00275543416754785	0.036969809745673	NA	"abundance"	18	16
"OTU_1743"	"Geese"	"high"	"Geesehigh"	-2.01863766373942	-0.122975517760526	0.476055771613425	0.00138840020787612	0.0370901198389763	0.002774872760615	0.0370582544295714	NA	"abundance"	18	17
"OTU_1099"	"Geese"	"high"	"Geesehigh"	1.81714449894451	-0.122975517760526	0.487832880114931	0.00140101048918861	0.0373585722034829	0.00140101048918861	0.023360972588513	NA	"abundance"	18	17
"OTU_1827"	"Geese"	"high"	"Geesehigh"	2.14579944629132	-0.122975517760526	0.535671787992878	0.00140745935597431	0.0374620477486154	0.00281293777010989	0.0373361402799555	NA	"abundance"	18	14
"OTU_791"	"Geese"	"low"	"Geeselow"	2.32036696248992	-0.0832408318611617	0.596091696335625	0.00143082764578062	0.0380146667419966	0.00285960802380931	0.0376094951945984	NA	"abundance"	18	16
"OTU_542"	"Geese"	"high"	"Geesehigh"	-2.88726398061777	-0.122975517760526	0.709153564957493	0.00143595566023014	0.0380815441093032	0.00143595566023014	0.0238517471854733	NA	"abundance"	18	18
"OTU_5719"	"Geese"	"high"	"Geesehigh"	-2.20638233062907	-0.122975517760526	0.53504559105413	0.00145643695159547	0.038554608667825	0.00145643695159547	0.0240994366713331	NA	"abundance"	18	18
"OTU_4307"	"Geese"	"high"	"Geesehigh"	1.23601149398067	-0.122975517760526	0.348262485409549	0.00145928249118854	0.0385599536530363	0.00145928249118854	0.0241004402266138	NA	"abundance"	18	18
"OTU_461"	"Geese"	"high"	"Geesehigh"	2.38591616201066	-0.122975517760526	0.645606403970974	0.00147768110865298	0.0389755093143082	0.00147768110865298	0.0243578139319675	NA	"abundance"	18	18
"OTU_128"	"Geese"	"low"	"Geeselow"	1.59099892695888	-0.0832408318611617	0.431761904593346	0.001498604172395	0.0392687304510975	0.001498604172395	0.0245316672720787	NA	"abundance"	18	18
"OTU_267"	"Geese"	"low"	"Geeselow"	-1.71295108466996	-0.0832408318611617	0.420180642383074	0.00149495523900467	0.0392687304510975	0.00149495523900467	0.0245316672720787	NA	"abundance"	18	18
"OTU_2904"	"Geese"	"high"	"Geesehigh"	0.964671664883991	-0.122975517760526	0.279310372657793	0.00149956690396691	0.0392687304510975	0.00149956690396691	0.0245316672720787	NA	"abundance"	18	18
"OTU_601"	"Geese"	"high"	"Geesehigh"	-2.70354387564456	-0.122975517760526	0.6653360865505	0.00149778396086608	0.0392687304510975	0.00149778396086608	0.0245316672720787	NA	"abundance"	18	18
"OTU_298"	"Geese"	"low"	"Geeselow"	-0.800341507340631	-0.0832408318611617	0.184062384606317	0.00150853674227558	0.0394328260265799	0.00150853674227558	0.0246318433351941	NA	"abundance"	18	18
"OTU_578"	"Geese"	"high"	"Geesehigh"	-2.58496994118366	-0.122975517760526	0.635725085783438	0.00151522099906876	0.0395366967663987	0.00151522099906876	0.0246943927042204	NA	"abundance"	18	18
"OTU_1246"	"Geese"	"high"	"Geesehigh"	1.35568014905979	-0.122975517760526	0.3810665471274	0.00151925695189215	0.039571217679105	0.00151925695189215	0.0247136271835989	NA	"abundance"	18	18
"OTU_2236"	"Geese"	"high"	"Geesehigh"	2.42705038928515	-0.122975517760526	0.637034563105112	0.00152252287142729	0.0395855946571095	0.00152252287142729	0.0247202869218232	NA	"abundance"	18	16
"OTU_1036"	"Geese"	"high"	"Geesehigh"	1.65514786476674	-0.122975517760526	0.452433738177432	0.00153356569684704	0.0397750896020865	0.00153356569684704	0.0248098770085179	NA	"abundance"	18	17
"OTU_950"	"Geese"	"high"	"Geesehigh"	-2.43491426628446	-0.122975517760526	0.58870420978401	0.00153526501069345	0.0397750896020865	0.00153526501069345	0.0248098770085179	NA	"abundance"	18	17
"OTU_27"	"Geese"	"low"	"Geeselow"	1.21645031405952	-0.0832408318611617	0.336418171254156	0.00154774361213672	0.0400272842670677	0.00154774361213672	0.024926194833263	NA	"abundance"	18	18
"OTU_5213"	"Geese"	"high"	"Geesehigh"	2.41760205998285	-0.122975517760526	0.657738231919937	0.00155248659754204	0.0400788840915896	0.00155248659754204	0.024926194833263	NA	"abundance"	18	18
"OTU_579"	"Geese"	"low"	"Geeselow"	2.33182768849814	-0.0832408318611617	0.626075044350566	0.00155711926097446	0.04012745855225	0.00155711926097446	0.0249542779342092	NA	"abundance"	18	18
"OTU_19"	"Geese"	"high"	"Geesehigh"	2.2332904624056	-0.122975517760526	0.610640704660736	0.00156125929345885	0.0401631888084494	0.00156125929345885	0.0249743769419462	NA	"abundance"	18	18
"OTU_90"	"Geese"	"low"	"Geeselow"	1.17413566182398	-0.0832408318611617	0.325820703638842	0.00156868646602959	0.0402832056223725	0.00156868646602959	0.0250468868579706	NA	"abundance"	18	18
"OTU_5158"	"Geese"	"high"	"Geesehigh"	-2.88424281975117	-0.122975517760526	0.716992863184719	0.00158336928422109	0.0405175866309629	0.00158336928422109	0.0251883782824436	NA	"abundance"	18	18
"OTU_614"	"Geese"	"high"	"Geesehigh"	-3.44204412881528	-0.122975517760526	0.743896728573848	0.00158135187934594	0.0405175866309629	0.00158135187934594	0.0251883782824436	NA	"abundance"	18	12
"OTU_14"	"Geese"	"low"	"Geeselow"	1.45691488453612	-0.0832408318611617	0.399946470035284	0.0015927395449532	0.0406148583963067	0.0015927395449532	0.0252446300769689	NA	"abundance"	18	18
"OTU_632"	"Geese"	"low"	"Geeselow"	-3.0714703943165	-0.0832408318611617	0.736266617598064	0.00159156812251204	0.0406148583963067	0.00159156812251204	0.0252446300769689	NA	"abundance"	18	15
"OTU_505"	"Geese"	"high"	"Geesehigh"	2.27627197323583	-0.122975517760526	0.623650218641986	0.00159795799451878	0.0406701602481356	0.00159795799451878	0.0252810392770851	NA	"abundance"	18	18
"OTU_603"	"Geese"	"high"	"Geesehigh"	2.16838436153167	-0.122975517760526	0.550679461339769	0.00160048484728026	0.0406701602481356	0.00319840814281415	0.0402311396335954	NA	"abundance"	18	14
"OTU_1789"	"Geese"	"high"	"Geesehigh"	-3.9252256312094	-0.122975517760526	0.958269026927978	0.00161279751940357	0.0409117645530792	0.00161279751940357	0.0254692513374426	NA	"abundance"	18	16
"OTU_4636"	"Geese"	"high"	"Geesehigh"	-2.4660872689445	-0.122975517760526	0.610001414433108	0.00161950750984219	0.0410106537127746	0.00161950750984219	0.0255286302188967	NA	"abundance"	18	18
"OTU_237"	"Geese"	"high"	"Geesehigh"	-3.13895917660817	-0.122975517760526	0.786657270067302	0.00163896422027587	0.0414314248127277	0.00163896422027587	0.0257883570223044	NA	"abundance"	18	18
"OTU_1028"	"Geese"	"high"	"Geesehigh"	1.88274789135523	-0.122975517760526	0.523273430992598	0.00165352826532428	0.0416552042798271	0.00165352826532428	0.0259232492900658	NA	"abundance"	18	18
"OTU_522"	"Geese"	"high"	"Geesehigh"	-4.03292033245876	-0.122975517760526	0.94482851554043	0.00165255875679959	0.0416552042798271	0.00165255875679959	0.0259232492900658	NA	"abundance"	18	14
"OTU_1003"	"Geese"	"low"	"Geeselow"	3.06141486569808	-0.0832408318611617	0.780183035510259	0.0016684439414707	0.0417516310204266	0.0016684439414707	0.0260090330706827	NA	"abundance"	18	15
"OTU_3157"	"Geese"	"low"	"Geeselow"	1.55988205879641	-0.0832408318611617	0.397208047073282	0.00167166821033382	0.0417516310204266	0.0033405419460622	0.0415359913810665	NA	"abundance"	18	14
"OTU_3294"	"Geese"	"low"	"Geeselow"	1.77881779127832	-0.0832408318611617	0.486282564977416	0.00166222253921589	0.0417516310204266	0.00166222253921589	0.0260090330706827	NA	"abundance"	18	18
"OTU_4570"	"Geese"	"high"	"Geesehigh"	1.46666552601632	-0.122975517760526	0.2572738751182	0.00167102176881206	0.0417516310204266	0.00167102176881206	0.0260090330706827	NA	"abundance"	18	8
"OTU_781"	"Geese"	"low"	"Geeselow"	1.08113212717055	-0.0832408318611617	0.304098425921275	0.00166992111952657	0.0417516310204266	0.00166992111952657	0.0260090330706827	NA	"abundance"	18	18
"OTU_1035"	"Geese"	"high"	"Geesehigh"	-3.36879524940191	-0.122975517760526	0.735567268332096	0.00169715518772806	0.0419571280816975	0.00169715518772806	0.026180358279142	NA	"abundance"	18	12
"OTU_1282"	"Geese"	"high"	"Geesehigh"	2.24415847610409	-0.122975517760526	0.587674984477935	0.00168645024804914	0.0419571280816975	0.00337005638165914	0.0417829053393671	NA	"abundance"	18	15
"OTU_2281"	"Geese"	"low"	"Geeselow"	0.887952020798239	-0.0832408318611617	0.253730148213902	0.00169245715349242	0.0419571280816975	0.00169245715349242	0.026180358279142	NA	"abundance"	18	18
"OTU_547"	"Geese"	"low"	"Geeselow"	1.82825764535939	-0.0832408318611617	0.46298577818729	0.00169288259328415	0.0419571280816975	0.00169288259328415	0.026180358279142	NA	"abundance"	18	14
"OTU_726"	"Geese"	"high"	"Geesehigh"	-4.01202907799644	-0.122975517760526	0.966176607806555	0.00169392020140302	0.0419571280816975	0.00169392020140302	0.026180358279142	NA	"abundance"	18	15
"OTU_921"	"Geese"	"low"	"Geeselow"	2.47543506062448	-0.0832408318611617	0.62033405954459	0.00169660370036295	0.0419571280816975	0.00169660370036295	0.026180358279142	NA	"abundance"	18	14
"OTU_1171"	"Geese"	"high"	"Geesehigh"	-1.94613548606541	-0.122975517760526	0.46290685270051	0.00171590668179511	0.0423489253141514	0.00171590668179511	0.0263755886754083	NA	"abundance"	18	16
"OTU_2598"	"Geese"	"low"	"Geeselow"	1.86898772666119	-0.0832408318611617	0.422436844895025	0.00172359526120902	0.0424668251351263	0.00344421974179358	0.0423499963796113	NA	"abundance"	18	11
"OTU_511"	"Geese"	"high"	"Geesehigh"	-2.05715753469893	-0.122975517760526	0.500112137286374	0.00172651628130471	0.042467059829866	0.00345005170413982	0.0423499963796113	NA	"abundance"	18	17
"OTU_452"	"Geese"	"high"	"Geesehigh"	-4.88112027683278	-0.122975517760526	1.15941741086597	0.0017519270597437	0.0430195422448174	0.0017519270597437	0.0268815191046488	NA	"abundance"	18	14
"OTU_56"	"Geese"	"low"	"Geeselow"	1.16227975161352	-0.0832408318611617	0.327352333255935	0.00175936391224263	0.0430571846039782	0.00175936391224263	0.0269478500823853	NA	"abundance"	18	18
"OTU_887"	"Geese"	"high"	"Geesehigh"	-3.2306587132323	-0.122975517760526	0.674602218437237	0.00175732865954248	0.0430571846039782	0.00351156911506731	0.0430440780761933	NA	"abundance"	18	11
"OTU_186"	"Geese"	"high"	"Geesehigh"	-1.73461362323623	-0.122975517760526	0.424098131224417	0.00177691829274285	0.0434139534638981	0.00177691829274285	0.0271686411756124	NA	"abundance"	18	18
"OTU_686"	"Geese"	"high"	"Geesehigh"	-1.62512217115614	-0.122975517760526	0.395162460170353	0.00178247674760579	0.043476932843776	0.00178247674760579	0.0272055622112531	NA	"abundance"	18	18
"OTU_607"	"Geese"	"low"	"Geeselow"	2.69241402717624	-0.0832408318611617	0.695180099773159	0.0017939978938073	0.0436848969600555	0.0017939978938073	0.0272851630457089	NA	"abundance"	18	15
"OTU_766"	"Geese"	"low"	"Geeselow"	1.87091522073566	-0.0832408318611617	0.516512956531957	0.00181340915475126	0.044083976552003	0.00181340915475126	0.0275320049565217	NA	"abundance"	18	18
"OTU_129"	"Geese"	"low"	"Geeselow"	1.4584153434398	-0.0832408318611617	0.40815420613741	0.00183931599743914	0.0445652211605437	0.00183931599743914	0.0278276934297873	NA	"abundance"	18	18
"OTU_165"	"Geese"	"high"	"Geesehigh"	2.02259544345436	-0.122975517760526	0.567756264755918	0.001838502999433	0.0445652211605437	0.001838502999433	0.0278276934297873	NA	"abundance"	18	18
"OTU_1059"	"Geese"	"low"	"Geeselow"	-1.90104765163148	-0.0832408318611617	0.482170612826044	0.00185967829718869	0.0449838601041365	0.00185967829718869	0.0280866596577155	NA	"abundance"	18	18
"OTU_307"	"Geese"	"high"	"Geesehigh"	-1.35401177619169	-0.122975517760526	0.325625865392004	0.00187455047748053	0.0452685318949189	0.00187455047748053	0.0282619509270322	NA	"abundance"	18	18
"OTU_4961"	"Geese"	"high"	"Geesehigh"	-2.93293547294344	-0.122975517760526	0.691371937711368	0.0018834235524654	0.0454076296467113	0.0018834235524654	0.0283463433444097	NA	"abundance"	18	14
"OTU_1705"	"Geese"	"low"	"Geeselow"	2.37170963688045	-0.0832408318611617	0.539733318693937	0.0018879327023289	0.045441231676847	0.00377230111476927	0.0453409636766851	NA	"abundance"	18	11
"OTU_36"	"Geese"	"low"	"Geeselow"	-1.47292759038189	-0.0832408318611617	0.369398386818606	0.00189952413148442	0.0456449077130671	0.00189952413148442	0.0284895699027143	NA	"abundance"	18	18
"OTU_1159"	"Geese"	"high"	"Geesehigh"	-1.94669901236743	-0.122975517760526	0.469628146396085	0.00190980372713145	0.0458164427038477	0.00381596010398674	0.0456754062792549	NA	"abundance"	18	16
"OTU_3842"	"Geese"	"low"	"Geeselow"	2.13473891564681	-0.0832408318611617	0.572020704953315	0.00191843477766707	0.0459479304877698	0.00383318916333797	0.0458182583142635	NA	"abundance"	18	16
"OTU_1214"	"Geese"	"low"	"Geeselow"	2.74129722556101	-0.0832408318611617	0.715763107126843	0.00194380739175104	0.0464032317775461	0.00194380739175104	0.0290029468417474	NA	"abundance"	18	15
"OTU_459"	"Geese"	"high"	"Geesehigh"	-3.75773577157759	-0.122975517760526	0.939124038090646	0.0019417955046932	0.0464032317775461	0.0019417955046932	0.0290029468417474	NA	"abundance"	18	16
"OTU_1045"	"Geese"	"high"	"Geesehigh"	-3.20195559205205	-0.122975517760526	0.640634308698932	0.00196358780191286	0.0466230550681559	0.0039233199267699	0.046498834350309	NA	"abundance"	18	10
"OTU_1839"	"Geese"	"high"	"Geesehigh"	2.68597335003394	-0.122975517760526	0.650991860767696	0.00196107138418156	0.0466230550681559	0.00391829696738926	0.046498834350309	NA	"abundance"	18	12
"OTU_2299"	"Geese"	"low"	"Geeselow"	2.9686279324898	-0.0832408318611617	0.583167529906881	0.00195696783933608	0.0466230550681559	0.00391010595554796	0.0464808474441099	NA	"abundance"	18	9
"OTU_2505"	"Geese"	"low"	"Geeselow"	1.8798885510694	-0.0832408318611617	0.434568379534558	0.00196580137576552	0.0466230550681559	0.00392773837648208	0.046498834350309	NA	"abundance"	18	11
"OTU_1114"	"Geese"	"high"	"Geesehigh"	2.18327166981701	-0.122975517760526	0.616875336952038	0.00199715958346625	0.0472471284638834	0.00199715958346625	0.0296965962806132	NA	"abundance"	18	18
"OTU_2210"	"Geese"	"low"	"Geeselow"	-2.60851641401241	-0.0832408318611617	0.48446655595782	0.0019985930523938	0.0472471284638834	0.00399319173059853	0.0469525560279887	NA	"abundance"	18	8
"OTU_3020"	"Geese"	"high"	"Geesehigh"	-1.85118326141018	-0.122975517760526	0.360966034953249	0.00202574512073483	0.0477684035638799	0.00202574512073483	0.0300399503687018	NA	"abundance"	18	10
"OTU_940"	"Geese"	"high"	"Geesehigh"	1.82965304422232	-0.122975517760526	0.51577609417547	0.00202719332277812	0.0477684035638799	0.00202719332277812	0.0300399503687018	NA	"abundance"	18	17
"OTU_356"	"Geese"	"high"	"Geesehigh"	2.00831760772635	-0.122975517760526	0.571834738298572	0.00204860826196041	0.0481951614660556	0.00204860826196041	0.0302536790085415	NA	"abundance"	18	18
"OTU_358"	"Geese"	"low"	"Geeselow"	-2.48102216962509	-0.0832408318611617	0.644423975640271	0.0020602765745289	0.0483916169341038	0.0020602765745289	0.0303225059115188	NA	"abundance"	18	18
"OTU_1183"	"Geese"	"high"	"Geesehigh"	-3.56584299642732	-0.122975517760526	0.834891923654464	0.00206799011635161	0.0484947007027406	0.00206799011635161	0.0303843573292137	NA	"abundance"	18	13
"OTU_2358"	"Geese"	"high"	"Geesehigh"	-1.74742001698694	-0.122975517760526	0.436415092424879	0.00208468761567193	0.0488077906295197	0.00208468761567193	0.0305777739424151	NA	"abundance"	18	18
"OTU_702"	"Geese"	"high"	"Geesehigh"	1.31564131593288	-0.122975517760526	0.386875363067687	0.0021055934047578	0.0492182458362136	0.0021055934047578	0.0307800765621182	NA	"abundance"	18	18
"OTU_1864"	"Geese"	"low"	"Geeselow"	1.36286415662863	-0.0832408318611617	0.361725719847291	0.00211908413532313	0.0494543379165172	0.00211908413532313	0.0308729867122667	NA	"abundance"	18	14
"OTU_439"	"Geese"	"high"	"Geesehigh"	-2.8441609513702	-0.122975517760526	0.735383978680473	0.00214694334269483	0.0500244658091802	0.00214694334269483	0.0312262986347581	NA	"abundance"	18	18
"OTU_1931"	"Geese"	"high"	"Geesehigh"	3.0123476582802	-0.122975517760526	0.835233141087555	0.00215067099664012	0.0500313989744703	0.00215067099664012	0.0312280315518853	NA	"abundance"	18	17
"OTU_1195"	"Geese"	"low"	"Geeselow"	-2.91643882401738	-0.0832408318611617	0.711351682306986	0.00215845981081186	0.0501326350326462	0.00431226067286884	0.0498241707116247	NA	"abundance"	18	14
"OTU_3662"	"Geese"	"high"	"Geesehigh"	1.07657572090081	-0.122975517760526	0.323763722203275	0.00219543721120463	0.0509104088436101	0.00219543721120463	0.0318246459393047	NA	"abundance"	18	18
"OTU_3563"	"Geese"	"high"	"Geesehigh"	1.4530932375015	-0.122975517760526	0.35470796547813	0.00220321465045381	0.0510096649071735	0.00440157514611165	0.050706801986327	NA	"abundance"	18	11
"OTU_520"	"Geese"	"low"	"Geeselow"	-2.69557415031102	-0.0832408318611617	0.708670547579045	0.00221414923409446	0.0511815859405735	0.00221414923409446	0.031988726998086	NA	"abundance"	18	18
"OTU_217"	"Geese"	"high"	"Geesehigh"	-4.50376083093987	-0.122975517760526	1.1732821076062	0.00222612106668008	0.0512957375649219	0.00222612106668008	0.0320546617488342	NA	"abundance"	18	17
"OTU_3"	"Geese"	"high"	"Geesehigh"	1.75258422517958	-0.122975517760526	0.508859257654727	0.00222393699164125	0.0512957375649219	0.00222393699164125	0.0320546617488342	NA	"abundance"	18	18
"OTU_617"	"Geese"	"high"	"Geesehigh"	-4.71518285911991	-0.122975517760526	1.03955635079087	0.00223965170800855	0.0515261195788844	0.00223965170800855	0.0321959233905415	NA	"abundance"	18	11
"OTU_4477"	"Geese"	"low"	"Geeselow"	-1.66707357714381	-0.0832408318611617	0.430441435197497	0.00224816334327249	0.0516404890157048	0.00224816334327249	0.0322646858585077	NA	"abundance"	18	18
"OTU_4926"	"Geese"	"high"	"Geesehigh"	2.37632598022865	-0.122975517760526	0.59331022395789	0.00228345174483846	0.0523685961481349	0.00456168933780592	0.051848315802113	NA	"abundance"	18	12
"OTU_1320"	"Geese"	"high"	"Geesehigh"	-1.68476525972862	-0.122975517760526	0.370541299925133	0.00229362964200819	0.0525194379251671	0.00458199854708168	0.0519013290922053	NA	"abundance"	18	12
"OTU_1471"	"Geese"	"high"	"Geesehigh"	-2.36167680043932	-0.122975517760526	0.602072561150288	0.00232018933402212	0.0529310354196305	0.00463499538949852	0.0522281902353128	NA	"abundance"	18	17
"OTU_3511"	"Geese"	"high"	"Geesehigh"	0.768968012949672	-0.122975517760526	0.241839831115046	0.00232612050623771	0.0529310354196305	0.00232612050623771	0.033054592546767	NA	"abundance"	18	18
"OTU_389"	"Geese"	"high"	"Geesehigh"	-2.07199129557939	-0.122975517760526	0.531529757401889	0.00232431390812704	0.0529310354196305	0.00232431390812704	0.033054592546767	NA	"abundance"	18	18
"OTU_769"	"Geese"	"high"	"Geesehigh"	1.21342331938332	-0.122975517760526	0.358726263816663	0.00232129082273147	0.0529310354196305	0.00232129082273147	0.033054592546767	NA	"abundance"	18	17
"OTU_575"	"Geese"	"high"	"Geesehigh"	-1.9147043262063	-0.122975517760526	0.489826897316167	0.002370648493633	0.0538602475516058	0.002370648493633	0.0336256663628009	NA	"abundance"	18	18
"OTU_2359"	"Geese"	"high"	"Geesehigh"	-2.18993616530696	-0.122975517760526	0.565492508154128	0.00237645512203333	0.0538630544722914	0.00237645512203333	0.0336256663628009	NA	"abundance"	18	18
"OTU_666"	"Geese"	"high"	"Geesehigh"	-2.71754264333969	-0.122975517760526	0.710486839719979	0.0023790702387505	0.0538630544722914	0.0023790702387505	0.0336256663628009	NA	"abundance"	18	18
"OTU_669"	"Geese"	"high"	"Geesehigh"	-1.65217352507129	-0.122975517760526	0.412047973340508	0.0023818504137274	0.0538630544722914	0.0023818504137274	0.0336256663628009	NA	"abundance"	18	17
"OTU_1541"	"Geese"	"low"	"Geeselow"	-1.5115926097869	-0.0832408318611617	0.385949199276721	0.00240758477855296	0.054360729999959	0.00240758477855296	0.0338784368676379	NA	"abundance"	18	17
"OTU_544"	"Geese"	"high"	"Geesehigh"	1.34642141889418	-0.122975517760526	0.402463348336747	0.00241855549050607	0.0545240345974058	0.00241855549050607	0.0339775636604538	NA	"abundance"	18	18
"OTU_1024"	"Geese"	"high"	"Geesehigh"	1.90757657899316	-0.122975517760526	0.557117877144001	0.00242900195962636	0.0546610796976545	0.00242900195962636	0.0340576838125548	NA	"abundance"	18	18
"OTU_689"	"Geese"	"high"	"Geesehigh"	-1.71494995704256	-0.122975517760526	0.436554082126578	0.00243212948880966	0.0546610796976545	0.00243212948880966	0.0340576838125548	NA	"abundance"	18	18
"OTU_1544"	"Geese"	"high"	"Geesehigh"	-2.01700435230816	-0.122975517760526	0.52036614382659	0.00244984606729526	0.0549332463466494	0.00244984606729526	0.0342219888645344	NA	"abundance"	18	18
"OTU_594"	"Geese"	"low"	"Geeselow"	0.746697405219421	-0.0832408318611617	0.227093469342563	0.00245177179292944	0.0549332463466494	0.00245177179292944	0.0342219888645344	NA	"abundance"	18	18
"OTU_1076"	"Geese"	"low"	"Geeselow"	-2.24957379367566	-0.0832408318611617	0.578867508215392	0.00247292941594079	0.0553223135903565	0.00493974345198537	0.054876174369039	NA	"abundance"	18	16
"OTU_631"	"Geese"	"high"	"Geesehigh"	-2.22345519838684	-0.122975517760526	0.578211910069176	0.00248114506143127	0.0554211054610053	0.00248114506143127	0.0345762147530212	NA	"abundance"	18	18
"OTU_305"	"Geese"	"low"	"Geeselow"	-1.92061090102351	-0.0832408318611617	0.506642576627433	0.00250539054318466	0.0556723202883224	0.00250539054318466	0.0347193482537682	NA	"abundance"	18	18
"OTU_451"	"Geese"	"high"	"Geesehigh"	0.995439700748155	-0.122975517760526	0.303400707614015	0.00251122468918674	0.0556723202883224	0.00251122468918674	0.0347193482537682	NA	"abundance"	18	17
"OTU_636"	"Geese"	"high"	"Geesehigh"	1.39225501734309	-0.122975517760526	0.41742297910038	0.00250051709940158	0.0556723202883224	0.00250051709940158	0.0347193482537682	NA	"abundance"	18	18
"OTU_688"	"Geese"	"low"	"Geeselow"	1.92926248273791	-0.0832408318611617	0.555088728906358	0.0025114758501108	0.0556723202883224	0.0025114758501108	0.0347193482537682	NA	"abundance"	18	18
"OTU_811"	"Geese"	"high"	"Geesehigh"	1.68776039111484	-0.122975517760526	0.474502223471169	0.002496743417987	0.0556723202883224	0.00498725310827874	0.0552620850179824	NA	"abundance"	18	15
"OTU_918"	"Geese"	"high"	"Geesehigh"	-3.49958089998067	-0.122975517760526	0.815144503450081	0.00252443686443504	0.0558747133606214	0.00504250094738757	0.0555368700706858	NA	"abundance"	18	12
"OTU_2212"	"Geese"	"high"	"Geesehigh"	1.67850348022092	-0.122975517760526	0.497405803857133	0.00255112184417972	0.0562944980623379	0.00255112184417972	0.0351551089801453	NA	"abundance"	18	18
"OTU_31"	"Geese"	"low"	"Geeselow"	-1.48290236971939	-0.0832408318611617	0.386494702658691	0.00254895323808979	0.0562944980623379	0.00254895323808979	0.0351551089801453	NA	"abundance"	18	18
"OTU_3757"	"Geese"	"high"	"Geesehigh"	-2.21161404420679	-0.122975517760526	0.560652385617012	0.00256842154810588	0.056590629457209	0.00256842154810588	0.0353372338271992	NA	"abundance"	18	16
"OTU_5117"	"Geese"	"high"	"Geesehigh"	-2.88181138810565	-0.122975517760526	0.764185227855814	0.0025877622872077	0.0567743983438178	0.0025877622872077	0.0354904830958723	NA	"abundance"	18	18
"OTU_551"	"Geese"	"high"	"Geesehigh"	-3.20956034584606	-0.122975517760526	0.843698137285449	0.00259233163972183	0.0567743983438178	0.00259233163972183	0.0354968955856847	NA	"abundance"	18	17
"OTU_83"	"Geese"	"low"	"Geeselow"	1.16588840849305	-0.0832408318611617	0.345394356099179	0.0025822247035292	0.0567743983438178	0.0025822247035292	0.0354707501338757	NA	"abundance"	18	18
"OTU_917"	"Geese"	"low"	"Geeselow"	-2.8328968582954	-0.0832408318611617	0.601865233855722	0.00258872708808355	0.0567743983438178	0.00517075266823053	0.0564996131197816	NA	"abundance"	18	9
"OTU_5227"	"Geese"	"low"	"Geeselow"	1.84838370259628	-0.0832408318611617	0.347142578369984	0.0025998447169705	0.0568535757747102	0.00519293024138864	0.0566703887881177	NA	"abundance"	18	8
"OTU_616"	"Geese"	"high"	"Geesehigh"	2.46341203352128	-0.122975517760526	0.696384174166245	0.00262043135364509	0.0572179816231547	0.00523399604681102	0.0570466017494994	NA	"abundance"	18	16
"OTU_4677"	"Geese"	"low"	"Geeselow"	-1.87943664700011	-0.0832408318611617	0.499189806593503	0.00265739520288211	0.0579383653650798	0.00265739520288211	0.0361021947970828	NA	"abundance"	18	18
"OTU_6102"	"Geese"	"high"	"Geesehigh"	-2.20557638962566	-0.122975517760526	0.551625169328409	0.00268178502666117	0.0583828602968355	0.00535637808239311	0.0579426199062874	NA	"abundance"	18	15
"OTU_1419"	"Geese"	"high"	"Geesehigh"	-2.82643308275389	-0.122975517760526	0.752874563458659	0.00268856000704032	0.0584431240874666	0.00268856000704032	0.0363645148244614	NA	"abundance"	18	18
"OTU_659"	"Geese"	"high"	"Geesehigh"	-2.49197733283954	-0.122975517760526	0.650449805328009	0.00269948528853592	0.0585932922895609	0.00539168335624882	0.0581790869887497	NA	"abundance"	18	17
"OTU_1534"	"Geese"	"low"	"Geeselow"	2.16195494319226	-0.0832408318611617	0.607630075987559	0.00271109332684094	0.0586706339247804	0.00271109332684094	0.0365448623839276	NA	"abundance"	18	16
"OTU_291"	"Geese"	"high"	"Geesehigh"	-3.28115060863257	-0.122975517760526	0.880410068364286	0.00270877549438731	0.0586706339247804	0.00270877549438731	0.0365448623839276	NA	"abundance"	18	18
"OTU_3118"	"Geese"	"low"	"Geeselow"	-1.64395780445208	-0.0832408318611617	0.344636396418485	0.00273228126442671	0.0590415622561895	0.00545709716794548	0.0585927033392061	NA	"abundance"	18	10
"OTU_39"	"Geese"	"low"	"Geeselow"	0.990028848800537	-0.0832408318611617	0.299217087992159	0.00274383083506491	0.0592034268642851	0.00274383083506491	0.0368712919979064	NA	"abundance"	18	18
"OTU_1342"	"Geese"	"high"	"Geesehigh"	-2.53304573267771	-0.122975517760526	0.564813194413901	0.00276055046036028	0.0593884793728835	0.00551348028187636	0.0588187206619762	NA	"abundance"	18	11
"OTU_5087"	"Geese"	"low"	"Geeselow"	-2.82016930075771	-0.0832408318611617	0.729147575013153	0.00275995029706366	0.0593884793728835	0.00275995029706366	0.0369730802953389	NA	"abundance"	18	15
"OTU_933"	"Geese"	"high"	"Geesehigh"	1.96409805159999	-0.122975517760526	0.555687860972375	0.00276575642683807	0.0594128471897793	0.00276575642683807	0.0369935952362545	NA	"abundance"	18	15
"OTU_2157"	"Geese"	"high"	"Geesehigh"	1.59492923643818	-0.122975517760526	0.474335003455396	0.00280671175730163	0.0600805243179195	0.00280671175730163	0.0373361402799555	NA	"abundance"	18	17
"OTU_4573"	"Geese"	"high"	"Geesehigh"	-1.59157244698767	-0.122975517760526	0.410945354436247	0.00280737282930366	0.0600805243179195	0.00280737282930366	0.0373361402799555	NA	"abundance"	18	18
"OTU_4657"	"Geese"	"high"	"Geesehigh"	-3.18798740421678	-0.122975517760526	0.847075095533074	0.0028091949530249	0.0600805243179195	0.0028091949530249	0.0373361402799555	NA	"abundance"	18	17
"OTU_251"	"Geese"	"low"	"Geeselow"	-0.767071773288492	-0.0832408318611617	0.190434170404651	0.00282732556233878	0.0602034608062386	0.00282732556233878	0.0373552296434806	NA	"abundance"	18	18
"OTU_4804"	"Geese"	"high"	"Geesehigh"	1.57381322097724	-0.122975517760526	0.398865649458282	0.00282528804670001	0.0602034608062386	0.00282528804670001	0.0373552296434806	NA	"abundance"	18	11
"OTU_507"	"Geese"	"high"	"Geesehigh"	1.13124998416997	-0.122975517760526	0.350679655041641	0.00282471195588041	0.0602034608062386	0.00282471195588041	0.0373552296434806	NA	"abundance"	18	18
"OTU_1009"	"Geese"	"high"	"Geesehigh"	-3.44785260385161	-0.122975517760526	0.818084337982031	0.00283931471588983	0.0603706187259024	0.00567056772372379	0.0599183065703366	NA	"abundance"	18	12
"OTU_4017"	"Geese"	"high"	"Geesehigh"	1.53557193473397	-0.122975517760526	0.46489412852415	0.00285341549708262	0.0605353463122478	0.00285341549708262	0.0376094951945984	NA	"abundance"	18	18
"OTU_855"	"Geese"	"high"	"Geesehigh"	1.59211157891964	-0.122975517760526	0.467346221558435	0.00285536255744046	0.0605353463122478	0.00285536255744046	0.0376094951945984	NA	"abundance"	18	16
"OTU_2620"	"Geese"	"high"	"Geesehigh"	1.334555499068	-0.122975517760526	0.402782028144809	0.00286217469399475	0.0605503955646902	0.00571615734401055	0.0602528936115314	NA	"abundance"	18	17
"OTU_277"	"Geese"	"low"	"Geeselow"	-1.06363896784566	-0.0832408318611617	0.274670196314642	0.00286437494444236	0.0605503955646902	0.00286437494444236	0.0376150239289897	NA	"abundance"	18	18
"OTU_5741"	"Geese"	"high"	"Geesehigh"	1.10144791728033	-0.122975517760526	0.338477202016261	0.00287456758905391	0.0606779201938355	0.00287456758905391	0.0376916786601099	NA	"abundance"	18	17
"OTU_1403"	"Geese"	"low"	"Geeselow"	-2.47148151098601	-0.0832408318611617	0.609426806017888	0.00288384021578225	0.0607733807270314	0.00575936389717434	0.0604937309807535	NA	"abundance"	18	13
"OTU_3257"	"Geese"	"low"	"Geeselow"	-2.58280691889869	-0.0832408318611617	0.655874464352714	0.00289096025957969	0.0607733807270314	0.00289096025957969	0.0378003271716641	NA	"abundance"	18	14
"OTU_355"	"Geese"	"high"	"Geesehigh"	-2.93778177690182	-0.122975517760526	0.79180253387038	0.00289158962186753	0.0607733807270314	0.00289158962186753	0.0378003271716641	NA	"abundance"	18	18
"OTU_1"	"Geese"	"low"	"Geeselow"	0.663188053007322	-0.0832408318611617	0.209527714958029	0.0029038321366528	0.0608553096914047	0.0029038321366528	0.0378460290822188	NA	"abundance"	18	18
"OTU_214"	"Geese"	"high"	"Geesehigh"	1.09132181463943	-0.122975517760526	0.34031081784973	0.00290286265035111	0.0608553096914047	0.00290286265035111	0.0378460290822188	NA	"abundance"	18	18
"OTU_360"	"Geese"	"high"	"Geesehigh"	-3.00139086779332	-0.122975517760526	0.799285267386632	0.00290945275800114	0.0608856211308531	0.00581044060065124	0.0609497611612556	NA	"abundance"	18	17
"OTU_3403"	"Geese"	"high"	"Geesehigh"	1.95704327809176	-0.122975517760526	0.530926587956593	0.0029136981427218	0.0608871076070776	0.0058189066485767	0.0609646708677757	NA	"abundance"	18	13
"OTU_683"	"Geese"	"low"	"Geeselow"	3.85103294104095	-0.0832408318611617	0.882796265182949	0.00295100925180014	0.0615785707392802	0.00295100925180014	0.0384030587444788	NA	"abundance"	18	10
"OTU_5133"	"Geese"	"high"	"Geesehigh"	1.43646128441506	-0.122975517760526	0.433325058666289	0.00295858341561495	0.0616484252859423	0.00295858341561495	0.0384438151332308	NA	"abundance"	18	17
"OTU_72"	"Geese"	"high"	"Geesehigh"	0.425212566658872	-0.122975517760526	0.15181032212512	0.00296489127773714	0.0616917320642994	0.00296489127773714	0.0384680196664725	NA	"abundance"	18	18
"OTU_689"	"Geese"	"low"	"Geeselow"	-1.62981974482913	-0.0832408318611617	0.436554082126578	0.00297828360609864	0.0618821149267162	0.00297828360609864	0.0385839316275114	NA	"abundance"	18	18
"OTU_3118"	"Geese"	"high"	"Geesehigh"	-1.46800598814194	-0.122975517760526	0.300823309299908	0.0029936532418362	0.062112981771583	0.0029936532418362	0.0387250749698812	NA	"abundance"	18	10
"OTU_1484"	"Geese"	"high"	"Geesehigh"	1.83828346790608	-0.122975517760526	0.553992713561772	0.0030105477551885	0.0622982191567586	0.0030105477551885	0.0388321772936324	NA	"abundance"	18	18
"OTU_258"	"Geese"	"high"	"Geesehigh"	1.88869437105482	-0.122975517760526	0.569007088296483	0.00301539440042997	0.0622982191567586	0.00301539440042997	0.0388321772936324	NA	"abundance"	18	18
"OTU_558"	"Geese"	"high"	"Geesehigh"	-2.71878589454352	-0.122975517760526	0.734613896099499	0.00301513605711357	0.0622982191567586	0.00301513605711357	0.0388321772936324	NA	"abundance"	18	18
"OTU_487"	"Geese"	"high"	"Geesehigh"	-2.02067018573506	-0.122975517760526	0.536973191234991	0.00304435357709476	0.0628075548451261	0.00304435357709476	0.0391468586273077	NA	"abundance"	18	18
"OTU_6004"	"Geese"	"low"	"Geeselow"	1.46192885840567	-0.0832408318611617	0.424915890994954	0.0030516455714622	0.062869071052751	0.0030516455714622	0.0391824047113263	NA	"abundance"	18	16
"OTU_1126"	"Geese"	"low"	"Geeselow"	-2.06323515355136	-0.0832408318611617	0.50972698043459	0.00305778975016502	0.0629068001352708	0.00610622942217382	0.0634817403922277	NA	"abundance"	18	13
"OTU_404"	"Geese"	"high"	"Geesehigh"	3.35627024994366	-0.122975517760526	0.986880148541974	0.0030681472730123	0.0630309804565597	0.0030681472730123	0.0393359207417014	NA	"abundance"	18	18
"OTU_1643"	"Geese"	"high"	"Geesehigh"	2.50218457123509	-0.122975517760526	0.654823411784251	0.003099201371214	0.0635793969065083	0.00618879769328867	0.0642180518437891	NA	"abundance"	18	12
"OTU_5758"	"Geese"	"low"	"Geeselow"	-3.40823761992084	-0.0832408318611617	0.882227301712493	0.00311362509031232	0.0637389909777481	0.00311362509031232	0.0398248715416592	NA	"abundance"	18	14
"OTU_626"	"Geese"	"low"	"Geeselow"	-1.98194524934233	-0.0832408318611617	0.539560778787384	0.00312009046744222	0.0637389909777481	0.00312009046744222	0.0398248715416592	NA	"abundance"	18	18
"OTU_963"	"Geese"	"low"	"Geeselow"	-2.0994491754588	-0.0832408318611617	0.534649495186158	0.00311856260950083	0.0637389909777481	0.00311856260950083	0.0398248715416592	NA	"abundance"	18	14
"OTU_660"	"Geese"	"high"	"Geesehigh"	-3.59228923537017	-0.122975517760526	0.920937299272687	0.00312685295559079	0.063787800294052	0.00312685295559079	0.0398524086563809	NA	"abundance"	18	14
"OTU_238"	"Geese"	"low"	"Geeselow"	-2.43041066755706	-0.0832408318611617	0.667918899555131	0.00314093488637912	0.0639855813585557	0.00314093488637912	0.039973015451066	NA	"abundance"	18	18
"OTU_1587"	"Geese"	"high"	"Geesehigh"	2.19613949760827	-0.122975517760526	0.580633723329293	0.00316619102597904	0.0640153299141533	0.00632235728634508	0.065368793256906	NA	"abundance"	18	12
"OTU_202"	"Geese"	"high"	"Geesehigh"	-2.56463686194144	-0.122975517760526	0.695447304273124	0.00316828398823521	0.0640153299141533	0.00316828398823521	0.0400323694239005	NA	"abundance"	18	18
"OTU_211"	"Geese"	"low"	"Geeselow"	-2.28745368376811	-0.0832408318611617	0.627322361732525	0.00315259758854103	0.0640153299141533	0.00315259758854103	0.0399965088189934	NA	"abundance"	18	18
"OTU_254"	"Geese"	"high"	"Geesehigh"	-4.22858692682257	-0.122975517760526	1.06280054945881	0.00315664612010313	0.0640153299141533	0.00315664612010313	0.0399965088189934	NA	"abundance"	18	13
"OTU_273"	"Geese"	"high"	"Geesehigh"	1.43077020618152	-0.122975517760526	0.441947832678061	0.00316872810900992	0.0640153299141533	0.00316872810900992	0.0400323694239005	NA	"abundance"	18	18
"OTU_719"	"Geese"	"high"	"Geesehigh"	-1.09071076406769	-0.122975517760526	0.273735214371549	0.00315452102336877	0.0640153299141533	0.00315452102336877	0.0399965088189934	NA	"abundance"	18	18
"OTU_1775"	"Geese"	"low"	"Geeselow"	2.26669807592544	-0.0832408318611617	0.589497598378056	0.00319270245308001	0.0643587085230737	0.00319270245308001	0.0402311396335954	NA	"abundance"	18	12
"OTU_5824"	"Geese"	"low"	"Geeselow"	2.94594102276034	-0.0832408318611617	0.806607859172511	0.00319454990886503	0.0643587085230737	0.00319454990886503	0.0402311396335954	NA	"abundance"	18	14
"OTU_744"	"Geese"	"low"	"Geeselow"	-2.10634548495887	-0.0832408318611617	0.577575001946377	0.00321885608410355	0.0647589446106681	0.00321885608410355	0.0404295799010626	NA	"abundance"	18	18
"OTU_1424"	"Geese"	"low"	"Geeselow"	1.91331856140928	-0.0832408318611617	0.501726747631613	0.00322574891221383	0.064808228145387	0.00322574891221383	0.0404574363569544	NA	"abundance"	18	12
"OTU_2073"	"Geese"	"high"	"Geesehigh"	2.1505919652685	-0.122975517760526	0.619894585765013	0.00323254075814194	0.0648553500663802	0.00323254075814194	0.0404839474977719	NA	"abundance"	18	15
"OTU_859"	"Geese"	"high"	"Geesehigh"	-2.88209363211984	-0.122975517760526	0.736923098162365	0.00325776316074977	0.0652716118993079	0.00325776316074977	0.0407408705103013	NA	"abundance"	18	14
"OTU_1204"	"Geese"	"high"	"Geesehigh"	-2.20922485799236	-0.122975517760526	0.5801150627971	0.0032848673879724	0.065724383705028	0.0032848673879724	0.0410205517684173	NA	"abundance"	18	16
"OTU_128"	"Geese"	"high"	"Geesehigh"	1.3856270483436	-0.122975517760526	0.431761904593346	0.00329802289519521	0.0658547758981738	0.00329802289519521	0.0410960924968225	NA	"abundance"	18	18
"OTU_2579"	"Geese"	"high"	"Geesehigh"	1.74002326917415	-0.122975517760526	0.498035498538703	0.00330041417671501	0.0658547758981738	0.00330041417671501	0.0410960924968225	NA	"abundance"	18	14
"OTU_2381"	"Geese"	"low"	"Geeselow"	1.73511941791964	-0.0832408318611617	0.416311788685777	0.00331398639107894	0.0660352534156795	0.00661699027635762	0.0676872740562634	NA	"abundance"	18	10
"OTU_1258"	"Geese"	"high"	"Geesehigh"	1.53828756929074	-0.122975517760526	0.46287676519765	0.0033429684268802	0.0665066135237476	0.00667476141585728	0.0679539432078531	NA	"abundance"	18	16
"OTU_1271"	"Geese"	"high"	"Geesehigh"	2.34463305832466	-0.122975517760526	0.661538639790679	0.00334676088896413	0.0665066135237476	0.00668232096948036	0.0679539432078531	NA	"abundance"	18	14
"OTU_317"	"Geese"	"high"	"Geesehigh"	-3.97459626974936	-0.122975517760526	1.0759356265065	0.00336627579945015	0.0668033997425576	0.00336627579945015	0.0417829053393671	NA	"abundance"	18	16
"OTU_1443"	"Geese"	"high"	"Geesehigh"	2.03837506741743	-0.122975517760526	0.580286327187559	0.00337676965093403	0.0669206007181029	0.00674213672859259	0.0681836688546251	NA	"abundance"	18	14
"OTU_1859"	"Geese"	"high"	"Geesehigh"	1.41352348167865	-0.122975517760526	0.421048838375646	0.0033874940093872	0.0670420456186184	0.0033874940093872	0.0419390173923274	NA	"abundance"	18	15
"OTU_404"	"Geese"	"low"	"Geeselow"	3.34304713990048	-0.0832408318611617	0.986880148541974	0.00341767126610193	0.0675476329097056	0.00341767126610193	0.0422521816240659	NA	"abundance"	18	18
"OTU_1853"	"Geese"	"low"	"Geeselow"	1.58754152075013	-0.0832408318611617	0.480983323281097	0.00342645363642902	0.0676295706914122	0.00342645363642902	0.042300327774118	NA	"abundance"	18	18
"OTU_5709"	"Geese"	"low"	"Geeselow"	-1.864528812007	-0.0832408318611617	0.506661581096636	0.00343307742895838	0.0676687397010633	0.00343307742895838	0.0423217265957347	NA	"abundance"	18	17
"OTU_465"	"Geese"	"low"	"Geeselow"	-1.54474048215494	-0.0832408318611617	0.421019144358205	0.00344711002971598	0.0678536395323041	0.00344711002971598	0.0423499963796113	NA	"abundance"	18	18
"OTU_4533"	"Geese"	"high"	"Geesehigh"	-1.20293502411285	-0.122975517760526	0.171646271222382	0.00345461906886824	0.0679098028820918	0.00689730374482549	0.0694061239624648	NA	"abundance"	18	7
"OTU_270"	"Geese"	"high"	"Geesehigh"	-1.43393961995839	-0.122975517760526	0.378307447812328	0.00354282351890944	0.0694999564888819	0.00354282351890944	0.0433657634125068	NA	"abundance"	18	18
"OTU_474"	"Geese"	"high"	"Geesehigh"	1.32956180899911	-0.122975517760526	0.407835815476339	0.00354504097269492	0.0694999564888819	0.00707751462989176	0.0707261104007891	NA	"abundance"	18	16
"OTU_1084"	"Geese"	"high"	"Geesehigh"	1.5930502943934	-0.122975517760526	0.482024749429961	0.00355290364592642	0.0695606074892386	0.00355290364592642	0.0434277233783153	NA	"abundance"	18	16
"OTU_408"	"Geese"	"high"	"Geesehigh"	-2.15597951455984	-0.122975517760526	0.581144718122241	0.00356993602449229	0.0698003845217756	0.00712712760576562	0.0709483395618314	NA	"abundance"	18	17
"OTU_857"	"Geese"	"high"	"Geesehigh"	-2.4763279824889	-0.122975517760526	0.662627271662435	0.00357886812164598	0.0698813526403324	0.00357886812164598	0.0436833917132924	NA	"abundance"	18	16
"OTU_117"	"Geese"	"high"	"Geesehigh"	3.48352884826271	-0.122975517760526	1.04609757927628	0.00359417777720661	0.0700230722253577	0.00359417777720661	0.0438084711041493	NA	"abundance"	18	18
"OTU_1704"	"Geese"	"low"	"Geeselow"	1.80584117585286	-0.0832408318611617	0.540657720575472	0.00360052818929235	0.0700230722253577	0.00360052818929235	0.0438241504221322	NA	"abundance"	18	17
"OTU_2106"	"Geese"	"high"	"Geesehigh"	1.3329015036761	-0.122975517760526	0.394234000763941	0.00360029836149245	0.0700230722253577	0.00718763457469314	0.0713323275337092	NA	"abundance"	18	14
"OTU_1602"	"Geese"	"high"	"Geesehigh"	1.92421137211235	-0.122975517760526	0.577388462093458	0.00360938516563636	0.0701018535632116	0.00360938516563636	0.0438702517182824	NA	"abundance"	18	16
"OTU_163"	"Geese"	"high"	"Geesehigh"	1.96852481786485	-0.122975517760526	0.606619352209891	0.00361671960533338	0.0701341394728974	0.00361671960533338	0.0438977439895584	NA	"abundance"	18	18
"OTU_892"	"Geese"	"high"	"Geesehigh"	-1.74532516105807	-0.122975517760526	0.449285503041967	0.00362066413157081	0.0701341394728974	0.00722821905438797	0.0714415453363746	NA	"abundance"	18	15
"OTU_1140"	"Geese"	"high"	"Geesehigh"	1.95359641867902	-0.122975517760526	0.595425314806665	0.00364189954230498	0.0703586049325304	0.00364189954230498	0.0441414546766209	NA	"abundance"	18	17
"OTU_3168"	"Geese"	"low"	"Geeselow"	1.33837133394955	-0.0832408318611617	0.349572185155021	0.00363856043580024	0.0703586049325304	0.00726388174955551	0.0715963925519971	NA	"abundance"	18	11
"OTU_1879"	"Geese"	"high"	"Geesehigh"	1.7986128935646	-0.122975517760526	0.508468400032657	0.00364806917941218	0.0703845728186589	0.00364806917941218	0.0441543925575287	NA	"abundance"	18	13
"OTU_906"	"Geese"	"low"	"Geeselow"	-1.45930695761307	-0.0832408318611617	0.399509364359905	0.0036626653670645	0.0705728362536364	0.0036626653670645	0.044269142579017	NA	"abundance"	18	18
"OTU_1211"	"Geese"	"high"	"Geesehigh"	-1.80189412044676	-0.122975517760526	0.482074757740246	0.0036991846214165	0.0707704567083638	0.0036991846214165	0.0445859940302763	NA	"abundance"	18	17
"OTU_2379"	"Geese"	"high"	"Geesehigh"	0.85183901827558	-0.122975517760526	0.278439973874899	0.00368741675933182	0.0707704567083638	0.00736123647630664	0.0721480230047779	NA	"abundance"	18	17
"OTU_2559"	"Geese"	"low"	"Geeselow"	1.51095970902192	-0.0832408318611617	0.345891705280095	0.00370203335174013	0.0707704567083638	0.00739036165254286	0.0723486309288529	NA	"abundance"	18	9
"OTU_3098"	"Geese"	"high"	"Geesehigh"	1.57566047040272	-0.122975517760526	0.450309912281994	0.00368756543834825	0.0707704567083638	0.0073615327378344	0.0721480230047779	NA	"abundance"	18	13
"OTU_3538"	"Geese"	"high"	"Geesehigh"	-2.46638452151989	-0.122975517760526	0.663142147781198	0.00369263110529983	0.0707704567083638	0.00369263110529983	0.0445690789194766	NA	"abundance"	18	16
"OTU_4820"	"Geese"	"high"	"Geesehigh"	1.09972000641313	-0.122975517760526	0.349945317884953	0.00368673818325582	0.0707704567083638	0.00735988432807977	0.0721480230047779	NA	"abundance"	18	17
"OTU_533"	"Geese"	"high"	"Geesehigh"	2.11794405549157	-0.122975517760526	0.652455018227069	0.00371569123517546	0.0709385763825513	0.00371569123517546	0.0447226591783149	NA	"abundance"	18	18
"OTU_4292"	"Geese"	"high"	"Geesehigh"	1.26538258252152	-0.122975517760526	0.398493167396396	0.00372749527057259	0.071070909825584	0.00744109632015304	0.0727629915871236	NA	"abundance"	18	17
"OTU_1272"	"Geese"	"low"	"Geeselow"	2.31060033618184	-0.0832408318611617	0.654497646776735	0.00377938561912505	0.0719662123244883	0.00754448748259205	0.0736076602867549	NA	"abundance"	18	14
"OTU_3074"	"Geese"	"high"	"Geesehigh"	1.38663289317998	-0.122975517760526	0.42071675454844	0.00378739316706989	0.0720246632788544	0.0075604419871378	0.0736802533296065	NA	"abundance"	18	15
"OTU_1158"	"Geese"	"high"	"Geesehigh"	-2.93709629015131	-0.122975517760526	0.76968082517971	0.00379795722908549	0.0720377167014837	0.00758148997905702	0.0738022657803818	NA	"abundance"	18	14
"OTU_554"	"Geese"	"high"	"Geesehigh"	2.20137831721467	-0.122975517760526	0.670524687867322	0.00379442293584198	0.0720377167014837	0.00379442293584198	0.0455436006751408	NA	"abundance"	18	17
"OTU_2030"	"Geese"	"low"	"Geeselow"	2.83148977014188	-0.0832408318611617	0.841490123601759	0.00381072597425425	0.0720924112327788	0.00760693031605764	0.0739332038140352	NA	"abundance"	18	17
"OTU_4640"	"Geese"	"high"	"Geesehigh"	1.62026308534569	-0.122975517760526	0.49548130463122	0.00380781866278368	0.0720924112327788	0.00380781866278368	0.0456410840827285	NA	"abundance"	18	16
"OTU_3020"	"Geese"	"low"	"Geeselow"	-1.84195966933084	-0.0832408318611617	0.413538544620334	0.00383014366867673	0.0723659009732109	0.00764561733683076	0.0740102599920955	NA	"abundance"	18	10
"OTU_7"	"Geese"	"low"	"Geeselow"	0.355030897756696	-0.0832408318611617	0.126244999933606	0.00384128020726759	0.0724824231606793	0.00384128020726759	0.0458516398809569	NA	"abundance"	18	18
"OTU_1703"	"Geese"	"high"	"Geesehigh"	1.6073317193296	-0.122975517760526	0.500323873665214	0.00386846478436231	0.0729010689208123	0.00386846478436231	0.04611252650671	NA	"abundance"	18	17
"OTU_5122"	"Geese"	"high"	"Geesehigh"	-3.35243128105983	-0.122975517760526	0.934588592294819	0.0038771661104624	0.0729707675963931	0.0038771661104624	0.0461526760934548	NA	"abundance"	18	17
"OTU_334"	"Geese"	"low"	"Geeselow"	-1.63305697895917	-0.0832408318611617	0.455111402449324	0.00395544426148531	0.0741569537249675	0.00395544426148531	0.0466354422873213	NA	"abundance"	18	18
"OTU_6198"	"Geese"	"low"	"Geeselow"	3.16633367351336	-0.0832408318611617	0.913303451634755	0.00395135856831064	0.0741569537249675	0.00395135856831064	0.0466354422873213	NA	"abundance"	18	15
"OTU_968"	"Geese"	"low"	"Geeselow"	2.00723892514716	-0.0832408318611617	0.614380981577525	0.0039493395445942	0.0741569537249675	0.0039493395445942	0.0466354422873213	NA	"abundance"	18	18
"OTU_1405"	"Geese"	"low"	"Geeselow"	2.16810028920395	-0.0832408318611617	0.633243329100476	0.0039752154869287	0.0743621304291535	0.00793462863568987	0.0764657864290202	NA	"abundance"	18	15
"OTU_1609"	"Geese"	"high"	"Geesehigh"	2.21728332623782	-0.122975517760526	0.657998701019449	0.00397658451492799	0.0743621304291535	0.00397658451492799	0.0468209012138597	NA	"abundance"	18	15
"OTU_15"	"Geese"	"low"	"Geeselow"	0.616211068000288	-0.0832408318611617	0.204705521540184	0.00400616186107428	0.0748193046166829	0.00400616186107428	0.0470395178064173	NA	"abundance"	18	18
"OTU_310"	"Geese"	"high"	"Geesehigh"	-1.86063226459996	-0.122975517760526	0.511414129582711	0.00401689434468944	0.0748281237696553	0.00401689434468944	0.0470395178064173	NA	"abundance"	18	18
"OTU_664"	"Geese"	"high"	"Geesehigh"	-2.84864173594521	-0.122975517760526	0.792729221536721	0.00401421685949632	0.0748281237696553	0.00401421685949632	0.0470395178064173	NA	"abundance"	18	17
"OTU_1267"	"Geese"	"low"	"Geeselow"	-2.1381901897922	-0.0832408318611617	0.605441912330381	0.00402538953466824	0.0748907292763661	0.00402538953466824	0.0470752986932689	NA	"abundance"	18	18
"OTU_691"	"Geese"	"high"	"Geesehigh"	2.18322395626362	-0.122975517760526	0.67974673462098	0.0040406428470835	0.0750787472198215	0.0040406428470835	0.0471899098497444	NA	"abundance"	18	18
"OTU_1486"	"Geese"	"high"	"Geesehigh"	1.42718293754097	-0.122975517760526	0.436996347981804	0.00407242550984055	0.0755730260642929	0.0081282663701479	0.0782447354474527	NA	"abundance"	18	15
"OTU_1034"	"Geese"	"high"	"Geesehigh"	-3.27058204139915	-0.122975517760526	0.905519536573182	0.00410519328672132	0.0760843065821057	0.00410519328672132	0.0478791680637282	NA	"abundance"	18	16
"OTU_10"	"Geese"	"high"	"Geesehigh"	-1.46922642807445	-0.122975517760526	0.397425376926916	0.00412361157406016	0.0761354410370145	0.00412361157406016	0.0479003148482102	NA	"abundance"	18	18
"OTU_1557"	"Geese"	"high"	"Geesehigh"	-2.11506036899971	-0.122975517760526	0.58865085974719	0.00412202501607417	0.0761354410370145	0.00412202501607417	0.0479003148482102	NA	"abundance"	18	18
"OTU_649"	"Geese"	"high"	"Geesehigh"	-3.84736396935906	-0.122975517760526	1.00651831087894	0.0041197343837418	0.0761354410370145	0.0041197343837418	0.0479003148482102	NA	"abundance"	18	13
"OTU_3399"	"Geese"	"high"	"Geesehigh"	2.28861923298647	-0.122975517760526	0.704664060555257	0.00415634984503066	0.0766428809603252	0.00415634984503066	0.0482158868081707	NA	"abundance"	18	17
"OTU_671"	"Geese"	"low"	"Geeselow"	1.13801139084166	-0.0832408318611617	0.357166372408669	0.00418660656778169	0.0771033376233128	0.00835568546100999	0.0799890508623678	NA	"abundance"	18	17
"OTU_1171"	"Geese"	"low"	"Geeselow"	-1.87813720686269	-0.0832408318611617	0.517545594944411	0.004194170935234	0.0771452424480745	0.00837075080063403	0.080044726440538	NA	"abundance"	18	16
"OTU_1030"	"Geese"	"low"	"Geeselow"	1.27817300601691	-0.0832408318611617	0.403432813880973	0.00421231521628296	0.0772840625719537	0.00421231521628296	0.0487344597349101	NA	"abundance"	18	18
"OTU_256"	"Geese"	"high"	"Geesehigh"	-4.40844221665233	-0.122975517760526	1.162689822916	0.00420921026452925	0.0772840625719537	0.00420921026452925	0.0487344597349101	NA	"abundance"	18	13
"OTU_1725"	"Geese"	"high"	"Geesehigh"	-2.3961800816128	-0.122975517760526	0.597513251784816	0.00421978290401204	0.0773238108516578	0.00842175924026708	0.0803549112075759	NA	"abundance"	18	12
"OTU_2023"	"Geese"	"high"	"Geesehigh"	-3.52688746839109	-0.122975517760526	0.86186482572281	0.004251832003759	0.0778133269847288	0.00848558593212982	0.080696989732584	NA	"abundance"	18	11
"OTU_2205"	"Geese"	"high"	"Geesehigh"	-1.58215214920719	-0.122975517760526	0.420792707066789	0.00425995268499202	0.0778642479489895	0.00850175817310567	0.0807620364764615	NA	"abundance"	18	16
"OTU_2100"	"Geese"	"high"	"Geesehigh"	2.05851088096056	-0.122975517760526	0.575088876468294	0.00429069432551632	0.0783279942828298	0.00856297859323762	0.0812544043266211	NA	"abundance"	18	12
"OTU_221"	"Geese"	"high"	"Geesehigh"	-2.62391071007037	-0.122975517760526	0.744388007387996	0.00433701341916337	0.0790745971648962	0.00433701341916337	0.0500433521725864	NA	"abundance"	18	18
"OTU_878"	"Geese"	"high"	"Geesehigh"	0.964822752005777	-0.122975517760526	0.319301401967467	0.00436361232776905	0.0794602364704611	0.00870818354299105	0.0821817016150976	NA	"abundance"	18	17
"OTU_184"	"Geese"	"high"	"Geesehigh"	1.14586016153339	-0.122975517760526	0.377655928322945	0.00440623007785046	0.0801362492712304	0.00440623007785046	0.050706801986327	NA	"abundance"	18	18
"OTU_4879"	"Geese"	"high"	"Geesehigh"	-2.49457334558022	-0.122975517760526	0.699695701079817	0.00442462035276536	0.0802406389968368	0.00442462035276536	0.05076027764556	NA	"abundance"	18	17
"OTU_5300"	"Geese"	"low"	"Geeselow"	2.86010597317327	-0.0832408318611617	0.856556502154869	0.00442847349461495	0.0802406389968368	0.00442847349461495	0.05076027764556	NA	"abundance"	18	16
"OTU_803"	"Geese"	"high"	"Geesehigh"	-2.46302010891125	-0.122975517760526	0.668745066511003	0.00441932271131651	0.0802406389968368	0.00441932271131651	0.05076027764556	NA	"abundance"	18	15
"OTU_1564"	"Geese"	"high"	"Geesehigh"	1.54580989890993	-0.122975517760526	0.456913693203	0.00450292619167347	0.0809629842443349	0.00898557603905929	0.0842482936533251	NA	"abundance"	18	13
"OTU_2405"	"Geese"	"low"	"Geeselow"	-1.3682521817612	-0.0832408318611617	0.368427534795668	0.00449919159435952	0.0809629842443349	0.00897814046371629	0.0842482936533251	NA	"abundance"	18	15
"OTU_2747"	"Geese"	"low"	"Geeselow"	1.72936092071224	-0.0832408318611617	0.528355969248826	0.00448071796971883	0.0809629842443349	0.00894135910591349	0.0841070888071472	NA	"abundance"	18	16
"OTU_427"	"Geese"	"high"	"Geesehigh"	1.79459962216744	-0.122975517760526	0.573903797183507	0.00450658005468363	0.0809629842443349	0.00450658005468363	0.0514581315466222	NA	"abundance"	18	18
"OTU_582"	"Geese"	"high"	"Geesehigh"	-3.75595188215158	-0.122975517760526	1.04182248577979	0.00450719478996298	0.0809629842443349	0.00450719478996298	0.0514581315466222	NA	"abundance"	18	15
"OTU_621"	"Geese"	"low"	"Geeselow"	-2.07988880045067	-0.0832408318611617	0.590615963939964	0.00449086240303542	0.0809629842443349	0.00449086240303542	0.051407305867551	NA	"abundance"	18	17
"OTU_895"	"Geese"	"high"	"Geesehigh"	1.99654131757477	-0.122975517760526	0.626154285572328	0.00448951469809766	0.0809629842443349	0.00895887365397089	0.0841803394152705	NA	"abundance"	18	17
"OTU_1233"	"Geese"	"low"	"Geeselow"	2.45181282955368	-0.0832408318611617	0.751040485140776	0.00452581133689078	0.08109764638807	0.00903113970552443	0.0845838560731693	NA	"abundance"	18	17
"OTU_195"	"Geese"	"low"	"Geeselow"	-1.15595677911522	-0.0832408318611617	0.320878770045334	0.0045234507777141	0.08109764638807	0.0045234507777141	0.0515756825169141	NA	"abundance"	18	18
"OTU_81"	"Geese"	"high"	"Geesehigh"	-1.52140864990959	-0.122975517760526	0.418574305521355	0.0045459660789926	0.0813588481327437	0.0045459660789926	0.051764197957371	NA	"abundance"	18	18
"OTU_1688"	"Geese"	"low"	"Geeselow"	2.78087969812384	-0.0832408318611617	0.849189721779145	0.00456762997884708	0.081612457128941	0.00456762997884708	0.051848315802113	NA	"abundance"	18	17
"OTU_34"	"Geese"	"high"	"Geesehigh"	1.02115437498897	-0.122975517760526	0.342361042369895	0.00457132712699471	0.081612457128941	0.00457132712699471	0.051848315802113	NA	"abundance"	18	18
"OTU_1827"	"Geese"	"low"	"Geeselow"	1.9962224491582	-0.0832408318611617	0.586799043405648	0.00460626688816812	0.0818355771386361	0.00919131608169121	0.0858054470021097	NA	"abundance"	18	14
"OTU_1884"	"Geese"	"high"	"Geesehigh"	-1.55541950141277	-0.122975517760526	0.429921197340887	0.00459531052736861	0.0818355771386361	0.00459531052736861	0.051916210579436	NA	"abundance"	18	18
"OTU_402"	"Geese"	"high"	"Geesehigh"	-2.47412339015262	-0.122975517760526	0.706012607725514	0.00459122393626976	0.0818355771386361	0.00459122393626976	0.051916210579436	NA	"abundance"	18	18
"OTU_867"	"Geese"	"low"	"Geeselow"	2.20345347612729	-0.0832408318611617	0.678726790621169	0.004602854797505	0.0818355771386361	0.00918452332272308	0.0858054470021097	NA	"abundance"	18	17
"OTU_436"	"Geese"	"low"	"Geeselow"	-2.87265635641722	-0.0832408318611617	0.768796108355118	0.00463183929125377	0.0821897906353132	0.00463183929125377	0.0522281902353128	NA	"abundance"	18	13
"OTU_1248"	"Geese"	"high"	"Geesehigh"	1.65279768401406	-0.122975517760526	0.533790850970529	0.00465793769602962	0.0823523384658037	0.00465793769602962	0.0523503802875849	NA	"abundance"	18	18
"OTU_144"	"Geese"	"high"	"Geesehigh"	2.00267452641489	-0.122975517760526	0.639502742030064	0.00465627593326434	0.0823523384658037	0.00465627593326434	0.0523503802875849	NA	"abundance"	18	18
"OTU_3751"	"Geese"	"high"	"Geesehigh"	1.61201763229978	-0.122975517760526	0.463165278800817	0.00465539070549759	0.0823523384658037	0.00928910874837434	0.0864386528047651	NA	"abundance"	18	12
"OTU_806"	"Geese"	"high"	"Geesehigh"	1.79011455583697	-0.122975517760526	0.575358971836461	0.00466561892837292	0.0823882780741493	0.00466561892837292	0.0523686980624374	NA	"abundance"	18	18
"OTU_1580"	"Geese"	"low"	"Geeselow"	2.97661895215643	-0.0832408318611617	0.788472786773931	0.00468234352575603	0.0825836307940477	0.00934276271061887	0.0867513610490297	NA	"abundance"	18	11
"OTU_1149"	"Geese"	"high"	"Geesehigh"	1.39420162864296	-0.122975517760526	0.4565248901037	0.00470050409973888	0.0828038077280088	0.00470050409973888	0.0526919203097672	NA	"abundance"	18	18
"OTU_1296"	"Geese"	"high"	"Geesehigh"	1.23434611439103	-0.122975517760526	0.398338756514229	0.00474695064078334	0.0834205084897179	0.00947136774118065	0.0878512501952598	NA	"abundance"	18	16
"OTU_1829"	"Geese"	"low"	"Geeselow"	3.3478176703293	-0.0832408318611617	0.920960749908914	0.00474212500871407	0.0834205084897179	0.00474212500871407	0.0530897151687084	NA	"abundance"	18	12
"OTU_5392"	"Geese"	"low"	"Geeselow"	1.82853486296005	-0.0832408318611617	0.570721154426482	0.00478590162638914	0.0840038039982095	0.00954889839840081	0.0884755532545617	NA	"abundance"	18	17
"OTU_420"	"Geese"	"high"	"Geesehigh"	-1.91245564698081	-0.122975517760526	0.534098344071789	0.00481066085806214	0.0843368981679019	0.00481066085806214	0.0537874148135269	NA	"abundance"	18	17
"OTU_500"	"Geese"	"low"	"Geeselow"	-1.22306756669964	-0.0832408318611617	0.344380133971239	0.0048430826221646	0.0848033650983107	0.0048430826221646	0.0540800477576934	NA	"abundance"	18	18
"OTU_265"	"Geese"	"high"	"Geesehigh"	-3.19568291038698	-0.122975517760526	0.920333982948872	0.0048910188135618	0.0855400484587679	0.00975811556208898	0.0901245806556222	NA	"abundance"	18	17
"OTU_295"	"Geese"	"low"	"Geeselow"	-1.99836657091465	-0.0832408318611617	0.581048224241973	0.00490276016223568	0.0856427062591252	0.00490276016223568	0.0546758845927674	NA	"abundance"	18	18
"OTU_1704"	"Geese"	"high"	"Geesehigh"	1.68233973475954	-0.122975517760526	0.540657720575472	0.00491435131061624	0.0857424978668044	0.00980455177242832	0.0904569200837896	NA	"abundance"	18	17
"OTU_110"	"Geese"	"high"	"Geesehigh"	0.968326366197817	-0.122975517760526	0.329918014623818	0.00492218735503558	0.0857766126171433	0.00492218735503558	0.0548218910816961	NA	"abundance"	18	18
"OTU_59"	"Geese"	"high"	"Geesehigh"	0.530752755585146	-0.122975517760526	0.196099232638656	0.00493464041974367	0.0858910085469943	0.00493464041974367	0.054876174369039	NA	"abundance"	18	18
"OTU_1081"	"Geese"	"low"	"Geeselow"	-1.55234008807426	-0.0832408318611617	0.427425543811723	0.00495333606421333	0.086113658918493	0.00988213659026163	0.0909787340980044	NA	"abundance"	18	15
"OTU_1325"	"Geese"	"high"	"Geesehigh"	1.611874472754	-0.122975517760526	0.513009711744929	0.00496310056476368	0.0861806962352893	0.0099015687623114	0.0910607609660391	NA	"abundance"	18	16
"OTU_4188"	"Geese"	"low"	"Geeselow"	2.04060991956562	-0.0832408318611617	0.490819917028993	0.0049750751107841	0.0862859043589737	0.0049750751107841	0.0551978205240072	NA	"abundance"	18	9
"OTU_141"	"Geese"	"low"	"Geeselow"	-1.63280453877621	-0.0832408318611617	0.470996523348491	0.00500835254182252	0.0865101240199775	0.00500835254182252	0.0553207758813497	NA	"abundance"	18	18
"OTU_539"	"Geese"	"high"	"Geesehigh"	2.08319780227009	-0.122975517760526	0.653460040736614	0.00499733857143303	0.0865101240199775	0.00996970375006853	0.0915352287965793	NA	"abundance"	18	16
"OTU_5814"	"Geese"	"low"	"Geeselow"	-2.20850047285766	-0.0832408318611617	0.64644017692991	0.00501172732736055	0.0865101240199775	0.00501172732736055	0.0553207758813497	NA	"abundance"	18	18
"OTU_877"	"Geese"	"high"	"Geesehigh"	-2.27839777453884	-0.122975517760526	0.628079713047919	0.00500897067538852	0.0865101240199775	0.00500897067538852	0.0553207758813497	NA	"abundance"	18	15
"OTU_168"	"Geese"	"high"	"Geesehigh"	3.20217209371137	-0.122975517760526	1.01308881382747	0.00504413911203594	0.0869666821373005	0.00504413911203594	0.0555368700706858	NA	"abundance"	18	18
"OTU_4801"	"Geese"	"high"	"Geesehigh"	0.891969561620388	-0.122975517760526	0.263996715616916	0.00505801821329777	0.087103014945881	0.0100904528783495	0.0924050573642713	NA	"abundance"	18	11
"OTU_188"	"Geese"	"low"	"Geeselow"	-0.965928438837403	-0.0832408318611617	0.268174552823557	0.00506757733956764	0.087164720607233	0.00506757733956764	0.0557240334137463	NA	"abundance"	18	18
"OTU_847"	"Geese"	"high"	"Geesehigh"	-2.1413208054642	-0.122975517760526	0.607411511474189	0.00507485713222666	0.0871871214730955	0.0101239600895408	0.0926139012842349	NA	"abundance"	18	17
"OTU_1205"	"Geese"	"low"	"Geeselow"	3.18168218448297	-0.0832408318611617	0.937180943453251	0.00513086983082101	0.0878390461882103	0.00513086983082101	0.0563484105532043	NA	"abundance"	18	14
"OTU_2000"	"Geese"	"high"	"Geesehigh"	-1.49403173516127	-0.122975517760526	0.392561701520705	0.00513003582289651	0.0878390461882103	0.0102337543782488	0.0934207915499633	NA	"abundance"	18	14
"OTU_946"	"Geese"	"high"	"Geesehigh"	-3.08206640479786	-0.122975517760526	0.829269351463344	0.00512300871094107	0.0878390461882103	0.0102197722036298	0.0933916670012798	NA	"abundance"	18	13
"OTU_1053"	"Geese"	"high"	"Geesehigh"	1.66410215298465	-0.122975517760526	0.538667393622093	0.00514524937124583	0.0878958635345331	0.0102640251513994	0.0935983916335195	NA	"abundance"	18	17
"OTU_672"	"Geese"	"high"	"Geesehigh"	-2.76694689835784	-0.122975517760526	0.787057510134671	0.00514624074170378	0.0878958635345331	0.00514624074170378	0.0564455860313111	NA	"abundance"	18	16
"OTU_795"	"Geese"	"high"	"Geesehigh"	2.2383731228367	-0.122975517760526	0.721385563513926	0.00516080857582546	0.0880415834935557	0.00516080857582546	0.0564996131197816	NA	"abundance"	18	18
"OTU_149"	"Geese"	"low"	"Geeselow"	0.836610969884588	-0.0832408318611617	0.280533858785432	0.0051698294833451	0.0880924449112987	0.0051698294833451	0.0564996131197816	NA	"abundance"	18	18
"OTU_1318"	"Geese"	"high"	"Geesehigh"	-1.93349727738008	-0.122975517760526	0.519735302528821	0.00518700962657292	0.0882820564914734	0.0103471141842797	0.0939600484268169	NA	"abundance"	18	14
"OTU_4004"	"Geese"	"high"	"Geesehigh"	1.97811641254921	-0.122975517760526	0.37818818835496	0.00520499295731724	0.0884098052830687	0.0103828939629488	0.0941171618421191	NA	"abundance"	18	7
"OTU_818"	"Geese"	"low"	"Geeselow"	-1.37084362222438	-0.0832408318611617	0.38892037371897	0.00520663805965693	0.0884098052830687	0.0103861670394296	0.0941171618421191	NA	"abundance"	18	17
"OTU_1463"	"Geese"	"high"	"Geesehigh"	-2.22243840335426	-0.122975517760526	0.604225087173755	0.00524362408760903	0.0887683851546449	0.0104597525816459	0.0945858922064406	NA	"abundance"	18	14
"OTU_1608"	"Geese"	"high"	"Geesehigh"	1.91653101512295	-0.122975517760526	0.608462610026769	0.00523627312462627	0.0887683851546449	0.0104451276930168	0.0945524425265354	NA	"abundance"	18	16
"OTU_28"	"Geese"	"low"	"Geeselow"	1.36967493748907	-0.0832408318611617	0.444759084070489	0.00524601316353379	0.0887683851546449	0.00524601316353379	0.0571056577575112	NA	"abundance"	18	18
"OTU_227"	"Geese"	"low"	"Geeselow"	-0.857665209498496	-0.0832408318611617	0.236570535007012	0.00527182026918283	0.0891017038775211	0.00527182026918283	0.0573144882028997	NA	"abundance"	18	18
"OTU_3499"	"Geese"	"high"	"Geesehigh"	-0.816703004111437	-0.122975517760526	0.210787023532549	0.00528064740587775	0.0891475961367278	0.00528064740587775	0.0573384223970715	NA	"abundance"	18	18
"OTU_1817"	"Geese"	"high"	"Geesehigh"	-1.53691428268131	-0.122975517760526	0.398022350068747	0.00530580253694113	0.0894687119119345	0.0105834535333212	0.0953683744486777	NA	"abundance"	18	13
"OTU_1161"	"Geese"	"low"	"Geeselow"	-1.9001547754803	-0.0832408318611617	0.557654741790599	0.00531666063655456	0.0895047719204247	0.00531666063655456	0.057657119234014	NA	"abundance"	18	18
"OTU_136"	"Geese"	"high"	"Geesehigh"	-1.8195725084017	-0.122975517760526	0.520214451984784	0.00532453624890239	0.0895047719204247	0.00532453624890239	0.0576702586958714	NA	"abundance"	18	18
"OTU_2754"	"Geese"	"high"	"Geesehigh"	2.05579722863813	-0.122975517760526	0.628977990609842	0.0053263500635492	0.0895047719204247	0.0106243301220989	0.095551157611717	NA	"abundance"	18	14
"OTU_197"	"Geese"	"high"	"Geesehigh"	-2.5856980580041	-0.122975517760526	0.747407821935131	0.00533703679449626	0.0895755952979122	0.0106455896272467	0.095551157611717	NA	"abundance"	18	17
"OTU_651"	"Geese"	"high"	"Geesehigh"	2.08031365273855	-0.122975517760526	0.659671195735471	0.00534284710744437	0.0895755952979122	0.0106571481996752	0.095551157611717	NA	"abundance"	18	16
"OTU_970"	"Geese"	"high"	"Geesehigh"	-4.2794343814298	-0.122975517760526	1.17372098121108	0.00535680761545809	0.0897065394708057	0.0106849198430872	0.0956228503847737	NA	"abundance"	18	13
"OTU_2001"	"Geese"	"high"	"Geesehigh"	-1.7584426251694	-0.122975517760526	0.496091439900389	0.00537531529897639	0.0899132442097129	0.00537531529897639	0.0580748796471182	NA	"abundance"	18	17
"OTU_1822"	"Geese"	"high"	"Geesehigh"	1.54978922145494	-0.122975517760526	0.501034121590876	0.00538799820406743	0.0900221555607418	0.0107469658834878	0.0959796106870008	NA	"abundance"	18	16
"OTU_2775"	"Geese"	"low"	"Geeselow"	3.55595615716543	-0.0832408318611617	0.267835614657749	0.00541263273224413	0.0903302757809071	0.00541263273224413	0.0583324080508601	NA	"abundance"	18	5
"OTU_1007"	"Geese"	"high"	"Geesehigh"	-3.28165867489976	-0.122975517760526	0.836357996119452	0.00542783996056007	0.0904048339730343	0.00542783996056007	0.0583687725305821	NA	"abundance"	18	11
"OTU_553"	"Geese"	"low"	"Geeselow"	1.24606549302651	-0.0832408318611617	0.409289751051658	0.00542949640479762	0.0904048339730343	0.00542949640479762	0.0583687725305821	NA	"abundance"	18	18
"OTU_2009"	"Geese"	"high"	"Geesehigh"	1.82302290988785	-0.122975517760526	0.514865210151557	0.00543864739417188	0.0904539462843684	0.0108477159028656	0.0964811237650557	NA	"abundance"	18	11
"OTU_229"	"Geese"	"high"	"Geesehigh"	-2.72021855144179	-0.122975517760526	0.800730300126673	0.00550508924135173	0.0911769643786402	0.00550508924135173	0.0588187206619762	NA	"abundance"	18	18
"OTU_598"	"Geese"	"high"	"Geesehigh"	1.54667813357235	-0.122975517760526	0.514622535820335	0.00550712365402317	0.0911769643786402	0.00550712365402317	0.0588187206619762	NA	"abundance"	18	18
"OTU_628"	"Geese"	"low"	"Geeselow"	-1.57571744874884	-0.0832408318611617	0.460090304237118	0.00549539311729497	0.0911769643786402	0.00549539311729497	0.0588187206619762	NA	"abundance"	18	18
"OTU_660"	"Geese"	"low"	"Geeselow"	-3.2548440915547	-0.0832408318611617	0.920937299272687	0.00548871233201553	0.0911769643786402	0.00548871233201553	0.0588187206619762	NA	"abundance"	18	14
"OTU_428"	"Geese"	"high"	"Geesehigh"	0.879056467721794	-0.122975517760526	0.308382275853206	0.0055189277995753	0.091268799188895	0.0055189277995753	0.0588187206619762	NA	"abundance"	18	18
"OTU_1123"	"Geese"	"high"	"Geesehigh"	1.7866649758881	-0.122975517760526	0.565350123362404	0.00554447387162782	0.091450906608005	0.0110582065527425	0.0977504795785837	NA	"abundance"	18	15
"OTU_1661"	"Geese"	"high"	"Geesehigh"	-2.1268497104124	-0.122975517760526	0.532137742441436	0.00555463057679229	0.091450906608005	0.0110784072327399	0.0977554224347695	NA	"abundance"	18	11
"OTU_189"	"Geese"	"low"	"Geeselow"	-2.72869445579028	-0.0832408318611617	0.817679852611816	0.0055585533839152	0.091450906608005	0.0055585533839152	0.0590954803248183	NA	"abundance"	18	18
"OTU_2234"	"Geese"	"low"	"Geeselow"	1.33176668381775	-0.0832408318611617	0.431901823131243	0.005567558279714	0.091450906608005	0.01110411885423	0.0977569120696911	NA	"abundance"	18	17
"OTU_345"	"Geese"	"high"	"Geesehigh"	-2.29074459697105	-0.122975517760526	0.669474391886305	0.00554529726508912	0.091450906608005	0.00554529726508912	0.0590270633850938	NA	"abundance"	18	18
"OTU_574"	"Geese"	"high"	"Geesehigh"	1.70190854071259	-0.122975517760526	0.556592390676628	0.00556183845466607	0.091450906608005	0.0110927428623363	0.0977562084833591	NA	"abundance"	18	17
"OTU_573"	"Geese"	"low"	"Geeselow"	-3.2095130572782	-0.0832408318611617	0.888744611833924	0.00557458417103218	0.0914633123944605	0.00557458417103218	0.0591931919216104	NA	"abundance"	18	12
"OTU_1959"	"Geese"	"high"	"Geesehigh"	-1.96132096314321	-0.122975517760526	0.522499892844879	0.00560862886999303	0.0919184951659756	0.0111858010221847	0.0981763915273699	NA	"abundance"	18	13
"OTU_2467"	"Geese"	"low"	"Geeselow"	-1.67698690032785	-0.0832408318611617	0.404164429041506	0.00562446759664814	0.092074617693277	0.0112173005575505	0.0983531094478646	NA	"abundance"	18	9
"OTU_1106"	"Geese"	"high"	"Geesehigh"	1.61329305606325	-0.122975517760526	0.53709796761927	0.0056342335690388	0.0921105870845648	0.0056342335690388	0.0597532565030169	NA	"abundance"	18	18
"OTU_1255"	"Geese"	"low"	"Geeselow"	-1.83027707552879	-0.0832408318611617	0.465514548908303	0.00563929482150805	0.0921105870845648	0.0112467879969322	0.0985118454711045	NA	"abundance"	18	10
"OTU_202"	"Geese"	"low"	"Geeselow"	-2.32734060083221	-0.0832408318611617	0.695447304273124	0.00566892178277234	0.0923875900821423	0.00566892178277234	0.0599183065703366	NA	"abundance"	18	18
"OTU_4906"	"Geese"	"low"	"Geeselow"	1.72256115091208	-0.0832408318611617	0.559308233497568	0.00566540439913377	0.0923875900821423	0.00566540439913377	0.0599183065703366	NA	"abundance"	18	18
"OTU_1893"	"Geese"	"low"	"Geeselow"	-1.71483969915848	-0.0832408318611617	0.301734897380456	0.00568880016690743	0.0926080795028033	0.0113452378864758	0.09927369936255	NA	"abundance"	18	6
"OTU_2326"	"Geese"	"high"	"Geesehigh"	1.90985759472894	-0.122975517760526	0.579882314146258	0.0056991004902075	0.0926723297103306	0.0113657212340175	0.0993127254634523	NA	"abundance"	18	13
"OTU_1128"	"Geese"	"low"	"Geeselow"	-2.42832650973583	-0.0832408318611617	0.698516619582347	0.00570661296097974	0.0926911543973836	0.00570661296097974	0.0602256445906325	NA	"abundance"	18	15
"OTU_4332"	"Geese"	"high"	"Geesehigh"	1.39776453941174	-0.122975517760526	0.4523722683686	0.00573155131213632	0.0928893415986893	0.011430251943829	0.0997151212922339	NA	"abundance"	18	15
"OTU_692"	"Geese"	"high"	"Geesehigh"	1.84167956275789	-0.122975517760526	0.609718707407355	0.00572712693159194	0.0928893415986893	0.00572712693159194	0.0602950808588767	NA	"abundance"	18	18
"OTU_2315"	"Geese"	"low"	"Geeselow"	1.84185156930058	-0.0832408318611617	0.562700064926605	0.00575001797918906	0.0929819980537158	0.0114669732516171	0.0997671207098943	NA	"abundance"	18	14
"OTU_4451"	"Geese"	"low"	"Geeselow"	1.57684995630399	-0.0832408318611617	0.443826579551579	0.00574451330952763	0.0929819980537158	0.0114560271858919	0.0997671207098943	NA	"abundance"	18	11
"OTU_798"	"Geese"	"high"	"Geesehigh"	-3.89446506135234	-0.122975517760526	1.10336019744536	0.00575997623389657	0.0930398818910469	0.00575997623389657	0.0604937309807535	NA	"abundance"	18	14
"OTU_949"	"Geese"	"high"	"Geesehigh"	2.01812835516737	-0.122975517760526	0.638821883882378	0.00578997243766932	0.0934209490883238	0.0115464210945097	0.100324024248882	NA	"abundance"	18	15
"OTU_713"	"Geese"	"low"	"Geeselow"	-2.06373246329117	-0.0832408318611617	0.60905037913664	0.00581111431330261	0.0936584678163888	0.011588459577043	0.100487504188106	NA	"abundance"	18	17
"OTU_6106"	"Geese"	"low"	"Geeselow"	-1.9622303191329	-0.0832408318611617	0.561153764848689	0.005818302207515	0.0936708123607217	0.011602751774452	0.100510724580689	NA	"abundance"	18	15
"OTU_916"	"Geese"	"high"	"Geesehigh"	2.17444028567568	-0.122975517760526	0.706768860518233	0.00583198366241877	0.0937875564498789	0.0116299552913988	0.100645633091765	NA	"abundance"	18	17
"OTU_305"	"Geese"	"high"	"Geesehigh"	-1.75174430363342	-0.122975517760526	0.506642576627433	0.00585430065363479	0.0940029050114491	0.00585430065363479	0.0612613275169958	NA	"abundance"	18	18
"OTU_5375"	"Geese"	"high"	"Geesehigh"	1.91336220074203	-0.122975517760526	0.60857214945696	0.00585826413378632	0.0940029050114491	0.0116822090089114	0.100896044673772	NA	"abundance"	18	15
"OTU_2698"	"Geese"	"high"	"Geesehigh"	-1.08044896513017	-0.122975517760526	0.255302282335729	0.00587012815851751	0.0940897684836663	0.0117057979124376	0.100904028696323	NA	"abundance"	18	11
"OTU_1003"	"Geese"	"high"	"Geesehigh"	2.48341442287008	-0.122975517760526	0.780183035510259	0.00589688596345095	0.0944149052282059	0.011758998662836	0.10125609395839	NA	"abundance"	18	15
"OTU_1970"	"Geese"	"low"	"Geeselow"	-1.1265754998718	-0.0832408318611617	0.325280274089698	0.00596893003504428	0.0954636112841622	0.00596893003504428	0.0623854112599918	NA	"abundance"	18	18
"OTU_1582"	"Geese"	"high"	"Geesehigh"	1.45016569665301	-0.122975517760526	0.491594930358435	0.00602026932360955	0.0961406093867802	0.00602026932360955	0.0628460925530966	NA	"abundance"	18	18
"OTU_1761"	"Geese"	"high"	"Geesehigh"	-1.78667857860487	-0.122975517760526	0.448176113275665	0.00602444240912636	0.0961406093867802	0.0120125909119118	0.103336940111019	NA	"abundance"	18	11
"OTU_5130"	"Geese"	"low"	"Geeselow"	1.48035503203304	-0.0832408318611617	0.223026702688384	0.00605355557880305	0.0964996302430834	0.0120704656224604	0.103628779262671	NA	"abundance"	18	6
"OTU_2056"	"Geese"	"high"	"Geesehigh"	-2.16606985674218	-0.122975517760526	0.632709017845069	0.00609284877650351	0.096914168216009	0.00609284877650351	0.063450677872276	NA	"abundance"	18	17
"OTU_721"	"Geese"	"low"	"Geeselow"	-2.05366786709435	-0.0832408318611617	0.617360821785753	0.00608767990338277	0.096914168216009	0.00608767990338277	0.063450677872276	NA	"abundance"	18	18
"OTU_694"	"Geese"	"high"	"Geesehigh"	-1.73782301119586	-0.122975517760526	0.505307163094107	0.0061105026284638	0.0970890973189248	0.0061105026284638	0.0634817403922277	NA	"abundance"	18	18
"OTU_3746"	"Geese"	"high"	"Geesehigh"	-1.97566742584592	-0.122975517760526	0.535154615102081	0.0061884198097607	0.0982201211590529	0.0123385430797796	0.105720546348923	NA	"abundance"	18	13
"OTU_1684"	"Geese"	"low"	"Geeselow"	-2.17107730824122	-0.0832408318611617	0.640307229894137	0.00621436896358984	0.0984280442576597	0.00621436896358984	0.0643358273434782	NA	"abundance"	18	16
"OTU_737"	"Geese"	"high"	"Geesehigh"	1.76538258252153	-0.122975517760526	0.592703348357571	0.00621501636921051	0.0984280442576597	0.00621501636921051	0.0643358273434782	NA	"abundance"	18	18
"OTU_883"	"Geese"	"high"	"Geesehigh"	-2.80507122430885	-0.122975517760526	0.81007678367427	0.00623421611412778	0.0986250284605941	0.0124295667776979	0.106289991002172	NA	"abundance"	18	15
"OTU_2971"	"Geese"	"high"	"Geesehigh"	-2.21280660166847	-0.122975517760526	0.641454336776677	0.00627754771251376	0.0989829332642247	0.0125156878197446	0.106673633845126	NA	"abundance"	18	16
"OTU_3448"	"Geese"	"high"	"Geesehigh"	1.53044715230266	-0.122975517760526	0.449177919732388	0.00628121755953792	0.0989829332642247	0.0125229814250456	0.106673633845126	NA	"abundance"	18	11
"OTU_5208"	"Geese"	"low"	"Geeselow"	1.50101935163117	-0.0832408318611617	0.300500790541248	0.00626425296288025	0.0989829332642247	0.0124892650605775	0.106673633845126	NA	"abundance"	18	7
"OTU_564"	"Geese"	"low"	"Geeselow"	-2.41524486670418	-0.0832408318611617	0.72587462027243	0.00628398438246758	0.0989829332642247	0.0125284803052161	0.106673633845126	NA	"abundance"	18	17
"OTU_2322"	"Geese"	"high"	"Geesehigh"	1.27897140646121	-0.122975517760526	0.406328759400916	0.00630122477431483	0.0991474267078275	0.0125627441149732	0.106690861208026	NA	"abundance"	18	13
"OTU_3814"	"Geese"	"low"	"Geeselow"	1.50570110356667	-0.0832408318611617	0.412508337307997	0.00632289927505103	0.099381259510662	0.0126058194948596	0.106951727361289	NA	"abundance"	18	10
"OTU_969"	"Geese"	"high"	"Geesehigh"	-0.940045888371306	-0.122975517760526	0.253015892332274	0.00633504202997559	0.0994649333145576	0.00633504202997559	0.0654217824909412	NA	"abundance"	18	17
"OTU_5257"	"Geese"	"high"	"Geesehigh"	-2.16895562095921	-0.122975517760526	0.644550026553198	0.00635930662634876	0.0997385445719602	0.00635930662634876	0.0655940876572374	NA	"abundance"	18	18
"OTU_617"	"Geese"	"low"	"Geeselow"	-3.37915066034074	-0.0832408318611617	0.900282208450342	0.00640723308808844	0.100382279079332	0.00640723308808844	0.0660097561241873	NA	"abundance"	18	11
"OTU_2819"	"Geese"	"high"	"Geesehigh"	-1.22823369652071	-0.122975517760526	0.347889531029647	0.00644903687399723	0.100928810991549	0.00644903687399723	0.0663614329459833	NA	"abundance"	18	18
"OTU_1571"	"Geese"	"high"	"Geesehigh"	-2.99086197249638	-0.122975517760526	0.815428577637201	0.0065692115127729	0.102315207153938	0.0065692115127729	0.0674376707372914	NA	"abundance"	18	12
"OTU_362"	"Geese"	"high"	"Geesehigh"	-2.98012691668727	-0.122975517760526	0.906166713082784	0.0065819618598153	0.102315207153938	0.0065819618598153	0.0674574240148295	NA	"abundance"	18	18
"OTU_781"	"Geese"	"high"	"Geesehigh"	0.841271906531148	-0.122975517760526	0.304098425921275	0.00656031250998002	0.102315207153938	0.00656031250998002	0.0674262998353528	NA	"abundance"	18	18
"OTU_953"	"Geese"	"high"	"Geesehigh"	-1.82285258943742	-0.122975517760526	0.538436469284593	0.00658672559423745	0.102315207153938	0.00658672559423745	0.0674574240148295	NA	"abundance"	18	18
"OTU_5814"	"Geese"	"high"	"Geesehigh"	-2.16097032662083	-0.122975517760526	0.64644017692991	0.00662509822657442	0.102692542755382	0.00662509822657442	0.0676902007706907	NA	"abundance"	18	18
"OTU_231"	"Geese"	"high"	"Geesehigh"	-1.46552231130213	-0.122975517760526	0.425763099956914	0.00667899048950693	0.103251641850495	0.00667899048950693	0.0679539432078531	NA	"abundance"	18	18
"OTU_64"	"Geese"	"high"	"Geesehigh"	0.944790390691794	-0.122975517760526	0.338561379886613	0.00669761615565556	0.103251641850495	0.00669761615565556	0.0680285797629713	NA	"abundance"	18	18
"OTU_822"	"Geese"	"low"	"Geeselow"	-1.65976968641046	-0.0832408318611617	0.501261836416457	0.00670538231312856	0.103251641850495	0.00670538231312856	0.0680285797629713	NA	"abundance"	18	18
"OTU_88"	"Geese"	"low"	"Geeselow"	-1.46748612161	-0.0832408318611617	0.439331441151908	0.0066799360363915	0.103251641850495	0.0066799360363915	0.0679539432078531	NA	"abundance"	18	18
"OTU_478"	"Geese"	"low"	"Geeselow"	-1.90311793685606	-0.0832408318611617	0.579049469419117	0.00672674670119267	0.10338917532518	0.00672674670119267	0.0681654168057627	NA	"abundance"	18	18
"OTU_4551"	"Geese"	"high"	"Geesehigh"	-3.02817007775608	-0.122975517760526	0.888874259945982	0.0067443055858053	0.103549938183743	0.0067443055858053	0.0681836688546251	NA	"abundance"	18	15
"OTU_5024"	"Geese"	"low"	"Geeselow"	-2.53159595905623	-0.0832408318611617	0.720614915267429	0.0067944943295738	0.10399212412504	0.0067944943295738	0.0686109147352761	NA	"abundance"	18	12
"OTU_243"	"Geese"	"high"	"Geesehigh"	-5.96903899372955	-0.122975517760526	1.72136924590079	0.00682117326365705	0.104291020150631	0.00682117326365705	0.0688000389553475	NA	"abundance"	18	13
"OTU_1781"	"Geese"	"high"	"Geesehigh"	-1.54864583732988	-0.122975517760526	0.448808265981126	0.00684765758513528	0.104405351360838	0.00684765758513528	0.068986762213924	NA	"abundance"	18	17
"OTU_812"	"Geese"	"low"	"Geeselow"	-1.8307316226126	-0.0832408318611617	0.558885296988639	0.00695383808471761	0.105435220689908	0.00695383808471761	0.0698937453950595	NA	"abundance"	18	18
"OTU_847"	"Geese"	"low"	"Geeselow"	-2.0967165018812	-0.0832408318611617	0.637058567714535	0.00696472654714209	0.105490655676651	0.00696472654714209	0.0699219762633035	NA	"abundance"	18	17
"OTU_906"	"Geese"	"high"	"Geesehigh"	-1.37329225709937	-0.122975517760526	0.399509364359905	0.00701013963775077	0.106066141012375	0.00701013963775077	0.0702963481171438	NA	"abundance"	18	18
"OTU_423"	"Geese"	"high"	"Geesehigh"	1.54058853587825	-0.122975517760526	0.5325240008222	0.00702927051692059	0.106137618798969	0.00702927051692059	0.0704066053859153	NA	"abundance"	18	18
"OTU_5940"	"Geese"	"low"	"Geeselow"	1.15366979621189	-0.0832408318611617	0.395751781480634	0.00704712629056403	0.106297191390038	0.00704712629056403	0.0705038507728799	NA	"abundance"	18	18
"OTU_771"	"Geese"	"high"	"Geesehigh"	-3.63089040244116	-0.122975517760526	1.01207109271208	0.00709990181102071	0.106729809576449	0.00709990181102071	0.0708379396287162	NA	"abundance"	18	12
"OTU_874"	"Geese"	"low"	"Geeselow"	-1.15489633344552	-0.0832408318611617	0.343563979448766	0.00710507644993363	0.106729809576449	0.00710507644993363	0.0708379396287162	NA	"abundance"	18	18
"OTU_1195"	"Geese"	"high"	"Geesehigh"	-2.13299114179526	-0.122975517760526	0.609165186963863	0.00713254626979354	0.106814674372277	0.00713254626979354	0.0709483395618314	NA	"abundance"	18	14
"OTU_1568"	"Geese"	"high"	"Geesehigh"	-1.77609680795133	-0.122975517760526	0.50118591765276	0.007173625555006	0.107207481911186	0.007173625555006	0.0712750350780964	NA	"abundance"	18	14
"OTU_100"	"Geese"	"low"	"Geeselow"	0.920900440118649	-0.0832408318611617	0.32243459071812	0.00720843669689841	0.107397607416711	0.00720843669689841	0.0713750699942321	NA	"abundance"	18	18
"OTU_1208"	"Geese"	"high"	"Geesehigh"	-1.34145205538942	-0.122975517760526	0.391044493316576	0.00720480628947839	0.107397607416711	0.00720480628947839	0.0713750699942321	NA	"abundance"	18	18
"OTU_5606"	"Geese"	"high"	"Geesehigh"	1.11748739170668	-0.122975517760526	0.398029261233604	0.00723166093305572	0.107633679968929	0.00723166093305572	0.0714415453363746	NA	"abundance"	18	18
"OTU_487"	"Geese"	"low"	"Geeselow"	-1.75123713500673	-0.0832408318611617	0.536973191234991	0.00724873294861006	0.107777796930098	0.00724873294861006	0.0715285461086334	NA	"abundance"	18	18
"OTU_932"	"Geese"	"high"	"Geesehigh"	-2.00808340837677	-0.122975517760526	0.607504791883924	0.00729597589086239	0.108369760024561	0.00729597589086239	0.0718309162224382	NA	"abundance"	18	18
"OTU_397"	"Geese"	"low"	"Geeselow"	-2.29628733143003	-0.0832408318611617	0.713618169689216	0.00731588102950087	0.108554873546592	0.00731588102950087	0.0719450391242051	NA	"abundance"	18	18
"OTU_5789"	"Geese"	"high"	"Geesehigh"	-3.66703240804855	-0.122975517760526	1.12184735325035	0.00754240629855207	0.111364300039906	0.00754240629855207	0.0736076602867549	NA	"abundance"	18	16
"OTU_388"	"Geese"	"low"	"Geeselow"	0.775695159691275	-0.0832408318611617	0.277773514147494	0.00762846511205628	0.112175659467157	0.00762846511205628	0.0739332038140352	NA	"abundance"	18	18
"OTU_529"	"Geese"	"high"	"Geesehigh"	-2.03037080872359	-0.122975517760526	0.618541053065524	0.00762911382088438	0.112175659467157	0.00762911382088438	0.0739332038140352	NA	"abundance"	18	18
"OTU_532"	"Geese"	"high"	"Geesehigh"	1.19394308611245	-0.122975517760526	0.426116846903808	0.00762009313646295	0.112175659467157	0.00762009313646295	0.0739332038140352	NA	"abundance"	18	18
"OTU_4084"	"Geese"	"low"	"Geeselow"	-2.13846944378602	-0.0832408318611617	0.660243198094958	0.00766422237847442	0.112402681485175	0.00766422237847442	0.0741074642048241	NA	"abundance"	18	17
"OTU_560"	"Geese"	"low"	"Geeselow"	-1.6918213920553	-0.0832408318611617	0.523945296420005	0.00781761048778828	0.114256178932745	0.00781761048778828	0.0755062512961159	NA	"abundance"	18	18
"OTU_529"	"Geese"	"low"	"Geeselow"	-1.98114033748232	-0.0832408318611617	0.618541053065524	0.00782691853657247	0.114277711485932	0.00782691853657247	0.0755118762714584	NA	"abundance"	18	18
"OTU_1316"	"Geese"	"high"	"Geesehigh"	-2.35847801007814	-0.122975517760526	0.725969758162499	0.00821035130551939	0.11916038223115	0.00821035130551939	0.0789470891088498	NA	"abundance"	18	17
"OTU_875"	"Geese"	"high"	"Geesehigh"	0.880693095005236	-0.122975517760526	0.329190102589405	0.00828234028445718	0.119728657471846	0.00828234028445718	0.0795509132316231	NA	"abundance"	18	18
"OTU_2659"	"Geese"	"high"	"Geesehigh"	-2.29081381905059	-0.122975517760526	0.713177635067015	0.00833512292180516	0.12037237914599	0.00833512292180516	0.0799691283429067	NA	"abundance"	18	18
"OTU_548"	"Geese"	"high"	"Geesehigh"	-2.11617561813834	-0.122975517760526	0.656166733499648	0.00835520153829217	0.120423883041037	0.00835520153829217	0.0799890508623678	NA	"abundance"	18	18
"OTU_430"	"Geese"	"high"	"Geesehigh"	0.774457606332938	-0.122975517760526	0.294495334054384	0.00839760981441651	0.120799152794694	0.00839760981441651	0.0802129308321859	NA	"abundance"	18	18
"OTU_5684"	"Geese"	"low"	"Geeselow"	1.41803094559435	-0.0832408318611617	0.495336276265827	0.00845309125979066	0.121355107396955	0.00845309125979066	0.0804764045789091	NA	"abundance"	18	18
"OTU_972"	"Geese"	"high"	"Geesehigh"	1.45129545209152	-0.122975517760526	0.518685281371466	0.00844837474435811	0.121355107396955	0.00844837474435811	0.0804764045789091	NA	"abundance"	18	18
"OTU_1742"	"Geese"	"high"	"Geesehigh"	-2.23165751128552	-0.122975517760526	0.681430375234493	0.00859724972010634	0.122764286867011	0.00859724972010634	0.0813546776716914	NA	"abundance"	18	16
"OTU_615"	"Geese"	"high"	"Geesehigh"	1.06687661167474	-0.122975517760526	0.392740120236638	0.00859395114604788	0.122764286867011	0.00859395114604788	0.0813546776716914	NA	"abundance"	18	18
"OTU_68"	"Geese"	"high"	"Geesehigh"	-3.26621397880217	-0.122975517760526	1.03998264312304	0.00860174833251648	0.122764286867011	0.00860174833251648	0.0813546776716914	NA	"abundance"	18	18
"OTU_315"	"Geese"	"low"	"Geeselow"	0.959337011729359	-0.0832408318611617	0.344589857572566	0.00865131278022291	0.12335097576963	0.00865131278022291	0.0817341275109706	NA	"abundance"	18	18
"OTU_1074"	"Geese"	"high"	"Geesehigh"	1.83076881965132	-0.122975517760526	0.648293156316604	0.00879331290546492	0.125130987355231	0.00879331290546492	0.082894694862629	NA	"abundance"	18	18
"OTU_925"	"Geese"	"high"	"Geesehigh"	1.19031328274655	-0.122975517760526	0.436353853659273	0.00893647986264579	0.126988275421184	0.00893647986264579	0.0841070888071472	NA	"abundance"	18	18
"OTU_94"	"Geese"	"low"	"Geeselow"	-1.13951370623438	-0.0832408318611617	0.352278038091069	0.00912112461128167	0.128541761913193	0.00912112461128167	0.0853342836605747	NA	"abundance"	18	18
"OTU_641"	"Geese"	"high"	"Geesehigh"	1.75558775757204	-0.122975517760526	0.628236443602841	0.00923154344253518	0.129679809771685	0.00923154344253518	0.0860503973272632	NA	"abundance"	18	18
"OTU_979"	"Geese"	"high"	"Geesehigh"	-2.3222368421778	-0.122975517760526	0.736308856405759	0.0092374415434513	0.129679809771685	0.0092374415434513	0.0860503973272632	NA	"abundance"	18	18
"OTU_749"	"Geese"	"high"	"Geesehigh"	-1.57337781064532	-0.122975517760526	0.485771834872857	0.00933989900087118	0.130615308558684	0.00933989900087118	0.0867513610490297	NA	"abundance"	18	18
"OTU_674"	"Geese"	"high"	"Geesehigh"	-1.91553937354627	-0.122975517760526	0.603953189863897	0.00963900886482449	0.133899603145076	0.00963900886482449	0.0892149547766751	NA	"abundance"	18	18
"OTU_303"	"Geese"	"low"	"Geeselow"	-2.10298933716092	-0.0832408318611617	0.68175976373282	0.00969293153479611	0.134392680006213	0.00969293153479611	0.0896181939125273	NA	"abundance"	18	18
"OTU_386"	"Geese"	"low"	"Geeselow"	-2.23066252355078	-0.0832408318611617	0.726843736737116	0.00985691194994742	0.135994675024241	0.00985691194994742	0.0908431480456283	NA	"abundance"	18	18
"OTU_121"	"Geese"	"high"	"Geesehigh"	0.923935648023497	-0.122975517760526	0.353994805126188	0.00998489207117759	0.137137133474761	0.00998489207117759	0.0915352287965793	NA	"abundance"	18	18
"OTU_2817"	"Geese"	"high"	"Geesehigh"	-1.6109836051402	-0.122975517760526	0.492981128162404	0.00997897844864815	0.137137133474761	0.00997897844864815	0.0915352287965793	NA	"abundance"	18	16
"OTU_164"	"Geese"	"high"	"Geesehigh"	-1.0765470324773	-0.122975517760526	0.32353777599754	0.010291890748765	0.140691207555283	0.010291890748765	0.0937478183096262	NA	"abundance"	18	18
"OTU_397"	"Geese"	"high"	"Geesehigh"	-2.21646435852735	-0.122975517760526	0.713618169689216	0.0103020770987352	0.140698592286659	0.0103020770987352	0.0937478183096262	NA	"abundance"	18	18
"OTU_5053"	"Geese"	"high"	"Geesehigh"	-1.54419669288564	-0.122975517760526	0.483525660809931	0.0103304722576372	0.140954413797844	0.0103304722576372	0.0939074652495715	NA	"abundance"	18	18
"OTU_1029"	"Geese"	"high"	"Geesehigh"	0.782966168384771	-0.122975517760526	0.308747660348751	0.0105041394092829	0.142762923920998	0.0105041394092829	0.0948881236408495	NA	"abundance"	18	18
"OTU_79"	"Geese"	"high"	"Geesehigh"	-1.64239143845267	-0.122975517760526	0.519276452832005	0.0105442082576956	0.142934778482108	0.0105442082576956	0.0951507593973911	NA	"abundance"	18	18
"OTU_1181"	"Geese"	"high"	"Geesehigh"	-2.09206709570041	-0.122975517760526	0.674263383867492	0.0105903637445319	0.142952051533793	0.0105903637445319	0.0953683744486777	NA	"abundance"	18	18
"OTU_2419"	"Geese"	"low"	"Geeselow"	-1.5369264586944	-0.0832408318611617	0.498142302034948	0.0106607978955445	0.143384649663837	0.0106607978955445	0.095551157611717	NA	"abundance"	18	18
"OTU_694"	"Geese"	"low"	"Geeselow"	-1.55639501513435	-0.0832408318611617	0.505307163094107	0.0106658676049132	0.143384649663837	0.0106658676049132	0.095551157611717	NA	"abundance"	18	18
"OTU_4334"	"Geese"	"high"	"Geesehigh"	-1.39109867294347	-0.122975517760526	0.412457497867864	0.0107203489594592	0.143851895053056	0.0107203489594592	0.0958408056768178	NA	"abundance"	18	14
"OTU_3939"	"Geese"	"low"	"Geeselow"	0.876792996400476	-0.0832408318611617	0.329290305237076	0.0107889784623703	0.144625787646027	0.0107889784623703	0.0962354471704959	NA	"abundance"	18	18
"OTU_98"	"Geese"	"high"	"Geesehigh"	0.53127369281876	-0.122975517760526	0.222755616905555	0.0107978529237984	0.144625787646027	0.0107978529237984	0.0962354471704959	NA	"abundance"	18	18
"OTU_623"	"Geese"	"low"	"Geeselow"	0.430883421429294	-0.0832408318611617	0.175300893507978	0.0108325773271588	0.144957773297191	0.0108325773271588	0.0964456010177288	NA	"abundance"	18	18
"OTU_2262"	"Geese"	"high"	"Geesehigh"	1.68943600189216	-0.122975517760526	0.62304049731066	0.0108769527783055	0.145285012110223	0.0108769527783055	0.0966418371082706	NA	"abundance"	18	18
"OTU_2262"	"Geese"	"low"	"Geeselow"	1.72746865715792	-0.0832408318611617	0.62304049731066	0.0108944121419715	0.145385082802193	0.0108944121419715	0.0966976847965348	NA	"abundance"	18	18
"OTU_5189"	"Geese"	"high"	"Geesehigh"	0.984962947497554	-0.122975517760526	0.380804466093401	0.0110032627344161	0.14632712084064	0.0110032627344161	0.0974804606749928	NA	"abundance"	18	18
"OTU_520"	"Geese"	"high"	"Geesehigh"	-2.18004374023268	-0.122975517760526	0.708670547579045	0.0110051317401743	0.14632712084064	0.0110051317401743	0.0974804606749928	NA	"abundance"	18	18
"OTU_629"	"Geese"	"high"	"Geesehigh"	-1.92972101570737	-0.122975517760526	0.623031035424393	0.0110492023090563	0.14670438501532	0.0110492023090563	0.0977504795785837	NA	"abundance"	18	18
"OTU_756"	"Geese"	"high"	"Geesehigh"	-1.58075335032028	-0.122975517760526	0.502692224651167	0.0110813576852911	0.146883091605635	0.0110813576852911	0.0977554224347695	NA	"abundance"	18	18
"OTU_1341"	"Geese"	"high"	"Geesehigh"	-1.87589152465903	-0.122975517760526	0.604927208758179	0.0111209775886074	0.147196532765361	0.0111209775886074	0.0978058333859843	NA	"abundance"	18	18
"OTU_425"	"Geese"	"high"	"Geesehigh"	-2.19062123253398	-0.122975517760526	0.714584407008707	0.0111754891743343	0.147516457101213	0.0111754891743343	0.0981763915273699	NA	"abundance"	18	18
"OTU_144"	"Geese"	"low"	"Geeselow"	1.7629638689264	-0.0832408318611617	0.639502742030064	0.0113726497497436	0.14971251737343	0.0113726497497436	0.0993127254634523	NA	"abundance"	18	18
"OTU_44"	"Geese"	"high"	"Geesehigh"	-1.72641949328063	-0.122975517760526	0.556354370629195	0.0114707979092148	0.15066973045435	0.0114707979092148	0.0997671207098943	NA	"abundance"	18	18
"OTU_1050"	"Geese"	"high"	"Geesehigh"	-4.33073332140673	0	2.02356433823224	0.0323425624655712	0.229206210903732	0.00264186121300263	0.0359735698446128	NA	"prevalence"	18	11
"OTU_1187"	"Geese"	"high"	"Geesehigh"	4.33073332140674	0	2.02356433823224	0.0323425624655711	0.229206210903732	0.000585248953913132	0.012700451861841	NA	"prevalence"	18	10
"OTU_1605"	"Geese"	"high"	"Geesehigh"	4.33073332140674	0	2.02356433823224	0.0323425624655711	0.229206210903732	0.00114154375400708	0.0201610605044435	NA	"prevalence"	18	8
"OTU_1643"	"Geese"	"high"	"Geesehigh"	4.33073332140673	0	2.02356433823224	0.0323425624655712	0.229206210903732	0.00618879769328867	0.0642180518437891	NA	"prevalence"	18	12
"OTU_2517"	"Geese"	"high"	"Geesehigh"	4.33073332140674	0	2.02356433823225	0.0323425624655713	0.229206210903732	0.00263414156985027	0.0359556169487134	NA	"prevalence"	18	10
"OTU_872"	"Geese"	"high"	"Geesehigh"	4.33073332140674	0	2.02356433823224	0.0323425624655712	0.229206210903732	0.000296715364629622	0.00820375324442413	NA	"prevalence"	18	12
"OTU_946"	"Geese"	"high"	"Geesehigh"	-4.33073332140673	0	2.02356433823224	0.0323425624655711	0.229206210903732	0.0102197722036298	0.0933916670012798	NA	"prevalence"	18	13
"OTU_970"	"Geese"	"high"	"Geesehigh"	-4.33073332140674	0	2.02356433823225	0.0323425624655712	0.229206210903732	0.0106849198430872	0.0956228503847737	NA	"prevalence"	18	13
"OTU_1893"	"Geese"	"low"	"Geeselow"	-2.77258872223978	0	1.36930639376292	0.0428866195529395	0.258845122425843	0.0113452378864758	0.09927369936255	NA	"prevalence"	18	6
"OTU_1002"	"Geese"	"high"	"Geesehigh"	3.56347816869307	0	1.95362567814461	0.068147047667425	0.315982424619241	0.00153664133077947	0.0248098770085179	NA	"prevalence"	18	14
"OTU_1009"	"Geese"	"high"	"Geesehigh"	-3.56347816869307	0	1.9536256781446	0.0681470476674244	0.315982424619241	0.00567056772372379	0.0599183065703366	NA	"prevalence"	18	12
"OTU_1045"	"Geese"	"high"	"Geesehigh"	-3.56347816869307	0	1.9536256781446	0.0681470476674247	0.315982424619241	0.0039233199267699	0.046498834350309	NA	"prevalence"	18	10
"OTU_1158"	"Geese"	"high"	"Geesehigh"	-3.56347816869307	0	1.9536256781446	0.0681470476674243	0.315982424619241	0.00758148997905702	0.0738022657803818	NA	"prevalence"	18	14
"OTU_1489"	"Geese"	"high"	"Geesehigh"	3.56347816869307	0	1.9536256781446	0.0681470476674245	0.315982424619241	0.000177810000162463	0.00576317506144553	NA	"prevalence"	18	14
"OTU_1768"	"Geese"	"high"	"Geesehigh"	-3.56347816869307	0	1.9536256781446	0.0681470476674243	0.315982424619241	0.00123278007024333	0.021465751967577	NA	"prevalence"	18	11
"OTU_1839"	"Geese"	"high"	"Geesehigh"	3.56347816869307	0	1.9536256781446	0.0681470476674241	0.315982424619241	0.00391829696738926	0.046498834350309	NA	"prevalence"	18	12
"OTU_1888"	"Geese"	"low"	"Geeselow"	-3.56347816869307	0	1.9536256781446	0.0681470476674243	0.315982424619241	0.000461607139288284	0.010914612522953	NA	"prevalence"	18	13
"OTU_2023"	"Geese"	"high"	"Geesehigh"	-3.56347816869307	0	1.9536256781446	0.0681470476674243	0.315982424619241	0.00848558593212982	0.080696989732584	NA	"prevalence"	18	11
"OTU_2093"	"Geese"	"high"	"Geesehigh"	3.56347816869307	0	1.9536256781446	0.0681470476674245	0.315982424619241	0.000214250267438034	0.00655166718872349	NA	"prevalence"	18	14
"OTU_2100"	"Geese"	"high"	"Geesehigh"	3.56347816869307	0	1.9536256781446	0.0681470476674246	0.315982424619241	0.00856297859323762	0.0812544043266211	NA	"prevalence"	18	12
"OTU_2210"	"Geese"	"low"	"Geeselow"	-3.56347816869307	0	1.9536256781446	0.0681470476674243	0.315982424619241	0.00399319173059853	0.0469525560279887	NA	"prevalence"	18	8
"OTU_2456"	"Geese"	"high"	"Geesehigh"	3.56347816869307	0	1.9536256781446	0.0681470476674244	0.315982424619241	0.00198107550975828	0.0295081367666922	NA	"prevalence"	18	10
"OTU_3098"	"Geese"	"high"	"Geesehigh"	3.56347816869307	0	1.9536256781446	0.0681470476674243	0.315982424619241	0.0073615327378344	0.0721480230047779	NA	"prevalence"	18	13
"OTU_4926"	"Geese"	"high"	"Geesehigh"	3.56347816869307	0	1.9536256781446	0.0681470476674244	0.315982424619241	0.00456168933780592	0.051848315802113	NA	"prevalence"	18	12
"OTU_4929"	"Geese"	"high"	"Geesehigh"	3.56347816869307	0	1.9536256781446	0.0681470476674244	0.315982424619241	0.00135021278843026	0.0228174066222953	NA	"prevalence"	18	12
"OTU_6208"	"Geese"	"high"	"Geesehigh"	3.56347816869307	0	1.9536256781446	0.0681470476674241	0.315982424619241	0.00000236930538091857	0.000429120524596765	NA	"prevalence"	18	12
"OTU_887"	"Geese"	"high"	"Geesehigh"	-3.56347816869307	0	1.9536256781446	0.0681470476674244	0.315982424619241	0.00351156911506731	0.0430440780761933	NA	"prevalence"	18	11
"OTU_918"	"Geese"	"high"	"Geesehigh"	-3.56347816869307	0	1.9536256781446	0.0681470476674243	0.315982424619241	0.00504250094738757	0.0555368700706858	NA	"prevalence"	18	12
"OTU_974"	"Geese"	"high"	"Geesehigh"	3.56347816869307	0	1.9536256781446	0.0681470476674244	0.315982424619241	0.00209953761200361	0.0307434830698465	NA	"prevalence"	18	14
"OTU_991"	"Geese"	"high"	"Geesehigh"	3.56347816869307	0	1.9536256781446	0.0681470476674244	0.315982424619241	0.00225937519174796	0.0323719087903756	NA	"prevalence"	18	12
"OTU_1058"	"Geese"	"high"	"Geesehigh"	2.94443896028684	0	1.93837886672479	0.128757111980885	0.397134962011673	0.00229819467982295	0.0328194335960195	NA	"prevalence"	18	13
"OTU_1195"	"Geese"	"low"	"Geeselow"	-2.94443896028685	0	1.9383788667248	0.128757111980885	0.397134962011673	0.00431226067286884	0.0498241707116247	NA	"prevalence"	18	14
"OTU_1271"	"Geese"	"high"	"Geesehigh"	2.94443896028684	0	1.93837886672479	0.128757111980885	0.397134962011673	0.00668232096948036	0.0679539432078531	NA	"prevalence"	18	14
"OTU_1318"	"Geese"	"high"	"Geesehigh"	-2.94443896028685	0	1.9383788667248	0.128757111980886	0.397134962011673	0.0103471141842797	0.0939600484268169	NA	"prevalence"	18	14
"OTU_1342"	"Geese"	"high"	"Geesehigh"	-2.94443896028684	0	1.93837886672479	0.128757111980885	0.397134962011673	0.00551348028187636	0.0588187206619762	NA	"prevalence"	18	11
"OTU_1346"	"Geese"	"high"	"Geesehigh"	2.94443896028685	0	1.93837886672479	0.128757111980885	0.397134962011673	0.00268931008639419	0.0363645148244614	NA	"prevalence"	18	15
"OTU_1443"	"Geese"	"high"	"Geesehigh"	2.94443896028684	0	1.9383788667248	0.128757111980886	0.397134962011673	0.00674213672859259	0.0681836688546251	NA	"prevalence"	18	14
"OTU_1485"	"Geese"	"high"	"Geesehigh"	2.94443896028684	0	1.9383788667248	0.128757111980886	0.397134962011673	0.000312788099084142	0.00848548028048327	NA	"prevalence"	18	14
"OTU_1587"	"Geese"	"high"	"Geesehigh"	2.94443896028684	0	1.9383788667248	0.128757111980886	0.397134962011673	0.00632235728634508	0.065368793256906	NA	"prevalence"	18	12
"OTU_1636"	"Geese"	"high"	"Geesehigh"	2.94443896028685	0	1.9383788667248	0.128757111980885	0.397134962011673	0.000805697438510972	0.0159226453828003	NA	"prevalence"	18	13
"OTU_1661"	"Geese"	"high"	"Geesehigh"	-2.94443896028685	0	1.93837886672479	0.128757111980885	0.397134962011673	0.0110784072327399	0.0977554224347695	NA	"prevalence"	18	11
"OTU_1705"	"Geese"	"high"	"Geesehigh"	2.94443896028685	0	1.9383788667248	0.128757111980885	0.397134962011673	0.000436958251888811	0.0105755129335839	NA	"prevalence"	18	11
"OTU_1725"	"Geese"	"high"	"Geesehigh"	-2.94443896028685	0	1.93837886672479	0.128757111980885	0.397134962011673	0.00842175924026708	0.0803549112075759	NA	"prevalence"	18	12
"OTU_1772"	"Geese"	"high"	"Geesehigh"	2.94443896028684	0	1.93837886672479	0.128757111980885	0.397134962011673	0.000749112500553791	0.0151467747191414	NA	"prevalence"	18	13
"OTU_1887"	"Geese"	"low"	"Geeselow"	-2.94443896028685	0	1.9383788667248	0.128757111980886	0.397134962011673	0.0020424297844871	0.0302139954785493	NA	"prevalence"	18	14
"OTU_1923"	"Geese"	"high"	"Geesehigh"	2.94443896028684	0	1.93837886672479	0.128757111980885	0.397134962011673	0.000277401725274167	0.00779426795624235	NA	"prevalence"	18	11
"OTU_2106"	"Geese"	"high"	"Geesehigh"	2.94443896028684	0	1.93837886672479	0.128757111980885	0.397134962011673	0.00718763457469314	0.0713323275337092	NA	"prevalence"	18	14
"OTU_2467"	"Geese"	"low"	"Geeselow"	-2.94443896028685	0	1.93837886672479	0.128757111980885	0.397134962011673	0.0112173005575505	0.0983531094478646	NA	"prevalence"	18	9
"OTU_2574"	"Geese"	"low"	"Geeselow"	-2.94443896028685	0	1.9383788667248	0.128757111980885	0.397134962011673	0.00065151029367752	0.0138190443173658	NA	"prevalence"	18	10
"OTU_2681"	"Geese"	"low"	"Geeselow"	-2.94443896028685	0	1.9383788667248	0.128757111980885	0.397134962011673	0.000608432959445689	0.0130009353852913	NA	"prevalence"	18	10
"OTU_3020"	"Geese"	"low"	"Geeselow"	-2.00533356952611	0	1.2636615865337	0.112530096943186	0.397134962011673	0.00764561733683076	0.0740102599920955	NA	"prevalence"	18	10
"OTU_3118"	"Geese"	"low"	"Geeselow"	-2.00533356952611	0	1.2636615865337	0.112530096943186	0.397134962011673	0.00545709716794548	0.0585927033392061	NA	"prevalence"	18	10
"OTU_3237"	"Geese"	"low"	"Geeselow"	-2.00533356952611	0	1.2636615865337	0.112530096943186	0.397134962011673	0.000741071393430896	0.0150899572676494	NA	"prevalence"	18	6
"OTU_3403"	"Geese"	"high"	"Geesehigh"	2.94443896028685	0	1.9383788667248	0.128757111980885	0.397134962011673	0.0058189066485767	0.0609646708677757	NA	"prevalence"	18	13
"OTU_917"	"Geese"	"low"	"Geeselow"	-2.94443896028685	0	1.93837886672479	0.128757111980885	0.397134962011673	0.00517075266823053	0.0564996131197816	NA	"prevalence"	18	9
"OTU_1076"	"Geese"	"low"	"Geeselow"	-2.32539975188062	0	1.9536256781446	0.233928680350774	0.55201125926429	0.00493974345198537	0.054876174369039	NA	"prevalence"	18	16
"OTU_1123"	"Geese"	"high"	"Geesehigh"	2.32539975188062	0	1.9536256781446	0.233928680350775	0.55201125926429	0.0110582065527425	0.0977504795785837	NA	"prevalence"	18	15
"OTU_1159"	"Geese"	"high"	"Geesehigh"	-2.32539975188062	0	1.9536256781446	0.233928680350775	0.55201125926429	0.00381596010398674	0.0456754062792549	NA	"prevalence"	18	16
"OTU_1171"	"Geese"	"low"	"Geeselow"	-2.32539975188062	0	1.9536256781446	0.233928680350775	0.55201125926429	0.00837075080063403	0.080044726440538	NA	"prevalence"	18	16
"OTU_1255"	"Geese"	"low"	"Geeselow"	-2.32539975188062	0	1.9536256781446	0.233928680350775	0.55201125926429	0.0112467879969322	0.0985118454711045	NA	"prevalence"	18	10
"OTU_1282"	"Geese"	"high"	"Geesehigh"	2.32539975188062	0	1.9536256781446	0.233928680350775	0.55201125926429	0.00337005638165914	0.0417829053393671	NA	"prevalence"	18	15
"OTU_1292"	"Geese"	"high"	"Geesehigh"	-2.32539975188062	0	1.9536256781446	0.233928680350775	0.55201125926429	0.00205883023028473	0.0303225059115188	NA	"prevalence"	18	14
"OTU_1320"	"Geese"	"high"	"Geesehigh"	-2.32539975188062	0	1.9536256781446	0.233928680350774	0.55201125926429	0.00458199854708168	0.0519013290922053	NA	"prevalence"	18	12
"OTU_1425"	"Geese"	"high"	"Geesehigh"	2.32539975188062	0	1.9536256781446	0.233928680350775	0.55201125926429	0.000364003327027959	0.00918392067667626	NA	"prevalence"	18	14
"OTU_1426"	"Geese"	"high"	"Geesehigh"	2.32539975188062	0	1.9536256781446	0.233928680350775	0.55201125926429	0.00170148287593551	0.0262004142497258	NA	"prevalence"	18	14
"OTU_1463"	"Geese"	"high"	"Geesehigh"	-2.32539975188062	0	1.9536256781446	0.233928680350775	0.55201125926429	0.0104597525816459	0.0945858922064406	NA	"prevalence"	18	14
"OTU_1486"	"Geese"	"high"	"Geesehigh"	2.32539975188062	0	1.9536256781446	0.233928680350775	0.55201125926429	0.0081282663701479	0.0782447354474527	NA	"prevalence"	18	15
"OTU_1564"	"Geese"	"high"	"Geesehigh"	2.32539975188062	0	1.9536256781446	0.233928680350775	0.55201125926429	0.00898557603905929	0.0842482936533251	NA	"prevalence"	18	13
"OTU_1693"	"Geese"	"high"	"Geesehigh"	2.32539975188062	0	1.9536256781446	0.233928680350775	0.55201125926429	0.000789946440260222	0.015715394239108	NA	"prevalence"	18	15
"OTU_1827"	"Geese"	"high"	"Geesehigh"	2.32539975188062	0	1.9536256781446	0.233928680350775	0.55201125926429	0.00281293777010989	0.0373361402799555	NA	"prevalence"	18	14
"OTU_2326"	"Geese"	"high"	"Geesehigh"	2.32539975188062	0	1.9536256781446	0.233928680350775	0.55201125926429	0.0113657212340175	0.0993127254634523	NA	"prevalence"	18	13
"OTU_2405"	"Geese"	"low"	"Geeselow"	-2.32539975188062	0	1.9536256781446	0.233928680350775	0.55201125926429	0.00897814046371629	0.0842482936533251	NA	"prevalence"	18	15
"OTU_2640"	"Geese"	"high"	"Geesehigh"	2.32539975188062	0	1.9536256781446	0.233928680350775	0.55201125926429	0.00112478895560145	0.0200212943574281	NA	"prevalence"	18	16
"OTU_2814"	"Geese"	"high"	"Geesehigh"	2.32539975188062	0	1.9536256781446	0.233928680350775	0.55201125926429	0.00211234952017268	0.0308267668593159	NA	"prevalence"	18	12
"OTU_3842"	"Geese"	"low"	"Geeselow"	2.32539975188062	0	1.9536256781446	0.233928680350775	0.55201125926429	0.00383318916333797	0.0458182583142635	NA	"prevalence"	18	16
"OTU_4566"	"Geese"	"high"	"Geesehigh"	-2.32539975188062	0	1.9536256781446	0.233928680350775	0.55201125926429	0.00220682188863212	0.0319361816458567	NA	"prevalence"	18	15
"OTU_4708"	"Geese"	"high"	"Geesehigh"	2.32539975188062	0	1.9536256781446	0.233928680350775	0.55201125926429	0.000898150884332196	0.0171202593678653	NA	"prevalence"	18	15
"OTU_586"	"Geese"	"low"	"Geeselow"	-2.32539975188062	0	1.9536256781446	0.233928680350775	0.55201125926429	0.000304971803139789	0.00833082834195909	NA	"prevalence"	18	16
"OTU_603"	"Geese"	"high"	"Geesehigh"	2.32539975188062	0	1.9536256781446	0.233928680350775	0.55201125926429	0.00319840814281415	0.0402311396335954	NA	"prevalence"	18	14
"OTU_791"	"Geese"	"low"	"Geeselow"	2.32539975188062	0	1.9536256781446	0.233928680350775	0.55201125926429	0.00285960802380931	0.0376094951945984	NA	"prevalence"	18	16
"OTU_817"	"Geese"	"low"	"Geeselow"	-2.32539975188062	0	1.9536256781446	0.233928680350775	0.55201125926429	0.00275543416754785	0.036969809745673	NA	"prevalence"	18	16
"OTU_892"	"Geese"	"high"	"Geesehigh"	-2.32539975188062	0	1.9536256781446	0.233928680350776	0.55201125926429	0.00722821905438797	0.0714415453363746	NA	"prevalence"	18	15
"OTU_1580"	"Geese"	"low"	"Geeselow"	-1.38629434780562	0	1.23991189469566	0.263541900850172	0.55569391249541	0.00934276271061887	0.0867513610490297	NA	"prevalence"	18	11
"OTU_1959"	"Geese"	"high"	"Geesehigh"	1.38629434780562	0	1.23991189469566	0.263541900850172	0.55569391249541	0.0111858010221847	0.0981763915273699	NA	"prevalence"	18	13
"OTU_2299"	"Geese"	"low"	"Geeselow"	-1.38629434780562	0	1.23991189469566	0.263541900850172	0.55569391249541	0.00391010595554796	0.0464808474441099	NA	"prevalence"	18	9
"OTU_2505"	"Geese"	"low"	"Geeselow"	-1.38629434780562	0	1.23991189469566	0.263541900850171	0.55569391249541	0.00392773837648208	0.046498834350309	NA	"prevalence"	18	11
"OTU_3123"	"Geese"	"low"	"Geeselow"	-1.38629434780562	0	1.23991189469566	0.263541900850171	0.55569391249541	0.000488660988044156	0.0113071448944763	NA	"prevalence"	18	13
"OTU_3168"	"Geese"	"low"	"Geeselow"	-1.38629434780562	0	1.23991189469566	0.263541900850171	0.55569391249541	0.00726388174955551	0.0715963925519971	NA	"prevalence"	18	11
"OTU_3751"	"Geese"	"high"	"Geesehigh"	1.38629436111989	0	1.23995967374376	0.263560295466926	0.55569391249541	0.00928910874837434	0.0864386528047651	NA	"prevalence"	18	12
"OTU_4100"	"Geese"	"high"	"Geesehigh"	-1.38629436111989	0	1.23995967374376	0.263560295466926	0.55569391249541	0.0023862207160663	0.0336324984964784	NA	"prevalence"	18	6
"OTU_4533"	"Geese"	"high"	"Geesehigh"	1.38629434780562	0	1.23991189469566	0.263541900850172	0.55569391249541	0.00689730374482549	0.0694061239624648	NA	"prevalence"	18	7
"OTU_2598"	"Geese"	"low"	"Geeselow"	-1.23807841681243	0	1.14833846297174	0.280967869154581	0.56116631347329	0.00344421974179358	0.0423499963796113	NA	"prevalence"	18	11
"OTU_4451"	"Geese"	"low"	"Geeselow"	-1.23807841681243	0	1.14833846297174	0.280967869154581	0.56116631347329	0.0114560271858919	0.0997671207098943	NA	"prevalence"	18	11
"OTU_5560"	"Geese"	"low"	"Geeselow"	-1.23807841681243	0	1.14833846297174	0.280967869154581	0.56116631347329	0.000335188817510092	0.0088151634570102	NA	"prevalence"	18	7
"OTU_1081"	"Geese"	"low"	"Geeselow"	-1.55814459916696	0	2.02356433823224	0.441299875469682	0.687618842388719	0.00988213659026163	0.0909787340980044	NA	"prevalence"	18	15
"OTU_1233"	"Geese"	"low"	"Geeselow"	-1.55814459916695	0	2.02356433823224	0.441299875469682	0.687618842388719	0.00903113970552443	0.0845838560731693	NA	"prevalence"	18	17
"OTU_1395"	"Geese"	"low"	"Geeselow"	-1.55814459916695	0	2.02356433823224	0.441299875469682	0.687618842388719	0.00266291613246621	0.0361204956275275	NA	"prevalence"	18	16
"OTU_1704"	"Geese"	"high"	"Geesehigh"	1.55814459916695	0	2.02356433823224	0.441299875469682	0.687618842388719	0.00980455177242832	0.0904569200837896	NA	"prevalence"	18	17
"OTU_1747"	"Geese"	"high"	"Geesehigh"	-1.55814459916695	0	2.02356433823224	0.441299875469682	0.687618842388719	0.00142767685327181	0.023759837477335	NA	"prevalence"	18	17
"OTU_1771"	"Geese"	"low"	"Geeselow"	-1.55814459916696	0	2.02356433823224	0.441299875469682	0.687618842388719	0.00137895224607644	0.0230415056847423	NA	"prevalence"	18	17
"OTU_1822"	"Geese"	"high"	"Geesehigh"	1.55814459916695	0	2.02356433823224	0.441299875469683	0.687618842388719	0.0107469658834878	0.0959796106870008	NA	"prevalence"	18	16
"OTU_1887"	"Geese"	"high"	"Geesehigh"	-1.55814459916695	0	2.02356433823225	0.441299875469683	0.687618842388719	0.00188702318184249	0.0283512128744182	NA	"prevalence"	18	14
"OTU_2030"	"Geese"	"low"	"Geeselow"	-1.55814459916695	0	2.02356433823224	0.441299875469682	0.687618842388719	0.00760693031605764	0.0739332038140352	NA	"prevalence"	18	17
"OTU_215"	"Geese"	"low"	"Geeselow"	-1.55814459916695	0	2.02356433823224	0.441299875469682	0.687618842388719	0.00021382597852465	0.00655166718872349	NA	"prevalence"	18	17
"OTU_2234"	"Geese"	"low"	"Geeselow"	-1.55814459916695	0	2.02356433823224	0.441299875469682	0.687618842388719	0.01110411885423	0.0977569120696911	NA	"prevalence"	18	17
"OTU_2379"	"Geese"	"low"	"Geeselow"	-1.55814459916695	0	2.02356433823224	0.441299875469682	0.687618842388719	0.00264377055941458	0.0359735698446128	NA	"prevalence"	18	17
"OTU_262"	"Geese"	"low"	"Geeselow"	-1.55814459916695	0	2.02356433823224	0.441299875469682	0.687618842388719	0.000932908971348257	0.0175127857658304	NA	"prevalence"	18	17
"OTU_2754"	"Geese"	"high"	"Geesehigh"	1.55814459916695	0	2.02356433823224	0.441299875469682	0.687618842388719	0.0106243301220989	0.095551157611717	NA	"prevalence"	18	14
"OTU_3074"	"Geese"	"high"	"Geesehigh"	1.55814459916695	0	2.02356433823224	0.441299875469683	0.687618842388719	0.0075604419871378	0.0736802533296065	NA	"prevalence"	18	15
"OTU_383"	"Geese"	"low"	"Geeselow"	-1.55814459916695	0	2.02356433823224	0.441299875469682	0.687618842388719	0.00145255385103733	0.0240812280208372	NA	"prevalence"	18	17
"OTU_474"	"Geese"	"high"	"Geesehigh"	1.55814459916695	0	2.02356433823224	0.441299875469682	0.687618842388719	0.00707751462989176	0.0707261104007891	NA	"prevalence"	18	16
"OTU_539"	"Geese"	"high"	"Geesehigh"	1.55814459916695	0	2.02356433823224	0.441299875469682	0.687618842388719	0.00996970375006853	0.0915352287965793	NA	"prevalence"	18	16
"OTU_5392"	"Geese"	"low"	"Geeselow"	-1.55814459916696	0	2.02356433823224	0.441299875469682	0.687618842388719	0.00954889839840081	0.0884755532545617	NA	"prevalence"	18	17
"OTU_559"	"Geese"	"low"	"Geeselow"	-1.55814459916696	0	2.02356433823224	0.441299875469682	0.687618842388719	0.00272048005168389	0.0366143613798949	NA	"prevalence"	18	17
"OTU_600"	"Geese"	"low"	"Geeselow"	-1.55814459916695	0	2.02356433823224	0.441299875469682	0.687618842388719	0.000286572203749701	0.00797426318729875	NA	"prevalence"	18	17
"OTU_651"	"Geese"	"high"	"Geesehigh"	1.55814459916696	0	2.02356433823224	0.441299875469682	0.687618842388719	0.0106571481996752	0.095551157611717	NA	"prevalence"	18	16
"OTU_671"	"Geese"	"low"	"Geeselow"	-1.55814459916695	0	2.02356433823224	0.441299875469682	0.687618842388719	0.00835568546100999	0.0799890508623678	NA	"prevalence"	18	17
"OTU_818"	"Geese"	"low"	"Geeselow"	-1.55814459916696	0	2.02356433823224	0.441299875469682	0.687618842388719	0.0103861670394296	0.0941171618421191	NA	"prevalence"	18	17
"OTU_867"	"Geese"	"low"	"Geeselow"	-1.55814459916695	0	2.02356433823224	0.441299875469682	0.687618842388719	0.00918452332272308	0.0858054470021097	NA	"prevalence"	18	17
"OTU_892"	"Geese"	"low"	"Geeselow"	-1.55814459916695	0	2.02356433823225	0.441299875469683	0.687618842388719	0.00193322041439979	0.0289447914640411	NA	"prevalence"	18	15
"OTU_895"	"Geese"	"high"	"Geesehigh"	1.55814459916695	0	2.02356433823224	0.441299875469683	0.687618842388719	0.00895887365397089	0.0841803394152705	NA	"prevalence"	18	17
"OTU_964"	"Geese"	"low"	"Geeselow"	-1.55814459916696	0	2.02356433823224	0.441299875469682	0.687618842388719	0.000092896188883329	0.00386231642378154	NA	"prevalence"	18	17
"OTU_1405"	"Geese"	"low"	"Geeselow"	-0.767255152713667	0	1.26366160792384	0.543739289004222	0.757589589993522	0.00793462863568987	0.0764657864290202	NA	"prevalence"	18	15
"OTU_1564"	"Geese"	"low"	"Geeselow"	-0.619039208406224	0	1.12220348392823	0.581203037983511	0.757589589993522	0.000170651474248466	0.00561527702717197	NA	"prevalence"	18	13
"OTU_1705"	"Geese"	"low"	"Geeselow"	-0.619039208406223	0	1.12220348392823	0.581203037983512	0.757589589993522	0.00377230111476927	0.0453409636766851	NA	"prevalence"	18	11
"OTU_2009"	"Geese"	"high"	"Geesehigh"	0.619039208406215	0	1.12220346317865	0.581203030993988	0.757589589993522	0.0108477159028656	0.0964811237650557	NA	"prevalence"	18	11
"OTU_2315"	"Geese"	"low"	"Geeselow"	0.767255152713676	0	1.2636615865337	0.543739282184289	0.757589589993522	0.0114669732516171	0.0997671207098943	NA	"prevalence"	18	14
"OTU_2381"	"Geese"	"low"	"Geeselow"	-0.619039208406215	0	1.12220346317864	0.581203030993989	0.757589589993522	0.00661699027635762	0.0676872740562634	NA	"prevalence"	18	10
"OTU_2559"	"Geese"	"low"	"Geeselow"	-0.619039208406215	0	1.12220346317864	0.581203030993988	0.757589589993522	0.00739036165254286	0.0723486309288529	NA	"prevalence"	18	9
"OTU_3157"	"Geese"	"low"	"Geeselow"	-0.767255152713675	0	1.2636615865337	0.54373928218429	0.757589589993522	0.0033405419460622	0.0415359913810665	NA	"prevalence"	18	14
"OTU_3563"	"Geese"	"high"	"Geesehigh"	-0.619039208406215	0	1.12220346317864	0.581203030993988	0.757589589993522	0.00440157514611165	0.050706801986327	NA	"prevalence"	18	11
"OTU_3789"	"Geese"	"high"	"Geesehigh"	-0.619039208406216	0	1.12220346317864	0.581203030993988	0.757589589993522	0.00155035297416734	0.024926194833263	NA	"prevalence"	18	7
"OTU_4801"	"Geese"	"high"	"Geesehigh"	-0.767255152713676	0	1.2636615865337	0.543739282184289	0.757589589993522	0.0100904528783495	0.0924050573642713	NA	"prevalence"	18	11
"OTU_5227"	"Geese"	"low"	"Geeselow"	-0.619039208406216	0	1.12220346317865	0.581203030993988	0.757589589993522	0.00519293024138864	0.0566703887881177	NA	"prevalence"	18	8
"OTU_630"	"Geese"	"low"	"Geeselow"	-0.767255152713667	0	1.26366160792384	0.543739289004222	0.757589589993522	0.000155504350698054	0.00527211406093988	NA	"prevalence"	18	15
"OTU_1053"	"Geese"	"high"	"Geesehigh"	0.0000000000000010126248980983	0	2.51289181261959	1	1	0.0102640251513994	0.0935983916335195	NA	"prevalence"	18	17
"OTU_1126"	"Geese"	"low"	"Geeselow"	0.00000000000000349909549960888	0	2.5128918126196	0.999999999999999	1	0.00610622942217382	0.0634817403922277	NA	"prevalence"	18	13
"OTU_1143"	"Geese"	"high"	"Geesehigh"	-0.0000000000000000315499866257103	0	2.5128918126196	1	1	0.00000411822678290821	0.00056356372509613	NA	"prevalence"	18	16
"OTU_1158"	"Geese"	"low"	"Geeselow"	0.00000000000000427270008630927	0	2.51289181261959	0.999999999999999	1	0.0013148325261538	0.0223547361126424	NA	"prevalence"	18	14
"OTU_1258"	"Geese"	"high"	"Geesehigh"	-0.000000000000000119270430921077	0	2.5128918126196	1	1	0.00667476141585728	0.0679539432078531	NA	"prevalence"	18	16
"OTU_1272"	"Geese"	"low"	"Geeselow"	0	0	1.14833850352643	1	1	0.00754448748259205	0.0736076602867549	NA	"prevalence"	18	14
"OTU_1274"	"Geese"	"high"	"Geesehigh"	-0.000000000000000798017826526131	0	2.5128918126196	1	1	0.00261569020344138	0.0357601627497341	NA	"prevalence"	18	17
"OTU_1296"	"Geese"	"high"	"Geesehigh"	-0.000000000000000119270430921077	0	2.5128918126196	1	1	0.00947136774118065	0.0878512501952598	NA	"prevalence"	18	16
"OTU_1325"	"Geese"	"high"	"Geesehigh"	-0.0000000000000000315499866257103	0	2.5128918126196	1	1	0.0099015687623114	0.0910607609660391	NA	"prevalence"	18	16
"OTU_1399"	"Geese"	"high"	"Geesehigh"	-0.00000000000000150538156673079	0	2.5128918126196	1	1	0.00227018927199913	0.0324730875369926	NA	"prevalence"	18	15
"OTU_1403"	"Geese"	"low"	"Geeselow"	0.00000000000000349909549960888	0	2.5128918126196	0.999999999999999	1	0.00575936389717434	0.0604937309807535	NA	"prevalence"	18	13
"OTU_1438"	"Geese"	"high"	"Geesehigh"	-0.000000000000000119270430921077	0	2.5128918126196	1	1	0.00248629937214298	0.0345923388529347	NA	"prevalence"	18	16
"OTU_1471"	"Geese"	"high"	"Geesehigh"	0.0000000000000010126248980983	0	2.51289181261959	1	1	0.00463499538949852	0.0522281902353128	NA	"prevalence"	18	17
"OTU_1608"	"Geese"	"high"	"Geesehigh"	-0.0000000000000000315499866257103	0	2.5128918126196	1	1	0.0104451276930168	0.0945524425265354	NA	"prevalence"	18	16
"OTU_1671"	"Geese"	"high"	"Geesehigh"	0.000000000000000494772679146489	0	2.5128918126196	1	1	0.0000509758691720967	0.00280984185869634	NA	"prevalence"	18	16
"OTU_1743"	"Geese"	"high"	"Geesehigh"	0.0000000000000010126248980983	0	2.51289181261959	1	1	0.002774872760615	0.0370582544295714	NA	"prevalence"	18	17
"OTU_1771"	"Geese"	"high"	"Geesehigh"	-0.000000000000000798017826526131	0	2.5128918126196	1	1	0.000765231485968097	0.0153743626476744	NA	"prevalence"	18	17
"OTU_1817"	"Geese"	"high"	"Geesehigh"	0.00000000000000244552592481138	0	2.5128918126196	0.999999999999999	1	0.0105834535333212	0.0953683744486777	NA	"prevalence"	18	13
"OTU_1827"	"Geese"	"low"	"Geeselow"	-0.00000000000000012186071285841	0	1.14833850352643	1	1	0.00919131608169121	0.0858054470021097	NA	"prevalence"	18	14
"OTU_197"	"Geese"	"high"	"Geesehigh"	0.0000000000000010126248980983	0	2.51289181261959	1	1	0.0106455896272467	0.095551157611717	NA	"prevalence"	18	17
"OTU_2000"	"Geese"	"high"	"Geesehigh"	0.000000000000000162741768589133	0	1.36930638829352	1	1	0.0102337543782488	0.0934207915499633	NA	"prevalence"	18	14
"OTU_2205"	"Geese"	"high"	"Geesehigh"	0.000000000000000705038122226726	0	1.36930639376292	1	1	0.00850175817310567	0.0807620364764615	NA	"prevalence"	18	16
"OTU_2379"	"Geese"	"high"	"Geesehigh"	0.0000000000000010126248980983	0	2.51289181261959	1	1	0.00736123647630664	0.0721480230047779	NA	"prevalence"	18	17
"OTU_2620"	"Geese"	"high"	"Geesehigh"	-0.00000000000000196985017654135	0	2.5128918126196	0.999999999999999	1	0.00571615734401055	0.0602528936115314	NA	"prevalence"	18	17
"OTU_265"	"Geese"	"high"	"Geesehigh"	0.0000000000000010126248980983	0	2.51289181261959	1	1	0.00975811556208898	0.0901245806556222	NA	"prevalence"	18	17
"OTU_2747"	"Geese"	"low"	"Geeselow"	-0.000000000000000357644464823506	0	1.36930639376292	1	1	0.00894135910591349	0.0841070888071472	NA	"prevalence"	18	16
"OTU_2765"	"Geese"	"high"	"Geesehigh"	-0.0000000000000000855503765022083	0	2.51289181261959	1	1	0.000271244578971405	0.00772154798163992	NA	"prevalence"	18	17
"OTU_283"	"Geese"	"high"	"Geesehigh"	0.0000000000000010126248980983	0	2.51289181261959	1	1	0.0000255607463892454	0.00182812148142587	NA	"prevalence"	18	17
"OTU_2941"	"Geese"	"high"	"Geesehigh"	0.0000000000000010126248980983	0	2.51289181261959	1	1	0.000273387885604105	0.00773169530071216	NA	"prevalence"	18	17
"OTU_3408"	"Geese"	"high"	"Geesehigh"	0.0000000000000010126248980983	0	2.51289181261959	1	1	0.0000300977882325931	0.00202802689781888	NA	"prevalence"	18	17
"OTU_3435"	"Geese"	"high"	"Geesehigh"	0.000000000000000748141815380093	0	2.51289181261959	1	1	0.000562755416408562	0.0124554613135542	NA	"prevalence"	18	17
"OTU_346"	"Geese"	"high"	"Geesehigh"	0.0000000000000010126248980983	0	2.51289181261959	1	1	0.0000208010124831791	0.00154096129612741	NA	"prevalence"	18	17
"OTU_360"	"Geese"	"high"	"Geesehigh"	0.0000000000000010126248980983	0	2.51289181261959	1	1	0.00581044060065124	0.0609497611612556	NA	"prevalence"	18	17
"OTU_4004"	"Geese"	"high"	"Geesehigh"	0.000000000000000481224710240563	0	1.09544511501033	1	1	0.0103828939629488	0.0941171618421191	NA	"prevalence"	18	7
"OTU_408"	"Geese"	"high"	"Geesehigh"	0.000000000000000748141815380093	0	2.51289181261959	1	1	0.00712712760576562	0.0709483395618314	NA	"prevalence"	18	17
"OTU_4084"	"Geese"	"high"	"Geesehigh"	0.0000000000000010126248980983	0	2.51289181261959	1	1	0.000871837242611687	0.0168412488784856	NA	"prevalence"	18	17
"OTU_4292"	"Geese"	"high"	"Geesehigh"	0.0000000000000010126248980983	0	2.51289181261959	1	1	0.00744109632015304	0.0727629915871236	NA	"prevalence"	18	17
"OTU_4332"	"Geese"	"high"	"Geesehigh"	0.0000000000000010738818830994	0	1.36921985568994	0.999999999999999	1	0.011430251943829	0.0997151212922339	NA	"prevalence"	18	15
"OTU_458"	"Geese"	"low"	"Geeselow"	-0.000000000000000426512495004434	0	1.14833850352643	1	1	0.00179053448419374	0.0272804320884025	NA	"prevalence"	18	14
"OTU_4820"	"Geese"	"high"	"Geesehigh"	0.0000000000000010126248980983	0	2.51289181261959	1	1	0.00735988432807977	0.0721480230047779	NA	"prevalence"	18	17
"OTU_511"	"Geese"	"high"	"Geesehigh"	0.0000000000000010126248980983	0	2.51289181261959	1	1	0.00345005170413982	0.0423499963796113	NA	"prevalence"	18	17
"OTU_5126"	"Geese"	"low"	"Geeselow"	-0.00000000000000131216081235333	0	2.51289181261959	1	1	0.00120054112188563	0.0209465380419319	NA	"prevalence"	18	17
"OTU_5355"	"Geese"	"high"	"Geesehigh"	0.0000000000000010126248980983	0	2.51289181261959	1	1	0.0000303669376192912	0.00202802689781888	NA	"prevalence"	18	17
"OTU_5392"	"Geese"	"high"	"Geesehigh"	-0.000000000000000798017826526131	0	2.5128918126196	1	1	0.000290453073988831	0.00805634904583123	NA	"prevalence"	18	17
"OTU_5532"	"Geese"	"high"	"Geesehigh"	-0.00000000000000196985017654135	0	2.5128918126196	0.999999999999999	1	0.00104622269444836	0.0191012894467428	NA	"prevalence"	18	17
"OTU_559"	"Geese"	"high"	"Geesehigh"	-0.000000000000000798017826526131	0	2.5128918126196	1	1	0.000000375146144714758	0.000166645402123263	NA	"prevalence"	18	17
"OTU_574"	"Geese"	"high"	"Geesehigh"	-0.000000000000000798017826526131	0	2.5128918126196	1	1	0.0110927428623363	0.0977562084833591	NA	"prevalence"	18	17
"OTU_586"	"Geese"	"high"	"Geesehigh"	-0.0000000000000000315499866257103	0	2.5128918126196	1	1	0.0000171509067951369	0.00137429580930662	NA	"prevalence"	18	16
"OTU_588"	"Geese"	"high"	"Geesehigh"	0.0000000000000010126248980983	0	2.51289181261959	1	1	0.000233414931580384	0.00694148734672387	NA	"prevalence"	18	17
"OTU_6052"	"Geese"	"high"	"Geesehigh"	0.0000000000000010126248980983	0	2.51289181261959	1	1	0.0000443722353979517	0.00262454235088839	NA	"prevalence"	18	17
"OTU_6102"	"Geese"	"high"	"Geesehigh"	0.00000000000000169016706138483	0	2.5128918126196	0.999999999999999	1	0.00535637808239311	0.0579426199062874	NA	"prevalence"	18	15
"OTU_616"	"Geese"	"high"	"Geesehigh"	-0.000000000000000119270430921077	0	2.5128918126196	1	1	0.00523399604681102	0.0570466017494994	NA	"prevalence"	18	16
"OTU_646"	"Geese"	"high"	"Geesehigh"	0.0000000000000010126248980983	0	2.51289181261959	1	1	0.00129607611414895	0.0221664875332905	NA	"prevalence"	18	17
"OTU_659"	"Geese"	"high"	"Geesehigh"	0.0000000000000010126248980983	0	2.51289181261959	1	1	0.00539168335624882	0.0581790869887497	NA	"prevalence"	18	17
"OTU_697"	"Geese"	"high"	"Geesehigh"	-0.00000000000000196985017654135	0	2.5128918126196	0.999999999999999	1	0.000062349461670476	0.00311891468957399	NA	"prevalence"	18	17
"OTU_724"	"Geese"	"low"	"Geeselow"	-0.000000000000000724112540227994	0	1.14833846297174	0.999999999999999	1	0.000807723748907944	0.0159226453828003	NA	"prevalence"	18	12
"OTU_778"	"Geese"	"high"	"Geesehigh"	0.0000000000000010126248980983	0	2.51289181261959	1	1	0.000000602933235494693	0.000179923593792106	NA	"prevalence"	18	17
"OTU_779"	"Geese"	"high"	"Geesehigh"	-0.00000000000000196985017654135	0	2.5128918126196	0.999999999999999	1	0.0000559552688192182	0.00295266400220435	NA	"prevalence"	18	17
"OTU_811"	"Geese"	"high"	"Geesehigh"	-0.00000000000000162701442579786	0	2.5128918126196	0.999999999999999	1	0.00498725310827874	0.0552620850179824	NA	"prevalence"	18	15
"OTU_818"	"Geese"	"high"	"Geesehigh"	-0.00000000000000196985017654135	0	2.5128918126196	0.999999999999999	1	0.000131802937600859	0.00481275367931577	NA	"prevalence"	18	17
"OTU_820"	"Geese"	"high"	"Geesehigh"	-0.00000000000000196985017654135	0	2.5128918126196	0.999999999999999	1	0.000030464929132939	0.00202802689781888	NA	"prevalence"	18	17
"OTU_847"	"Geese"	"high"	"Geesehigh"	0.0000000000000010126248980983	0	2.51289181261959	1	1	0.0101239600895408	0.0926139012842349	NA	"prevalence"	18	17
"OTU_868"	"Geese"	"high"	"Geesehigh"	-0.0000000000000000855503765022083	0	2.51289181261959	1	1	0.000569600281762743	0.0125348915025917	NA	"prevalence"	18	17
"OTU_878"	"Geese"	"high"	"Geesehigh"	0.0000000000000010126248980983	0	2.51289181261959	1	1	0.00870818354299105	0.0821817016150976	NA	"prevalence"	18	17
"OTU_945"	"Geese"	"high"	"Geesehigh"	0.0000000000000010126248980983	0	2.51289181261959	1	1	0.000331187447655099	0.00879170604910193	NA	"prevalence"	18	17
"OTU_964"	"Geese"	"high"	"Geesehigh"	-0.000000000000000798017826526131	0	2.5128918126196	1	1	0.00000540489636005159	0.000648111589701382	NA	"prevalence"	18	17
"OTU_243"	"Geese"	"high"	"Geesehigh"	-4.33073332140673	0	2.02356433823224	0.0323425624655711	0.229206210903732	0.00682117326365705	0.0688000389553475	"Prevalence association possibly induced by stronger abundance association"	"prevalence"	18	13
"OTU_256"	"Geese"	"high"	"Geesehigh"	-4.33073332140673	0	2.02356433823224	0.0323425624655711	0.229206210903732	0.00420921026452925	0.0487344597349101	"Prevalence association possibly induced by stronger abundance association"	"prevalence"	18	13
"OTU_196"	"Geese"	"high"	"Geesehigh"	-3.56347816869307	0	1.9536256781446	0.0681470476674242	0.315982424619241	0.000108411772994477	0.00426811435872667	"Prevalence association possibly induced by stronger abundance association"	"prevalence"	18	14
"OTU_472"	"Geese"	"high"	"Geesehigh"	-3.56347816869307	0	1.9536256781446	0.0681470476674243	0.315982424619241	0.00019801181536605	0.00625399361378759	"Prevalence association possibly induced by stronger abundance association"	"prevalence"	18	13
"OTU_524"	"Geese"	"high"	"Geesehigh"	-3.56347816869307	0	1.9536256781446	0.0681470476674243	0.315982424619241	0.000138782830325201	0.0049424963524045	"Prevalence association possibly induced by stronger abundance association"	"prevalence"	18	13
"OTU_617"	"Geese"	"high"	"Geesehigh"	-3.56347816869307	0	1.9536256781446	0.068147047667424	0.315982424619241	0.00223965170800855	0.0321959233905415	"Prevalence association possibly induced by stronger abundance association"	"prevalence"	18	11
"OTU_716"	"Geese"	"high"	"Geesehigh"	-3.56347816869307	0	1.9536256781446	0.0681470476674244	0.315982424619241	0.00117915199977103	0.0206566425223047	"Prevalence association possibly induced by stronger abundance association"	"prevalence"	18	13
"OTU_731"	"Geese"	"high"	"Geesehigh"	3.56347816869307	0	1.9536256781446	0.0681470476674246	0.315982424619241	0.0013108438818803	0.0223307932161262	"Prevalence association possibly induced by stronger abundance association"	"prevalence"	18	13
"OTU_750"	"Geese"	"high"	"Geesehigh"	-3.56347816869307	0	1.9536256781446	0.0681470476674245	0.315982424619241	0.0000396307951799901	0.00244974929634025	"Prevalence association possibly induced by stronger abundance association"	"prevalence"	18	13
"OTU_771"	"Geese"	"high"	"Geesehigh"	-3.56347816869307	0	1.9536256781446	0.0681470476674242	0.315982424619241	0.00709990181102071	0.0708379396287162	"Prevalence association possibly induced by stronger abundance association"	"prevalence"	18	12
"OTU_798"	"Geese"	"high"	"Geesehigh"	-3.56347816869307	0	1.9536256781446	0.0681470476674243	0.315982424619241	0.00575997623389657	0.0604937309807535	"Prevalence association possibly induced by stronger abundance association"	"prevalence"	18	14
"OTU_936"	"Geese"	"high"	"Geesehigh"	3.56347816869307	0	1.9536256781446	0.0681470476674243	0.315982424619241	0.0000174077598379396	0.00137548557966581	"Prevalence association possibly induced by stronger abundance association"	"prevalence"	18	13
"OTU_1003"	"Geese"	"low"	"Geeselow"	2.94443896028685	0	1.93837886672479	0.128757111980885	0.397134962011673	0.0016684439414707	0.0260090330706827	"Prevalence association possibly induced by stronger abundance association"	"prevalence"	18	15
"OTU_1007"	"Geese"	"high"	"Geesehigh"	-2.94443896028685	0	1.93837886672479	0.128757111980885	0.397134962011673	0.00542783996056007	0.0583687725305821	"Prevalence association possibly induced by stronger abundance association"	"prevalence"	18	11
"OTU_1035"	"Geese"	"high"	"Geesehigh"	-2.94443896028685	0	1.93837886672479	0.128757111980885	0.397134962011673	0.00169715518772806	0.026180358279142	"Prevalence association possibly induced by stronger abundance association"	"prevalence"	18	12
"OTU_1205"	"Geese"	"low"	"Geeselow"	2.94443896028685	0	1.9383788667248	0.128757111980885	0.397134962011673	0.00513086983082101	0.0563484105532043	"Prevalence association possibly induced by stronger abundance association"	"prevalence"	18	14
"OTU_1215"	"Geese"	"high"	"Geesehigh"	2.94443896028685	0	1.93837886672479	0.128757111980885	0.397134962011673	0.000746041923893825	0.0151200159470191	"Prevalence association possibly induced by stronger abundance association"	"prevalence"	18	13
"OTU_1610"	"Geese"	"high"	"Geesehigh"	2.94443896028685	0	1.93837886672479	0.128757111980885	0.397134962011673	0.000835319002860935	0.0162446082039518	"Prevalence association possibly induced by stronger abundance association"	"prevalence"	18	12
"OTU_3257"	"Geese"	"high"	"Geesehigh"	-2.94443896028685	0	1.9383788667248	0.128757111980886	0.397134962011673	0.000703088885495529	0.0144869790835198	"Prevalence association possibly induced by stronger abundance association"	"prevalence"	18	14
"OTU_370"	"Geese"	"high"	"Geesehigh"	-2.94443896028685	0	1.93837886672479	0.128757111980885	0.397134962011673	0.00000206232162436315	0.000405621166755425	"Prevalence association possibly induced by stronger abundance association"	"prevalence"	18	14
"OTU_416"	"Geese"	"high"	"Geesehigh"	2.94443896028684	0	1.93837886672479	0.128757111980885	0.397134962011673	0.00134962780019388	0.0228174066222953	"Prevalence association possibly induced by stronger abundance association"	"prevalence"	18	14
"OTU_436"	"Geese"	"high"	"Geesehigh"	-2.94443896028685	0	1.9383788667248	0.128757111980885	0.397134962011673	0.000109104257004278	0.00427234497789602	"Prevalence association possibly induced by stronger abundance association"	"prevalence"	18	13
"OTU_452"	"Geese"	"high"	"Geesehigh"	-2.94443896028685	0	1.9383788667248	0.128757111980885	0.397134962011673	0.0017519270597437	0.0268815191046488	"Prevalence association possibly induced by stronger abundance association"	"prevalence"	18	14
"OTU_463"	"Geese"	"high"	"Geesehigh"	2.94443896028685	0	1.9383788667248	0.128757111980885	0.397134962011673	0.00136505354123795	0.0229382006715985	"Prevalence association possibly induced by stronger abundance association"	"prevalence"	18	15
"OTU_4901"	"Geese"	"high"	"Geesehigh"	2.94443896028685	0	1.9383788667248	0.128757111980885	0.397134962011673	0.0000754543560952392	0.00349188234036471	"Prevalence association possibly induced by stronger abundance association"	"prevalence"	18	15
"OTU_4901"	"Geese"	"low"	"Geeselow"	2.94443896028685	0	1.9383788667248	0.128757111980885	0.397134962011673	0.00066589186872168	0.0139869617279549	"Prevalence association possibly induced by stronger abundance association"	"prevalence"	18	15
"OTU_4946"	"Geese"	"high"	"Geesehigh"	2.94443896028684	0	1.93837886672479	0.128757111980885	0.397134962011673	0.0000610527538453809	0.00308976919168378	"Prevalence association possibly induced by stronger abundance association"	"prevalence"	18	14
"OTU_5269"	"Geese"	"high"	"Geesehigh"	-2.94443896028685	0	1.93837886672479	0.128757111980885	0.397134962011673	0.0000000894471139378794	0.0000909052609327314	"Prevalence association possibly induced by stronger abundance association"	"prevalence"	18	12
"OTU_547"	"Geese"	"high"	"Geesehigh"	2.94443896028685	0	1.93837886672479	0.128757111980885	0.397134962011673	0.000000378368051556777	0.000166645402123263	"Prevalence association possibly induced by stronger abundance association"	"prevalence"	18	14
"OTU_582"	"Geese"	"high"	"Geesehigh"	-2.94443896028685	0	1.9383788667248	0.128757111980885	0.397134962011673	0.00450719478996298	0.0514581315466222	"Prevalence association possibly induced by stronger abundance association"	"prevalence"	18	15
"OTU_5824"	"Geese"	"high"	"Geesehigh"	2.94443896028684	0	1.93837886672479	0.128757111980885	0.397134962011673	0.00010850302275478	0.00426811435872667	"Prevalence association possibly induced by stronger abundance association"	"prevalence"	18	14
"OTU_614"	"Geese"	"high"	"Geesehigh"	-2.94443896028685	0	1.93837886672479	0.128757111980885	0.397134962011673	0.00158135187934594	0.0251883782824436	"Prevalence association possibly induced by stronger abundance association"	"prevalence"	18	12
"OTU_617"	"Geese"	"low"	"Geeselow"	-2.94443896028685	0	1.93837886672479	0.128757111980885	0.397134962011673	0.00640723308808844	0.0660097561241873	"Prevalence association possibly induced by stronger abundance association"	"prevalence"	18	11
"OTU_649"	"Geese"	"high"	"Geesehigh"	-2.94443896028685	0	1.9383788667248	0.128757111980886	0.397134962011673	0.0041197343837418	0.0479003148482102	"Prevalence association possibly induced by stronger abundance association"	"prevalence"	18	13
"OTU_661"	"Geese"	"high"	"Geesehigh"	2.94443896028685	0	1.93837886672479	0.128757111980885	0.397134962011673	0.000000519924411523931	0.000166645402123263	"Prevalence association possibly induced by stronger abundance association"	"prevalence"	18	13
"OTU_704"	"Geese"	"high"	"Geesehigh"	-2.94443896028685	0	1.9383788667248	0.128757111980885	0.397134962011673	0.0000487397462882733	0.00275682198940338	"Prevalence association possibly induced by stronger abundance association"	"prevalence"	18	14
"OTU_726"	"Geese"	"high"	"Geesehigh"	-2.94443896028685	0	1.93837886672479	0.128757111980885	0.397134962011673	0.00169392020140302	0.026180358279142	"Prevalence association possibly induced by stronger abundance association"	"prevalence"	18	15
"OTU_921"	"Geese"	"high"	"Geesehigh"	2.94443896028685	0	1.93837886672479	0.128757111980885	0.397134962011673	0.000263468918764054	0.00754986762577524	"Prevalence association possibly induced by stronger abundance association"	"prevalence"	18	14
"OTU_966"	"Geese"	"high"	"Geesehigh"	2.94443896028685	0	1.93837886672479	0.128757111980885	0.397134962011673	0.000605894571785059	0.0129787416441285	"Prevalence association possibly induced by stronger abundance association"	"prevalence"	18	15
"OTU_1034"	"Geese"	"high"	"Geesehigh"	-2.32539975188062	0	1.9536256781446	0.233928680350775	0.55201125926429	0.00410519328672132	0.0478791680637282	"Prevalence association possibly induced by stronger abundance association"	"prevalence"	18	16
"OTU_1088"	"Geese"	"high"	"Geesehigh"	2.32539975188062	0	1.9536256781446	0.233928680350774	0.55201125926429	0.0000853585669938761	0.00369346519382502	"Prevalence association possibly induced by stronger abundance association"	"prevalence"	18	15
"OTU_1179"	"Geese"	"high"	"Geesehigh"	-2.32539975188062	0	1.9536256781446	0.233928680350774	0.55201125926429	0.000357840321036029	0.00908262210118143	"Prevalence association possibly induced by stronger abundance association"	"prevalence"	18	16
"OTU_1462"	"Geese"	"high"	"Geesehigh"	2.32539975188062	0	1.9536256781446	0.233928680350775	0.55201125926429	0.0000296589625207178	0.00202802689781888	"Prevalence association possibly induced by stronger abundance association"	"prevalence"	18	15
"OTU_1734"	"Geese"	"high"	"Geesehigh"	2.32539975188062	0	1.9536256781446	0.233928680350775	0.55201125926429	0.000031780809851889	0.00209947426304006	"Prevalence association possibly induced by stronger abundance association"	"prevalence"	18	14
"OTU_3019"	"Geese"	"high"	"Geesehigh"	2.32539975188062	0	1.9536256781446	0.233928680350774	0.55201125926429	0.000201890135237415	0.00635329901943486	"Prevalence association possibly induced by stronger abundance association"	"prevalence"	18	16
"OTU_3842"	"Geese"	"high"	"Geesehigh"	2.32539975188062	0	1.9536256781446	0.233928680350775	0.55201125926429	0.00000678877275495093	0.000753205633606992	"Prevalence association possibly induced by stronger abundance association"	"prevalence"	18	16
"OTU_436"	"Geese"	"low"	"Geeselow"	-2.32539975188062	0	1.9536256781446	0.233928680350775	0.55201125926429	0.00463183929125377	0.0522281902353128	"Prevalence association possibly induced by stronger abundance association"	"prevalence"	18	13
"OTU_4528"	"Geese"	"high"	"Geesehigh"	-2.32539975188062	0	1.9536256781446	0.233928680350775	0.55201125926429	0.000184586196460668	0.00591632942285414	"Prevalence association possibly induced by stronger abundance association"	"prevalence"	18	16
"OTU_4551"	"Geese"	"high"	"Geesehigh"	-2.32539975188062	0	1.9536256781446	0.233928680350774	0.55201125926429	0.0067443055858053	0.0681836688546251	"Prevalence association possibly induced by stronger abundance association"	"prevalence"	18	15
"OTU_458"	"Geese"	"high"	"Geesehigh"	2.32539975188062	0	1.9536256781446	0.233928680350775	0.55201125926429	0.0000000891650464573956	0.0000909052609327314	"Prevalence association possibly induced by stronger abundance association"	"prevalence"	18	14
"OTU_4961"	"Geese"	"high"	"Geesehigh"	-2.32539975188063	0	1.9536256781446	0.233928680350775	0.55201125926429	0.0018834235524654	0.0283463433444097	"Prevalence association possibly induced by stronger abundance association"	"prevalence"	18	14
"OTU_497"	"Geese"	"high"	"Geesehigh"	-2.32539975188062	0	1.9536256781446	0.233928680350774	0.55201125926429	0.0000177666214870031	0.00137734982393983	"Prevalence association possibly induced by stronger abundance association"	"prevalence"	18	15
"OTU_5087"	"Geese"	"high"	"Geesehigh"	-2.32539975188062	0	1.9536256781446	0.233928680350775	0.55201125926429	0.000256260702078848	0.00741699035381387	"Prevalence association possibly induced by stronger abundance association"	"prevalence"	18	15
"OTU_528"	"Geese"	"high"	"Geesehigh"	-2.32539975188062	0	1.9536256781446	0.233928680350775	0.55201125926429	0.0000208334263516186	0.00154096129612741	"Prevalence association possibly induced by stronger abundance association"	"prevalence"	18	15
"OTU_5300"	"Geese"	"high"	"Geesehigh"	2.32539975188062	0	1.9536256781446	0.233928680350774	0.55201125926429	0.0000657955160989765	0.00319884492314912	"Prevalence association possibly induced by stronger abundance association"	"prevalence"	18	16
"OTU_5300"	"Geese"	"low"	"Geeselow"	2.32539975188062	0	1.9536256781446	0.233928680350775	0.55201125926429	0.00442847349461495	0.05076027764556	"Prevalence association possibly induced by stronger abundance association"	"prevalence"	18	16
"OTU_5758"	"Geese"	"high"	"Geesehigh"	-2.32539975188062	0	1.9536256781446	0.233928680350775	0.55201125926429	0.00113131649419718	0.0200212943574281	"Prevalence association possibly induced by stronger abundance association"	"prevalence"	18	14
"OTU_5758"	"Geese"	"low"	"Geeselow"	-2.32539975188062	0	1.9536256781446	0.233928680350775	0.55201125926429	0.00311362509031232	0.0398248715416592	"Prevalence association possibly induced by stronger abundance association"	"prevalence"	18	14
"OTU_585"	"Geese"	"high"	"Geesehigh"	-2.32539975188062	0	1.9536256781446	0.233928680350775	0.55201125926429	0.0000879048369473168	0.00372906107324549	"Prevalence association possibly induced by stronger abundance association"	"prevalence"	18	15
"OTU_607"	"Geese"	"high"	"Geesehigh"	2.32539975188062	0	1.9536256781446	0.233928680350775	0.55201125926429	0.000528943736689547	0.0119829295741134	"Prevalence association possibly induced by stronger abundance association"	"prevalence"	18	15
"OTU_6164"	"Geese"	"high"	"Geesehigh"	-2.32539975188062	0	1.9536256781446	0.233928680350774	0.55201125926429	0.000676301928344891	0.0141369973137601	"Prevalence association possibly induced by stronger abundance association"	"prevalence"	18	15
"OTU_632"	"Geese"	"high"	"Geesehigh"	-2.32539975188062	0	1.9536256781446	0.233928680350775	0.55201125926429	0.000587154828692316	0.012700451861841	"Prevalence association possibly induced by stronger abundance association"	"prevalence"	18	15
"OTU_640"	"Geese"	"high"	"Geesehigh"	2.32539975188062	0	1.9536256781446	0.233928680350775	0.55201125926429	0.0000828654924518446	0.00369036888413396	"Prevalence association possibly induced by stronger abundance association"	"prevalence"	18	15
"OTU_660"	"Geese"	"high"	"Geesehigh"	-2.32539975188062	0	1.9536256781446	0.233928680350774	0.55201125926429	0.00312685295559079	0.0398524086563809	"Prevalence association possibly induced by stronger abundance association"	"prevalence"	18	14
"OTU_660"	"Geese"	"low"	"Geeselow"	-2.32539975188062	0	1.9536256781446	0.233928680350775	0.55201125926429	0.00548871233201553	0.0588187206619762	"Prevalence association possibly induced by stronger abundance association"	"prevalence"	18	14
"OTU_676"	"Geese"	"high"	"Geesehigh"	-2.32539975188062	0	1.9536256781446	0.233928680350776	0.55201125926429	0.000487205491967901	0.0113071448944763	"Prevalence association possibly induced by stronger abundance association"	"prevalence"	18	14
"OTU_765"	"Geese"	"high"	"Geesehigh"	-2.32539975188062	0	1.9536256781446	0.233928680350775	0.55201125926429	0.00000264328740406938	0.000430995537489378	"Prevalence association possibly induced by stronger abundance association"	"prevalence"	18	16
"OTU_787"	"Geese"	"high"	"Geesehigh"	-2.32539975188062	0	1.9536256781446	0.233928680350775	0.55201125926429	0.000874206516658038	0.0168494057798634	"Prevalence association possibly induced by stronger abundance association"	"prevalence"	18	16
"OTU_791"	"Geese"	"high"	"Geesehigh"	2.32539975188062	0	1.9536256781446	0.233928680350775	0.55201125926429	0.00000151797837988354	0.000328414622487805	"Prevalence association possibly induced by stronger abundance association"	"prevalence"	18	16
"OTU_801"	"Geese"	"high"	"Geesehigh"	2.32539975188062	0	1.9536256781446	0.233928680350775	0.55201125926429	0.00000748547234008523	0.000799744168285155	"Prevalence association possibly induced by stronger abundance association"	"prevalence"	18	16
"OTU_801"	"Geese"	"low"	"Geeselow"	2.32539975188062	0	1.9536256781446	0.233928680350775	0.55201125926429	0.000141831125549441	0.00503035475616746	"Prevalence association possibly induced by stronger abundance association"	"prevalence"	18	16
"OTU_803"	"Geese"	"high"	"Geesehigh"	-2.32539975188062	0	1.9536256781446	0.233928680350775	0.55201125926429	0.00441932271131651	0.05076027764556	"Prevalence association possibly induced by stronger abundance association"	"prevalence"	18	15
"OTU_807"	"Geese"	"high"	"Geesehigh"	-2.32539975188062	0	1.9536256781446	0.233928680350775	0.55201125926429	0.0000638065987689229	0.00313933430378618	"Prevalence association possibly induced by stronger abundance association"	"prevalence"	18	15
"OTU_886"	"Geese"	"low"	"Geeselow"	-2.32539975188062	0	1.9536256781446	0.233928680350775	0.55201125926429	0.000345893376639927	0.00896215952527525	"Prevalence association possibly induced by stronger abundance association"	"prevalence"	18	10
"OTU_982"	"Geese"	"high"	"Geesehigh"	-2.32539975188062	0	1.9536256781446	0.233928680350775	0.55201125926429	0.000261951144933104	0.00753131298422285	"Prevalence association possibly induced by stronger abundance association"	"prevalence"	18	15
"OTU_1183"	"Geese"	"high"	"Geesehigh"	-1.38629434780562	0	1.23991189469566	0.263541900850171	0.55569391249541	0.00206799011635161	0.0303843573292137	"Prevalence association possibly induced by stronger abundance association"	"prevalence"	18	13
"OTU_1480"	"Geese"	"high"	"Geesehigh"	1.38629434780562	0	1.23991189469566	0.263541900850172	0.55569391249541	0.0000708704974721197	0.00336152981476893	"Prevalence association possibly induced by stronger abundance association"	"prevalence"	18	13
"OTU_1571"	"Geese"	"high"	"Geesehigh"	-1.38629436111989	0	1.23995967374376	0.263560295466926	0.55569391249541	0.0065692115127729	0.0674376707372914	"Prevalence association possibly induced by stronger abundance association"	"prevalence"	18	12
"OTU_1767"	"Geese"	"high"	"Geesehigh"	1.38629436111989	0	1.23995967374376	0.263560295466926	0.55569391249541	0.000662985858875254	0.0139598044348089	"Prevalence association possibly induced by stronger abundance association"	"prevalence"	18	12
"OTU_2517"	"Geese"	"low"	"Geeselow"	1.38629436111989	0	1.23995967676372	0.263560296629867	0.55569391249541	0.000249954383880313	0.00729960202027782	"Prevalence association possibly induced by stronger abundance association"	"prevalence"	18	10
"OTU_2718"	"Geese"	"high"	"Geesehigh"	1.38629434780562	0	1.23991189469566	0.263541900850171	0.55569391249541	0.00000720058719849703	0.000788783311592321	"Prevalence association possibly induced by stronger abundance association"	"prevalence"	18	11
"OTU_3020"	"Geese"	"high"	"Geesehigh"	-1.38629436111989	0	1.23995967374376	0.263560295466926	0.55569391249541	0.00202574512073483	0.0300399503687018	"Prevalence association possibly induced by stronger abundance association"	"prevalence"	18	10
"OTU_3118"	"Geese"	"high"	"Geesehigh"	-1.38629436111989	0	1.23995967374376	0.263560295466926	0.55569391249541	0.0029936532418362	0.0387250749698812	"Prevalence association possibly induced by stronger abundance association"	"prevalence"	18	10
"OTU_4804"	"Geese"	"high"	"Geesehigh"	1.38629434780562	0	1.23991189469566	0.263541900850172	0.55569391249541	0.00282528804670001	0.0373552296434806	"Prevalence association possibly induced by stronger abundance association"	"prevalence"	18	11
"OTU_4946"	"Geese"	"low"	"Geeselow"	1.38629436111989	0	1.23995967676372	0.263560296629867	0.55569391249541	0.000223011065648815	0.00672452181925033	"Prevalence association possibly induced by stronger abundance association"	"prevalence"	18	14
"OTU_547"	"Geese"	"low"	"Geeselow"	1.38629436111989	0	1.23995967676372	0.263560296629867	0.55569391249541	0.00169288259328415	0.026180358279142	"Prevalence association possibly induced by stronger abundance association"	"prevalence"	18	14
"OTU_5824"	"Geese"	"low"	"Geeselow"	1.38629436111989	0	1.23995967676372	0.263560296629867	0.55569391249541	0.00319454990886503	0.0402311396335954	"Prevalence association possibly induced by stronger abundance association"	"prevalence"	18	14
"OTU_921"	"Geese"	"low"	"Geeselow"	1.38629436111989	0	1.23995967676372	0.263560296629867	0.55569391249541	0.00169660370036295	0.026180358279142	"Prevalence association possibly induced by stronger abundance association"	"prevalence"	18	14
"OTU_1829"	"Geese"	"low"	"Geeselow"	1.23807841681245	0	1.14833850352643	0.280967886143935	0.56116631347329	0.00474212500871407	0.0530897151687084	"Prevalence association possibly induced by stronger abundance association"	"prevalence"	18	12
"OTU_4188"	"Geese"	"low"	"Geeselow"	1.23807841681243	0	1.14833846297174	0.280967869154581	0.56116631347329	0.0049750751107841	0.0551978205240072	"Prevalence association possibly induced by stronger abundance association"	"prevalence"	18	9
"OTU_1084"	"Geese"	"high"	"Geesehigh"	1.55814459916696	0	2.02356433823224	0.441299875469682	0.687618842388719	0.00355290364592642	0.0434277233783153	"Prevalence association possibly induced by stronger abundance association"	"prevalence"	18	16
"OTU_1099"	"Geese"	"high"	"Geesehigh"	1.55814459916695	0	2.02356433823225	0.441299875469683	0.687618842388719	0.00140101048918861	0.023360972588513	"Prevalence association possibly induced by stronger abundance association"	"prevalence"	18	17
"OTU_1100"	"Geese"	"high"	"Geesehigh"	-1.55814459916695	0	2.02356433823224	0.441299875469682	0.687618842388719	0.000603029630617202	0.0129494253681421	"Prevalence association possibly induced by stronger abundance association"	"prevalence"	18	16
"OTU_1107"	"Geese"	"high"	"Geesehigh"	1.55814459916695	0	2.02356433823224	0.441299875469683	0.687618842388719	0.000356166156703974	0.00908262210118143	"Prevalence association possibly induced by stronger abundance association"	"prevalence"	18	16
"OTU_1115"	"Geese"	"high"	"Geesehigh"	1.55814459916696	0	2.02356433823224	0.441299875469682	0.687618842388719	0.0000219613056166024	0.00160346806761642	"Prevalence association possibly induced by stronger abundance association"	"prevalence"	18	16
"OTU_1125"	"Geese"	"high"	"Geesehigh"	1.55814459916695	0	2.02356433823224	0.441299875469683	0.687618842388719	0.0000795553091693657	0.00362353497658785	"Prevalence association possibly induced by stronger abundance association"	"prevalence"	18	17
"OTU_1195"	"Geese"	"high"	"Geesehigh"	-1.55814459916695	0	2.02356433823224	0.441299875469682	0.687618842388719	0.00713254626979354	0.0709483395618314	"Prevalence association possibly induced by stronger abundance association"	"prevalence"	18	14
"OTU_1199"	"Geese"	"high"	"Geesehigh"	1.55814459916696	0	2.02356433823224	0.441299875469682	0.687618842388719	0.00127760226661744	0.0218938020105095	"Prevalence association possibly induced by stronger abundance association"	"prevalence"	18	16
"OTU_1211"	"Geese"	"high"	"Geesehigh"	-1.55814459916696	0	2.02356433823224	0.441299875469682	0.687618842388719	0.0036991846214165	0.0445859940302763	"Prevalence association possibly induced by stronger abundance association"	"prevalence"	18	17
"OTU_1224"	"Geese"	"high"	"Geesehigh"	-1.55814459916695	0	2.02356433823224	0.441299875469682	0.687618842388719	0.000101109674520372	0.00404727165654638	"Prevalence association possibly induced by stronger abundance association"	"prevalence"	18	16
"OTU_1224"	"Geese"	"low"	"Geeselow"	-1.55814459916695	0	2.02356433823224	0.441299875469682	0.687618842388719	0.00114719346935432	0.0202195769527338	"Prevalence association possibly induced by stronger abundance association"	"prevalence"	18	16
"OTU_1249"	"Geese"	"high"	"Geesehigh"	1.55814459916696	0	2.02356433823224	0.441299875469682	0.687618842388719	0.000354830846183152	0.00908262210118143	"Prevalence association possibly induced by stronger abundance association"	"prevalence"	18	14
"OTU_1262"	"Geese"	"high"	"Geesehigh"	-1.55814459916695	0	2.02356433823224	0.441299875469682	0.687618842388719	0.00014293244273933	0.00504872391618841	"Prevalence association possibly induced by stronger abundance association"	"prevalence"	18	17
"OTU_1311"	"Geese"	"high"	"Geesehigh"	1.55814459916695	0	2.02356433823224	0.441299875469683	0.687618842388719	0.000123446672835037	0.00464481524658439	"Prevalence association possibly induced by stronger abundance association"	"prevalence"	18	15
"OTU_1316"	"Geese"	"high"	"Geesehigh"	-1.55814459916696	0	2.02356433823224	0.441299875469682	0.687618842388719	0.00821035130551939	0.0789470891088498	"Prevalence association possibly induced by stronger abundance association"	"prevalence"	18	17
"OTU_1350"	"Geese"	"high"	"Geesehigh"	1.55814459916695	0	2.02356433823225	0.441299875469683	0.687618842388719	0.00104439191648986	0.0191012894467428	"Prevalence association possibly induced by stronger abundance association"	"prevalence"	18	16
"OTU_1389"	"Geese"	"high"	"Geesehigh"	1.55814459916695	0	2.02356433823224	0.441299875469683	0.687618842388719	0.000157785710860114	0.00527211406093988	"Prevalence association possibly induced by stronger abundance association"	"prevalence"	18	17
"OTU_1393"	"Geese"	"high"	"Geesehigh"	1.55814459916696	0	2.02356433823224	0.441299875469682	0.687618842388719	0.000727503132773588	0.0148837165745216	"Prevalence association possibly induced by stronger abundance association"	"prevalence"	18	16
"OTU_1408"	"Geese"	"high"	"Geesehigh"	1.55814459916695	0	2.02356433823224	0.441299875469683	0.687618842388719	0.00135266733510386	0.0228174066222953	"Prevalence association possibly induced by stronger abundance association"	"prevalence"	18	15
"OTU_1508"	"Geese"	"high"	"Geesehigh"	1.55814459916695	0	2.02356433823224	0.441299875469682	0.687618842388719	0.000983930197350324	0.0183116815653112	"Prevalence association possibly induced by stronger abundance association"	"prevalence"	18	15
"OTU_1534"	"Geese"	"high"	"Geesehigh"	1.55814459916695	0	2.02356433823224	0.441299875469683	0.687618842388719	0.00112883393474861	0.0200212943574281	"Prevalence association possibly induced by stronger abundance association"	"prevalence"	18	16
"OTU_1602"	"Geese"	"high"	"Geesehigh"	1.55814459916695	0	2.02356433823224	0.441299875469682	0.687618842388719	0.00360938516563636	0.0438702517182824	"Prevalence association possibly induced by stronger abundance association"	"prevalence"	18	16
"OTU_1609"	"Geese"	"high"	"Geesehigh"	1.55814459916696	0	2.02356433823224	0.441299875469682	0.687618842388719	0.00397658451492799	0.0468209012138597	"Prevalence association possibly induced by stronger abundance association"	"prevalence"	18	15
"OTU_1617"	"Geese"	"high"	"Geesehigh"	1.55814459916695	0	2.02356433823224	0.441299875469682	0.687618842388719	0.000996472574278151	0.0184262257645366	"Prevalence association possibly induced by stronger abundance association"	"prevalence"	18	17
"OTU_1684"	"Geese"	"high"	"Geesehigh"	-1.55814459916696	0	2.02356433823224	0.441299875469682	0.687618842388719	0.0000634970021438086	0.00313933430378618	"Prevalence association possibly induced by stronger abundance association"	"prevalence"	18	16
"OTU_1684"	"Geese"	"low"	"Geeselow"	-1.55814459916695	0	2.02356433823224	0.441299875469682	0.687618842388719	0.00621436896358984	0.0643358273434782	"Prevalence association possibly induced by stronger abundance association"	"prevalence"	18	16
"OTU_1688"	"Geese"	"low"	"Geeselow"	1.55814459916695	0	2.02356433823224	0.441299875469682	0.687618842388719	0.00456762997884708	0.051848315802113	"Prevalence association possibly induced by stronger abundance association"	"prevalence"	18	17
"OTU_1703"	"Geese"	"high"	"Geesehigh"	1.55814459916695	0	2.02356433823224	0.441299875469682	0.687618842388719	0.00386846478436231	0.04611252650671	"Prevalence association possibly induced by stronger abundance association"	"prevalence"	18	17
"OTU_1704"	"Geese"	"low"	"Geeselow"	1.55814459916695	0	2.02356433823224	0.441299875469683	0.687618842388719	0.00360052818929235	0.0438241504221322	"Prevalence association possibly induced by stronger abundance association"	"prevalence"	18	17
"OTU_172"	"Geese"	"high"	"Geesehigh"	-1.55814459916696	0	2.02356433823224	0.441299875469682	0.687618842388719	0.000182485721164305	0.00589265459311901	"Prevalence association possibly induced by stronger abundance association"	"prevalence"	18	17
"OTU_1742"	"Geese"	"high"	"Geesehigh"	-1.55814459916696	0	2.02356433823225	0.441299875469683	0.687618842388719	0.00859724972010634	0.0813546776716914	"Prevalence association possibly induced by stronger abundance association"	"prevalence"	18	16
"OTU_1789"	"Geese"	"high"	"Geesehigh"	-1.55814459916696	0	2.02356433823224	0.441299875469682	0.687618842388719	0.00161279751940357	0.0254692513374426	"Prevalence association possibly induced by stronger abundance association"	"prevalence"	18	16
"OTU_1820"	"Geese"	"high"	"Geesehigh"	1.55814459916695	0	2.02356433823224	0.441299875469682	0.687618842388719	0.0000385026098363994	0.0023971337088072	"Prevalence association possibly induced by stronger abundance association"	"prevalence"	18	17
"OTU_1879"	"Geese"	"high"	"Geesehigh"	1.55814459916696	0	2.02356433823224	0.441299875469682	0.687618842388719	0.00364806917941218	0.0441543925575287	"Prevalence association possibly induced by stronger abundance association"	"prevalence"	18	13
"OTU_193"	"Geese"	"high"	"Geesehigh"	1.55814459916695	0	2.02356433823225	0.441299875469683	0.687618842388719	0.000000518517321745904	0.000166645402123263	"Prevalence association possibly induced by stronger abundance association"	"prevalence"	18	17
"OTU_193"	"Geese"	"low"	"Geeselow"	1.55814459916695	0	2.02356433823225	0.441299875469683	0.687618842388719	0.0000137558917803204	0.00117864839076132	"Prevalence association possibly induced by stronger abundance association"	"prevalence"	18	17
"OTU_1931"	"Geese"	"high"	"Geesehigh"	1.55814459916695	0	2.02356433823224	0.441299875469683	0.687618842388719	0.00215067099664012	0.0312280315518853	"Prevalence association possibly induced by stronger abundance association"	"prevalence"	18	17
"OTU_1945"	"Geese"	"low"	"Geeselow"	1.55814459916695	0	2.02356433823224	0.441299875469682	0.687618842388719	0.0000543126309167086	0.00293114676095936	"Prevalence association possibly induced by stronger abundance association"	"prevalence"	18	17
"OTU_2001"	"Geese"	"high"	"Geesehigh"	-1.55814459916696	0	2.02356433823224	0.441299875469682	0.687618842388719	0.00537531529897639	0.0580748796471182	"Prevalence association possibly induced by stronger abundance association"	"prevalence"	18	17
"OTU_2073"	"Geese"	"high"	"Geesehigh"	1.55814459916695	0	2.02356433823224	0.441299875469682	0.687618842388719	0.00323254075814194	0.0404839474977719	"Prevalence association possibly induced by stronger abundance association"	"prevalence"	18	15
"OTU_2109"	"Geese"	"high"	"Geesehigh"	-1.55814459916696	0	2.02356433823225	0.441299875469683	0.687618842388719	0.000151138922549587	0.00521098101890091	"Prevalence association possibly induced by stronger abundance association"	"prevalence"	18	16
"OTU_2236"	"Geese"	"high"	"Geesehigh"	1.55814459916695	0	2.02356433823225	0.441299875469683	0.687618842388719	0.00152252287142729	0.0247202869218232	"Prevalence association possibly induced by stronger abundance association"	"prevalence"	18	16
"OTU_2270"	"Geese"	"high"	"Geesehigh"	1.55814459916695	0	2.02356433823225	0.441299875469683	0.687618842388719	0.000234922688774564	0.00696240050909272	"Prevalence association possibly induced by stronger abundance association"	"prevalence"	18	16
"OTU_2390"	"Geese"	"high"	"Geesehigh"	1.55814459916695	0	2.02356433823224	0.441299875469682	0.687618842388719	0.000807318138294377	0.0159226453828003	"Prevalence association possibly induced by stronger abundance association"	"prevalence"	18	16
"OTU_2405"	"Geese"	"high"	"Geesehigh"	-1.55814459916695	0	2.02356433823224	0.441299875469682	0.687618842388719	0.000459811130426924	0.010914612522953	"Prevalence association possibly induced by stronger abundance association"	"prevalence"	18	15
"OTU_254"	"Geese"	"high"	"Geesehigh"	-1.55814459916695	0	2.02356433823224	0.441299875469683	0.687618842388719	0.00315664612010313	0.0399965088189934	"Prevalence association possibly induced by stronger abundance association"	"prevalence"	18	13
"OTU_2578"	"Geese"	"high"	"Geesehigh"	1.55814459916695	0	2.02356433823224	0.441299875469682	0.687618842388719	0.00109784993635853	0.0198761367139053	"Prevalence association possibly induced by stronger abundance association"	"prevalence"	18	16
"OTU_2662"	"Geese"	"low"	"Geeselow"	-1.55814459916695	0	2.02356433823224	0.441299875469682	0.687618842388719	0.000227512062337842	0.00681561828149656	"Prevalence association possibly induced by stronger abundance association"	"prevalence"	18	17
"OTU_2723"	"Geese"	"high"	"Geesehigh"	1.55814459916695	0	2.02356433823224	0.441299875469683	0.687618842388719	0.00112567581093881	0.0200212943574281	"Prevalence association possibly induced by stronger abundance association"	"prevalence"	18	15
"OTU_2734"	"Geese"	"high"	"Geesehigh"	-1.55814459916695	0	2.02356433823224	0.441299875469682	0.687618842388719	0.000318457254020466	0.00855878595122083	"Prevalence association possibly induced by stronger abundance association"	"prevalence"	18	17
"OTU_281"	"Geese"	"low"	"Geeselow"	1.55814459916695	0	2.02356433823224	0.441299875469682	0.687618842388719	0.00116131070001635	0.0204267943047591	"Prevalence association possibly induced by stronger abundance association"	"prevalence"	18	17
"OTU_2817"	"Geese"	"high"	"Geesehigh"	-1.55814459916695	0	2.02356433823224	0.441299875469683	0.687618842388719	0.00997897844864815	0.0915352287965793	"Prevalence association possibly induced by stronger abundance association"	"prevalence"	18	16
"OTU_292"	"Geese"	"high"	"Geesehigh"	1.55814459916695	0	2.02356433823224	0.441299875469683	0.687618842388719	0.000000505109391424341	0.000166645402123263	"Prevalence association possibly induced by stronger abundance association"	"prevalence"	18	17
"OTU_292"	"Geese"	"low"	"Geeselow"	1.55814459916695	0	2.02356433823224	0.441299875469682	0.687618842388719	0.00000265397294463288	0.000430995537489378	"Prevalence association possibly induced by stronger abundance association"	"prevalence"	18	17
"OTU_300"	"Geese"	"high"	"Geesehigh"	1.55814459916696	0	2.02356433823224	0.441299875469682	0.687618842388719	0.000830877203148894	0.0161946200811949	"Prevalence association possibly induced by stronger abundance association"	"prevalence"	18	16
"OTU_3159"	"Geese"	"high"	"Geesehigh"	-1.55814459916696	0	2.02356433823224	0.441299875469682	0.687618842388719	0.000125170648388462	0.00466908099635236	"Prevalence association possibly induced by stronger abundance association"	"prevalence"	18	17
"OTU_3160"	"Geese"	"high"	"Geesehigh"	1.55814459916695	0	2.02356433823224	0.441299875469683	0.687618842388719	0.00126400341352229	0.0217342122572968	"Prevalence association possibly induced by stronger abundance association"	"prevalence"	18	17
"OTU_317"	"Geese"	"high"	"Geesehigh"	-1.55814459916695	0	2.02356433823224	0.441299875469682	0.687618842388719	0.00336627579945015	0.0417829053393671	"Prevalence association possibly induced by stronger abundance association"	"prevalence"	18	16
"OTU_323"	"Geese"	"high"	"Geesehigh"	-1.55814459916696	0	2.02356433823224	0.441299875469682	0.687618842388719	0.00000740309315760967	0.000799744168285155	"Prevalence association possibly induced by stronger abundance association"	"prevalence"	18	17
"OTU_3257"	"Geese"	"low"	"Geeselow"	-1.55814459916696	0	2.02356433823225	0.441299875469682	0.687618842388719	0.00289096025957969	0.0378003271716641	"Prevalence association possibly induced by stronger abundance association"	"prevalence"	18	14
"OTU_3399"	"Geese"	"high"	"Geesehigh"	1.55814459916695	0	2.02356433823224	0.441299875469682	0.687618842388719	0.00415634984503066	0.0482158868081707	"Prevalence association possibly induced by stronger abundance association"	"prevalence"	18	17
"OTU_3408"	"Geese"	"low"	"Geeselow"	-1.55814459916695	0	2.02356433823224	0.441299875469682	0.687618842388719	0.000570689536864011	0.0125348915025917	"Prevalence association possibly induced by stronger abundance association"	"prevalence"	18	17
"OTU_350"	"Geese"	"high"	"Geesehigh"	-1.55814459916696	0	2.02356433823224	0.441299875469682	0.687618842388719	0.00000139158279832685	0.000316914672018962	"Prevalence association possibly induced by stronger abundance association"	"prevalence"	18	17
"OTU_3538"	"Geese"	"high"	"Geesehigh"	-1.55814459916695	0	2.02356433823225	0.441299875469683	0.687618842388719	0.00369263110529983	0.0445690789194766	"Prevalence association possibly induced by stronger abundance association"	"prevalence"	18	16
"OTU_3720"	"Geese"	"low"	"Geeselow"	-1.55814459916695	0	2.02356433823224	0.441299875469682	0.687618842388719	0.000037929910575496	0.0023835369957142	"Prevalence association possibly induced by stronger abundance association"	"prevalence"	18	11
"OTU_3757"	"Geese"	"high"	"Geesehigh"	-1.55814459916695	0	2.02356433823224	0.441299875469682	0.687618842388719	0.00256842154810588	0.0353372338271992	"Prevalence association possibly induced by stronger abundance association"	"prevalence"	18	16
"OTU_4084"	"Geese"	"low"	"Geeselow"	-1.55814459916695	0	2.02356433823224	0.441299875469682	0.687618842388719	0.00766422237847442	0.0741074642048241	"Prevalence association possibly induced by stronger abundance association"	"prevalence"	18	17
"OTU_420"	"Geese"	"high"	"Geesehigh"	-1.55814459916695	0	2.02356433823224	0.441299875469682	0.687618842388719	0.00481066085806214	0.0537874148135269	"Prevalence association possibly induced by stronger abundance association"	"prevalence"	18	17
"OTU_4440"	"Geese"	"high"	"Geesehigh"	1.55814459916695	0	2.02356433823224	0.441299875469683	0.687618842388719	0.0000566306998823762	0.0029701944047399	"Prevalence association possibly induced by stronger abundance association"	"prevalence"	18	17
"OTU_459"	"Geese"	"high"	"Geesehigh"	-1.55814459916696	0	2.02356433823225	0.441299875469683	0.687618842388719	0.0019417955046932	0.0290029468417474	"Prevalence association possibly induced by stronger abundance association"	"prevalence"	18	16
"OTU_4657"	"Geese"	"high"	"Geesehigh"	-1.55814459916695	0	2.02356433823224	0.441299875469682	0.687618842388719	0.0028091949530249	0.0373361402799555	"Prevalence association possibly induced by stronger abundance association"	"prevalence"	18	17
"OTU_4683"	"Geese"	"high"	"Geesehigh"	1.55814459916695	0	2.02356433823224	0.441299875469682	0.687618842388719	0.00000545410291874493	0.000648111589701382	"Prevalence association possibly induced by stronger abundance association"	"prevalence"	18	17
"OTU_4683"	"Geese"	"low"	"Geeselow"	1.55814459916695	0	2.02356433823224	0.441299875469683	0.687618842388719	0.000784083334580132	0.0156708017955115	"Prevalence association possibly induced by stronger abundance association"	"prevalence"	18	17
"OTU_475"	"Geese"	"high"	"Geesehigh"	-1.55814459916696	0	2.02356433823224	0.441299875469682	0.687618842388719	0.00044740089177786	0.0107252280261651	"Prevalence association possibly induced by stronger abundance association"	"prevalence"	18	17
"OTU_4792"	"Geese"	"high"	"Geesehigh"	1.55814459916695	0	2.02356433823224	0.441299875469683	0.687618842388719	0.000156787095699551	0.00527211406093988	"Prevalence association possibly induced by stronger abundance association"	"prevalence"	18	16
"OTU_497"	"Geese"	"low"	"Geeselow"	-1.55814459916696	0	2.02356433823224	0.441299875469682	0.687618842388719	0.000795254825262881	0.015784713894094	"Prevalence association possibly induced by stronger abundance association"	"prevalence"	18	15
"OTU_5087"	"Geese"	"low"	"Geeselow"	-1.55814459916695	0	2.02356433823224	0.441299875469683	0.687618842388719	0.00275995029706366	0.0369730802953389	"Prevalence association possibly induced by stronger abundance association"	"prevalence"	18	15
"OTU_5122"	"Geese"	"high"	"Geesehigh"	-1.55814459916696	0	2.02356433823224	0.441299875469682	0.687618842388719	0.0038771661104624	0.0461526760934548	"Prevalence association possibly induced by stronger abundance association"	"prevalence"	18	17
"OTU_522"	"Geese"	"high"	"Geesehigh"	-1.55814459916696	0	2.02356433823224	0.441299875469682	0.687618842388719	0.00165255875679959	0.0259232492900658	"Prevalence association possibly induced by stronger abundance association"	"prevalence"	18	14
"OTU_536"	"Geese"	"high"	"Geesehigh"	1.55814459916695	0	2.02356433823225	0.441299875469683	0.687618842388719	0.000000694227402231462	0.000193801417384228	"Prevalence association possibly induced by stronger abundance association"	"prevalence"	18	17
"OTU_5408"	"Geese"	"high"	"Geesehigh"	1.55814459916695	0	2.02356433823224	0.441299875469682	0.687618842388719	0.000587178206574723	0.012700451861841	"Prevalence association possibly induced by stronger abundance association"	"prevalence"	18	15
"OTU_551"	"Geese"	"high"	"Geesehigh"	-1.55814459916695	0	2.02356433823224	0.441299875469682	0.687618842388719	0.00259233163972183	0.0354968955856847	"Prevalence association possibly induced by stronger abundance association"	"prevalence"	18	17
"OTU_567"	"Geese"	"high"	"Geesehigh"	-1.55814459916695	0	2.02356433823224	0.441299875469682	0.687618842388719	0.000357889315519166	0.00908262210118143	"Prevalence association possibly induced by stronger abundance association"	"prevalence"	18	17
"OTU_5709"	"Geese"	"low"	"Geeselow"	-1.55814459916696	0	2.02356433823224	0.441299875469682	0.687618842388719	0.00343307742895838	0.0423217265957347	"Prevalence association possibly induced by stronger abundance association"	"prevalence"	18	17
"OTU_5789"	"Geese"	"high"	"Geesehigh"	-1.55814459916695	0	2.02356433823225	0.441299875469683	0.687618842388719	0.00754240629855207	0.0736076602867549	"Prevalence association possibly induced by stronger abundance association"	"prevalence"	18	16
"OTU_595"	"Geese"	"low"	"Geeselow"	-1.55814459916696	0	2.02356433823224	0.441299875469682	0.687618842388719	0.000743883636365794	0.0151116642936845	"Prevalence association possibly induced by stronger abundance association"	"prevalence"	18	17
"OTU_6004"	"Geese"	"high"	"Geesehigh"	1.55814459916695	0	2.02356433823224	0.441299875469683	0.687618842388719	0.000315291879603219	0.00850011191927183	"Prevalence association possibly induced by stronger abundance association"	"prevalence"	18	16
"OTU_621"	"Geese"	"low"	"Geeselow"	-1.55814459916696	0	2.02356433823224	0.441299875469682	0.687618842388719	0.00449086240303542	0.051407305867551	"Prevalence association possibly induced by stronger abundance association"	"prevalence"	18	17
"OTU_630"	"Geese"	"high"	"Geesehigh"	1.55814459916695	0	2.02356433823224	0.441299875469682	0.687618842388719	0.000000249173214061926	0.000154024642463708	"Prevalence association possibly induced by stronger abundance association"	"prevalence"	18	15
"OTU_632"	"Geese"	"low"	"Geeselow"	-1.55814459916696	0	2.02356433823225	0.441299875469682	0.687618842388719	0.00159156812251204	0.0252446300769689	"Prevalence association possibly induced by stronger abundance association"	"prevalence"	18	15
"OTU_647"	"Geese"	"high"	"Geesehigh"	-1.55814459916695	0	2.02356433823224	0.441299875469682	0.687618842388719	0.000698416920949074	0.0144595694590749	"Prevalence association possibly induced by stronger abundance association"	"prevalence"	18	17
"OTU_669"	"Geese"	"high"	"Geesehigh"	-1.55814459916696	0	2.02356433823224	0.441299875469682	0.687618842388719	0.0023818504137274	0.0336256663628009	"Prevalence association possibly induced by stronger abundance association"	"prevalence"	18	17
"OTU_672"	"Geese"	"high"	"Geesehigh"	-1.55814459916695	0	2.02356433823224	0.441299875469682	0.687618842388719	0.00514624074170378	0.0564455860313111	"Prevalence association possibly induced by stronger abundance association"	"prevalence"	18	16
"OTU_673"	"Geese"	"low"	"Geeselow"	-1.55814459916696	0	2.02356433823224	0.441299875469682	0.687618842388719	0.000100976986621371	0.00404727165654638	"Prevalence association possibly induced by stronger abundance association"	"prevalence"	18	17
"OTU_713"	"Geese"	"high"	"Geesehigh"	-1.55814459916695	0	2.02356433823224	0.441299875469682	0.687618842388719	0.00065918801523468	0.0139136904483925	"Prevalence association possibly induced by stronger abundance association"	"prevalence"	18	17
"OTU_717"	"Geese"	"high"	"Geesehigh"	-1.55814459916695	0	2.02356433823224	0.441299875469682	0.687618842388719	0.000130247560043872	0.00479779088151447	"Prevalence association possibly induced by stronger abundance association"	"prevalence"	18	16
"OTU_732"	"Geese"	"high"	"Geesehigh"	1.55814459916695	0	2.02356433823224	0.441299875469682	0.687618842388719	0.000220763812624258	0.00669956994075525	"Prevalence association possibly induced by stronger abundance association"	"prevalence"	18	16
"OTU_739"	"Geese"	"high"	"Geesehigh"	-1.55814459916696	0	2.02356433823225	0.441299875469683	0.687618842388719	0.000456460093099187	0.0109121702919347	"Prevalence association possibly induced by stronger abundance association"	"prevalence"	18	16
"OTU_740"	"Geese"	"high"	"Geesehigh"	1.55814459916695	0	2.02356433823224	0.441299875469683	0.687618842388719	0.000042110980690957	0.00256639737253198	"Prevalence association possibly induced by stronger abundance association"	"prevalence"	18	16
"OTU_778"	"Geese"	"low"	"Geeselow"	-1.55814459916695	0	2.02356433823224	0.441299875469682	0.687618842388719	0.00110723720337136	0.0199625640791161	"Prevalence association possibly induced by stronger abundance association"	"prevalence"	18	17
"OTU_788"	"Geese"	"high"	"Geesehigh"	-1.55814459916696	0	2.02356433823225	0.441299875469682	0.687618842388719	0.000352945534261129	0.00908262210118143	"Prevalence association possibly induced by stronger abundance association"	"prevalence"	18	16
"OTU_810"	"Geese"	"high"	"Geesehigh"	1.55814459916695	0	2.02356433823224	0.441299875469683	0.687618842388719	0.0000268784735184546	0.00190203363372985	"Prevalence association possibly induced by stronger abundance association"	"prevalence"	18	17
"OTU_847"	"Geese"	"low"	"Geeselow"	-1.55814459916695	0	2.02356433823224	0.441299875469682	0.687618842388719	0.00696472654714209	0.0699219762633035	"Prevalence association possibly induced by stronger abundance association"	"prevalence"	18	17
"OTU_849"	"Geese"	"high"	"Geesehigh"	-1.55814459916695	0	2.02356433823224	0.441299875469682	0.687618842388719	0.00118351419725815	0.0206911754809536	"Prevalence association possibly induced by stronger abundance association"	"prevalence"	18	16
"OTU_855"	"Geese"	"high"	"Geesehigh"	1.55814459916695	0	2.02356433823224	0.441299875469683	0.687618842388719	0.00285536255744046	0.0376094951945984	"Prevalence association possibly induced by stronger abundance association"	"prevalence"	18	16
"OTU_857"	"Geese"	"high"	"Geesehigh"	-1.55814459916695	0	2.02356433823224	0.441299875469682	0.687618842388719	0.00357886812164598	0.0436833917132924	"Prevalence association possibly induced by stronger abundance association"	"prevalence"	18	16
"OTU_859"	"Geese"	"high"	"Geesehigh"	-1.55814459916695	0	2.02356433823224	0.441299875469683	0.687618842388719	0.00325776316074977	0.0407408705103013	"Prevalence association possibly induced by stronger abundance association"	"prevalence"	18	14
"OTU_888"	"Geese"	"high"	"Geesehigh"	1.55814459916695	0	2.02356433823224	0.441299875469683	0.687618842388719	0.000083154833880994	0.00369036888413396	"Prevalence association possibly induced by stronger abundance association"	"prevalence"	18	17
"OTU_910"	"Geese"	"high"	"Geesehigh"	1.55814459916695	0	2.02356433823224	0.441299875469683	0.687618842388719	0.0000336497602954067	0.00216140025735126	"Prevalence association possibly induced by stronger abundance association"	"prevalence"	18	17
"OTU_922"	"Geese"	"high"	"Geesehigh"	1.55814459916696	0	2.02356433823224	0.441299875469682	0.687618842388719	0.000702651109596997	0.0144869790835198	"Prevalence association possibly induced by stronger abundance association"	"prevalence"	18	15
"OTU_950"	"Geese"	"high"	"Geesehigh"	-1.55814459916696	0	2.02356433823224	0.441299875469682	0.687618842388719	0.00153526501069345	0.0248098770085179	"Prevalence association possibly induced by stronger abundance association"	"prevalence"	18	17
"OTU_957"	"Geese"	"high"	"Geesehigh"	-1.55814459916696	0	2.02356433823224	0.441299875469682	0.687618842388719	0.000501573676918499	0.0115135771884687	"Prevalence association possibly induced by stronger abundance association"	"prevalence"	18	12
"OTU_978"	"Geese"	"high"	"Geesehigh"	1.55814459916696	0	2.02356433823224	0.441299875469682	0.687618842388719	0.000221409406408135	0.00669956994075525	"Prevalence association possibly induced by stronger abundance association"	"prevalence"	18	16
"OTU_986"	"Geese"	"low"	"Geeselow"	-1.55814459916695	0	2.02356433823224	0.441299875469683	0.687618842388719	0.000924359088086413	0.0173922452706578	"Prevalence association possibly induced by stronger abundance association"	"prevalence"	18	13
"OTU_1214"	"Geese"	"low"	"Geeselow"	0.767255152713668	0	1.26366160792384	0.543739289004222	0.757589589993522	0.00194380739175104	0.0290029468417474	"Prevalence association possibly induced by stronger abundance association"	"prevalence"	18	15
"OTU_1282"	"Geese"	"low"	"Geeselow"	0.767255152713667	0	1.26366160792384	0.543739289004222	0.757589589993522	0.000720670609368534	0.0147788707428325	"Prevalence association possibly induced by stronger abundance association"	"prevalence"	18	15
"OTU_1775"	"Geese"	"low"	"Geeselow"	0.767255152713675	0	1.2636615865337	0.543739282184289	0.757589589993522	0.00319270245308001	0.0402311396335954	"Prevalence association possibly induced by stronger abundance association"	"prevalence"	18	12
"OTU_2116"	"Geese"	"low"	"Geeselow"	0.619039208406223	0	1.12220348392823	0.581203037983512	0.757589589993522	0.0000117744427579058	0.0010504745116177	"Prevalence association possibly induced by stronger abundance association"	"prevalence"	18	13
"OTU_2305"	"Geese"	"high"	"Geesehigh"	0.767255152713675	0	1.2636615865337	0.543739282184289	0.757589589993522	0.000441976504129582	0.0106542191274022	"Prevalence association possibly induced by stronger abundance association"	"prevalence"	18	13
"OTU_2315"	"Geese"	"high"	"Geesehigh"	0.767255152713676	0	1.2636615865337	0.543739282184289	0.757589589993522	0.000935743098748554	0.0175274479437043	"Prevalence association possibly induced by stronger abundance association"	"prevalence"	18	14
"OTU_2836"	"Geese"	"low"	"Geeselow"	0.619039208406215	0	1.12220346317865	0.581203030993988	0.757589589993522	0.000155156935579992	0.00527211406093988	"Prevalence association possibly induced by stronger abundance association"	"prevalence"	18	7
"OTU_2899"	"Geese"	"low"	"Geeselow"	0.767255152713676	0	1.2636615865337	0.543739282184289	0.757589589993522	0.000495318795669331	0.0114306369539264	"Prevalence association possibly induced by stronger abundance association"	"prevalence"	18	11
"OTU_3241"	"Geese"	"low"	"Geeselow"	-0.767255152713667	0	1.26366160792384	0.543739289004222	0.757589589993522	0.000895603874700002	0.0171093949926133	"Prevalence association possibly induced by stronger abundance association"	"prevalence"	18	9
"OTU_4334"	"Geese"	"high"	"Geesehigh"	-0.767255152713675	0	1.2636615865337	0.54373928218429	0.757589589993522	0.0107203489594592	0.0958408056768178	"Prevalence association possibly induced by stronger abundance association"	"prevalence"	18	14
"OTU_4570"	"Geese"	"high"	"Geesehigh"	0.619039208406214	0	1.12220346317865	0.581203030993989	0.757589589993522	0.00167102176881206	0.0260090330706827	"Prevalence association possibly induced by stronger abundance association"	"prevalence"	18	8
"OTU_607"	"Geese"	"low"	"Geeselow"	0.767255152713667	0	1.26366160792384	0.543739289004222	0.757589589993522	0.0017939978938073	0.0272851630457089	"Prevalence association possibly induced by stronger abundance association"	"prevalence"	18	15
"OTU_6198"	"Geese"	"low"	"Geeselow"	0.767255152713667	0	1.26366160792384	0.543739289004222	0.757589589993522	0.00395135856831064	0.0466354422873213	"Prevalence association possibly induced by stronger abundance association"	"prevalence"	18	15
"OTU_661"	"Geese"	"low"	"Geeselow"	0.619039208406223	0	1.12220348392823	0.581203037983512	0.757589589993522	0.00000374246455048244	0.000530939151145492	"Prevalence association possibly induced by stronger abundance association"	"prevalence"	18	13
"OTU_1036"	"Geese"	"high"	"Geesehigh"	0.0000000000000010126248980983	0	2.51289181261959	1	1	0.00153356569684704	0.0248098770085179	"Prevalence association possibly induced by stronger abundance association"	"prevalence"	18	17
"OTU_104"	"Geese"	"high"	"Geesehigh"	0.0000000000000010126248980983	0	2.51289181261959	1	1	0.00000907572072506024	0.000901996648562681	"Prevalence association possibly induced by stronger abundance association"	"prevalence"	18	17
"OTU_1095"	"Geese"	"low"	"Geeselow"	-0.00000000000000106817502157732	0	2.5128918126196	1	1	0.000731096240317863	0.0149219501502613	"Prevalence association possibly induced by stronger abundance association"	"prevalence"	18	16
"OTU_1128"	"Geese"	"low"	"Geeselow"	-0.00000000000000212441675317569	0	2.5128918126196	0.999999999999999	1	0.00570661296097974	0.0602256445906325	"Prevalence association possibly induced by stronger abundance association"	"prevalence"	18	15
"OTU_1140"	"Geese"	"high"	"Geesehigh"	0.0000000000000010126248980983	0	2.51289181261959	1	1	0.00364189954230498	0.0441414546766209	"Prevalence association possibly induced by stronger abundance association"	"prevalence"	18	17
"OTU_1171"	"Geese"	"high"	"Geesehigh"	-0.00000000000000226672807482311	0	2.5128918126196	0.999999999999999	1	0.00171590668179511	0.0263755886754083	"Prevalence association possibly induced by stronger abundance association"	"prevalence"	18	16
"OTU_1204"	"Geese"	"high"	"Geesehigh"	-0.0000000000000000315499866257103	0	2.5128918126196	1	1	0.0032848673879724	0.0410205517684173	"Prevalence association possibly induced by stronger abundance association"	"prevalence"	18	16
"OTU_1220"	"Geese"	"high"	"Geesehigh"	0.0000000000000010126248980983	0	2.51289181261959	1	1	0.00110213689524552	0.0199120933015756	"Prevalence association possibly induced by stronger abundance association"	"prevalence"	18	17
"OTU_1286"	"Geese"	"high"	"Geesehigh"	-0.00000000000000179352812139588	0	2.5128918126196	0.999999999999999	1	0.0000023272088947035	0.000429120524596765	"Prevalence association possibly induced by stronger abundance association"	"prevalence"	18	17
"OTU_1321"	"Geese"	"high"	"Geesehigh"	0.0000000000000010126248980983	0	2.51289181261959	1	1	0.0000499618664497881	0.00280359034887707	"Prevalence association possibly induced by stronger abundance association"	"prevalence"	18	17
"OTU_1424"	"Geese"	"low"	"Geeselow"	0.000000000000000161036275435033	0	1.14833846297174	1	1	0.00322574891221383	0.0404574363569544	"Prevalence association possibly induced by stronger abundance association"	"prevalence"	18	12
"OTU_1459"	"Geese"	"high"	"Geesehigh"	-0.000000000000000119270430921077	0	2.5128918126196	1	1	0.00063434988046529	0.013517862217044	"Prevalence association possibly induced by stronger abundance association"	"prevalence"	18	16
"OTU_1534"	"Geese"	"low"	"Geeselow"	0.000000000000000786817822611712	0	1.36930639376292	1	1	0.00271109332684094	0.0365448623839276	"Prevalence association possibly induced by stronger abundance association"	"prevalence"	18	16
"OTU_1541"	"Geese"	"low"	"Geeselow"	-0.00000000000000131216081235333	0	2.51289181261959	1	1	0.00240758477855296	0.0338784368676379	"Prevalence association possibly induced by stronger abundance association"	"prevalence"	18	17
"OTU_1568"	"Geese"	"high"	"Geesehigh"	-0.0000000000000010187445266234	0	2.5128918126196	1	1	0.007173625555006	0.0712750350780964	"Prevalence association possibly induced by stronger abundance association"	"prevalence"	18	14
"OTU_1574"	"Geese"	"high"	"Geesehigh"	0.0000000000000010126248980983	0	2.51289181261959	1	1	0.000220440663943666	0.00669956994075525	"Prevalence association possibly induced by stronger abundance association"	"prevalence"	18	17
"OTU_1649"	"Geese"	"low"	"Geeselow"	0.000000000000000218218633911705	0	1.09544511501033	1	1	0.00137344227529468	0.0230344369193801	"Prevalence association possibly induced by stronger abundance association"	"prevalence"	18	11
"OTU_1747"	"Geese"	"low"	"Geeselow"	0.000000000000000656080406176664	0	2.51289181261959	1	1	0.0000866620975240595	0.00372906107324549	"Prevalence association possibly induced by stronger abundance association"	"prevalence"	18	17
"OTU_1781"	"Geese"	"high"	"Geesehigh"	-0.0000000000000000855503765022083	0	2.51289181261959	1	1	0.00684765758513528	0.068986762213924	"Prevalence association possibly induced by stronger abundance association"	"prevalence"	18	17
"OTU_1859"	"Geese"	"high"	"Geesehigh"	0.000000000000000543460947238269	0	1.36921985568994	1	1	0.0033874940093872	0.0419390173923274	"Prevalence association possibly induced by stronger abundance association"	"prevalence"	18	15
"OTU_1860"	"Geese"	"high"	"Geesehigh"	0.000000000000000643953713521434	0	1.36930638829352	1	1	0.0000809545724784755	0.00364217431472435	"Prevalence association possibly induced by stronger abundance association"	"prevalence"	18	14
"OTU_1861"	"Geese"	"high"	"Geesehigh"	0.0000000000000010126248980983	0	2.51289181261959	1	1	0.000149544217621922	0.00517662263720045	"Prevalence association possibly induced by stronger abundance association"	"prevalence"	18	17
"OTU_1864"	"Geese"	"low"	"Geeselow"	0.00000000000000170908003452371	0	2.51289181261959	0.999999999999999	1	0.00211908413532313	0.0308729867122667	"Prevalence association possibly induced by stronger abundance association"	"prevalence"	18	14
"OTU_2056"	"Geese"	"high"	"Geesehigh"	-0.0000000000000000855503765022083	0	2.51289181261959	1	1	0.00609284877650351	0.063450677872276	"Prevalence association possibly induced by stronger abundance association"	"prevalence"	18	17
"OTU_215"	"Geese"	"high"	"Geesehigh"	0.0000000000000010126248980983	0	2.51289181261959	1	1	0.0000000418251460132524	0.0000723909627197372	"Prevalence association possibly induced by stronger abundance association"	"prevalence"	18	17
"OTU_2157"	"Geese"	"high"	"Geesehigh"	0.0000000000000010126248980983	0	2.51289181261959	1	1	0.00280671175730163	0.0373361402799555	"Prevalence association possibly induced by stronger abundance association"	"prevalence"	18	17
"OTU_217"	"Geese"	"high"	"Geesehigh"	-0.00000000000000179352812139588	0	2.5128918126196	0.999999999999999	1	0.00222612106668008	0.0320546617488342	"Prevalence association possibly induced by stronger abundance association"	"prevalence"	18	17
"OTU_2234"	"Geese"	"high"	"Geesehigh"	0.0000000000000010126248980983	0	2.51289181261959	1	1	0.000119218125838483	0.00457123666950209	"Prevalence association possibly induced by stronger abundance association"	"prevalence"	18	17
"OTU_2236"	"Geese"	"low"	"Geeselow"	0.000000000000000214586678894103	0	1.36930639376292	1	1	0.000177726151193269	0.00576317506144553	"Prevalence association possibly induced by stronger abundance association"	"prevalence"	18	16
"OTU_2270"	"Geese"	"low"	"Geeselow"	0.000000000000000214586678894103	0	1.36930639376292	1	1	0.000458170498787158	0.010914612522953	"Prevalence association possibly induced by stronger abundance association"	"prevalence"	18	16
"OTU_2453"	"Geese"	"low"	"Geeselow"	0.000000000000000253482868712082	0	1.36921985568994	1	1	0.00000123918748951013	0.00030639795812059	"Prevalence association possibly induced by stronger abundance association"	"prevalence"	18	13
"OTU_2488"	"Geese"	"high"	"Geesehigh"	0.0000000000000010126248980983	0	2.51289181261959	1	1	0.000137184842604943	0.00492045531197766	"Prevalence association possibly induced by stronger abundance association"	"prevalence"	18	17
"OTU_2579"	"Geese"	"high"	"Geesehigh"	0.00000000000000166598453251752	0	1.36930638829352	0.999999999999999	1	0.00330041417671501	0.0410960924968225	"Prevalence association possibly induced by stronger abundance association"	"prevalence"	18	14
"OTU_262"	"Geese"	"high"	"Geesehigh"	0.0000000000000010126248980983	0	2.51289181261959	1	1	0.0000605389542682744	0.00308178888375086	"Prevalence association possibly induced by stronger abundance association"	"prevalence"	18	17
"OTU_2703"	"Geese"	"low"	"Geeselow"	0.000000000000000436437267823411	0	1.09544511501033	1	1	0.000354610364551311	0.00908262210118143	"Prevalence association possibly induced by stronger abundance association"	"prevalence"	18	7
"OTU_2775"	"Geese"	"low"	"Geeselow"	0.000000000000000506965737424164	0	1.36921985568994	1	1	0.00541263273224413	0.0583324080508601	"Prevalence association possibly induced by stronger abundance association"	"prevalence"	18	5
"OTU_2996"	"Geese"	"high"	"Geesehigh"	0.000000000000000748141815380093	0	2.51289181261959	1	1	0.000430872422744533	0.0105101091543995	"Prevalence association possibly induced by stronger abundance association"	"prevalence"	18	17
"OTU_304"	"Geese"	"high"	"Geesehigh"	0.00000000000000101487573525807	0	2.5128918126196	1	1	0.00107742721991988	0.0195883511789635	"Prevalence association possibly induced by stronger abundance association"	"prevalence"	18	16
"OTU_330"	"Geese"	"high"	"Geesehigh"	0.0000000000000010126248980983	0	2.51289181261959	1	1	0.000594691369024014	0.0128021370834175	"Prevalence association possibly induced by stronger abundance association"	"prevalence"	18	17
"OTU_350"	"Geese"	"low"	"Geeselow"	-0.00000000000000131216081235333	0	2.51289181261959	1	1	0.00126577801914463	0.0217342122572968	"Prevalence association possibly induced by stronger abundance association"	"prevalence"	18	17
"OTU_3640"	"Geese"	"high"	"Geesehigh"	0.000000000000000814253682749832	0	1.14833846297174	0.999999999999999	1	0.000249939455106984	0.00729960202027782	"Prevalence association possibly induced by stronger abundance association"	"prevalence"	18	7
"OTU_380"	"Geese"	"high"	"Geesehigh"	0.0000000000000010126248980983	0	2.51289181261959	1	1	0.0000502145255460995	0.00280359034887707	"Prevalence association possibly induced by stronger abundance association"	"prevalence"	18	17
"OTU_383"	"Geese"	"high"	"Geesehigh"	0.0000000000000010126248980983	0	2.51289181261959	1	1	0.0000725861310751919	0.00337720633507909	"Prevalence association possibly induced by stronger abundance association"	"prevalence"	18	17
"OTU_4016"	"Geese"	"high"	"Geesehigh"	0.000000000000000803421295158464	0	1.36930639376292	1	1	0.000911745331293901	0.0173031668794242	"Prevalence association possibly induced by stronger abundance association"	"prevalence"	18	16
"OTU_410"	"Geese"	"high"	"Geesehigh"	0.0000000000000010126248980983	0	2.51289181261959	1	1	0.0000885245106314603	0.00373702982929101	"Prevalence association possibly induced by stronger abundance association"	"prevalence"	18	17
"OTU_429"	"Geese"	"high"	"Geesehigh"	0.0000000000000010126248980983	0	2.51289181261959	1	1	0.0000170955921385829	0.00137429580930662	"Prevalence association possibly induced by stronger abundance association"	"prevalence"	18	17
"OTU_442"	"Geese"	"high"	"Geesehigh"	0.0000000000000010126248980983	0	2.51289181261959	1	1	0.00092447802455542	0.0173922452706578	"Prevalence association possibly induced by stronger abundance association"	"prevalence"	18	17
"OTU_451"	"Geese"	"high"	"Geesehigh"	0.0000000000000010126248980983	0	2.51289181261959	1	1	0.00251122468918674	0.0347193482537682	"Prevalence association possibly induced by stronger abundance association"	"prevalence"	18	17
"OTU_4528"	"Geese"	"low"	"Geeselow"	-0.00000000000000256362005178556	0	2.5128918126196	0.999999999999999	1	0.00125424193708557	0.021708419447077	"Prevalence association possibly induced by stronger abundance association"	"prevalence"	18	16
"OTU_4640"	"Geese"	"high"	"Geesehigh"	0.0000000000000014618455499817	0	2.5128918126196	1	1	0.00380781866278368	0.0456410840827285	"Prevalence association possibly induced by stronger abundance association"	"prevalence"	18	16
"OTU_4879"	"Geese"	"high"	"Geesehigh"	-0.00000000000000196985017654135	0	2.5128918126196	0.999999999999999	1	0.00442462035276536	0.05076027764556	"Prevalence association possibly induced by stronger abundance association"	"prevalence"	18	17
"OTU_499"	"Geese"	"high"	"Geesehigh"	0.0000000000000010126248980983	0	2.51289181261959	1	1	0.000522917990910532	0.0119087691929993	"Prevalence association possibly induced by stronger abundance association"	"prevalence"	18	17
"OTU_5024"	"Geese"	"low"	"Geeselow"	-0.00000000000000241609859529312	0	2.5128918126196	0.999999999999999	1	0.0067944943295738	0.0686109147352761	"Prevalence association possibly induced by stronger abundance association"	"prevalence"	18	12
"OTU_508"	"Geese"	"high"	"Geesehigh"	0.0000000000000010126248980983	0	2.51289181261959	1	1	0.000176097396590302	0.00575074290600934	"Prevalence association possibly induced by stronger abundance association"	"prevalence"	18	17
"OTU_5133"	"Geese"	"high"	"Geesehigh"	0.0000000000000010126248980983	0	2.51289181261959	1	1	0.00295858341561495	0.0384438151332308	"Prevalence association possibly induced by stronger abundance association"	"prevalence"	18	17
"OTU_5144"	"Geese"	"high"	"Geesehigh"	0.0000000000000010126248980983	0	2.51289181261959	1	1	0.00111193024335343	0.0200054975592112	"Prevalence association possibly induced by stronger abundance association"	"prevalence"	18	17
"OTU_526"	"Geese"	"high"	"Geesehigh"	0.0000000000000010126248980983	0	2.51289181261959	1	1	0.00000669930141183883	0.000752931875559133	"Prevalence association possibly induced by stronger abundance association"	"prevalence"	18	17
"OTU_554"	"Geese"	"high"	"Geesehigh"	0.0000000000000010126248980983	0	2.51289181261959	1	1	0.00379442293584198	0.0455436006751408	"Prevalence association possibly induced by stronger abundance association"	"prevalence"	18	17
"OTU_570"	"Geese"	"high"	"Geesehigh"	0.0000000000000010126248980983	0	2.51289181261959	1	1	0.000310485905523183	0.00844951266162777	"Prevalence association possibly induced by stronger abundance association"	"prevalence"	18	17
"OTU_573"	"Geese"	"low"	"Geeselow"	-0.00000000000000241609859529312	0	2.5128918126196	0.999999999999999	1	0.00557458417103218	0.0591931919216104	"Prevalence association possibly induced by stronger abundance association"	"prevalence"	18	12
"OTU_5741"	"Geese"	"high"	"Geesehigh"	0.0000000000000010126248980983	0	2.51289181261959	1	1	0.00287456758905391	0.0376916786601099	"Prevalence association possibly induced by stronger abundance association"	"prevalence"	18	17
"OTU_600"	"Geese"	"high"	"Geesehigh"	0.0000000000000010126248980983	0	2.51289181261959	1	1	0.0000552087961678271	0.00293114676095936	"Prevalence association possibly induced by stronger abundance association"	"prevalence"	18	17
"OTU_6004"	"Geese"	"low"	"Geeselow"	0.000000000000000286115571858804	0	1.36930639376291	1	1	0.0030516455714622	0.0391824047113263	"Prevalence association possibly induced by stronger abundance association"	"prevalence"	18	16
"OTU_664"	"Geese"	"high"	"Geesehigh"	-0.00000000000000179352812139588	0	2.5128918126196	0.999999999999999	1	0.00401421685949632	0.0470395178064173	"Prevalence association possibly induced by stronger abundance association"	"prevalence"	18	17
"OTU_671"	"Geese"	"high"	"Geesehigh"	0.0000000000000010126248980983	0	2.51289181261959	1	1	0.0000465788600034767	0.00268728969646725	"Prevalence association possibly induced by stronger abundance association"	"prevalence"	18	17
"OTU_673"	"Geese"	"high"	"Geesehigh"	-0.00000000000000196985017654135	0	2.5128918126196	0.999999999999999	1	0.00103146871074777	0.0189518688382404	"Prevalence association possibly induced by stronger abundance association"	"prevalence"	18	17
"OTU_683"	"Geese"	"low"	"Geeselow"	0.000000000000000743042582885008	0	1.09544511501033	0.999999999999999	1	0.00295100925180014	0.0384030587444788	"Prevalence association possibly induced by stronger abundance association"	"prevalence"	18	10
"OTU_685"	"Geese"	"high"	"Geesehigh"	0.0000000000000010126248980983	0	2.51289181261959	1	1	0.0000366725322001882	0.00233355951220903	"Prevalence association possibly induced by stronger abundance association"	"prevalence"	18	17
"OTU_690"	"Geese"	"high"	"Geesehigh"	0.0000000000000010126248980983	0	2.51289181261959	1	1	0.000697859517368449	0.0144595694590749	"Prevalence association possibly induced by stronger abundance association"	"prevalence"	18	17
"OTU_765"	"Geese"	"low"	"Geeselow"	-0.00000000000000256362005178556	0	2.5128918126196	0.999999999999999	1	0.0000110052052838538	0.00101318134602629	"Prevalence association possibly induced by stronger abundance association"	"prevalence"	18	16
"OTU_769"	"Geese"	"high"	"Geesehigh"	0.0000000000000010126248980983	0	2.51289181261959	1	1	0.00232129082273147	0.033054592546767	"Prevalence association possibly induced by stronger abundance association"	"prevalence"	18	17
"OTU_817"	"Geese"	"high"	"Geesehigh"	-0.000000000000000125490040581699	0	2.5128918126196	1	1	0.000345032948228852	0.00896215952527525	"Prevalence association possibly induced by stronger abundance association"	"prevalence"	18	16
"OTU_877"	"Geese"	"high"	"Geesehigh"	-0.000000000000000647168054200827	0	2.5128918126196	1	1	0.00500897067538852	0.0553207758813497	"Prevalence association possibly induced by stronger abundance association"	"prevalence"	18	15
"OTU_933"	"Geese"	"high"	"Geesehigh"	0.00000000000000169016706138483	0	2.5128918126196	0.999999999999999	1	0.00276575642683807	0.0369935952362545	"Prevalence association possibly induced by stronger abundance association"	"prevalence"	18	15
"OTU_940"	"Geese"	"high"	"Geesehigh"	0.0000000000000010126248980983	0	2.51289181261959	1	1	0.00202719332277812	0.0300399503687018	"Prevalence association possibly induced by stronger abundance association"	"prevalence"	18	17
"OTU_963"	"Geese"	"low"	"Geeselow"	-0.000000000000000427270008630927	0	2.51289181261959	1	1	0.00311856260950083	0.0398248715416592	"Prevalence association possibly induced by stronger abundance association"	"prevalence"	18	14
"OTU_969"	"Geese"	"high"	"Geesehigh"	-0.00000000000000196985017654135	0	2.5128918126196	0.999999999999999	1	0.00633504202997559	0.0654217824909412	"Prevalence association possibly induced by stronger abundance association"	"prevalence"	18	17
"OTU_1"	"Geese"	"low"	"Geeselow"	NA	0	NA	NA	NA	0.0029038321366528	0.0378460290822188	"All logistic values are the same"	"prevalence"	18	18
"OTU_10"	"Geese"	"high"	"Geesehigh"	NA	0	NA	NA	NA	0.00412361157406016	0.0479003148482102	"All logistic values are the same"	"prevalence"	18	18
"OTU_100"	"Geese"	"high"	"Geesehigh"	NA	0	NA	NA	NA	0.0000000945397906626511	0.0000909052609327314	"All logistic values are the same"	"prevalence"	18	18
"OTU_100"	"Geese"	"low"	"Geeselow"	NA	0	NA	NA	NA	0.00720843669689841	0.0713750699942321	"All logistic values are the same"	"prevalence"	18	18
"OTU_1001"	"Geese"	"high"	"Geesehigh"	NA	0	NA	NA	NA	0.00000337029438890468	0.000486108794026352	"All logistic values are the same"	"prevalence"	18	18
"OTU_1008"	"Geese"	"low"	"Geeselow"	NA	0	NA	NA	NA	0.000993273993086019	0.0184123530338793	"All logistic values are the same"	"prevalence"	18	18
"OTU_101"	"Geese"	"high"	"Geesehigh"	NA	0	NA	NA	NA	0.0000458085987777856	0.00266058801223461	"All logistic values are the same"	"prevalence"	18	18
"OTU_1024"	"Geese"	"high"	"Geesehigh"	NA	0	NA	NA	NA	0.00242900195962636	0.0340576838125548	"All logistic values are the same"	"prevalence"	18	18
"OTU_1028"	"Geese"	"high"	"Geesehigh"	NA	0	NA	NA	NA	0.00165352826532428	0.0259232492900658	"All logistic values are the same"	"prevalence"	18	18
"OTU_1029"	"Geese"	"high"	"Geesehigh"	NA	0	NA	NA	NA	0.0105041394092829	0.0948881236408495	"All logistic values are the same"	"prevalence"	18	18
"OTU_1030"	"Geese"	"high"	"Geesehigh"	NA	0	NA	NA	NA	0.0000429149778453652	0.00257907096023466	"All logistic values are the same"	"prevalence"	18	18
"OTU_1030"	"Geese"	"low"	"Geeselow"	NA	0	NA	NA	NA	0.00421231521628296	0.0487344597349101	"All logistic values are the same"	"prevalence"	18	18
"OTU_1059"	"Geese"	"low"	"Geeselow"	NA	0	NA	NA	NA	0.00185967829718869	0.0280866596577155	"All logistic values are the same"	"prevalence"	18	18
"OTU_1074"	"Geese"	"high"	"Geesehigh"	NA	0	NA	NA	NA	0.00879331290546492	0.082894694862629	"All logistic values are the same"	"prevalence"	18	18
"OTU_11"	"Geese"	"high"	"Geesehigh"	NA	0	NA	NA	NA	0.000777043928654741	0.0155660605522642	"All logistic values are the same"	"prevalence"	18	18
"OTU_110"	"Geese"	"high"	"Geesehigh"	NA	0	NA	NA	NA	0.00492218735503558	0.0548218910816961	"All logistic values are the same"	"prevalence"	18	18
"OTU_1106"	"Geese"	"high"	"Geesehigh"	NA	0	NA	NA	NA	0.0056342335690388	0.0597532565030169	"All logistic values are the same"	"prevalence"	18	18
"OTU_1106"	"Geese"	"low"	"Geeselow"	NA	0	NA	NA	NA	0.00126494068471283	0.0217342122572968	"All logistic values are the same"	"prevalence"	18	18
"OTU_1114"	"Geese"	"high"	"Geesehigh"	NA	0	NA	NA	NA	0.00199715958346625	0.0296965962806132	"All logistic values are the same"	"prevalence"	18	18
"OTU_1134"	"Geese"	"high"	"Geesehigh"	NA	0	NA	NA	NA	0.0000591034944269486	0.00306276431599289	"All logistic values are the same"	"prevalence"	18	18
"OTU_1149"	"Geese"	"high"	"Geesehigh"	NA	0	NA	NA	NA	0.00470050409973888	0.0526919203097672	"All logistic values are the same"	"prevalence"	18	18
"OTU_1150"	"Geese"	"high"	"Geesehigh"	NA	0	NA	NA	NA	0.000194249292792215	0.00617198898375421	"All logistic values are the same"	"prevalence"	18	18
"OTU_1161"	"Geese"	"high"	"Geesehigh"	NA	0	NA	NA	NA	0.000103343388342503	0.0041024480858533	"All logistic values are the same"	"prevalence"	18	18
"OTU_1161"	"Geese"	"low"	"Geeselow"	NA	0	NA	NA	NA	0.00531666063655456	0.057657119234014	"All logistic values are the same"	"prevalence"	18	18
"OTU_117"	"Geese"	"high"	"Geesehigh"	NA	0	NA	NA	NA	0.00359417777720661	0.0438084711041493	"All logistic values are the same"	"prevalence"	18	18
"OTU_1181"	"Geese"	"high"	"Geesehigh"	NA	0	NA	NA	NA	0.0105903637445319	0.0953683744486777	"All logistic values are the same"	"prevalence"	18	18
"OTU_1194"	"Geese"	"high"	"Geesehigh"	NA	0	NA	NA	NA	0.000210528299797952	0.0065068282373267	"All logistic values are the same"	"prevalence"	18	18
"OTU_1194"	"Geese"	"low"	"Geeselow"	NA	0	NA	NA	NA	0.0000899592740322142	0.0037609060747574	"All logistic values are the same"	"prevalence"	18	18
"OTU_1208"	"Geese"	"high"	"Geesehigh"	NA	0	NA	NA	NA	0.00720480628947839	0.0713750699942321	"All logistic values are the same"	"prevalence"	18	18
"OTU_121"	"Geese"	"high"	"Geesehigh"	NA	0	NA	NA	NA	0.00998489207117759	0.0915352287965793	"All logistic values are the same"	"prevalence"	18	18
"OTU_1210"	"Geese"	"high"	"Geesehigh"	NA	0	NA	NA	NA	0.00113060885501415	0.0200212943574281	"All logistic values are the same"	"prevalence"	18	18
"OTU_1213"	"Geese"	"high"	"Geesehigh"	NA	0	NA	NA	NA	0.00113026082174583	0.0200212943574281	"All logistic values are the same"	"prevalence"	18	18
"OTU_1218"	"Geese"	"high"	"Geesehigh"	NA	0	NA	NA	NA	0.00000262651130222835	0.000430995537489378	"All logistic values are the same"	"prevalence"	18	18
"OTU_1232"	"Geese"	"high"	"Geesehigh"	NA	0	NA	NA	NA	0.000993594738481818	0.0184123530338793	"All logistic values are the same"	"prevalence"	18	18
"OTU_124"	"Geese"	"high"	"Geesehigh"	NA	0	NA	NA	NA	0.0000116473823429386	0.00104996298745615	"All logistic values are the same"	"prevalence"	18	18
"OTU_1246"	"Geese"	"high"	"Geesehigh"	NA	0	NA	NA	NA	0.00151925695189215	0.0247136271835989	"All logistic values are the same"	"prevalence"	18	18
"OTU_1248"	"Geese"	"high"	"Geesehigh"	NA	0	NA	NA	NA	0.00465793769602962	0.0523503802875849	"All logistic values are the same"	"prevalence"	18	18
"OTU_1260"	"Geese"	"high"	"Geesehigh"	NA	0	NA	NA	NA	0.000471991478663614	0.011099495261834	"All logistic values are the same"	"prevalence"	18	18
"OTU_1267"	"Geese"	"low"	"Geeselow"	NA	0	NA	NA	NA	0.00402538953466824	0.0470752986932689	"All logistic values are the same"	"prevalence"	18	18
"OTU_127"	"Geese"	"high"	"Geesehigh"	NA	0	NA	NA	NA	0.000000147331461031186	0.00010625053864699	"All logistic values are the same"	"prevalence"	18	18
"OTU_128"	"Geese"	"high"	"Geesehigh"	NA	0	NA	NA	NA	0.00329802289519521	0.0410960924968225	"All logistic values are the same"	"prevalence"	18	18
"OTU_128"	"Geese"	"low"	"Geeselow"	NA	0	NA	NA	NA	0.001498604172395	0.0245316672720787	"All logistic values are the same"	"prevalence"	18	18
"OTU_129"	"Geese"	"high"	"Geesehigh"	NA	0	NA	NA	NA	0.000000514864038070328	0.000166645402123263	"All logistic values are the same"	"prevalence"	18	18
"OTU_129"	"Geese"	"low"	"Geeselow"	NA	0	NA	NA	NA	0.00183931599743914	0.0278276934297873	"All logistic values are the same"	"prevalence"	18	18
"OTU_13"	"Geese"	"high"	"Geesehigh"	NA	0	NA	NA	NA	0.0000453260766364316	0.00265035045413297	"All logistic values are the same"	"prevalence"	18	18
"OTU_1341"	"Geese"	"high"	"Geesehigh"	NA	0	NA	NA	NA	0.0111209775886074	0.0978058333859843	"All logistic values are the same"	"prevalence"	18	18
"OTU_1351"	"Geese"	"high"	"Geesehigh"	NA	0	NA	NA	NA	0.000336145590572379	0.0088151634570102	"All logistic values are the same"	"prevalence"	18	18
"OTU_1357"	"Geese"	"high"	"Geesehigh"	NA	0	NA	NA	NA	0.00102937435849748	0.0189518688382404	"All logistic values are the same"	"prevalence"	18	18
"OTU_136"	"Geese"	"high"	"Geesehigh"	NA	0	NA	NA	NA	0.00532453624890239	0.0576702586958714	"All logistic values are the same"	"prevalence"	18	18
"OTU_138"	"Geese"	"high"	"Geesehigh"	NA	0	NA	NA	NA	0.000272170262109128	0.00772249655177835	"All logistic values are the same"	"prevalence"	18	18
"OTU_14"	"Geese"	"high"	"Geesehigh"	NA	0	NA	NA	NA	0.0000700758397196299	0.00335047688913634	"All logistic values are the same"	"prevalence"	18	18
"OTU_14"	"Geese"	"low"	"Geeselow"	NA	0	NA	NA	NA	0.0015927395449532	0.0252446300769689	"All logistic values are the same"	"prevalence"	18	18
"OTU_140"	"Geese"	"high"	"Geesehigh"	NA	0	NA	NA	NA	0.0000154591681892358	0.0012988703059189	"All logistic values are the same"	"prevalence"	18	18
"OTU_140"	"Geese"	"low"	"Geeselow"	NA	0	NA	NA	NA	0.0000402526383105339	0.00247054136127206	"All logistic values are the same"	"prevalence"	18	18
"OTU_141"	"Geese"	"high"	"Geesehigh"	NA	0	NA	NA	NA	0.0000178256505987129	0.00137734982393983	"All logistic values are the same"	"prevalence"	18	18
"OTU_141"	"Geese"	"low"	"Geeselow"	NA	0	NA	NA	NA	0.00500835254182252	0.0553207758813497	"All logistic values are the same"	"prevalence"	18	18
"OTU_1419"	"Geese"	"high"	"Geesehigh"	NA	0	NA	NA	NA	0.00268856000704032	0.0363645148244614	"All logistic values are the same"	"prevalence"	18	18
"OTU_1439"	"Geese"	"high"	"Geesehigh"	NA	0	NA	NA	NA	0.0000841690233658321	0.00369346519382502	"All logistic values are the same"	"prevalence"	18	18
"OTU_144"	"Geese"	"high"	"Geesehigh"	NA	0	NA	NA	NA	0.00465627593326434	0.0523503802875849	"All logistic values are the same"	"prevalence"	18	18
"OTU_144"	"Geese"	"low"	"Geeselow"	NA	0	NA	NA	NA	0.0113726497497436	0.0993127254634523	"All logistic values are the same"	"prevalence"	18	18
"OTU_147"	"Geese"	"high"	"Geesehigh"	NA	0	NA	NA	NA	0.00000000135967037628859	0.0000117665874364015	"All logistic values are the same"	"prevalence"	18	18
"OTU_147"	"Geese"	"low"	"Geeselow"	NA	0	NA	NA	NA	0.00000204150962079819	0.000405621166755425	"All logistic values are the same"	"prevalence"	18	18
"OTU_1484"	"Geese"	"high"	"Geesehigh"	NA	0	NA	NA	NA	0.0030105477551885	0.0388321772936324	"All logistic values are the same"	"prevalence"	18	18
"OTU_149"	"Geese"	"high"	"Geesehigh"	NA	0	NA	NA	NA	0.000000414044287744275	0.000166645402123263	"All logistic values are the same"	"prevalence"	18	18
"OTU_149"	"Geese"	"low"	"Geeselow"	NA	0	NA	NA	NA	0.0051698294833451	0.0564996131197816	"All logistic values are the same"	"prevalence"	18	18
"OTU_15"	"Geese"	"high"	"Geesehigh"	NA	0	NA	NA	NA	0.0000134961850635218	0.00117166128064883	"All logistic values are the same"	"prevalence"	18	18
"OTU_15"	"Geese"	"low"	"Geeselow"	NA	0	NA	NA	NA	0.00400616186107428	0.0470395178064173	"All logistic values are the same"	"prevalence"	18	18
"OTU_1505"	"Geese"	"high"	"Geesehigh"	NA	0	NA	NA	NA	0.000163850524771636	0.00543280628878827	"All logistic values are the same"	"prevalence"	18	18
"OTU_151"	"Geese"	"high"	"Geesehigh"	NA	0	NA	NA	NA	0.00012294337466856	0.00464481524658439	"All logistic values are the same"	"prevalence"	18	18
"OTU_152"	"Geese"	"high"	"Geesehigh"	NA	0	NA	NA	NA	0.00000129865882758651	0.000312183152609268	"All logistic values are the same"	"prevalence"	18	18
"OTU_152"	"Geese"	"low"	"Geeselow"	NA	0	NA	NA	NA	0.00000925535242346509	0.000901996648562681	"All logistic values are the same"	"prevalence"	18	18
"OTU_1544"	"Geese"	"high"	"Geesehigh"	NA	0	NA	NA	NA	0.00244984606729526	0.0342219888645344	"All logistic values are the same"	"prevalence"	18	18
"OTU_1557"	"Geese"	"high"	"Geesehigh"	NA	0	NA	NA	NA	0.00412202501607417	0.0479003148482102	"All logistic values are the same"	"prevalence"	18	18
"OTU_156"	"Geese"	"high"	"Geesehigh"	NA	0	NA	NA	NA	0.00000000653740084288756	0.0000282873334471745	"All logistic values are the same"	"prevalence"	18	18
"OTU_156"	"Geese"	"low"	"Geeselow"	NA	0	NA	NA	NA	0.00000662577183940805	0.000752931875559133	"All logistic values are the same"	"prevalence"	18	18
"OTU_158"	"Geese"	"high"	"Geesehigh"	NA	0	NA	NA	NA	0.0000441664663775043	0.00262454235088839	"All logistic values are the same"	"prevalence"	18	18
"OTU_1582"	"Geese"	"high"	"Geesehigh"	NA	0	NA	NA	NA	0.00602026932360955	0.0628460925530966	"All logistic values are the same"	"prevalence"	18	18
"OTU_161"	"Geese"	"low"	"Geeselow"	NA	0	NA	NA	NA	0.0000603140269253011	0.00308178888375086	"All logistic values are the same"	"prevalence"	18	18
"OTU_163"	"Geese"	"high"	"Geesehigh"	NA	0	NA	NA	NA	0.00361671960533338	0.0438977439895584	"All logistic values are the same"	"prevalence"	18	18
"OTU_164"	"Geese"	"high"	"Geesehigh"	NA	0	NA	NA	NA	0.010291890748765	0.0937478183096262	"All logistic values are the same"	"prevalence"	18	18
"OTU_1645"	"Geese"	"high"	"Geesehigh"	NA	0	NA	NA	NA	0.00000242973257513768	0.000429120524596765	"All logistic values are the same"	"prevalence"	18	18
"OTU_1645"	"Geese"	"low"	"Geeselow"	NA	0	NA	NA	NA	0.000344478157097816	0.00896215952527525	"All logistic values are the same"	"prevalence"	18	18
"OTU_165"	"Geese"	"high"	"Geesehigh"	NA	0	NA	NA	NA	0.001838502999433	0.0278276934297873	"All logistic values are the same"	"prevalence"	18	18
"OTU_166"	"Geese"	"high"	"Geesehigh"	NA	0	NA	NA	NA	0.000032440310123949	0.00212680639252011	"All logistic values are the same"	"prevalence"	18	18
"OTU_168"	"Geese"	"high"	"Geesehigh"	NA	0	NA	NA	NA	0.00504413911203594	0.0555368700706858	"All logistic values are the same"	"prevalence"	18	18
"OTU_169"	"Geese"	"high"	"Geesehigh"	NA	0	NA	NA	NA	0.000918717756255738	0.0173922452706578	"All logistic values are the same"	"prevalence"	18	18
"OTU_17"	"Geese"	"high"	"Geesehigh"	NA	0	NA	NA	NA	0.0000975063768584583	0.0039651747012298	"All logistic values are the same"	"prevalence"	18	18
"OTU_173"	"Geese"	"high"	"Geesehigh"	NA	0	NA	NA	NA	0.0000679846573783394	0.00326855124973416	"All logistic values are the same"	"prevalence"	18	18
"OTU_177"	"Geese"	"high"	"Geesehigh"	NA	0	NA	NA	NA	0.00000826185766700238	0.000851168050598079	"All logistic values are the same"	"prevalence"	18	18
"OTU_177"	"Geese"	"low"	"Geeselow"	NA	0	NA	NA	NA	0.000259516713784658	0.00748619213697476	"All logistic values are the same"	"prevalence"	18	18
"OTU_1770"	"Geese"	"high"	"Geesehigh"	NA	0	NA	NA	NA	0.000820729069562987	0.0160890806332595	"All logistic values are the same"	"prevalence"	18	18
"OTU_1770"	"Geese"	"low"	"Geeselow"	NA	0	NA	NA	NA	0.00130522555506063	0.0222789387642893	"All logistic values are the same"	"prevalence"	18	18
"OTU_179"	"Geese"	"high"	"Geesehigh"	NA	0	NA	NA	NA	0.000765697977946345	0.0153743626476744	"All logistic values are the same"	"prevalence"	18	18
"OTU_18"	"Geese"	"high"	"Geesehigh"	NA	0	NA	NA	NA	0.00000277607481624642	0.000430995537489378	"All logistic values are the same"	"prevalence"	18	18
"OTU_18"	"Geese"	"low"	"Geeselow"	NA	0	NA	NA	NA	0.00000668094711486766	0.000752931875559133	"All logistic values are the same"	"prevalence"	18	18
"OTU_183"	"Geese"	"low"	"Geeselow"	NA	0	NA	NA	NA	0.000821744122937451	0.0160890806332595	"All logistic values are the same"	"prevalence"	18	18
"OTU_184"	"Geese"	"high"	"Geesehigh"	NA	0	NA	NA	NA	0.00440623007785046	0.050706801986327	"All logistic values are the same"	"prevalence"	18	18
"OTU_1853"	"Geese"	"high"	"Geesehigh"	NA	0	NA	NA	NA	0.000893025064395925	0.0170978736886777	"All logistic values are the same"	"prevalence"	18	18
"OTU_1853"	"Geese"	"low"	"Geeselow"	NA	0	NA	NA	NA	0.00342645363642902	0.042300327774118	"All logistic values are the same"	"prevalence"	18	18
"OTU_186"	"Geese"	"high"	"Geesehigh"	NA	0	NA	NA	NA	0.00177691829274285	0.0271686411756124	"All logistic values are the same"	"prevalence"	18	18
"OTU_188"	"Geese"	"low"	"Geeselow"	NA	0	NA	NA	NA	0.00506757733956764	0.0557240334137463	"All logistic values are the same"	"prevalence"	18	18
"OTU_1884"	"Geese"	"high"	"Geesehigh"	NA	0	NA	NA	NA	0.00459531052736861	0.051916210579436	"All logistic values are the same"	"prevalence"	18	18
"OTU_189"	"Geese"	"high"	"Geesehigh"	NA	0	NA	NA	NA	0.000531254202578602	0.0119931754877806	"All logistic values are the same"	"prevalence"	18	18
"OTU_189"	"Geese"	"low"	"Geeselow"	NA	0	NA	NA	NA	0.0055585533839152	0.0590954803248183	"All logistic values are the same"	"prevalence"	18	18
"OTU_19"	"Geese"	"high"	"Geesehigh"	NA	0	NA	NA	NA	0.00156125929345885	0.0249743769419462	"All logistic values are the same"	"prevalence"	18	18
"OTU_19"	"Geese"	"low"	"Geeselow"	NA	0	NA	NA	NA	0.00124560723140132	0.021602183413542	"All logistic values are the same"	"prevalence"	18	18
"OTU_195"	"Geese"	"low"	"Geeselow"	NA	0	NA	NA	NA	0.0045234507777141	0.0515756825169141	"All logistic values are the same"	"prevalence"	18	18
"OTU_1970"	"Geese"	"low"	"Geeselow"	NA	0	NA	NA	NA	0.00596893003504428	0.0623854112599918	"All logistic values are the same"	"prevalence"	18	18
"OTU_2"	"Geese"	"high"	"Geesehigh"	NA	0	NA	NA	NA	0.0000623211752630581	0.00311891468957399	"All logistic values are the same"	"prevalence"	18	18
"OTU_2"	"Geese"	"low"	"Geeselow"	NA	0	NA	NA	NA	0.00132966976544258	0.0225626708826276	"All logistic values are the same"	"prevalence"	18	18
"OTU_2013"	"Geese"	"high"	"Geesehigh"	NA	0	NA	NA	NA	0.000577515542975249	0.0126207563356258	"All logistic values are the same"	"prevalence"	18	18
"OTU_202"	"Geese"	"high"	"Geesehigh"	NA	0	NA	NA	NA	0.00316828398823521	0.0400323694239005	"All logistic values are the same"	"prevalence"	18	18
"OTU_202"	"Geese"	"low"	"Geeselow"	NA	0	NA	NA	NA	0.00566892178277234	0.0599183065703366	"All logistic values are the same"	"prevalence"	18	18
"OTU_2027"	"Geese"	"high"	"Geesehigh"	NA	0	NA	NA	NA	0.000157363600182925	0.00527211406093988	"All logistic values are the same"	"prevalence"	18	18
"OTU_2027"	"Geese"	"low"	"Geeselow"	NA	0	NA	NA	NA	0.00032838177075778	0.00874404875119331	"All logistic values are the same"	"prevalence"	18	18
"OTU_206"	"Geese"	"high"	"Geesehigh"	NA	0	NA	NA	NA	0.0000638459484014753	0.00313933430378618	"All logistic values are the same"	"prevalence"	18	18
"OTU_207"	"Geese"	"high"	"Geesehigh"	NA	0	NA	NA	NA	0.000880139244720746	0.0168885255516925	"All logistic values are the same"	"prevalence"	18	18
"OTU_208"	"Geese"	"high"	"Geesehigh"	NA	0	NA	NA	NA	0.0000220490755773461	0.00160346806761642	"All logistic values are the same"	"prevalence"	18	18
"OTU_208"	"Geese"	"low"	"Geeselow"	NA	0	NA	NA	NA	0.00037971707037876	0.00955253350888892	"All logistic values are the same"	"prevalence"	18	18
"OTU_21"	"Geese"	"high"	"Geesehigh"	NA	0	NA	NA	NA	0.000333547819104552	0.00880037447113045	"All logistic values are the same"	"prevalence"	18	18
"OTU_21"	"Geese"	"low"	"Geeselow"	NA	0	NA	NA	NA	0.000470426334096663	0.0110928324121867	"All logistic values are the same"	"prevalence"	18	18
"OTU_210"	"Geese"	"high"	"Geesehigh"	NA	0	NA	NA	NA	0.000680938556666844	0.0141996199262527	"All logistic values are the same"	"prevalence"	18	18
"OTU_211"	"Geese"	"high"	"Geesehigh"	NA	0	NA	NA	NA	0.0000550871199602732	0.00293114676095936	"All logistic values are the same"	"prevalence"	18	18
"OTU_211"	"Geese"	"low"	"Geeselow"	NA	0	NA	NA	NA	0.00315259758854103	0.0399965088189934	"All logistic values are the same"	"prevalence"	18	18
"OTU_2119"	"Geese"	"high"	"Geesehigh"	NA	0	NA	NA	NA	0.000826033401108983	0.0161365531674879	"All logistic values are the same"	"prevalence"	18	18
"OTU_2119"	"Geese"	"low"	"Geeselow"	NA	0	NA	NA	NA	0.00000798619592934369	0.00083268119966916	"All logistic values are the same"	"prevalence"	18	18
"OTU_212"	"Geese"	"high"	"Geesehigh"	NA	0	NA	NA	NA	0.0000932775748290204	0.00386231642378154	"All logistic values are the same"	"prevalence"	18	18
"OTU_214"	"Geese"	"high"	"Geesehigh"	NA	0	NA	NA	NA	0.00290286265035111	0.0378460290822188	"All logistic values are the same"	"prevalence"	18	18
"OTU_2190"	"Geese"	"high"	"Geesehigh"	NA	0	NA	NA	NA	0.0000716793089209355	0.00336152981476893	"All logistic values are the same"	"prevalence"	18	18
"OTU_22"	"Geese"	"high"	"Geesehigh"	NA	0	NA	NA	NA	0.000544359056939836	0.0122043608257962	"All logistic values are the same"	"prevalence"	18	18
"OTU_2201"	"Geese"	"high"	"Geesehigh"	NA	0	NA	NA	NA	0.00000976463557700313	0.000938923958704279	"All logistic values are the same"	"prevalence"	18	18
"OTU_2201"	"Geese"	"low"	"Geeselow"	NA	0	NA	NA	NA	0.0000596197511303354	0.0030711269421543	"All logistic values are the same"	"prevalence"	18	18
"OTU_221"	"Geese"	"high"	"Geesehigh"	NA	0	NA	NA	NA	0.00433701341916337	0.0500433521725864	"All logistic values are the same"	"prevalence"	18	18
"OTU_2212"	"Geese"	"high"	"Geesehigh"	NA	0	NA	NA	NA	0.00255112184417972	0.0351551089801453	"All logistic values are the same"	"prevalence"	18	18
"OTU_222"	"Geese"	"low"	"Geeselow"	NA	0	NA	NA	NA	0.000763655877970115	0.0153743626476744	"All logistic values are the same"	"prevalence"	18	18
"OTU_225"	"Geese"	"high"	"Geesehigh"	NA	0	NA	NA	NA	0.000000544785988321195	0.000168377783676129	"All logistic values are the same"	"prevalence"	18	18
"OTU_226"	"Geese"	"high"	"Geesehigh"	NA	0	NA	NA	NA	0.00000488812743437705	0.000613070359668102	"All logistic values are the same"	"prevalence"	18	18
"OTU_2262"	"Geese"	"high"	"Geesehigh"	NA	0	NA	NA	NA	0.0108769527783055	0.0966418371082706	"All logistic values are the same"	"prevalence"	18	18
"OTU_2262"	"Geese"	"low"	"Geeselow"	NA	0	NA	NA	NA	0.0108944121419715	0.0966976847965348	"All logistic values are the same"	"prevalence"	18	18
"OTU_227"	"Geese"	"low"	"Geeselow"	NA	0	NA	NA	NA	0.00527182026918283	0.0573144882028997	"All logistic values are the same"	"prevalence"	18	18
"OTU_228"	"Geese"	"high"	"Geesehigh"	NA	0	NA	NA	NA	0.0011207153951116	0.0200212943574281	"All logistic values are the same"	"prevalence"	18	18
"OTU_2281"	"Geese"	"low"	"Geeselow"	NA	0	NA	NA	NA	0.00169245715349242	0.026180358279142	"All logistic values are the same"	"prevalence"	18	18
"OTU_229"	"Geese"	"high"	"Geesehigh"	NA	0	NA	NA	NA	0.00550508924135173	0.0588187206619762	"All logistic values are the same"	"prevalence"	18	18
"OTU_231"	"Geese"	"high"	"Geesehigh"	NA	0	NA	NA	NA	0.00667899048950693	0.0679539432078531	"All logistic values are the same"	"prevalence"	18	18
"OTU_232"	"Geese"	"high"	"Geesehigh"	NA	0	NA	NA	NA	0.000585683719343422	0.012700451861841	"All logistic values are the same"	"prevalence"	18	18
"OTU_2320"	"Geese"	"high"	"Geesehigh"	NA	0	NA	NA	NA	0.000324378126610347	0.00868652307977345	"All logistic values are the same"	"prevalence"	18	18
"OTU_2320"	"Geese"	"low"	"Geeselow"	NA	0	NA	NA	NA	0.0000506467012142409	0.0028095932840259	"All logistic values are the same"	"prevalence"	18	18
"OTU_234"	"Geese"	"low"	"Geeselow"	NA	0	NA	NA	NA	0.0000159923229501313	0.0013307457962542	"All logistic values are the same"	"prevalence"	18	18
"OTU_2358"	"Geese"	"high"	"Geesehigh"	NA	0	NA	NA	NA	0.00208468761567193	0.0305777739424151	"All logistic values are the same"	"prevalence"	18	18
"OTU_2359"	"Geese"	"high"	"Geesehigh"	NA	0	NA	NA	NA	0.00237645512203333	0.0336256663628009	"All logistic values are the same"	"prevalence"	18	18
"OTU_237"	"Geese"	"high"	"Geesehigh"	NA	0	NA	NA	NA	0.00163896422027587	0.0257883570223044	"All logistic values are the same"	"prevalence"	18	18
"OTU_238"	"Geese"	"low"	"Geeselow"	NA	0	NA	NA	NA	0.00314093488637912	0.039973015451066	"All logistic values are the same"	"prevalence"	18	18
"OTU_240"	"Geese"	"high"	"Geesehigh"	NA	0	NA	NA	NA	0.000209155043761067	0.00648755465486836	"All logistic values are the same"	"prevalence"	18	18
"OTU_240"	"Geese"	"low"	"Geeselow"	NA	0	NA	NA	NA	0.00105260872855606	0.0191774230251034	"All logistic values are the same"	"prevalence"	18	18
"OTU_241"	"Geese"	"high"	"Geesehigh"	NA	0	NA	NA	NA	0.00116814101549556	0.0205052583125732	"All logistic values are the same"	"prevalence"	18	18
"OTU_241"	"Geese"	"low"	"Geeselow"	NA	0	NA	NA	NA	0.000551670033455243	0.0122564622064313	"All logistic values are the same"	"prevalence"	18	18
"OTU_2416"	"Geese"	"high"	"Geesehigh"	NA	0	NA	NA	NA	0.000000999295772019515	0.000262057745789603	"All logistic values are the same"	"prevalence"	18	18
"OTU_2416"	"Geese"	"low"	"Geeselow"	NA	0	NA	NA	NA	0.0000424894031855194	0.00257135171445794	"All logistic values are the same"	"prevalence"	18	18
"OTU_2419"	"Geese"	"low"	"Geeselow"	NA	0	NA	NA	NA	0.0106607978955445	0.095551157611717	"All logistic values are the same"	"prevalence"	18	18
"OTU_244"	"Geese"	"high"	"Geesehigh"	NA	0	NA	NA	NA	0.000385509157238229	0.00967013404852067	"All logistic values are the same"	"prevalence"	18	18
"OTU_2452"	"Geese"	"high"	"Geesehigh"	NA	0	NA	NA	NA	0.0000519487582626432	0.00284534527851212	"All logistic values are the same"	"prevalence"	18	18
"OTU_251"	"Geese"	"low"	"Geeselow"	NA	0	NA	NA	NA	0.00282732556233878	0.0373552296434806	"All logistic values are the same"	"prevalence"	18	18
"OTU_258"	"Geese"	"high"	"Geesehigh"	NA	0	NA	NA	NA	0.00301539440042997	0.0388321772936324	"All logistic values are the same"	"prevalence"	18	18
"OTU_26"	"Geese"	"high"	"Geesehigh"	NA	0	NA	NA	NA	0.000000073640668674102	0.0000909052609327314	"All logistic values are the same"	"prevalence"	18	18
"OTU_26"	"Geese"	"low"	"Geeselow"	NA	0	NA	NA	NA	0.000536920846082145	0.0120688649402465	"All logistic values are the same"	"prevalence"	18	18
"OTU_260"	"Geese"	"high"	"Geesehigh"	NA	0	NA	NA	NA	0.000363958697511713	0.00918392067667626	"All logistic values are the same"	"prevalence"	18	18
"OTU_263"	"Geese"	"high"	"Geesehigh"	NA	0	NA	NA	NA	0.000192484727696396	0.00614672632282144	"All logistic values are the same"	"prevalence"	18	18
"OTU_264"	"Geese"	"high"	"Geesehigh"	NA	0	NA	NA	NA	0.000124058094243651	0.00464761362590716	"All logistic values are the same"	"prevalence"	18	18
"OTU_2659"	"Geese"	"high"	"Geesehigh"	NA	0	NA	NA	NA	0.00833512292180516	0.0799691283429067	"All logistic values are the same"	"prevalence"	18	18
"OTU_266"	"Geese"	"low"	"Geeselow"	NA	0	NA	NA	NA	0.000481340811214537	0.0112581712979746	"All logistic values are the same"	"prevalence"	18	18
"OTU_267"	"Geese"	"high"	"Geesehigh"	NA	0	NA	NA	NA	0.0000304641501974734	0.00202802689781888	"All logistic values are the same"	"prevalence"	18	18
"OTU_267"	"Geese"	"low"	"Geeselow"	NA	0	NA	NA	NA	0.00149495523900467	0.0245316672720787	"All logistic values are the same"	"prevalence"	18	18
"OTU_269"	"Geese"	"high"	"Geesehigh"	NA	0	NA	NA	NA	0.00000635238478119415	0.000742885647249381	"All logistic values are the same"	"prevalence"	18	18
"OTU_27"	"Geese"	"high"	"Geesehigh"	NA	0	NA	NA	NA	0.0000587379467704707	0.00306215777922683	"All logistic values are the same"	"prevalence"	18	18
"OTU_27"	"Geese"	"low"	"Geeselow"	NA	0	NA	NA	NA	0.00154774361213672	0.024926194833263	"All logistic values are the same"	"prevalence"	18	18
"OTU_270"	"Geese"	"high"	"Geesehigh"	NA	0	NA	NA	NA	0.00354282351890944	0.0433657634125068	"All logistic values are the same"	"prevalence"	18	18
"OTU_271"	"Geese"	"high"	"Geesehigh"	NA	0	NA	NA	NA	0.00069352130990552	0.0144272437882749	"All logistic values are the same"	"prevalence"	18	18
"OTU_271"	"Geese"	"low"	"Geeselow"	NA	0	NA	NA	NA	0.0000963419928234899	0.00395928115874325	"All logistic values are the same"	"prevalence"	18	18
"OTU_273"	"Geese"	"high"	"Geesehigh"	NA	0	NA	NA	NA	0.00316872810900992	0.0400323694239005	"All logistic values are the same"	"prevalence"	18	18
"OTU_274"	"Geese"	"high"	"Geesehigh"	NA	0	NA	NA	NA	0.00111748671477008	0.0200212943574281	"All logistic values are the same"	"prevalence"	18	18
"OTU_277"	"Geese"	"high"	"Geesehigh"	NA	0	NA	NA	NA	0.00000450788910111299	0.000576415182787618	"All logistic values are the same"	"prevalence"	18	18
"OTU_277"	"Geese"	"low"	"Geeselow"	NA	0	NA	NA	NA	0.00286437494444236	0.0376150239289897	"All logistic values are the same"	"prevalence"	18	18
"OTU_28"	"Geese"	"high"	"Geesehigh"	NA	0	NA	NA	NA	0.00041690760185964	0.0102789697620892	"All logistic values are the same"	"prevalence"	18	18
"OTU_28"	"Geese"	"low"	"Geeselow"	NA	0	NA	NA	NA	0.00524601316353379	0.0571056577575112	"All logistic values are the same"	"prevalence"	18	18
"OTU_280"	"Geese"	"high"	"Geesehigh"	NA	0	NA	NA	NA	0.000000388533206274744	0.000166645402123263	"All logistic values are the same"	"prevalence"	18	18
"OTU_280"	"Geese"	"low"	"Geeselow"	NA	0	NA	NA	NA	0.000411358387694127	0.0101711299631571	"All logistic values are the same"	"prevalence"	18	18
"OTU_2819"	"Geese"	"high"	"Geesehigh"	NA	0	NA	NA	NA	0.00644903687399723	0.0663614329459833	"All logistic values are the same"	"prevalence"	18	18
"OTU_285"	"Geese"	"high"	"Geesehigh"	NA	0	NA	NA	NA	0.00000329796707787544	0.00048373910325312	"All logistic values are the same"	"prevalence"	18	18
"OTU_285"	"Geese"	"low"	"Geeselow"	NA	0	NA	NA	NA	0.00057717855762951	0.0126207563356258	"All logistic values are the same"	"prevalence"	18	18
"OTU_286"	"Geese"	"high"	"Geesehigh"	NA	0	NA	NA	NA	0.000167991116385213	0.00554883634044899	"All logistic values are the same"	"prevalence"	18	18
"OTU_289"	"Geese"	"high"	"Geesehigh"	NA	0	NA	NA	NA	0.000959037671360408	0.0178868793274848	"All logistic values are the same"	"prevalence"	18	18
"OTU_2904"	"Geese"	"high"	"Geesehigh"	NA	0	NA	NA	NA	0.00149956690396691	0.0245316672720787	"All logistic values are the same"	"prevalence"	18	18
"OTU_291"	"Geese"	"high"	"Geesehigh"	NA	0	NA	NA	NA	0.00270877549438731	0.0365448623839276	"All logistic values are the same"	"prevalence"	18	18
"OTU_2914"	"Geese"	"high"	"Geesehigh"	NA	0	NA	NA	NA	0.0000445814335082728	0.00262454235088839	"All logistic values are the same"	"prevalence"	18	18
"OTU_2949"	"Geese"	"high"	"Geesehigh"	NA	0	NA	NA	NA	0.00000042713804671024	0.000166645402123263	"All logistic values are the same"	"prevalence"	18	18
"OTU_2949"	"Geese"	"low"	"Geeselow"	NA	0	NA	NA	NA	0.00058850025382462	0.012700451861841	"All logistic values are the same"	"prevalence"	18	18
"OTU_295"	"Geese"	"low"	"Geeselow"	NA	0	NA	NA	NA	0.00490276016223568	0.0546758845927674	"All logistic values are the same"	"prevalence"	18	18
"OTU_296"	"Geese"	"high"	"Geesehigh"	NA	0	NA	NA	NA	0.000238472674285894	0.00704348984051239	"All logistic values are the same"	"prevalence"	18	18
"OTU_298"	"Geese"	"low"	"Geeselow"	NA	0	NA	NA	NA	0.00150853674227558	0.0246318433351941	"All logistic values are the same"	"prevalence"	18	18
"OTU_299"	"Geese"	"high"	"Geesehigh"	NA	0	NA	NA	NA	0.0000165632545708894	0.00136512766720454	"All logistic values are the same"	"prevalence"	18	18
"OTU_299"	"Geese"	"low"	"Geeselow"	NA	0	NA	NA	NA	0.000549022165639901	0.0122454583027003	"All logistic values are the same"	"prevalence"	18	18
"OTU_3"	"Geese"	"high"	"Geesehigh"	NA	0	NA	NA	NA	0.00222393699164125	0.0320546617488342	"All logistic values are the same"	"prevalence"	18	18
"OTU_303"	"Geese"	"high"	"Geesehigh"	NA	0	NA	NA	NA	0.000010530384910945	0.000990542945862157	"All logistic values are the same"	"prevalence"	18	18
"OTU_303"	"Geese"	"low"	"Geeselow"	NA	0	NA	NA	NA	0.00969293153479611	0.0896181939125273	"All logistic values are the same"	"prevalence"	18	18
"OTU_305"	"Geese"	"high"	"Geesehigh"	NA	0	NA	NA	NA	0.00585430065363479	0.0612613275169958	"All logistic values are the same"	"prevalence"	18	18
"OTU_305"	"Geese"	"low"	"Geeselow"	NA	0	NA	NA	NA	0.00250539054318466	0.0347193482537682	"All logistic values are the same"	"prevalence"	18	18
"OTU_307"	"Geese"	"high"	"Geesehigh"	NA	0	NA	NA	NA	0.00187455047748053	0.0282619509270322	"All logistic values are the same"	"prevalence"	18	18
"OTU_31"	"Geese"	"high"	"Geesehigh"	NA	0	NA	NA	NA	0.0000873125216709347	0.00372906107324549	"All logistic values are the same"	"prevalence"	18	18
"OTU_31"	"Geese"	"low"	"Geeselow"	NA	0	NA	NA	NA	0.00254895323808979	0.0351551089801453	"All logistic values are the same"	"prevalence"	18	18
"OTU_310"	"Geese"	"high"	"Geesehigh"	NA	0	NA	NA	NA	0.00401689434468944	0.0470395178064173	"All logistic values are the same"	"prevalence"	18	18
"OTU_313"	"Geese"	"high"	"Geesehigh"	NA	0	NA	NA	NA	0.000136738336453224	0.00492045531197766	"All logistic values are the same"	"prevalence"	18	18
"OTU_315"	"Geese"	"low"	"Geeselow"	NA	0	NA	NA	NA	0.00865131278022291	0.0817341275109706	"All logistic values are the same"	"prevalence"	18	18
"OTU_321"	"Geese"	"high"	"Geesehigh"	NA	0	NA	NA	NA	0.00000888212355554252	0.000893789502903081	"All logistic values are the same"	"prevalence"	18	18
"OTU_3219"	"Geese"	"high"	"Geesehigh"	NA	0	NA	NA	NA	0.000232262666399308	0.00693103832765382	"All logistic values are the same"	"prevalence"	18	18
"OTU_3219"	"Geese"	"low"	"Geeselow"	NA	0	NA	NA	NA	0.000409489120391848	0.0101539222002036	"All logistic values are the same"	"prevalence"	18	18
"OTU_324"	"Geese"	"high"	"Geesehigh"	NA	0	NA	NA	NA	0.00000196638022054163	0.000405167962584935	"All logistic values are the same"	"prevalence"	18	18
"OTU_324"	"Geese"	"low"	"Geeselow"	NA	0	NA	NA	NA	0.0000877713863515206	0.00372906107324549	"All logistic values are the same"	"prevalence"	18	18
"OTU_329"	"Geese"	"high"	"Geesehigh"	NA	0	NA	NA	NA	0.0000000207626194015376	0.000059893236100302	"All logistic values are the same"	"prevalence"	18	18
"OTU_329"	"Geese"	"low"	"Geeselow"	NA	0	NA	NA	NA	0.00126284817696398	0.0217342122572968	"All logistic values are the same"	"prevalence"	18	18
"OTU_3294"	"Geese"	"high"	"Geesehigh"	NA	0	NA	NA	NA	0.0000718607598488852	0.00336152981476893	"All logistic values are the same"	"prevalence"	18	18
"OTU_3294"	"Geese"	"low"	"Geeselow"	NA	0	NA	NA	NA	0.00166222253921589	0.0260090330706827	"All logistic values are the same"	"prevalence"	18	18
"OTU_334"	"Geese"	"low"	"Geeselow"	NA	0	NA	NA	NA	0.00395544426148531	0.0466354422873213	"All logistic values are the same"	"prevalence"	18	18
"OTU_3345"	"Geese"	"high"	"Geesehigh"	NA	0	NA	NA	NA	0.0000669627649261262	0.00323740652329998	"All logistic values are the same"	"prevalence"	18	18
"OTU_34"	"Geese"	"high"	"Geesehigh"	NA	0	NA	NA	NA	0.00457132712699471	0.051848315802113	"All logistic values are the same"	"prevalence"	18	18
"OTU_342"	"Geese"	"high"	"Geesehigh"	NA	0	NA	NA	NA	0.000136393282010205	0.00492045531197766	"All logistic values are the same"	"prevalence"	18	18
"OTU_344"	"Geese"	"high"	"Geesehigh"	NA	0	NA	NA	NA	0.000388983544031163	0.00972908552036325	"All logistic values are the same"	"prevalence"	18	18
"OTU_345"	"Geese"	"high"	"Geesehigh"	NA	0	NA	NA	NA	0.00554529726508912	0.0590270633850938	"All logistic values are the same"	"prevalence"	18	18
"OTU_3499"	"Geese"	"high"	"Geesehigh"	NA	0	NA	NA	NA	0.00528064740587775	0.0573384223970715	"All logistic values are the same"	"prevalence"	18	18
"OTU_35"	"Geese"	"high"	"Geesehigh"	NA	0	NA	NA	NA	0.00104156806124467	0.0190968855974817	"All logistic values are the same"	"prevalence"	18	18
"OTU_3506"	"Geese"	"high"	"Geesehigh"	NA	0	NA	NA	NA	0.0000109529327857461	0.00101318134602629	"All logistic values are the same"	"prevalence"	18	18
"OTU_3511"	"Geese"	"high"	"Geesehigh"	NA	0	NA	NA	NA	0.00232612050623771	0.033054592546767	"All logistic values are the same"	"prevalence"	18	18
"OTU_3513"	"Geese"	"high"	"Geesehigh"	NA	0	NA	NA	NA	0.00000423291450557528	0.00056356372509613	"All logistic values are the same"	"prevalence"	18	18
"OTU_3513"	"Geese"	"low"	"Geeselow"	NA	0	NA	NA	NA	0.00048834083513305	0.0113071448944763	"All logistic values are the same"	"prevalence"	18	18
"OTU_353"	"Geese"	"high"	"Geesehigh"	NA	0	NA	NA	NA	0.000206357941659463	0.00645861319740166	"All logistic values are the same"	"prevalence"	18	18
"OTU_353"	"Geese"	"low"	"Geeselow"	NA	0	NA	NA	NA	0.00000927636950798227	0.000901996648562681	"All logistic values are the same"	"prevalence"	18	18
"OTU_354"	"Geese"	"high"	"Geesehigh"	NA	0	NA	NA	NA	0.000461392263130245	0.010914612522953	"All logistic values are the same"	"prevalence"	18	18
"OTU_355"	"Geese"	"high"	"Geesehigh"	NA	0	NA	NA	NA	0.00289158962186753	0.0378003271716641	"All logistic values are the same"	"prevalence"	18	18
"OTU_356"	"Geese"	"high"	"Geesehigh"	NA	0	NA	NA	NA	0.00204860826196041	0.0302536790085415	"All logistic values are the same"	"prevalence"	18	18
"OTU_358"	"Geese"	"high"	"Geesehigh"	NA	0	NA	NA	NA	0.000285907923679662	0.00797426318729875	"All logistic values are the same"	"prevalence"	18	18
"OTU_358"	"Geese"	"low"	"Geeselow"	NA	0	NA	NA	NA	0.0020602765745289	0.0303225059115188	"All logistic values are the same"	"prevalence"	18	18
"OTU_36"	"Geese"	"high"	"Geesehigh"	NA	0	NA	NA	NA	0.000011580247213594	0.00104996298745615	"All logistic values are the same"	"prevalence"	18	18
"OTU_36"	"Geese"	"low"	"Geeselow"	NA	0	NA	NA	NA	0.00189952413148442	0.0284895699027143	"All logistic values are the same"	"prevalence"	18	18
"OTU_362"	"Geese"	"high"	"Geesehigh"	NA	0	NA	NA	NA	0.0065819618598153	0.0674574240148295	"All logistic values are the same"	"prevalence"	18	18
"OTU_366"	"Geese"	"high"	"Geesehigh"	NA	0	NA	NA	NA	0.00000218649227301526	0.000420486758459424	"All logistic values are the same"	"prevalence"	18	18
"OTU_366"	"Geese"	"low"	"Geeselow"	NA	0	NA	NA	NA	0.0000644385583270513	0.00315057222464577	"All logistic values are the same"	"prevalence"	18	18
"OTU_3662"	"Geese"	"high"	"Geesehigh"	NA	0	NA	NA	NA	0.00219543721120463	0.0318246459393047	"All logistic values are the same"	"prevalence"	18	18
"OTU_371"	"Geese"	"high"	"Geesehigh"	NA	0	NA	NA	NA	0.000149481356240155	0.00517662263720045	"All logistic values are the same"	"prevalence"	18	18
"OTU_371"	"Geese"	"low"	"Geeselow"	NA	0	NA	NA	NA	0.000655088205609111	0.0138609616903209	"All logistic values are the same"	"prevalence"	18	18
"OTU_372"	"Geese"	"high"	"Geesehigh"	NA	0	NA	NA	NA	0.000432354848505456	0.0105101091543995	"All logistic values are the same"	"prevalence"	18	18
"OTU_374"	"Geese"	"high"	"Geesehigh"	NA	0	NA	NA	NA	0.0000773418173789509	0.00356019195530554	"All logistic values are the same"	"prevalence"	18	18
"OTU_374"	"Geese"	"low"	"Geeselow"	NA	0	NA	NA	NA	0.000425274533540243	0.0104258521622019	"All logistic values are the same"	"prevalence"	18	18
"OTU_3743"	"Geese"	"high"	"Geesehigh"	NA	0	NA	NA	NA	0.00000182517049907016	0.000385244524364712	"All logistic values are the same"	"prevalence"	18	18
"OTU_3760"	"Geese"	"high"	"Geesehigh"	NA	0	NA	NA	NA	0.0000380087942464247	0.0023835369957142	"All logistic values are the same"	"prevalence"	18	18
"OTU_3794"	"Geese"	"high"	"Geesehigh"	NA	0	NA	NA	NA	0.000710647637828687	0.0146079445552719	"All logistic values are the same"	"prevalence"	18	18
"OTU_384"	"Geese"	"high"	"Geesehigh"	NA	0	NA	NA	NA	0.000084626271491417	0.00369346519382502	"All logistic values are the same"	"prevalence"	18	18
"OTU_386"	"Geese"	"low"	"Geeselow"	NA	0	NA	NA	NA	0.00985691194994742	0.0908431480456283	"All logistic values are the same"	"prevalence"	18	18
"OTU_388"	"Geese"	"high"	"Geesehigh"	NA	0	NA	NA	NA	0.0000482199867606337	0.00274536687780608	"All logistic values are the same"	"prevalence"	18	18
"OTU_388"	"Geese"	"low"	"Geeselow"	NA	0	NA	NA	NA	0.00762846511205628	0.0739332038140352	"All logistic values are the same"	"prevalence"	18	18
"OTU_389"	"Geese"	"high"	"Geesehigh"	NA	0	NA	NA	NA	0.00232431390812704	0.033054592546767	"All logistic values are the same"	"prevalence"	18	18
"OTU_39"	"Geese"	"high"	"Geesehigh"	NA	0	NA	NA	NA	0.000314396275991502	0.00850011191927183	"All logistic values are the same"	"prevalence"	18	18
"OTU_39"	"Geese"	"low"	"Geeselow"	NA	0	NA	NA	NA	0.00274383083506491	0.0368712919979064	"All logistic values are the same"	"prevalence"	18	18
"OTU_3939"	"Geese"	"high"	"Geesehigh"	NA	0	NA	NA	NA	0.000110376570722437	0.00430269749113499	"All logistic values are the same"	"prevalence"	18	18
"OTU_3939"	"Geese"	"low"	"Geeselow"	NA	0	NA	NA	NA	0.0107889784623703	0.0962354471704959	"All logistic values are the same"	"prevalence"	18	18
"OTU_3957"	"Geese"	"high"	"Geesehigh"	NA	0	NA	NA	NA	0.000877883681474678	0.0168826786210708	"All logistic values are the same"	"prevalence"	18	18
"OTU_396"	"Geese"	"high"	"Geesehigh"	NA	0	NA	NA	NA	0.000000659451834694735	0.000190229872581608	"All logistic values are the same"	"prevalence"	18	18
"OTU_396"	"Geese"	"low"	"Geeselow"	NA	0	NA	NA	NA	0.000866520562117667	0.0167759931645778	"All logistic values are the same"	"prevalence"	18	18
"OTU_397"	"Geese"	"high"	"Geesehigh"	NA	0	NA	NA	NA	0.0103020770987352	0.0937478183096262	"All logistic values are the same"	"prevalence"	18	18
"OTU_397"	"Geese"	"low"	"Geeselow"	NA	0	NA	NA	NA	0.00731588102950087	0.0719450391242051	"All logistic values are the same"	"prevalence"	18	18
"OTU_4"	"Geese"	"high"	"Geesehigh"	NA	0	NA	NA	NA	0.00108225576175247	0.0196348875517943	"All logistic values are the same"	"prevalence"	18	18
"OTU_4017"	"Geese"	"high"	"Geesehigh"	NA	0	NA	NA	NA	0.00285341549708262	0.0376094951945984	"All logistic values are the same"	"prevalence"	18	18
"OTU_402"	"Geese"	"high"	"Geesehigh"	NA	0	NA	NA	NA	0.00459122393626976	0.051916210579436	"All logistic values are the same"	"prevalence"	18	18
"OTU_404"	"Geese"	"high"	"Geesehigh"	NA	0	NA	NA	NA	0.0030681472730123	0.0393359207417014	"All logistic values are the same"	"prevalence"	18	18
"OTU_404"	"Geese"	"low"	"Geeselow"	NA	0	NA	NA	NA	0.00341767126610193	0.0422521816240659	"All logistic values are the same"	"prevalence"	18	18
"OTU_415"	"Geese"	"high"	"Geesehigh"	NA	0	NA	NA	NA	0.000302635674790053	0.00833082834195909	"All logistic values are the same"	"prevalence"	18	18
"OTU_417"	"Geese"	"high"	"Geesehigh"	NA	0	NA	NA	NA	0.000130394222119579	0.00479779088151447	"All logistic values are the same"	"prevalence"	18	18
"OTU_418"	"Geese"	"high"	"Geesehigh"	NA	0	NA	NA	NA	0.000437489441902361	0.0105755129335839	"All logistic values are the same"	"prevalence"	18	18
"OTU_4193"	"Geese"	"high"	"Geesehigh"	NA	0	NA	NA	NA	0.000635748777713996	0.013517862217044	"All logistic values are the same"	"prevalence"	18	18
"OTU_4197"	"Geese"	"high"	"Geesehigh"	NA	0	NA	NA	NA	0.000443352672745867	0.0106577056387298	"All logistic values are the same"	"prevalence"	18	18
"OTU_4197"	"Geese"	"low"	"Geeselow"	NA	0	NA	NA	NA	0.000937740743925941	0.0175274479437043	"All logistic values are the same"	"prevalence"	18	18
"OTU_423"	"Geese"	"high"	"Geesehigh"	NA	0	NA	NA	NA	0.00702927051692059	0.0704066053859153	"All logistic values are the same"	"prevalence"	18	18
"OTU_425"	"Geese"	"high"	"Geesehigh"	NA	0	NA	NA	NA	0.0111754891743343	0.0981763915273699	"All logistic values are the same"	"prevalence"	18	18
"OTU_427"	"Geese"	"high"	"Geesehigh"	NA	0	NA	NA	NA	0.00450658005468363	0.0514581315466222	"All logistic values are the same"	"prevalence"	18	18
"OTU_428"	"Geese"	"high"	"Geesehigh"	NA	0	NA	NA	NA	0.0055189277995753	0.0588187206619762	"All logistic values are the same"	"prevalence"	18	18
"OTU_43"	"Geese"	"high"	"Geesehigh"	NA	0	NA	NA	NA	0.0000300257309446827	0.00202802689781888	"All logistic values are the same"	"prevalence"	18	18
"OTU_43"	"Geese"	"low"	"Geeselow"	NA	0	NA	NA	NA	0.0000783704779232508	0.00358845563993552	"All logistic values are the same"	"prevalence"	18	18
"OTU_430"	"Geese"	"high"	"Geesehigh"	NA	0	NA	NA	NA	0.00839760981441651	0.0802129308321859	"All logistic values are the same"	"prevalence"	18	18
"OTU_4307"	"Geese"	"high"	"Geesehigh"	NA	0	NA	NA	NA	0.00145928249118854	0.0241004402266138	"All logistic values are the same"	"prevalence"	18	18
"OTU_432"	"Geese"	"high"	"Geesehigh"	NA	0	NA	NA	NA	0.0000174836392146105	0.00137548557966581	"All logistic values are the same"	"prevalence"	18	18
"OTU_432"	"Geese"	"low"	"Geeselow"	NA	0	NA	NA	NA	0.0000473603474421269	0.00271428110439845	"All logistic values are the same"	"prevalence"	18	18
"OTU_438"	"Geese"	"high"	"Geesehigh"	NA	0	NA	NA	NA	0.000675084326836495	0.0141369973137601	"All logistic values are the same"	"prevalence"	18	18
"OTU_439"	"Geese"	"high"	"Geesehigh"	NA	0	NA	NA	NA	0.00214694334269483	0.0312262986347581	"All logistic values are the same"	"prevalence"	18	18
"OTU_44"	"Geese"	"high"	"Geesehigh"	NA	0	NA	NA	NA	0.0114707979092148	0.0997671207098943	"All logistic values are the same"	"prevalence"	18	18
"OTU_4403"	"Geese"	"high"	"Geesehigh"	NA	0	NA	NA	NA	0.000019475839892813	0.00146921675325464	"All logistic values are the same"	"prevalence"	18	18
"OTU_4403"	"Geese"	"low"	"Geeselow"	NA	0	NA	NA	NA	0.00015487187951535	0.00527211406093988	"All logistic values are the same"	"prevalence"	18	18
"OTU_4477"	"Geese"	"high"	"Geesehigh"	NA	0	NA	NA	NA	0.000000488403794740577	0.000166645402123263	"All logistic values are the same"	"prevalence"	18	18
"OTU_4477"	"Geese"	"low"	"Geeselow"	NA	0	NA	NA	NA	0.00224816334327249	0.0322646858585077	"All logistic values are the same"	"prevalence"	18	18
"OTU_448"	"Geese"	"high"	"Geesehigh"	NA	0	NA	NA	NA	0.0000195239110959422	0.00146921675325464	"All logistic values are the same"	"prevalence"	18	18
"OTU_448"	"Geese"	"low"	"Geeselow"	NA	0	NA	NA	NA	0.000839775737921711	0.0162946619640684	"All logistic values are the same"	"prevalence"	18	18
"OTU_455"	"Geese"	"high"	"Geesehigh"	NA	0	NA	NA	NA	0.000525835931947216	0.0119437904332578	"All logistic values are the same"	"prevalence"	18	18
"OTU_456"	"Geese"	"high"	"Geesehigh"	NA	0	NA	NA	NA	0.000162788912545953	0.00541836634297182	"All logistic values are the same"	"prevalence"	18	18
"OTU_4573"	"Geese"	"high"	"Geesehigh"	NA	0	NA	NA	NA	0.00280737282930366	0.0373361402799555	"All logistic values are the same"	"prevalence"	18	18
"OTU_461"	"Geese"	"high"	"Geesehigh"	NA	0	NA	NA	NA	0.00147768110865298	0.0243578139319675	"All logistic values are the same"	"prevalence"	18	18
"OTU_4636"	"Geese"	"high"	"Geesehigh"	NA	0	NA	NA	NA	0.00161950750984219	0.0255286302188967	"All logistic values are the same"	"prevalence"	18	18
"OTU_465"	"Geese"	"low"	"Geeselow"	NA	0	NA	NA	NA	0.00344711002971598	0.0423499963796113	"All logistic values are the same"	"prevalence"	18	18
"OTU_4677"	"Geese"	"low"	"Geeselow"	NA	0	NA	NA	NA	0.00265739520288211	0.0361021947970828	"All logistic values are the same"	"prevalence"	18	18
"OTU_47"	"Geese"	"high"	"Geesehigh"	NA	0	NA	NA	NA	0.0000809887473036675	0.00364217431472435	"All logistic values are the same"	"prevalence"	18	18
"OTU_473"	"Geese"	"high"	"Geesehigh"	NA	0	NA	NA	NA	0.000000107890728795468	0.0000933686366995978	"All logistic values are the same"	"prevalence"	18	18
"OTU_4749"	"Geese"	"high"	"Geesehigh"	NA	0	NA	NA	NA	0.000052696754994308	0.00286816174667133	"All logistic values are the same"	"prevalence"	18	18
"OTU_477"	"Geese"	"high"	"Geesehigh"	NA	0	NA	NA	NA	0.0000101700585471987	0.000967161391950079	"All logistic values are the same"	"prevalence"	18	18
"OTU_478"	"Geese"	"high"	"Geesehigh"	NA	0	NA	NA	NA	0.000266697509149871	0.00761716252205606	"All logistic values are the same"	"prevalence"	18	18
"OTU_478"	"Geese"	"low"	"Geeselow"	NA	0	NA	NA	NA	0.00672674670119267	0.0681654168057627	"All logistic values are the same"	"prevalence"	18	18
"OTU_4798"	"Geese"	"high"	"Geesehigh"	NA	0	NA	NA	NA	0.000431606353394676	0.0105101091543995	"All logistic values are the same"	"prevalence"	18	18
"OTU_4798"	"Geese"	"low"	"Geeselow"	NA	0	NA	NA	NA	0.000304888981675133	0.00833082834195909	"All logistic values are the same"	"prevalence"	18	18
"OTU_481"	"Geese"	"high"	"Geesehigh"	NA	0	NA	NA	NA	0.000206729357023372	0.00645861319740166	"All logistic values are the same"	"prevalence"	18	18
"OTU_482"	"Geese"	"high"	"Geesehigh"	NA	0	NA	NA	NA	0.0000245278504857893	0.00176886681753351	"All logistic values are the same"	"prevalence"	18	18
"OTU_482"	"Geese"	"low"	"Geeselow"	NA	0	NA	NA	NA	0.00000452926189387082	0.000576415182787618	"All logistic values are the same"	"prevalence"	18	18
"OTU_485"	"Geese"	"high"	"Geesehigh"	NA	0	NA	NA	NA	0.000144267077267113	0.00507515157182762	"All logistic values are the same"	"prevalence"	18	18
"OTU_485"	"Geese"	"low"	"Geeselow"	NA	0	NA	NA	NA	0.00012665276535806	0.00470409026355643	"All logistic values are the same"	"prevalence"	18	18
"OTU_487"	"Geese"	"high"	"Geesehigh"	NA	0	NA	NA	NA	0.00304435357709476	0.0391468586273077	"All logistic values are the same"	"prevalence"	18	18
"OTU_487"	"Geese"	"low"	"Geeselow"	NA	0	NA	NA	NA	0.00724873294861006	0.0715285461086334	"All logistic values are the same"	"prevalence"	18	18
"OTU_4906"	"Geese"	"low"	"Geeselow"	NA	0	NA	NA	NA	0.00566540439913377	0.0599183065703366	"All logistic values are the same"	"prevalence"	18	18
"OTU_493"	"Geese"	"high"	"Geesehigh"	NA	0	NA	NA	NA	0.00000419054615585779	0.00056356372509613	"All logistic values are the same"	"prevalence"	18	18
"OTU_493"	"Geese"	"low"	"Geeselow"	NA	0	NA	NA	NA	0.00000296122843390645	0.000441835704603904	"All logistic values are the same"	"prevalence"	18	18
"OTU_4942"	"Geese"	"high"	"Geesehigh"	NA	0	NA	NA	NA	0.00000278879671034016	0.000430995537489378	"All logistic values are the same"	"prevalence"	18	18
"OTU_4942"	"Geese"	"low"	"Geeselow"	NA	0	NA	NA	NA	0.00135522844971803	0.0228174066222953	"All logistic values are the same"	"prevalence"	18	18
"OTU_50"	"Geese"	"high"	"Geesehigh"	NA	0	NA	NA	NA	0.000000794013189753251	0.000214730942003895	"All logistic values are the same"	"prevalence"	18	18
"OTU_50"	"Geese"	"low"	"Geeselow"	NA	0	NA	NA	NA	0.0000711549177611071	0.00336152981476893	"All logistic values are the same"	"prevalence"	18	18
"OTU_500"	"Geese"	"low"	"Geeselow"	NA	0	NA	NA	NA	0.0048430826221646	0.0540800477576934	"All logistic values are the same"	"prevalence"	18	18
"OTU_502"	"Geese"	"high"	"Geesehigh"	NA	0	NA	NA	NA	0.0000133354724348722	0.00117166128064883	"All logistic values are the same"	"prevalence"	18	18
"OTU_503"	"Geese"	"high"	"Geesehigh"	NA	0	NA	NA	NA	0.000286140611699515	0.00797426318729875	"All logistic values are the same"	"prevalence"	18	18
"OTU_504"	"Geese"	"high"	"Geesehigh"	NA	0	NA	NA	NA	0.000815625418155275	0.0160418690198085	"All logistic values are the same"	"prevalence"	18	18
"OTU_505"	"Geese"	"high"	"Geesehigh"	NA	0	NA	NA	NA	0.00159795799451878	0.0252810392770851	"All logistic values are the same"	"prevalence"	18	18
"OTU_5053"	"Geese"	"high"	"Geesehigh"	NA	0	NA	NA	NA	0.0103304722576372	0.0939074652495715	"All logistic values are the same"	"prevalence"	18	18
"OTU_507"	"Geese"	"high"	"Geesehigh"	NA	0	NA	NA	NA	0.00282471195588041	0.0373552296434806	"All logistic values are the same"	"prevalence"	18	18
"OTU_51"	"Geese"	"high"	"Geesehigh"	NA	0	NA	NA	NA	0.0000965343568863908	0.00395928115874325	"All logistic values are the same"	"prevalence"	18	18
"OTU_5117"	"Geese"	"high"	"Geesehigh"	NA	0	NA	NA	NA	0.0025877622872077	0.0354904830958723	"All logistic values are the same"	"prevalence"	18	18
"OTU_5158"	"Geese"	"high"	"Geesehigh"	NA	0	NA	NA	NA	0.00158336928422109	0.0251883782824436	"All logistic values are the same"	"prevalence"	18	18
"OTU_5189"	"Geese"	"high"	"Geesehigh"	NA	0	NA	NA	NA	0.0110032627344161	0.0974804606749928	"All logistic values are the same"	"prevalence"	18	18
"OTU_52"	"Geese"	"high"	"Geesehigh"	NA	0	NA	NA	NA	0.000156608046995688	0.00527211406093988	"All logistic values are the same"	"prevalence"	18	18
"OTU_520"	"Geese"	"high"	"Geesehigh"	NA	0	NA	NA	NA	0.0110051317401743	0.0974804606749928	"All logistic values are the same"	"prevalence"	18	18
"OTU_520"	"Geese"	"low"	"Geeselow"	NA	0	NA	NA	NA	0.00221414923409446	0.031988726998086	"All logistic values are the same"	"prevalence"	18	18
"OTU_5213"	"Geese"	"high"	"Geesehigh"	NA	0	NA	NA	NA	0.00155248659754204	0.024926194833263	"All logistic values are the same"	"prevalence"	18	18
"OTU_525"	"Geese"	"high"	"Geesehigh"	NA	0	NA	NA	NA	0.000000124662832945432	0.0000980756505736157	"All logistic values are the same"	"prevalence"	18	18
"OTU_525"	"Geese"	"low"	"Geeselow"	NA	0	NA	NA	NA	0.0000169756139549726	0.00137429580930662	"All logistic values are the same"	"prevalence"	18	18
"OTU_5257"	"Geese"	"high"	"Geesehigh"	NA	0	NA	NA	NA	0.00635930662634876	0.0655940876572374	"All logistic values are the same"	"prevalence"	18	18
"OTU_529"	"Geese"	"high"	"Geesehigh"	NA	0	NA	NA	NA	0.00762911382088438	0.0739332038140352	"All logistic values are the same"	"prevalence"	18	18
"OTU_529"	"Geese"	"low"	"Geeselow"	NA	0	NA	NA	NA	0.00782691853657247	0.0755118762714584	"All logistic values are the same"	"prevalence"	18	18
"OTU_53"	"Geese"	"high"	"Geesehigh"	NA	0	NA	NA	NA	0.000000268733615360617	0.000155041380488718	"All logistic values are the same"	"prevalence"	18	18
"OTU_532"	"Geese"	"high"	"Geesehigh"	NA	0	NA	NA	NA	0.00762009313646295	0.0739332038140352	"All logistic values are the same"	"prevalence"	18	18
"OTU_533"	"Geese"	"high"	"Geesehigh"	NA	0	NA	NA	NA	0.00371569123517546	0.0447226591783149	"All logistic values are the same"	"prevalence"	18	18
"OTU_5344"	"Geese"	"high"	"Geesehigh"	NA	0	NA	NA	NA	0.000922331810762844	0.0173922452706578	"All logistic values are the same"	"prevalence"	18	18
"OTU_5344"	"Geese"	"low"	"Geeselow"	NA	0	NA	NA	NA	0.000118602169188242	0.00457123666950209	"All logistic values are the same"	"prevalence"	18	18
"OTU_542"	"Geese"	"high"	"Geesehigh"	NA	0	NA	NA	NA	0.00143595566023014	0.0238517471854733	"All logistic values are the same"	"prevalence"	18	18
"OTU_544"	"Geese"	"high"	"Geesehigh"	NA	0	NA	NA	NA	0.00241855549050607	0.0339775636604538	"All logistic values are the same"	"prevalence"	18	18
"OTU_546"	"Geese"	"high"	"Geesehigh"	NA	0	NA	NA	NA	0.000423666227694852	0.010415930495657	"All logistic values are the same"	"prevalence"	18	18
"OTU_548"	"Geese"	"high"	"Geesehigh"	NA	0	NA	NA	NA	0.00835520153829217	0.0799890508623678	"All logistic values are the same"	"prevalence"	18	18
"OTU_553"	"Geese"	"high"	"Geesehigh"	NA	0	NA	NA	NA	0.00000497566851254128	0.000615134790107603	"All logistic values are the same"	"prevalence"	18	18
"OTU_553"	"Geese"	"low"	"Geeselow"	NA	0	NA	NA	NA	0.00542949640479762	0.0583687725305821	"All logistic values are the same"	"prevalence"	18	18
"OTU_5543"	"Geese"	"high"	"Geesehigh"	NA	0	NA	NA	NA	0.000173004293983148	0.00567113318231121	"All logistic values are the same"	"prevalence"	18	18
"OTU_558"	"Geese"	"high"	"Geesehigh"	NA	0	NA	NA	NA	0.00301513605711357	0.0388321772936324	"All logistic values are the same"	"prevalence"	18	18
"OTU_56"	"Geese"	"high"	"Geesehigh"	NA	0	NA	NA	NA	0.0000028387734731794	0.000430995537489378	"All logistic values are the same"	"prevalence"	18	18
"OTU_56"	"Geese"	"low"	"Geeselow"	NA	0	NA	NA	NA	0.00175936391224263	0.0269478500823853	"All logistic values are the same"	"prevalence"	18	18
"OTU_560"	"Geese"	"high"	"Geesehigh"	NA	0	NA	NA	NA	0.0000026326244234598	0.000430995537489378	"All logistic values are the same"	"prevalence"	18	18
"OTU_560"	"Geese"	"low"	"Geeselow"	NA	0	NA	NA	NA	0.00781761048778828	0.0755062512961159	"All logistic values are the same"	"prevalence"	18	18
"OTU_5606"	"Geese"	"high"	"Geesehigh"	NA	0	NA	NA	NA	0.00723166093305572	0.0714415453363746	"All logistic values are the same"	"prevalence"	18	18
"OTU_562"	"Geese"	"high"	"Geesehigh"	NA	0	NA	NA	NA	0.000148996364504161	0.00517662263720045	"All logistic values are the same"	"prevalence"	18	18
"OTU_568"	"Geese"	"high"	"Geesehigh"	NA	0	NA	NA	NA	0.000506009156689413	0.0115846646613497	"All logistic values are the same"	"prevalence"	18	18
"OTU_5684"	"Geese"	"low"	"Geeselow"	NA	0	NA	NA	NA	0.00845309125979066	0.0804764045789091	"All logistic values are the same"	"prevalence"	18	18
"OTU_57"	"Geese"	"high"	"Geesehigh"	NA	0	NA	NA	NA	0.000013538956328274	0.00117166128064883	"All logistic values are the same"	"prevalence"	18	18
"OTU_5719"	"Geese"	"high"	"Geesehigh"	NA	0	NA	NA	NA	0.00145643695159547	0.0240994366713331	"All logistic values are the same"	"prevalence"	18	18
"OTU_575"	"Geese"	"high"	"Geesehigh"	NA	0	NA	NA	NA	0.002370648493633	0.0336256663628009	"All logistic values are the same"	"prevalence"	18	18
"OTU_5769"	"Geese"	"high"	"Geesehigh"	NA	0	NA	NA	NA	0.000498697804854453	0.0114780074553469	"All logistic values are the same"	"prevalence"	18	18
"OTU_578"	"Geese"	"high"	"Geesehigh"	NA	0	NA	NA	NA	0.00151522099906876	0.0246943927042204	"All logistic values are the same"	"prevalence"	18	18
"OTU_579"	"Geese"	"high"	"Geesehigh"	NA	0	NA	NA	NA	0.0000328244547043166	0.00213581075948238	"All logistic values are the same"	"prevalence"	18	18
"OTU_579"	"Geese"	"low"	"Geeselow"	NA	0	NA	NA	NA	0.00155711926097446	0.0249542779342092	"All logistic values are the same"	"prevalence"	18	18
"OTU_5814"	"Geese"	"high"	"Geesehigh"	NA	0	NA	NA	NA	0.00662509822657442	0.0676902007706907	"All logistic values are the same"	"prevalence"	18	18
"OTU_5814"	"Geese"	"low"	"Geeselow"	NA	0	NA	NA	NA	0.00501172732736055	0.0553207758813497	"All logistic values are the same"	"prevalence"	18	18
"OTU_5817"	"Geese"	"high"	"Geesehigh"	NA	0	NA	NA	NA	0.000909059262143908	0.0172901073727327	"All logistic values are the same"	"prevalence"	18	18
"OTU_59"	"Geese"	"high"	"Geesehigh"	NA	0	NA	NA	NA	0.00493464041974367	0.054876174369039	"All logistic values are the same"	"prevalence"	18	18
"OTU_590"	"Geese"	"high"	"Geesehigh"	NA	0	NA	NA	NA	0.00010148578108049	0.00404727165654638	"All logistic values are the same"	"prevalence"	18	18
"OTU_591"	"Geese"	"high"	"Geesehigh"	NA	0	NA	NA	NA	0.00000793440037893944	0.00083268119966916	"All logistic values are the same"	"prevalence"	18	18
"OTU_591"	"Geese"	"low"	"Geeselow"	NA	0	NA	NA	NA	0.000401643147538877	0.00998798792759035	"All logistic values are the same"	"prevalence"	18	18
"OTU_594"	"Geese"	"high"	"Geesehigh"	NA	0	NA	NA	NA	0.00000122333910157479	0.00030639795812059	"All logistic values are the same"	"prevalence"	18	18
"OTU_594"	"Geese"	"low"	"Geeselow"	NA	0	NA	NA	NA	0.00245177179292944	0.0342219888645344	"All logistic values are the same"	"prevalence"	18	18
"OTU_5940"	"Geese"	"high"	"Geesehigh"	NA	0	NA	NA	NA	0.0002756670408538	0.00777075756204815	"All logistic values are the same"	"prevalence"	18	18
"OTU_5940"	"Geese"	"low"	"Geeselow"	NA	0	NA	NA	NA	0.00704712629056403	0.0705038507728799	"All logistic values are the same"	"prevalence"	18	18
"OTU_598"	"Geese"	"high"	"Geesehigh"	NA	0	NA	NA	NA	0.00550712365402317	0.0588187206619762	"All logistic values are the same"	"prevalence"	18	18
"OTU_598"	"Geese"	"low"	"Geeselow"	NA	0	NA	NA	NA	0.000135185716692909	0.00491553442126234	"All logistic values are the same"	"prevalence"	18	18
"OTU_5986"	"Geese"	"high"	"Geesehigh"	NA	0	NA	NA	NA	0.000000387831085801871	0.000166645402123263	"All logistic values are the same"	"prevalence"	18	18
"OTU_5986"	"Geese"	"low"	"Geeselow"	NA	0	NA	NA	NA	0.000119378262919745	0.00457123666950209	"All logistic values are the same"	"prevalence"	18	18
"OTU_6"	"Geese"	"high"	"Geesehigh"	NA	0	NA	NA	NA	0.0000000391918573150463	0.0000723909627197372	"All logistic values are the same"	"prevalence"	18	18
"OTU_6"	"Geese"	"low"	"Geeselow"	NA	0	NA	NA	NA	0.000000169047414289025	0.000112533563327479	"All logistic values are the same"	"prevalence"	18	18
"OTU_601"	"Geese"	"high"	"Geesehigh"	NA	0	NA	NA	NA	0.00149778396086608	0.0245316672720787	"All logistic values are the same"	"prevalence"	18	18
"OTU_604"	"Geese"	"high"	"Geesehigh"	NA	0	NA	NA	NA	0.00000138958259010558	0.000316914672018962	"All logistic values are the same"	"prevalence"	18	18
"OTU_604"	"Geese"	"low"	"Geeselow"	NA	0	NA	NA	NA	0.00018378549882847	0.00591256396602819	"All logistic values are the same"	"prevalence"	18	18
"OTU_605"	"Geese"	"high"	"Geesehigh"	NA	0	NA	NA	NA	0.0000043648864065382	0.000572329196396691	"All logistic values are the same"	"prevalence"	18	18
"OTU_61"	"Geese"	"high"	"Geesehigh"	NA	0	NA	NA	NA	0.00000279917925471995	0.000430995537489378	"All logistic values are the same"	"prevalence"	18	18
"OTU_615"	"Geese"	"high"	"Geesehigh"	NA	0	NA	NA	NA	0.00859395114604788	0.0813546776716914	"All logistic values are the same"	"prevalence"	18	18
"OTU_6150"	"Geese"	"high"	"Geesehigh"	NA	0	NA	NA	NA	0.00000242784588744271	0.000429120524596765	"All logistic values are the same"	"prevalence"	18	18
"OTU_6150"	"Geese"	"low"	"Geeselow"	NA	0	NA	NA	NA	0.000033717244596998	0.00216140025735126	"All logistic values are the same"	"prevalence"	18	18
"OTU_619"	"Geese"	"high"	"Geesehigh"	NA	0	NA	NA	NA	0.00137918880803056	0.0230415056847423	"All logistic values are the same"	"prevalence"	18	18
"OTU_62"	"Geese"	"high"	"Geesehigh"	NA	0	NA	NA	NA	0.00124560775633897	0.021602183413542	"All logistic values are the same"	"prevalence"	18	18
"OTU_623"	"Geese"	"high"	"Geesehigh"	NA	0	NA	NA	NA	0.000120071519763787	0.00457752833495953	"All logistic values are the same"	"prevalence"	18	18
"OTU_623"	"Geese"	"low"	"Geeselow"	NA	0	NA	NA	NA	0.0108325773271588	0.0964456010177288	"All logistic values are the same"	"prevalence"	18	18
"OTU_626"	"Geese"	"high"	"Geesehigh"	NA	0	NA	NA	NA	0.000532167712885112	0.0119931754877806	"All logistic values are the same"	"prevalence"	18	18
"OTU_626"	"Geese"	"low"	"Geeselow"	NA	0	NA	NA	NA	0.00312009046744222	0.0398248715416592	"All logistic values are the same"	"prevalence"	18	18
"OTU_628"	"Geese"	"low"	"Geeselow"	NA	0	NA	NA	NA	0.00549539311729497	0.0588187206619762	"All logistic values are the same"	"prevalence"	18	18
"OTU_629"	"Geese"	"high"	"Geesehigh"	NA	0	NA	NA	NA	0.0110492023090563	0.0977504795785837	"All logistic values are the same"	"prevalence"	18	18
"OTU_63"	"Geese"	"high"	"Geesehigh"	NA	0	NA	NA	NA	0.0000292368363643547	0.00202802689781888	"All logistic values are the same"	"prevalence"	18	18
"OTU_631"	"Geese"	"high"	"Geesehigh"	NA	0	NA	NA	NA	0.00248114506143127	0.0345762147530212	"All logistic values are the same"	"prevalence"	18	18
"OTU_636"	"Geese"	"high"	"Geesehigh"	NA	0	NA	NA	NA	0.00250051709940158	0.0347193482537682	"All logistic values are the same"	"prevalence"	18	18
"OTU_64"	"Geese"	"high"	"Geesehigh"	NA	0	NA	NA	NA	0.00669761615565556	0.0680285797629713	"All logistic values are the same"	"prevalence"	18	18
"OTU_641"	"Geese"	"high"	"Geesehigh"	NA	0	NA	NA	NA	0.00923154344253518	0.0860503973272632	"All logistic values are the same"	"prevalence"	18	18
"OTU_642"	"Geese"	"high"	"Geesehigh"	NA	0	NA	NA	NA	0.000147430914721358	0.0051654539918973	"All logistic values are the same"	"prevalence"	18	18
"OTU_643"	"Geese"	"high"	"Geesehigh"	NA	0	NA	NA	NA	0.000552348077248466	0.0122564622064313	"All logistic values are the same"	"prevalence"	18	18
"OTU_666"	"Geese"	"high"	"Geesehigh"	NA	0	NA	NA	NA	0.0023790702387505	0.0336256663628009	"All logistic values are the same"	"prevalence"	18	18
"OTU_67"	"Geese"	"high"	"Geesehigh"	NA	0	NA	NA	NA	0.0000842476000003645	0.00369346519382502	"All logistic values are the same"	"prevalence"	18	18
"OTU_674"	"Geese"	"high"	"Geesehigh"	NA	0	NA	NA	NA	0.00963900886482449	0.0892149547766751	"All logistic values are the same"	"prevalence"	18	18
"OTU_678"	"Geese"	"high"	"Geesehigh"	NA	0	NA	NA	NA	0.000565762621174137	0.0124900758256148	"All logistic values are the same"	"prevalence"	18	18
"OTU_68"	"Geese"	"high"	"Geesehigh"	NA	0	NA	NA	NA	0.00860174833251648	0.0813546776716914	"All logistic values are the same"	"prevalence"	18	18
"OTU_684"	"Geese"	"high"	"Geesehigh"	NA	0	NA	NA	NA	0.0000812271369010631	0.00364217431472435	"All logistic values are the same"	"prevalence"	18	18
"OTU_686"	"Geese"	"high"	"Geesehigh"	NA	0	NA	NA	NA	0.00178247674760579	0.0272055622112531	"All logistic values are the same"	"prevalence"	18	18
"OTU_688"	"Geese"	"low"	"Geeselow"	NA	0	NA	NA	NA	0.0025114758501108	0.0347193482537682	"All logistic values are the same"	"prevalence"	18	18
"OTU_689"	"Geese"	"high"	"Geesehigh"	NA	0	NA	NA	NA	0.00243212948880966	0.0340576838125548	"All logistic values are the same"	"prevalence"	18	18
"OTU_689"	"Geese"	"low"	"Geeselow"	NA	0	NA	NA	NA	0.00297828360609864	0.0385839316275114	"All logistic values are the same"	"prevalence"	18	18
"OTU_691"	"Geese"	"high"	"Geesehigh"	NA	0	NA	NA	NA	0.0040406428470835	0.0471899098497444	"All logistic values are the same"	"prevalence"	18	18
"OTU_692"	"Geese"	"high"	"Geesehigh"	NA	0	NA	NA	NA	0.00572712693159194	0.0602950808588767	"All logistic values are the same"	"prevalence"	18	18
"OTU_694"	"Geese"	"high"	"Geesehigh"	NA	0	NA	NA	NA	0.0061105026284638	0.0634817403922277	"All logistic values are the same"	"prevalence"	18	18
"OTU_694"	"Geese"	"low"	"Geeselow"	NA	0	NA	NA	NA	0.0106658676049132	0.095551157611717	"All logistic values are the same"	"prevalence"	18	18
"OTU_698"	"Geese"	"high"	"Geesehigh"	NA	0	NA	NA	NA	0.00021272213975454	0.00655123628980707	"All logistic values are the same"	"prevalence"	18	18
"OTU_698"	"Geese"	"low"	"Geeselow"	NA	0	NA	NA	NA	0.000305162073538368	0.00833082834195909	"All logistic values are the same"	"prevalence"	18	18
"OTU_7"	"Geese"	"high"	"Geesehigh"	NA	0	NA	NA	NA	0.0000014449049046128	0.000320620693449209	"All logistic values are the same"	"prevalence"	18	18
"OTU_7"	"Geese"	"low"	"Geeselow"	NA	0	NA	NA	NA	0.00384128020726759	0.0458516398809569	"All logistic values are the same"	"prevalence"	18	18
"OTU_700"	"Geese"	"high"	"Geesehigh"	NA	0	NA	NA	NA	0.000019201685864001	0.00146921675325464	"All logistic values are the same"	"prevalence"	18	18
"OTU_702"	"Geese"	"high"	"Geesehigh"	NA	0	NA	NA	NA	0.0021055934047578	0.0307800765621182	"All logistic values are the same"	"prevalence"	18	18
"OTU_71"	"Geese"	"high"	"Geesehigh"	NA	0	NA	NA	NA	0.0000547537928938802	0.00293114676095936	"All logistic values are the same"	"prevalence"	18	18
"OTU_71"	"Geese"	"low"	"Geeselow"	NA	0	NA	NA	NA	0.000121062054523002	0.00459504833264062	"All logistic values are the same"	"prevalence"	18	18
"OTU_719"	"Geese"	"high"	"Geesehigh"	NA	0	NA	NA	NA	0.00315452102336877	0.0399965088189934	"All logistic values are the same"	"prevalence"	18	18
"OTU_72"	"Geese"	"high"	"Geesehigh"	NA	0	NA	NA	NA	0.00296489127773714	0.0384680196664725	"All logistic values are the same"	"prevalence"	18	18
"OTU_721"	"Geese"	"low"	"Geeselow"	NA	0	NA	NA	NA	0.00608767990338277	0.063450677872276	"All logistic values are the same"	"prevalence"	18	18
"OTU_73"	"Geese"	"high"	"Geesehigh"	NA	0	NA	NA	NA	0.000227607312612954	0.00681561828149656	"All logistic values are the same"	"prevalence"	18	18
"OTU_737"	"Geese"	"high"	"Geesehigh"	NA	0	NA	NA	NA	0.00621501636921051	0.0643358273434782	"All logistic values are the same"	"prevalence"	18	18
"OTU_744"	"Geese"	"high"	"Geesehigh"	NA	0	NA	NA	NA	0.000137595353073561	0.00492045531197766	"All logistic values are the same"	"prevalence"	18	18
"OTU_744"	"Geese"	"low"	"Geeselow"	NA	0	NA	NA	NA	0.00321885608410355	0.0404295799010626	"All logistic values are the same"	"prevalence"	18	18
"OTU_749"	"Geese"	"high"	"Geesehigh"	NA	0	NA	NA	NA	0.00933989900087118	0.0867513610490297	"All logistic values are the same"	"prevalence"	18	18
"OTU_75"	"Geese"	"high"	"Geesehigh"	NA	0	NA	NA	NA	0.000479637995380422	0.0112487458320384	"All logistic values are the same"	"prevalence"	18	18
"OTU_756"	"Geese"	"high"	"Geesehigh"	NA	0	NA	NA	NA	0.0110813576852911	0.0977554224347695	"All logistic values are the same"	"prevalence"	18	18
"OTU_76"	"Geese"	"high"	"Geesehigh"	NA	0	NA	NA	NA	0.000194702217768072	0.00617198898375421	"All logistic values are the same"	"prevalence"	18	18
"OTU_764"	"Geese"	"high"	"Geesehigh"	NA	0	NA	NA	NA	0.000341822195073505	0.00893694645367404	"All logistic values are the same"	"prevalence"	18	18
"OTU_766"	"Geese"	"high"	"Geesehigh"	NA	0	NA	NA	NA	0.0000270337574472812	0.00190203363372985	"All logistic values are the same"	"prevalence"	18	18
"OTU_766"	"Geese"	"low"	"Geeselow"	NA	0	NA	NA	NA	0.00181340915475126	0.0275320049565217	"All logistic values are the same"	"prevalence"	18	18
"OTU_77"	"Geese"	"high"	"Geesehigh"	NA	0	NA	NA	NA	0.000098310767986165	0.00397561395398258	"All logistic values are the same"	"prevalence"	18	18
"OTU_78"	"Geese"	"low"	"Geeselow"	NA	0	NA	NA	NA	0.0000853386212320562	0.00369346519382502	"All logistic values are the same"	"prevalence"	18	18
"OTU_781"	"Geese"	"high"	"Geesehigh"	NA	0	NA	NA	NA	0.00656031250998002	0.0674262998353528	"All logistic values are the same"	"prevalence"	18	18
"OTU_781"	"Geese"	"low"	"Geeselow"	NA	0	NA	NA	NA	0.00166992111952657	0.0260090330706827	"All logistic values are the same"	"prevalence"	18	18
"OTU_79"	"Geese"	"high"	"Geesehigh"	NA	0	NA	NA	NA	0.0105442082576956	0.0951507593973911	"All logistic values are the same"	"prevalence"	18	18
"OTU_795"	"Geese"	"high"	"Geesehigh"	NA	0	NA	NA	NA	0.00516080857582546	0.0564996131197816	"All logistic values are the same"	"prevalence"	18	18
"OTU_796"	"Geese"	"high"	"Geesehigh"	NA	0	NA	NA	NA	0.000240833622726644	0.00708902779277679	"All logistic values are the same"	"prevalence"	18	18
"OTU_80"	"Geese"	"high"	"Geesehigh"	NA	0	NA	NA	NA	0.000786593758263621	0.0156847520368972	"All logistic values are the same"	"prevalence"	18	18
"OTU_806"	"Geese"	"high"	"Geesehigh"	NA	0	NA	NA	NA	0.00466561892837292	0.0523686980624374	"All logistic values are the same"	"prevalence"	18	18
"OTU_808"	"Geese"	"high"	"Geesehigh"	NA	0	NA	NA	NA	0.000325217642459741	0.00868652307977345	"All logistic values are the same"	"prevalence"	18	18
"OTU_81"	"Geese"	"high"	"Geesehigh"	NA	0	NA	NA	NA	0.0045459660789926	0.051764197957371	"All logistic values are the same"	"prevalence"	18	18
"OTU_812"	"Geese"	"low"	"Geeselow"	NA	0	NA	NA	NA	0.00695383808471761	0.0698937453950595	"All logistic values are the same"	"prevalence"	18	18
"OTU_822"	"Geese"	"low"	"Geeselow"	NA	0	NA	NA	NA	0.00670538231312856	0.0680285797629713	"All logistic values are the same"	"prevalence"	18	18
"OTU_83"	"Geese"	"high"	"Geesehigh"	NA	0	NA	NA	NA	0.00000045788015212711	0.000166645402123263	"All logistic values are the same"	"prevalence"	18	18
"OTU_83"	"Geese"	"low"	"Geeselow"	NA	0	NA	NA	NA	0.0025822247035292	0.0354707501338757	"All logistic values are the same"	"prevalence"	18	18
"OTU_832"	"Geese"	"high"	"Geesehigh"	NA	0	NA	NA	NA	0.000488384748317694	0.0113071448944763	"All logistic values are the same"	"prevalence"	18	18
"OTU_84"	"Geese"	"high"	"Geesehigh"	NA	0	NA	NA	NA	0.00000546708412851871	0.000648111589701382	"All logistic values are the same"	"prevalence"	18	18
"OTU_84"	"Geese"	"low"	"Geeselow"	NA	0	NA	NA	NA	0.0000895678039687375	0.0037609060747574	"All logistic values are the same"	"prevalence"	18	18
"OTU_842"	"Geese"	"high"	"Geesehigh"	NA	0	NA	NA	NA	0.000519477696795834	0.0118616358524305	"All logistic values are the same"	"prevalence"	18	18
"OTU_87"	"Geese"	"high"	"Geesehigh"	NA	0	NA	NA	NA	0.0000975944316341515	0.0039651747012298	"All logistic values are the same"	"prevalence"	18	18
"OTU_874"	"Geese"	"low"	"Geeselow"	NA	0	NA	NA	NA	0.00710507644993363	0.0708379396287162	"All logistic values are the same"	"prevalence"	18	18
"OTU_875"	"Geese"	"high"	"Geesehigh"	NA	0	NA	NA	NA	0.00828234028445718	0.0795509132316231	"All logistic values are the same"	"prevalence"	18	18
"OTU_88"	"Geese"	"low"	"Geeselow"	NA	0	NA	NA	NA	0.0066799360363915	0.0679539432078531	"All logistic values are the same"	"prevalence"	18	18
"OTU_884"	"Geese"	"high"	"Geesehigh"	NA	0	NA	NA	NA	0.000208131924901545	0.00647904200754664	"All logistic values are the same"	"prevalence"	18	18
"OTU_89"	"Geese"	"high"	"Geesehigh"	NA	0	NA	NA	NA	0.0010108082238639	0.0186514592096337	"All logistic values are the same"	"prevalence"	18	18
"OTU_89"	"Geese"	"low"	"Geeselow"	NA	0	NA	NA	NA	0.000117826479019589	0.00457123666950209	"All logistic values are the same"	"prevalence"	18	18
"OTU_893"	"Geese"	"high"	"Geesehigh"	NA	0	NA	NA	NA	0.000015394189665896	0.0012988703059189	"All logistic values are the same"	"prevalence"	18	18
"OTU_893"	"Geese"	"low"	"Geeselow"	NA	0	NA	NA	NA	0.000256177870232133	0.00741699035381387	"All logistic values are the same"	"prevalence"	18	18
"OTU_90"	"Geese"	"high"	"Geesehigh"	NA	0	NA	NA	NA	0.00000422988946580105	0.00056356372509613	"All logistic values are the same"	"prevalence"	18	18
"OTU_90"	"Geese"	"low"	"Geeselow"	NA	0	NA	NA	NA	0.00156868646602959	0.0250468868579706	"All logistic values are the same"	"prevalence"	18	18
"OTU_906"	"Geese"	"high"	"Geesehigh"	NA	0	NA	NA	NA	0.00701013963775077	0.0702963481171438	"All logistic values are the same"	"prevalence"	18	18
"OTU_906"	"Geese"	"low"	"Geeselow"	NA	0	NA	NA	NA	0.0036626653670645	0.044269142579017	"All logistic values are the same"	"prevalence"	18	18
"OTU_92"	"Geese"	"high"	"Geesehigh"	NA	0	NA	NA	NA	0.000547459560855446	0.0122421577251758	"All logistic values are the same"	"prevalence"	18	18
"OTU_925"	"Geese"	"high"	"Geesehigh"	NA	0	NA	NA	NA	0.00893647986264579	0.0841070888071472	"All logistic values are the same"	"prevalence"	18	18
"OTU_93"	"Geese"	"high"	"Geesehigh"	NA	0	NA	NA	NA	0.000130838762195218	0.00479779088151447	"All logistic values are the same"	"prevalence"	18	18
"OTU_932"	"Geese"	"high"	"Geesehigh"	NA	0	NA	NA	NA	0.00729597589086239	0.0718309162224382	"All logistic values are the same"	"prevalence"	18	18
"OTU_938"	"Geese"	"high"	"Geesehigh"	NA	0	NA	NA	NA	0.000357260485506217	0.00908262210118143	"All logistic values are the same"	"prevalence"	18	18
"OTU_94"	"Geese"	"low"	"Geeselow"	NA	0	NA	NA	NA	0.00912112461128167	0.0853342836605747	"All logistic values are the same"	"prevalence"	18	18
"OTU_95"	"Geese"	"high"	"Geesehigh"	NA	0	NA	NA	NA	0.00000856460944520521	0.00087197800163301	"All logistic values are the same"	"prevalence"	18	18
"OTU_953"	"Geese"	"high"	"Geesehigh"	NA	0	NA	NA	NA	0.00658672559423745	0.0674574240148295	"All logistic values are the same"	"prevalence"	18	18
"OTU_953"	"Geese"	"low"	"Geeselow"	NA	0	NA	NA	NA	0.000400368525195205	0.00998498333440721	"All logistic values are the same"	"prevalence"	18	18
"OTU_96"	"Geese"	"high"	"Geesehigh"	NA	0	NA	NA	NA	0.000332288078817466	0.00879394811647203	"All logistic values are the same"	"prevalence"	18	18
"OTU_968"	"Geese"	"high"	"Geesehigh"	NA	0	NA	NA	NA	0.000250517887684598	0.00729960202027782	"All logistic values are the same"	"prevalence"	18	18
"OTU_968"	"Geese"	"low"	"Geeselow"	NA	0	NA	NA	NA	0.0039493395445942	0.0466354422873213	"All logistic values are the same"	"prevalence"	18	18
"OTU_972"	"Geese"	"high"	"Geesehigh"	NA	0	NA	NA	NA	0.00844837474435811	0.0804764045789091	"All logistic values are the same"	"prevalence"	18	18
"OTU_979"	"Geese"	"high"	"Geesehigh"	NA	0	NA	NA	NA	0.0092374415434513	0.0860503973272632	"All logistic values are the same"	"prevalence"	18	18
"OTU_98"	"Geese"	"high"	"Geesehigh"	NA	0	NA	NA	NA	0.0107978529237984	0.0962354471704959	"All logistic values are the same"	"prevalence"	18	18
"OTU_998"	"Geese"	"high"	"Geesehigh"	NA	0	NA	NA	NA	0.000156012520463045	0.00527211406093988	"All logistic values are the same"	"prevalence"	18	18
