#OTU ID	GhC2	GhT6	GhT3	GhP6	GhT4	GhP1	GhC1	GhP4	GhP2	GhC5	GhT1	GhC4	GhP3	GhC3	GhP5	Ghcontrol4	GhT2	GhT5	Ghcontrol2	GhC6	Ghcontrol3	Ghcontrol1
OTU_777	6	3	3	0	1	3	13	2	6	32	8	5	11	12	0	2	2	1	0	13	0	0
OTU_641	8	9	4	17	25	13	6	2	7	4	22	4	8	5	21	10	13	11	0	1	0	0
OTU_15	494	713	864	1216	1049	591	399	616	258	424	624	375	473	419	755	414	1018	797	0	361	0	0
OTU_1487	10	1	1	1	1	1	1	3	1	1	1	5	9	4	4	3	49	0	0	20	0	0
OTU_255	164	185	143	187	293	25	271	203	220	193	334	124	140	216	115	33	307	148	0	72	0	0
OTU_2	372	845	886	2161	1371	668	216	949	233	194	654	332	213	200	1177	235	987	1137	0	185	0	0
OTU_1357	66	118	113	78	165	130	34	178	50	19	71	60	21	29	102	60	102	86	0	36	0	0
OTU_12	934	628	728	802	937	1271	916	928	795	802	571	892	740	1027	1013	667	726	739	0	878	0	0
OTU_82	160	52	81	75	168	16	212	82	133	151	180	93	257	146	82	65	61	75	0	155	0	0
OTU_663	19	3	5	42	24	23	8	31	9	14	4	53	20	9	8	18	19	6	0	45	0	0
OTU_1876	6	1	0	4	2	0	9	3	13	10	2	2	2	12	2	2	3	0	0	7	0	0
OTU_261	43	21	19	32	63	6	37	45	29	72	20	29	27	33	57	16	20	14	0	99	0	0
OTU_18	73	444	376	1108	603	622	53	557	128	39	197	74	115	54	439	407	500	414	0	46	0	0
OTU_14	271	424	717	2207	1227	233	231	626	167	177	670	175	311	121	757	208	778	587	0	190	0	0
OTU_1607	8	1	0	1	4	3	15	1	14	25	6	5	9	21	7	0	10	2	0	0	0	0
OTU_1197	9	5	5	8	8	0	3	8	0	2	15	11	14	3	12	1	6	9	0	6	0	0
OTU_9	1551	1292	1373	2423	2125	2125	1050	1459	1241	923	1400	1627	720	1204	1640	1586	1533	1280	0	2168	0	0
OTU_1682	4	0	0	2	1	0	0	3	0	3	3	15	8	0	5	3	3	0	0	25	0	0
OTU_932	28	9	4	10	31	70	18	90	30	28	5	37	18	24	15	74	6	4	0	91	0	0
OTU_53	379	47	47	585	70	122	247	245	212	211	42	249	165	285	244	68	67	43	0	222	0	0
OTU_1096	11	4	11	13	4	4	25	13	4	7	10	6	7	18	11	3	11	12	0	6	0	0
OTU_4795	22	7	7	28	26	37	27	13	34	27	15	30	4	36	11	33	7	14	0	22	0	0
OTU_20	1448	959	918	1523	1406	1091	989	1077	887	809	947	1373	844	1104	1252	785	866	861	0	1175	0	0
OTU_1253	4	2	1	2	1	0	13	0	8	4	3	9	1	8	2	1	2	3	0	4	0	0
OTU_1	2211	1427	1433	4117	2327	1845	1562	4297	1197	1416	1137	1937	2636	1671	2574	1477	1687	1651	0	1601	0	0
OTU_370	129	4	0	45	0	0	124	42	55	59	1	107	75	100	15	14	2	0	0	180	0	0
OTU_110	168	225	282	69	357	145	199	58	184	187	357	103	132	159	128	106	251	290	0	206	0	0
OTU_33	447	279	310	407	385	121	385	571	281	379	344	427	503	384	406	151	298	380	0	376	0	0
OTU_424	39	11	10	2	13	16	34	8	32	36	20	14	37	39	7	2	11	11	0	27	0	0
OTU_831	20	5	6	34	3	6	21	12	24	17	0	9	11	11	19	1	10	8	0	19	0	0
OTU_3791	0	1	2	0	0	0	0	1	0	0	6	0	0	0	1	0	1	0	0	0	0	0
OTU_2686	6	4	4	7	2	0	4	5	0	2	3	3	0	2	3	0	1	2	0	1	0	0
OTU_101	64	117	109	145	163	127	46	64	57	60	136	64	36	50	114	96	133	122	0	82	0	0
OTU_36	750	104	126	183	197	342	972	395	803	1416	175	761	394	1125	231	343	310	134	0	1410	0	0
OTU_35	165	20	56	71	48	52	360	115	250	731	58	142	259	132	130	169	2	31	0	486	0	0
OTU_5	1014	923	908	1581	1350	324	1078	758	664	1033	1047	774	467	1036	852	296	879	877	0	1132	0	0
OTU_237	24	6	6	26	4	2	35	88	14	80	9	26	30	22	71	7	3	1	0	95	0	0
OTU_29	241	307	255	584	465	579	142	255	209	136	157	422	86	187	394	295	280	282	0	169	0	0
OTU_1616	4	3	5	5	2	0	0	3	0	2	4	1	0	2	4	0	1	2	0	5	0	0
OTU_5986	337	11	3	41	19	41	228	32	158	207	13	393	19	269	32	71	18	18	0	330	0	0
OTU_238	91	17	22	3	20	4	99	19	52	92	41	41	36	70	11	1	19	37	0	73	0	0
OTU_19	122	238	253	1535	514	364	51	478	75	24	171	126	78	49	649	143	304	305	0	99	0	0
OTU_185	117	62	40	53	84	16	168	236	154	173	58	155	103	200	144	22	57	45	0	304	0	0
OTU_1332	11	1	0	55	1	0	5	9	1	3	0	3	3	1	4	2	3	0	0	12	0	0
OTU_2027	6	60	37	328	113	11	4	168	7	2	24	2	11	4	96	3	43	37	0	8	0	0
OTU_133	45	45	63	38	59	3	24	47	17	88	105	15	55	39	30	2	58	77	0	49	0	0
OTU_60	219	89	118	131	171	194	167	143	117	245	107	209	90	216	107	218	179	161	0	198	0	0
OTU_6102	8	3	1	0	6	14	11	0	17	22	2	4	4	15	0	8	1	1	0	6	0	0
OTU_750	21	0	0	7	1	0	57	13	22	57	0	15	14	37	5	1	0	1	0	25	0	0
OTU_55	406	219	223	123	404	115	665	192	515	516	373	265	441	499	182	178	209	262	0	484	0	0
OTU_23	448	398	357	333	760	129	270	502	252	364	416	483	585	247	545	226	294	297	0	1567	0	0
OTU_1590	5	3	3	7	6	1	2	10	0	9	1	7	6	3	5	16	23	1	0	9	0	0
OTU_1240	13	8	7	12	9	2	15	11	4	10	8	9	6	4	6	3	9	10	0	21	0	0
OTU_148	39	20	36	19	33	14	30	80	26	69	62	33	52	31	33	33	47	78	0	61	0	0
OTU_141	250	38	32	34	34	89	495	126	310	461	49	247	156	418	91	109	42	43	0	382	0	0
OTU_4607	147	146	108	227	138	7	120	201	93	175	126	96	135	105	161	19	75	107	0	210	0	0
OTU_127	220	315	376	343	643	254	174	298	135	289	320	158	209	181	243	224	421	495	0	235	0	0
OTU_47	172	211	254	210	360	102	126	133	100	192	263	163	109	122	174	105	242	189	0	277	0	0
OTU_51	388	100	106	291	121	431	365	177	351	302	93	439	191	331	292	261	147	128	0	334	0	0
OTU_1023	3	7	8	5	19	27	11	11	7	13	9	11	8	4	8	25	8	16	0	8	0	0
OTU_7	478	697	797	623	878	512	503	798	463	485	653	491	461	419	577	386	711	897	0	450	0	0
OTU_65	3	5	11	9	18	14	1	4	4	4	5	9	10	5	13	20	9	6	1060	5	514	455
OTU_3302	5	1	0	1	3	1	7	1	11	8	3	7	5	11	2	2	3	1	0	4	0	0
OTU_221	68	13	5	32	71	39	19	114	30	62	5	80	67	28	52	74	2	11	0	312	0	0
OTU_328	74	55	73	56	123	250	31	40	43	87	45	71	42	50	50	144	116	63	0	89	0	0
OTU_17	100	196	394	228	388	67	77	258	58	150	278	141	67	145	271	45	469	429	0	120	0	0
OTU_118	251	93	89	108	230	34	367	82	235	268	234	153	185	253	126	56	95	114	0	218	0	0
OTU_10	552	168	142	275	440	986	724	412	967	688	229	465	491	696	248	794	137	205	0	687	0	0
OTU_54	178	136	98	306	366	105	78	452	56	113	74	152	48	66	205	93	140	74	0	359	0	0
OTU_72	797	724	756	733	1366	401	683	863	535	717	829	628	790	706	793	392	771	718	0	680	0	0
OTU_1040	4	3	2	22	8	0	4	9	2	2	2	4	3	2	5	1	2	0	0	0	0	0
OTU_228	42	44	65	19	93	40	6	45	17	26	62	39	36	18	35	37	68	80	0	45	0	0
OTU_3264	160	98	95	145	173	17	154	161	84	283	160	88	134	154	112	19	125	189	0	171	0	0
OTU_3760	23	151	173	141	194	5	15	97	11	14	125	26	39	14	105	3	161	200	0	8	0	0
OTU_42	184	103	80	169	209	35	335	192	223	326	314	131	216	322	154	60	186	64	0	156	0	0
OTU_3	203	652	529	935	1296	361	174	287	152	291	482	346	59	319	747	117	839	521	0	114	0	0
OTU_440	20	4	2	17	16	0	28	8	15	21	8	24	2	39	5	3	15	1	0	11	0	0
OTU_920	6	8	6	0	12	0	2	5	0	10	1	8	8	5	0	49	2	6	0	14	0	0
OTU_1523	2	0	0	0	0	0	4	1	6	10	0	14	1	15	2	1	2	0	0	4	0	0
OTU_85	184	200	171	268	306	74	202	523	146	185	149	204	313	190	282	82	181	214	0	215	0	0
OTU_2176	8	1	5	3	1	5	3	3	6	11	1	1	10	8	3	2	4	1	0	12	0	0
OTU_1397	3	5	3	0	16	18	2	3	3	8	9	9	1	8	2	11	7	4	0	4	0	0
OTU_1427	106	8	10	19	51	3	226	8	116	206	39	39	55	307	16	7	11	23	0	42	0	0
OTU_122	141	73	88	127	79	7	236	74	113	139	96	67	52	149	86	20	69	85	0	61	0	0
OTU_4566	14	1	2	0	2	2	3	3	7	8	0	8	2	10	6	8	2	0	0	19	0	0
OTU_418	47	56	77	42	87	13	45	25	33	70	103	20	25	51	22	12	86	73	0	47	0	0
OTU_45	207	107	80	109	122	6	202	269	133	160	167	121	301	205	182	30	108	86	0	309	0	0
OTU_11	300	328	566	876	575	227	306	383	219	310	414	289	183	288	507	148	570	471	0	328	0	0
OTU_774	20	15	23	52	29	7	9	22	10	23	11	30	8	9	36	3	18	26	0	21	0	0
OTU_322	79	30	25	54	41	6	98	121	56	73	27	56	135	78	45	10	27	28	0	66	0	0
OTU_1148	4	7	4	2	6	2	1	6	2	2	8	7	4	8	0	0	10	9	0	3	0	0
OTU_195	93	45	51	34	79	18	112	30	74	125	69	61	59	103	47	24	63	75	0	85	0	0
OTU_606	35	21	56	72	38	26	34	82	27	31	35	51	29	34	62	22	36	34	0	24	0	0
OTU_1473	7	1	0	2	2	0	2	2	3	5	1	8	4	7	1	25	0	0	0	2	0	0
OTU_26	158	476	525	418	577	219	128	329	147	186	360	167	146	137	335	113	491	642	0	110	0	0
OTU_3289	2	0	1	0	0	0	0	1	0	2	0	3	3	0	0	0	0	0	0	0	0	0
OTU_412	58	30	22	97	24	5	44	106	26	73	35	67	93	38	37	19	20	69	0	172	0	0
OTU_419	39	27	32	22	76	7	24	51	12	93	36	63	30	19	13	21	31	23	0	30	0	0
OTU_243	78	0	0	16	0	4	90	9	68	74	1	87	21	91	1	13	0	0	0	35	0	0
OTU_439	84	16	8	9	12	16	248	121	146	149	25	48	122	208	56	19	14	32	0	153	0	0
OTU_4	535	115	69	130	303	1026	1582	609	1863	959	102	668	649	1410	139	1410	170	79	0	883	0	0
OTU_6	144	959	1047	2509	1438	1427	132	867	375	98	860	134	334	89	1250	980	1138	1027	0	114	0	0
OTU_52	188	191	301	366	257	91	139	161	95	211	282	139	106	122	160	98	342	348	0	186	0	0
OTU_521	15	10	11	4	19	1	7	5	4	17	12	5	2	6	11	0	11	22	0	9	0	0
OTU_112	132	19	58	142	63	7	200	134	127	279	118	81	161	185	42	43	64	50	0	199	0	0
OTU_3655	2	5	0	8	3	1	0	6	2	2	1	0	0	2	4	0	2	0	0	0	0	0
OTU_398	60	29	40	72	58	88	50	42	43	39	33	61	25	49	49	70	60	52	0	35	0	0
OTU_3318	132	20	25	13	14	2	135	15	70	97	28	61	58	124	54	8	13	35	0	70	0	0
OTU_164	257	115	107	280	134	59	299	249	263	231	108	190	342	310	206	70	88	129	0	342	0	0
OTU_881	12	5	2	5	5	33	4	2	6	11	6	12	5	7	6	22	5	6	0	13	0	0
OTU_550	21	4	13	4	4	2	14	12	8	16	14	5	19	12	6	1	0	6	0	24	0	0
OTU_714	17	6	22	23	27	2	9	32	6	15	10	16	12	13	18	5	34	35	0	6	0	0
OTU_914	18	10	12	25	15	1	9	4	6	12	9	7	2	12	8	7	8	6	0	16	0	0
OTU_456	35	51	69	78	147	67	15	44	18	42	59	45	21	19	55	39	80	87	0	34	0	0
OTU_277	163	27	20	59	35	50	117	35	77	135	31	76	85	105	37	42	28	19	0	153	0	0
OTU_341	9	15	6	34	142	18	14	19	10	12	11	40	45	6	46	28	49	56	0	15	0	0
OTU_1024	5	9	29	11	13	1	9	15	3	9	18	4	11	3	11	0	23	24	0	5	0	0
OTU_1383	9	8	30	6	19	17	3	10	7	24	19	15	19	7	10	13	13	38	0	24	0	0
OTU_2359	187	19	13	99	69	16	133	135	94	211	64	108	181	99	214	27	49	25	0	432	0	0
OTU_155	36	44	51	63	52	49	33	30	38	50	48	39	8	52	43	23	42	41	0	44	0	0
OTU_39	455	695	659	1069	892	953	285	865	309	292	398	403	275	301	692	542	869	905	0	277	0	0
OTU_24	318	198	196	331	337	32	307	388	202	382	226	209	160	293	324	45	257	155	0	460	0	0
OTU_338	59	39	46	55	75	48	65	48	39	82	69	49	59	46	28	39	38	46	0	99	0	0
OTU_956	121	74	91	80	116	470	74	72	171	49	56	68	97	72	79	231	99	143	0	64	0	0
OTU_312	57	43	42	26	86	85	42	157	98	96	89	72	179	120	71	183	39	58	0	212	0	0
OTU_8	969	247	233	1632	657	244	827	527	522	1230	350	957	56	1101	502	273	560	217	0	1465	0	0
OTU_769	11	10	20	12	26	0	10	30	7	9	35	20	8	7	17	1	31	19	0	10	0	0
OTU_1559	19	11	7	24	35	10	29	25	23	22	17	46	12	29	18	15	12	11	0	23	0	0
OTU_3517	10	1	4	1	4	18	9	0	10	10	10	5	0	10	1	13	0	4	0	4	0	0
OTU_27	197	404	397	550	761	757	169	247	235	159	534	181	150	188	493	490	509	360	0	95	0	0
OTU_138	125	42	45	54	58	57	79	102	66	191	47	104	116	102	62	189	31	39	0	228	0	0
OTU_4683	0	11	7	6	8	2	1	2	4	1	5	2	2	1	8	2	5	8	0	1	0	0
OTU_87	244	55	20	125	132	69	221	149	143	178	39	184	60	200	57	64	73	22	0	237	0	0
OTU_5604	2	0	0	10	1	0	2	2	0	0	1	0	0	1	0	0	2	0	0	1	0	0
OTU_38	474	367	284	464	463	258	415	311	304	461	351	462	310	358	359	323	269	297	0	846	0	0
OTU_37	222	79	22	109	142	1	262	191	137	198	63	235	76	271	109	30	91	28	0	147	0	0
OTU_2524	0	0	0	0	0	0	5	0	2	7	0	3	0	5	0	1	0	0	0	4	0	0
OTU_834	15	0	1	2	0	2	46	5	24	35	10	8	22	40	4	0	3	1	0	7	0	0
OTU_219	40	15	8	36	4	8	13	57	17	31	43	28	48	12	95	6	34	24	0	849	0	0
OTU_75	145	146	228	131	255	110	106	287	112	137	207	183	144	115	201	167	265	335	0	92	0	0
OTU_3615	8	6	11	16	12	3	6	23	2	7	17	5	23	6	12	3	29	5	0	11	0	0
OTU_333	71	51	61	74	73	19	76	66	46	63	63	47	71	70	72	31	80	89	0	44	0	0
OTU_1796	3	3	7	7	4	5	4	17	5	10	10	5	5	5	8	2	2	6	0	10	0	0
OTU_143	639	195	22	51	269	0	46	0	30	123	218	264	25	161	109	23	9	17	0	44	0	0
OTU_273	36	26	59	90	67	30	10	70	10	25	51	34	15	14	42	42	87	61	0	34	0	0
OTU_895	7	5	16	5	9	8	0	6	4	4	5	2	4	1	34	7	13	19	0	3	0	0
OTU_1315	29	5	17	15	20	22	11	28	14	22	8	23	8	12	11	12	13	22	0	33	0	0
OTU_57	126	143	215	126	250	63	93	167	60	107	279	96	141	111	117	56	213	207	0	100	0	0
OTU_1016	23	17	27	29	32	3	14	40	12	34	28	19	30	24	17	7	23	34	0	46	0	0
OTU_124	80	89	123	125	154	92	68	79	55	79	117	82	44	64	99	96	150	151	0	78	0	0
OTU_1409	2	5	1	44	4	0	4	6	2	8	0	21	0	7	7	2	3	1	0	4	0	0
OTU_13	289	556	549	908	1065	286	330	305	276	332	870	300	168	373	524	187	791	496	0	228	0	0
OTU_1683	4	2	6	5	1	2	5	5	2	8	5	6	4	3	2	1	3	4	0	8	0	0
OTU_421	42	19	28	31	24	75	29	22	27	52	36	122	9	69	37	47	29	25	0	50	0	0
OTU_332	35	27	10	32	20	2	38	33	14	29	58	19	35	28	11	6	17	30	0	22	0	0
OTU_253	63	71	56	54	65	64	68	31	58	51	84	43	66	57	66	40	45	49	0	34	0	0
OTU_906	21	3	6	8	9	6	24	6	15	42	11	10	10	28	4	1	13	8	0	19	0	0
OTU_28	150	409	503	1722	720	252	149	521	140	104	416	187	107	143	754	181	511	524	0	208	0	0
OTU_566	12	7	8	56	20	9	29	37	20	39	33	10	10	35	10	6	13	27	0	9	0	0
OTU_58	268	172	131	260	367	51	392	309	233	462	255	198	325	332	257	67	190	217	0	601	0	0
OTU_3158	0	1	0	0	0	0	0	0	0	1	0	1	0	0	2	2	0	0	0	8	0	0
OTU_4820	30	46	27	40	68	0	18	53	15	32	52	12	48	29	84	3	36	33	0	18	0	0
OTU_596	35	13	14	38	25	41	23	47	31	24	14	33	20	43	23	48	17	23	0	38	0	0
OTU_1813	2	6	9	14	10	9	0	11	3	9	21	5	9	6	2	4	9	11	0	0	0	0
OTU_963	11	0	0	6	0	6	11	1	7	22	3	13	1	12	3	0	0	3	0	17	0	0
OTU_80	144	22	15	49	53	199	60	29	99	156	14	157	30	141	36	106	57	16	0	327	0	0
OTU_86	383	317	361	652	587	393	378	340	240	502	313	348	165	256	339	315	489	378	0	397	0	0
OTU_250	94	32	29	139	72	40	68	39	49	100	23	119	7	62	64	42	54	36	0	138	0	0
OTU_1379	4	0	1	12	0	0	2	12	0	2	0	62	3	4	2	4	2	0	0	6	0	0
OTU_2010	9	4	1	5	4	18	10	0	19	11	0	6	8	11	1	12	0	2	0	10	0	0
OTU_283	56	3	1	15	2	0	88	28	46	157	17	22	29	105	10	4	4	2	0	127	0	0
OTU_1115	4	23	20	12	37	1	4	4	2	0	27	1	0	3	11	0	39	24	0	5	0	0
OTU_689	67	14	14	31	15	17	73	17	45	121	58	42	9	58	15	16	14	12	0	50	0	0
OTU_22	446	29	25	155	49	40	692	1038	399	904	86	266	357	659	624	65	284	43	0	2079	0	0
OTU_30	238	161	126	142	160	27	337	250	210	369	196	138	288	263	258	53	97	148	0	347	0	0
OTU_5519	1	0	0	0	0	1	0	0	0	0	0	2	0	0	0	4	0	0	0	1	0	0
OTU_34	284	366	349	370	477	80	195	421	132	211	334	291	427	180	339	250	405	426	0	165	0	0
OTU_95	73	139	115	89	204	78	86	57	88	47	164	58	71	50	117	92	105	157	0	57	0	0
OTU_324	15	41	82	104	62	18	6	52	13	3	44	11	18	6	59	20	75	88	0	5	0	0
OTU_205	24	17	34	62	51	0	37	60	18	77	44	29	38	54	58	2	22	21	0	21	0	0
OTU_366	12	62	59	79	61	41	15	64	17	9	56	11	24	27	85	43	64	93	0	13	0	0
OTU_225	18	60	91	41	107	7	15	21	6	12	74	7	12	5	36	2	107	73	0	8	0	0
OTU_2184	3	0	0	3	0	0	2	9	4	4	2	1	2	4	0	3	2	1	0	3	0	0
OTU_781	21	36	30	84	102	30	25	106	25	20	26	35	30	21	55	23	38	28	0	24	0	0
OTU_3285	451	212	158	812	579	388	367	775	301	352	285	713	316	501	195	416	536	95	0	253	0	0
OTU_284	31	9	33	9	43	34	26	19	16	31	30	36	12	29	26	23	32	9	0	38	0	0
OTU_1284	9	5	14	8	16	2	5	1	3	4	8	2	2	8	12	1	8	19	0	4	0	0
OTU_183	130	105	119	224	143	178	106	159	115	96	98	143	192	128	158	141	106	122	0	135	0	0
OTU_400	42	34	46	79	43	98	23	43	27	42	39	79	27	29	49	81	56	50	0	60	0	0
OTU_214	40	36	68	69	67	27	32	94	27	22	60	57	98	25	58	25	78	73	0	30	0	0
OTU_1906	3	4	1	3	6	0	1	3	0	0	3	0	0	1	4	0	1	0	0	0	0	0
OTU_847	8	1	3	5	4	0	13	3	5	19	1	15	1	12	1	4	8	1	0	4	0	0
OTU_468	13	7	24	12	25	17	9	17	6	21	7	14	13	15	12	7	20	15	0	17	0	0
OTU_2965	13	7	12	4	11	0	3	17	5	10	11	3	28	6	21	0	7	21	0	12	0	0
OTU_4749	40	5	2	27	17	9	53	26	30	51	8	32	36	48	16	4	1	6	0	37	0	0
OTU_16	243	363	268	295	700	99	190	287	119	295	227	192	201	185	262	167	249	306	0	408	0	0
OTU_1960	7	6	0	0	3	0	7	0	4	4	3	5	33	2	0	0	5	0	0	0	0	0
OTU_516	137	35	51	76	95	13	152	212	101	252	95	68	159	151	90	17	55	77	0	280	0	0
OTU_1128	9	7	0	1	0	1	11	4	9	40	3	4	3	10	1	10	0	4	0	25	0	0
OTU_199	44	21	24	22	29	4	67	29	43	51	25	39	21	50	38	11	12	20	0	68	0	0
OTU_739	25	2	1	8	10	0	30	6	14	24	2	5	19	32	8	3	1	0	0	15	0	0
OTU_1134	83	9	16	51	18	19	64	85	37	38	16	91	38	49	13	40	12	12	0	132	0	0
OTU_808	54	15	4	16	10	18	98	19	56	153	22	25	62	104	15	12	9	4	0	62	0	0
OTU_97	703	16	33	31	35	6	63	89	114	75	54	129	50	29	122	112	23	18	2	1419	0	0
OTU_1692	7	0	0	0	0	0	5	0	4	10	0	1	1	7	0	3	0	0	0	2	0	0
OTU_981	11	1	3	4	3	211	6	17	37	14	3	19	26	12	7	154	3	3	0	12	0	0
OTU_362	13	11	1	8	8	1	12	8	5	153	1	18	12	15	31	9	1	8	0	53	0	0
OTU_184	48	68	65	155	91	103	42	40	58	26	61	34	16	38	47	61	64	68	0	27	0	0
OTU_2379	33	44	63	24	46	0	28	11	17	34	40	27	5	37	17	5	67	60	0	38	0	0
OTU_128	49	67	65	142	165	353	17	54	62	29	71	41	43	36	98	345	75	59	0	40	0	0
OTU_43	40	98	79	200	247	304	32	60	79	28	162	28	52	29	120	196	120	73	0	19	0	0
OTU_4990	0	0	0	0	0	0	1	1	0	0	0	0	0	0	0	1	1	0	0	0	0	0
OTU_50	27	178	164	101	277	313	8	53	63	15	134	29	30	13	106	136	201	207	0	10	0	0
OTU_2861	1	0	0	0	0	0	0	0	1	0	0	0	0	0	0	9	0	1	0	2	0	0
OTU_403	27	30	34	85	50	10	47	67	35	42	52	35	22	50	37	16	56	41	0	47	0	0
OTU_40	193	325	383	595	482	17	220	776	204	183	641	149	548	207	553	78	422	424	0	198	506	0
OTU_117	31	640	187	83	190	3	7	253	15	10	556	21	159	20	159	13	88	162	0	203	0	0
OTU_905	9	7	7	13	15	3	7	0	5	8	5	5	2	1	1	3	6	4	0	7	0	0
OTU_3613	2	1	2	1	0	0	2	4	0	2	1	0	2	1	3	2	1	0	0	6	0	0
OTU_1526	3	1	7	0	8	0	0	7	0	2	4	3	1	0	4	0	6	6	0	8	0	0
OTU_32	317	423	440	874	600	98	244	1020	151	228	307	405	475	211	576	162	646	583	0	244	0	0
OTU_71	19	107	100	110	115	355	6	39	99	11	56	40	39	11	72	204	105	98	0	12	0	0
OTU_130	118	50	58	31	71	1	96	44	80	101	137	75	152	109	69	47	38	78	0	111	0	0
OTU_210	26	72	91	170	101	29	11	64	12	18	33	30	12	14	92	15	57	81	0	10	0	0
OTU_207	34	31	68	45	58	14	24	51	19	27	38	39	24	33	31	11	101	66	0	20	0	0
OTU_3019	0	165	211	79	192	2	6	135	1	3	105	1	95	1	130	4	275	168	0	0	0	0
OTU_1742	24	4	2	123	15	0	24	165	9	20	3	23	8	27	18	9	7	0	0	35	0	0
OTU_81	241	85	88	152	106	28	223	222	192	456	92	191	232	288	117	50	71	121	0	523	0	0
OTU_1265	1	5	1	3	14	0	3	5	3	10	4	7	0	10	1	0	9	2	0	0	0	0
OTU_59	263	192	361	302	291	223	254	188	204	300	376	208	156	234	124	109	372	405	0	259	0	0
OTU_1020	12	5	11	28	10	9	5	13	7	9	8	6	7	7	7	8	9	10	0	9	0	0
OTU_2212	44	79	75	49	102	6	37	117	22	31	118	22	83	30	34	16	86	93	0	32	0	0
OTU_1036	14	10	17	12	21	0	4	15	3	11	18	2	15	6	18	10	17	23	0	7	0	0
OTU_1112	43	26	13	26	42	14	20	11	15	26	4	57	16	32	24	23	26	1	0	32	0	0
OTU_352	56	4	6	5	19	2	7	11	18	13	36	59	9	2	12	7	12	4	0	26	0	0
OTU_297	28	4	9	24	33	11	22	63	21	28	11	30	19	13	5	41	19	11	0	28	0	0
OTU_1949	1	0	1	9	0	10	0	8	2	0	0	2	1	0	10	16	1	3	0	1	0	0
OTU_1604	15	20	14	32	29	5	15	17	13	14	21	6	12	7	23	2	12	26	0	26	0	0
OTU_61	138	219	293	279	475	117	121	249	82	173	217	142	145	148	200	127	279	311	0	165	0	0
OTU_44	150	67	59	104	111	44	469	60	311	526	118	111	172	451	57	67	33	76	0	185	0	0
OTU_484	17	0	0	6	0	0	38	12	21	31	0	6	16	34	3	4	0	1	0	18	0	0
OTU_4098	0	0	0	0	1	0	0	1	0	1	2	0	0	0	1	0	1	0	0	2	0	0
OTU_388	98	189	178	232	228	81	82	255	57	63	181	125	126	73	139	83	188	227	0	62	0	0
OTU_4107	0	0	0	0	2	0	0	0	1	0	0	0	0	0	1	0	0	1	0	0	0	0
OTU_211	87	7	12	25	14	12	254	30	129	318	26	63	28	349	17	26	11	5	0	73	0	0
OTU_1042	9	4	2	3	13	2	11	1	15	25	4	3	11	23	7	0	5	7	0	4	0	0
OTU_1198	36	2	0	9	0	0	29	6	11	6	0	4	5	13	11	8	1	0	0	5	0	0
OTU_415	77	9	15	41	4	8	92	42	73	95	8	49	79	94	18	10	7	16	0	38	0	0
OTU_1133	4	6	9	6	13	6	0	18	1	0	46	3	10	0	6	2	11	23	0	6	0	0
OTU_3073	2	2	2	3	0	1	2	2	3	2	3	4	0	0	1	1	0	0	0	3	0	0
OTU_805	18	16	15	43	24	3	22	47	16	27	13	14	31	20	37	10	13	8	0	24	0	0
OTU_353	56	115	122	495	176	438	34	300	96	31	74	47	57	35	261	217	140	133	0	28	0	0
OTU_648	13	4	1	5	1	13	1	1	3	4	0	46	0	7	0	11	4	1	0	23	0	0
OTU_593	15	14	53	4	9	1	31	16	23	77	33	12	13	26	4	6	26	51	0	29	0	0
OTU_465	30	21	38	15	30	11	61	11	43	53	18	35	8	57	8	16	30	17	0	24	0	0
OTU_2726	2	0	1	1	1	0	4	1	6	7	1	1	0	8	1	0	2	1	0	1	0	0
OTU_251	88	51	59	60	79	30	86	50	53	104	73	79	31	92	75	32	62	81	0	71	0	0
OTU_5894	20	0	0	4	0	2	22	10	17	4	1	16	38	15	10	12	0	0	0	32	0	0
OTU_151	137	17	22	71	31	49	234	186	174	183	34	222	114	224	39	93	40	74	0	147	0	0
OTU_180	91	92	39	64	106	29	57	119	40	87	38	57	82	75	88	81	40	67	0	340	0	0
OTU_232	41	50	42	39	73	27	21	28	36	20	54	31	11	26	47	29	50	42	0	25	0	0
OTU_73	109	168	187	62	245	65	127	64	140	121	214	90	63	109	90	56	181	217	0	116	0	0
OTU_25	341	441	499	303	940	250	194	402	214	213	210	413	307	132	202	452	180	193	0	525	0	0
OTU_976	18	7	0	22	0	1	5	45	3	19	5	11	30	7	33	7	2	1	0	40	0	0
OTU_2002	13	1	4	7	5	8	0	15	1	8	0	15	8	3	2	22	9	3	0	11	0	0
OTU_3911	0	0	1	29	1	0	0	5	2	3	0	0	1	0	4	0	0	1	0	0	0	0
OTU_314	41	13	19	35	32	1	35	27	27	40	19	34	21	41	47	3	12	23	0	30	0	0
OTU_369	47	36	19	57	75	17	42	131	33	74	24	111	17	57	50	47	37	21	0	65	0	0
OTU_527	29	26	35	42	64	7	21	34	18	25	56	17	146	8	30	10	26	42	0	37	0	0
OTU_79	343	95	90	78	191	719	338	77	286	424	144	391	114	373	93	516	138	78	0	657	0	0
OTU_108	70	42	68	40	86	64	73	96	55	93	101	135	51	76	75	47	120	71	0	76	0	0
OTU_2281	95	145	149	236	149	231	83	242	83	123	79	151	178	98	204	143	147	179	0	104	0	0
OTU_422	46	53	28	80	66	12	41	134	40	49	37	32	61	24	52	16	24	49	0	64	0	0
OTU_1419	33	2	2	8	7	8	55	13	41	72	17	8	17	51	5	10	1	7	0	16	0	0
OTU_2624	0	1	3	0	4	0	0	1	0	2	0	0	0	0	2	0	1	0	0	0	0	0
OTU_2453	1	1	1	12	0	0	1	6	3	1	0	0	5	1	3	10	1	0	0	1	0	0
OTU_6052	70	2	1	4	6	0	116	16	51	49	9	24	28	96	17	3	2	1	0	250	0	0
OTU_4988	7	8	19	2	7	0	7	13	5	8	12	6	12	4	10	0	13	9	0	8	0	0
OTU_575	96	21	16	16	29	105	98	30	99	114	25	118	28	122	19	74	36	25	0	82	0	0
OTU_136	265	84	46	225	201	37	467	138	327	361	24	162	303	238	157	142	98	65	0	268	0	0
OTU_302	38	21	43	81	33	29	45	39	32	61	31	48	15	38	15	25	95	18	0	22	0	0
OTU_3460	75	37	19	76	50	12	77	165	53	70	8	44	73	92	36	27	13	32	0	57	0	0
OTU_997	3	9	11	13	12	1	12	23	8	13	5	6	12	10	15	5	12	8	0	7	0	0
OTU_4633	29	22	23	88	49	15	42	40	22	23	27	32	24	26	56	10	35	23	0	27	0	0
OTU_1246	28	33	29	20	33	45	22	11	22	13	42	8	22	12	28	41	27	33	0	11	0	0
OTU_121	47	87	154	50	107	134	46	60	34	38	62	59	31	70	60	137	99	51	0	57	0	0
OTU_2392	3	2	2	10	7	2	2	8	2	4	2	6	4	7	7	4	1	3	0	1	0	0
OTU_146	192	69	87	79	96	55	155	144	90	219	183	98	153	158	119	42	93	148	0	236	0	0
OTU_1269	3	3	4	8	5	1	1	3	1	0	2	5	2	2	1	3	8	8	0	7	0	0
OTU_41	505	264	331	757	567	366	410	332	264	337	287	532	211	426	452	296	392	367	0	614	0	0
OTU_294	29	59	56	31	56	162	40	32	54	43	41	36	27	38	75	76	54	80	0	34	0	0
OTU_2048	42	10	8	19	10	2	25	67	20	53	15	27	65	25	27	21	7	22	0	130	0	0
OTU_582	31	0	1	1	0	4	54	1	21	30	2	17	10	36	3	6	0	2	0	9	0	0
OTU_637	16	3	5	39	7	4	25	12	14	31	12	8	24	12	7	4	12	7	0	16	0	0
OTU_1706	8	2	12	4	3	14	15	5	12	14	10	14	8	21	2	16	7	12	0	16	0	0
OTU_1344	13	9	22	14	29	14	13	27	7	32	20	9	45	25	16	5	31	22	0	30	0	0
OTU_1206	56	24	49	22	63	126	34	42	32	49	44	60	34	52	39	96	78	51	0	61	0	0
OTU_828	12	4	7	2	14	20	5	3	9	25	8	28	1	17	6	38	12	6	0	18	0	0
OTU_5063	0	0	0	0	0	8	0	0	2	1	0	2	1	0	0	5	0	0	0	0	0	0
OTU_111	225	128	113	290	155	115	244	760	235	228	148	215	405	230	182	142	206	125	0	236	0	0
OTU_3682	1	0	5	0	1	0	2	2	2	1	0	2	2	1	0	0	2	2	0	1	0	0
OTU_204	19	27	60	40	16	3	35	28	25	29	50	10	59	22	15	3	29	76	0	7	0	0
OTU_801	1	6	27	22	22	10	1	12	2	0	21	2	7	0	26	2	22	39	0	1	0	0
OTU_3306	0	1	0	4	1	1	0	2	0	0	0	0	0	1	1	0	2	1	0	0	0	0
OTU_662	23	21	35	19	36	5	17	31	14	33	58	13	36	24	30	3	33	40	0	17	0	0
OTU_240	65	6	4	11	20	33	46	11	32	63	9	63	9	44	4	95	12	11	0	66	0	0
OTU_493	15	30	43	75	48	32	14	59	20	13	23	16	27	11	61	17	40	43	0	9	0	0
OTU_2229	0	2	1	2	5	5	1	1	0	0	0	0	1	0	3	4	5	2	0	0	0	0
OTU_244	241	14	1	45	9	4	333	53	201	379	56	80	148	480	34	12	4	13	0	156	0	0
OTU_203	17	35	43	45	52	0	18	37	3	4	34	20	13	14	166	3	54	48	0	6	0	0
OTU_552	11	9	19	21	13	23	8	7	10	6	6	7	2	3	20	6	5	12	0	11	0	0
OTU_1384	6	6	4	5	8	2	14	5	11	8	10	9	12	19	4	8	6	6	0	27	0	0
OTU_165	48	73	83	151	151	59	15	96	16	24	33	63	20	14	108	42	101	179	0	16	0	0
OTU_3733	0	0	0	0	0	0	2	0	0	6	0	0	0	1	0	0	0	0	0	0	0	0
OTU_3358	0	4	2	0	1	0	0	4	0	0	0	0	0	0	0	0	4	3	0	0	0	0
OTU_31	1104	283	224	300	414	155	1418	1018	900	1500	338	1184	588	1497	569	262	246	268	0	2462	0	0
OTU_279	66	50	56	249	185	9	43	130	32	39	104	57	67	37	182	19	59	94	0	45	0	0
OTU_107	108	120	130	220	147	40	146	231	131	139	112	135	145	125	189	54	94	153	0	96	0	0
OTU_907	143	185	145	172	322	52	314	160	223	306	350	93	173	394	143	51	295	137	0	89	0	0
OTU_1137	11	5	1	1	8	4	6	20	3	20	9	3	5	13	7	3	4	8	0	9	0	0
OTU_1578	4	10	2	29	2	0	3	11	0	0	1	7	0	0	7	5	1	1	0	2	0	0
OTU_2416	159	13	14	35	25	24	137	35	87	180	17	153	9	177	29	34	20	6	0	247	0	0
OTU_2472	147	98	60	115	104	71	157	258	136	158	109	118	202	134	143	50	101	109	0	169	0	0
OTU_630	5	19	19	18	34	0	4	16	0	3	15	4	6	0	11	0	27	21	0	2	0	0
OTU_4197	25	49	48	50	46	239	5	27	35	13	37	20	32	9	36	74	60	79	0	11	0	0
OTU_213	55	29	56	98	83	7	62	33	34	76	89	34	49	55	49	17	67	82	0	61	0	0
OTU_4218	25	6	7	21	35	11	10	54	6	10	6	25	25	18	21	9	7	12	0	38	0	0
OTU_2071	8	0	0	0	0	0	3	1	1	13	0	3	0	1	1	0	0	0	0	1	0	0
OTU_77	88	90	113	114	218	63	48	118	38	73	108	69	61	41	79	61	122	99	0	104	0	0
OTU_4875	4	1	2	4	3	1	3	3	0	10	4	0	1	2	3	1	3	1	0	5	0	0
OTU_490	21	15	35	34	32	10	13	26	20	44	24	19	25	29	18	11	39	30	0	20	0	0
OTU_1511	7	0	6	5	7	0	3	3	8	2	2	2	5	7	2	0	1	4	0	2	0	0
OTU_265	58	1	6	6	4	0	69	11	53	175	27	26	37	96	2	1	8	19	0	67	0	0
OTU_339	42	20	30	33	31	0	54	46	27	54	64	33	52	69	25	8	14	63	0	66	0	0
OTU_267	64	5	12	15	20	18	84	34	50	93	17	48	23	74	8	18	13	6	0	89	0	0
OTU_718	61	55	49	43	73	24	61	35	34	49	65	30	41	55	43	27	49	63	0	62	0	0
OTU_94	130	59	32	120	111	86	180	38	136	184	66	99	38	183	46	54	106	49	0	206	0	0
OTU_119	312	48	98	306	124	63	362	220	250	470	240	204	266	435	74	72	146	75	0	168	0	0
OTU_477	53	4	4	41	4	7	55	32	48	42	5	69	34	40	19	6	6	1	0	21	0	0
OTU_619	11	1	3	8	3	4	33	6	24	23	10	8	4	35	3	4	3	2	0	12	0	0
OTU_270	92	14	20	78	48	18	50	90	75	97	19	42	114	68	76	29	27	13	0	55	0	0
OTU_3997	0	2	0	5	2	0	0	2	0	0	0	0	0	0	0	0	0	2	0	0	0	0
OTU_1428	23	22	20	41	24	131	15	20	27	8	11	24	10	23	29	47	18	25	0	16	0	2
OTU_2905	1	1	0	0	4	1	0	0	0	0	0	0	0	0	1	5	1	0	0	0	0	0
OTU_360	28	8	1	25	3	0	9	35	10	59	4	35	17	4	51	17	3	3	0	220	0	0
OTU_705	70	51	12	57	43	9	117	64	72	93	32	44	164	61	88	18	41	49	0	258	0	0
OTU_1088	0	9	8	10	17	4	1	9	0	2	8	1	1	0	1	0	9	7	0	1	0	0
OTU_49	123	96	84	202	167	106	43	405	58	120	83	80	83	64	88	155	78	103	0	227	0	0
OTU_310	54	18	5	48	24	14	89	61	66	87	27	78	32	97	11	19	38	13	0	42	0	0
OTU_186	80	13	13	45	38	65	37	22	51	57	13	44	10	66	14	59	16	9	0	67	0	0
OTU_4514	0	2	1	1	1	0	0	4	0	1	0	0	2	0	0	0	0	0	0	1	0	0
OTU_116	129	73	69	124	151	27	151	246	100	208	102	86	141	161	71	69	113	97	0	143	0	0
OTU_3330	0	0	0	0	0	0	1	0	1	1	0	0	1	2	0	0	2	0	0	0	0	0
OTU_691	8	12	12	28	41	1	6	13	4	6	20	3	1	3	20	2	23	25	0	6	0	0
OTU_461	30	80	115	29	82	2	23	75	11	20	147	16	37	13	44	3	96	134	0	49	0	0
OTU_5955	9	3	2	0	4	54	0	0	19	0	3	3	7	4	3	34	2	2	0	5	0	0
OTU_1632	3	0	0	0	0	11	1	0	1	2	1	25	2	1	0	10	0	0	0	7	0	0
OTU_4942	16	45	76	53	93	33	9	33	17	12	35	20	29	20	39	26	57	56	0	35	0	0
OTU_104	40	147	234	109	138	0	46	78	30	66	151	12	99	51	67	1	241	169	0	23	0	0
OTU_983	7	4	10	0	9	0	3	2	0	12	6	3	0	2	5	1	13	12	0	5	0	0
OTU_1514	5	11	9	11	11	19	4	8	3	7	6	6	14	7	5	5	2	7	0	8	0	0
OTU_2949	8	48	88	104	121	20	13	18	27	18	51	9	24	22	30	18	80	65	0	11	0	0
OTU_1458	7	0	1	3	0	0	5	1	8	15	0	7	1	9	2	2	0	0	0	5	0	0
OTU_263	73	5	3	26	17	91	54	12	34	102	9	108	8	84	11	52	26	3	0	53	0	0
OTU_2604	35	0	2	1	1	0	0	27	3	1	0	92	9	1	18	15	1	0	0	15	0	0
OTU_605	6	36	33	12	33	8	7	13	5	18	36	8	9	5	26	3	26	31	0	6	0	0
OTU_84	57	193	229	324	285	429	49	135	77	36	177	56	63	53	199	198	251	218	0	45	0	0
OTU_134	80	12	9	30	22	662	28	8	77	66	7	79	47	39	11	346	23	10	0	55	0	0
OTU_632	12	1	0	4	2	0	28	1	18	32	2	11	1	33	1	0	1	0	0	20	0	0
OTU_749	7	1	5	18	5	16	15	23	7	30	8	16	6	19	12	6	4	12	0	14	0	0
OTU_501	20	5	23	17	15	9	13	6	4	16	14	12	11	20	27	8	23	12	0	18	0	0
OTU_2263	11	2	2	4	4	10	3	2	3	4	7	4	1	11	5	3	6	5	0	3	0	0
OTU_135	81	25	33	66	27	0	40	56	24	98	99	50	67	50	26	4	35	36	0	127	0	0
OTU_483	32	10	5	20	24	11	22	14	23	21	19	33	7	21	1	10	24	3	0	12	0	0
OTU_1389	2	8	15	5	7	4	4	1	1	4	28	1	2	2	2	2	19	8	0	0	0	0
OTU_220	77	0	0	1	0	0	10	2	8	10	24	12	3	0	32	2	1	0	0	193	418	0
OTU_344	65	19	21	158	32	16	126	108	90	87	22	91	77	124	83	9	8	22	0	71	0	0
OTU_5534	0	1	0	0	0	0	0	0	0	0	0	0	0	1	1	0	0	1	0	0	0	0
OTU_115	276	188	183	200	707	158	222	221	173	308	183	191	445	169	242	174	159	136	0	224	0	0
OTU_1266	11	1	3	7	0	40	5	17	1	12	0	66	6	5	1	17	4	0	0	9	0	0
OTU_701	17	3	8	6	13	2	36	9	10	20	11	60	65	29	17	4	1	9	0	38	0	0
OTU_980	7	6	8	14	7	8	7	16	9	6	4	7	3	5	4	8	5	9	0	3	0	0
OTU_252	22	28	19	25	29	5	30	23	7	37	42	19	28	22	17	4	46	56	0	28	0	0
OTU_1368	114	65	29	97	91	6	76	64	58	55	195	49	21	63	25	15	93	67	0	40	0	0
OTU_1196	4	0	0	51	4	2	2	9	1	4	0	8	5	2	13	16	2	1	0	4	0	1
OTU_316	50	66	87	66	125	10	37	75	32	71	193	40	194	61	98	25	65	114	0	79	0	0
OTU_455	89	115	146	137	266	30	35	105	24	68	125	94	57	37	127	42	238	168	0	99	0	0
OTU_618	15	21	16	30	25	8	16	10	13	13	26	18	2	15	14	7	26	21	0	15	0	0
OTU_1972	0	8	3	1	2	12	0	0	1	0	2	0	0	0	0	5	1	9	0	0	0	0
OTU_4479	15	1	3	10	9	0	14	12	12	7	16	5	30	7	10	14	4	7	0	15	0	0
OTU_3219	5	17	14	31	44	33	2	27	6	4	7	6	5	6	33	19	23	19	0	3	0	0
OTU_859	10	3	1	0	4	0	48	0	29	27	5	7	18	43	4	1	0	1	0	12	0	0
OTU_600	8	18	17	43	20	0	3	27	10	12	17	7	12	8	23	2	20	24	0	10	0	0
OTU_555	40	12	6	50	26	1	18	40	17	24	1	10	16	25	23	3	10	10	0	77	0	0
OTU_1217	5	0	0	2	0	17	3	0	5	1	0	8	0	6	0	17	0	0	0	4	0	0
OTU_2201	14	73	63	176	114	47	4	89	14	3	56	10	16	11	173	14	79	99	0	3	0	0
OTU_1211	16	0	3	16	4	12	12	6	7	9	4	7	2	13	11	4	1	3	0	7	0	0
OTU_522	38	1	0	1	3	0	55	0	30	31	1	21	1	49	0	5	4	1	0	10	0	0
OTU_816	4	7	7	9	21	17	0	11	5	3	8	6	1	3	12	8	16	6	0	4	0	0
OTU_178	74	33	42	96	56	8	60	83	32	58	38	47	55	39	76	11	37	46	0	35	0	0
OTU_181	73	52	55	94	103	6	87	82	44	91	55	102	22	86	103	46	61	64	0	89	0	0
OTU_2504	76	39	28	170	89	6	60	98	38	77	27	92	19	83	42	14	29	15	0	76	0	0
OTU_381	54	45	52	96	76	14	31	46	14	37	38	28	30	37	53	10	57	76	0	33	0	0
OTU_676	32	0	0	0	1	32	31	0	27	33	2	37	6	53	1	23	2	1	0	18	0	0
OTU_4315	67	30	16	22	47	23	65	13	31	44	56	27	43	46	28	26	22	30	0	34	0	0
OTU_63	41	106	110	47	171	44	53	34	49	47	192	33	18	80	58	51	209	97	0	21	0	0
OTU_517	13	8	1	5	2	131	2	0	12	9	0	21	10	10	0	41	3	6	0	8	0	0
OTU_64	75	83	119	165	160	48	40	158	29	103	137	62	68	49	172	99	115	104	0	109	0	0
OTU_323	112	5	2	36	0	5	121	23	84	92	9	93	35	103	26	9	2	3	0	48	0	0
OTU_389	31	13	2	10	6	6	12	42	12	86	10	34	8	31	14	7	9	8	0	37	0	0
OTU_1439	208	19	14	36	21	260	151	25	154	89	19	244	46	163	45	140	19	10	0	165	0	0
OTU_1261	7	1	7	9	9	0	11	7	2	10	12	12	10	3	9	0	6	8	0	3	0	0
OTU_6081	0	1	0	0	0	0	0	0	0	0	0	0	0	0	0	0	1	2	0	0	0	0
OTU_91	247	60	65	52	35	7	480	84	260	557	174	88	104	409	57	12	53	79	0	168	0	0
OTU_156	24	150	180	93	207	79	10	49	20	11	123	14	34	8	85	50	155	179	0	7	0	0
OTU_103	115	31	22	51	15	6	100	128	52	120	58	78	125	37	95	30	10	16	0	317	0	0
OTU_194	105	34	25	52	67	37	135	418	108	117	63	95	150	108	44	28	37	39	0	251	0	0
OTU_152	13	85	90	249	143	123	15	105	23	8	91	7	18	11	118	44	114	84	0	12	0	0
OTU_404	8	43	30	459	61	2	7	187	6	2	30	4	30	5	105	0	33	33	0	2	0	0
OTU_99	80	152	59	217	323	64	99	73	82	163	86	55	110	99	145	73	128	100	0	78	0	0
OTU_102	54	98	101	81	74	3	97	111	47	138	256	31	41	58	142	5	83	193	0	79	0	0
OTU_300	11	52	97	1	69	0	3	18	6	9	50	2	59	0	51	0	94	48	0	1	0	0
OTU_590	202	86	49	168	89	56	137	147	115	196	57	178	110	154	137	78	48	75	0	383	0	0
OTU_46	195	70	54	119	144	64	305	168	223	247	114	231	153	281	56	55	149	179	0	100	0	0
OTU_1649	2	2	4	10	3	0	0	6	0	1	3	0	0	1	7	2	0	1	0	0	0	0
OTU_1666	6	2	2	0	2	1	3	3	5	4	1	0	7	4	2	1	1	3	0	8	0	0
OTU_1050	10	0	0	9	1	0	18	7	12	14	0	9	3	19	0	8	0	0	0	7	0	0
OTU_69	204	110	85	289	314	80	183	216	120	169	144	156	272	162	267	95	117	127	0	143	0	0
OTU_5871	4	0	3	5	2	246	0	8	39	5	0	10	17	7	0	193	0	9	0	7	0	0
OTU_109	101	54	93	66	107	18	121	47	86	187	170	51	47	96	72	22	110	119	0	83	0	0
OTU_78	111	42	82	14	66	53	87	8	32	104	69	74	11	102	22	41	69	60	0	140	0	0
OTU_66	2	15	45	1803	62	0	12	7	3	4	12	4	8	3	17	0	86	27	0	2	0	0
OTU_577	10	13	21	5	15	0	8	20	4	18	18	6	27	5	10	0	9	33	0	5	0	0
OTU_83	39	125	118	61	294	132	27	44	39	37	209	16	25	25	84	93	180	117	0	22	0	0
OTU_2057	6	6	2	3	9	3	8	8	2	10	11	2	8	9	2	1	5	8	0	7	0	0
OTU_2158	6	0	0	1	0	0	7	1	6	10	0	1	2	12	0	1	0	0	0	1	0	0
OTU_2618	30	39	59	27	35	12	25	35	32	38	36	55	20	42	23	17	46	14	0	24	0	0
OTU_3140	1	1	1	1	4	2	0	1	0	1	2	0	1	0	0	2	9	4	0	0	0	0
OTU_1074	4	9	6	14	14	27	1	10	8	1	8	4	1	6	6	47	8	6	0	3	0	0
OTU_623	32	43	52	59	91	37	29	62	45	38	42	48	43	53	45	40	74	63	0	33	0	0
OTU_5300	0	35	36	19	34	2	3	26	1	1	23	0	9	1	44	0	29	35	0	1	0	0
OTU_763	7	10	10	16	17	2	1	2	0	5	7	10	0	3	9	0	15	9	0	10	0	0
OTU_2560	0	0	1	0	0	0	0	2	0	0	0	0	0	0	0	1	15	0	0	0	0	0
OTU_901	16	12	22	23	10	3	21	14	17	20	15	4	9	33	8	1	18	15	0	12	0	0
OTU_1259	35	15	20	17	42	25	16	16	13	38	25	30	16	25	19	19	25	16	0	35	0	0
OTU_2358	16	1	3	7	3	13	5	13	11	12	2	9	10	7	10	37	7	1	0	6	0	0
OTU_306	34	16	19	42	40	10	18	16	18	16	13	21	4	18	6	8	14	25	0	27	0	0
OTU_89	197	38	42	35	43	44	156	18	110	119	34	192	11	182	33	40	47	46	0	217	0	0
OTU_2902	0	0	2	5	0	0	2	0	1	0	1	0	0	0	0	0	0	0	0	0	0	0
OTU_1477	3	2	0	15	5	2	3	14	2	9	5	11	18	2	6	11	5	2	0	16	0	0
OTU_2947	0	0	0	0	0	26	1	0	2	3	0	11	0	1	0	22	0	0	0	6	0	0
OTU_198	102	2	10	61	6	7	9	88	9	23	81	11	61	4	82	4	21	5	0	142	0	0
OTU_782	14	20	3	13	15	0	20	11	17	22	12	10	18	17	2	0	8	6	0	9	0	0
OTU_276	29	10	12	31	22	0	147	11	63	78	23	11	17	104	6	1	13	11	0	28	0	0
OTU_471	25	17	15	24	32	39	1	53	16	41	7	22	18	20	41	26	24	34	0	18	0	0
OTU_1645	20	63	61	45	103	75	11	54	17	9	53	11	11	12	55	53	87	49	0	11	0	0
OTU_1346	0	10	9	3	14	3	0	4	2	1	2	2	2	0	18	0	13	10	0	1	0	0
OTU_1713	0	1	0	0	4	3	0	0	0	0	4	0	0	0	1	0	3	7	0	0	0	0
OTU_2920	1	0	0	0	0	0	0	0	2	0	0	4	0	0	0	10	0	0	0	2	0	0
OTU_1947	0	1	2	16	4	0	0	27	0	0	0	0	1	0	5	0	1	1	0	0	0	0
OTU_142	261	136	140	146	208	354	248	595	251	149	129	201	294	187	137	222	172	172	0	172	0	0
OTU_264	17	25	80	17	54	2	9	14	7	31	71	4	13	7	17	4	95	49	0	13	0	0
OTU_1145	2	0	0	33	0	25	2	10	3	0	0	0	3	3	10	8	0	1	0	1	0	0
OTU_510	23	31	29	62	42	6	18	15	10	12	36	23	3	18	29	16	43	36	0	19	0	0
OTU_2914	70	96	121	151	168	43	77	78	62	39	133	44	44	74	124	41	128	118	0	64	0	0
OTU_536	8	38	28	5	41	2	5	10	4	6	32	2	4	0	10	0	44	52	0	3	0	0
OTU_602	71	61	45	105	93	106	45	68	27	76	53	103	19	63	79	90	80	68	0	72	0	0
OTU_544	14	14	23	19	38	19	7	16	9	27	67	6	28	8	20	15	25	15	0	18	0	0
OTU_96	115	99	222	96	382	38	73	113	73	136	168	68	122	89	138	131	159	232	0	96	0	0
OTU_3919	2	0	0	10	0	2	0	0	0	0	0	0	0	0	0	0	0	0	0	0	0	0
OTU_269	18	49	52	12	87	6	14	34	13	16	57	13	20	9	30	4	69	40	0	8	0	0
OTU_488	0	22	30	10	38	2	0	8	5	0	26	0	1	0	13	2	25	24	0	0	0	0
OTU_500	30	5	11	19	24	4	25	9	15	31	19	16	8	17	6	11	15	10	0	19	0	0
OTU_234	62	9	26	5	17	6	29	6	16	51	20	31	7	57	8	9	18	24	0	32	0	0
OTU_2452	41	1	1	4	2	3	37	16	30	54	7	29	44	32	13	11	2	5	0	60	0	0
OTU_5614	13	16	11	29	35	22	7	128	8	4	14	12	3	6	20	2	25	21	0	3	0	0
OTU_187	21	22	30	56	85	150	1	14	20	11	12	41	11	8	35	60	43	32	0	42	0	0
OTU_70	387	159	109	219	407	168	299	158	225	330	147	280	319	242	189	282	134	121	0	365	0	0
OTU_67	241	251	455	239	404	233	239	206	141	331	277	158	136	193	210	158	460	401	0	171	0	0
OTU_301	89	14	13	174	64	4	100	155	58	74	8	62	28	68	71	17	29	12	0	72	0	0
OTU_226	10	22	52	17	37	14	18	12	17	16	80	13	18	15	20	7	57	81	0	11	0	0
OTU_688	16	10	9	168	16	241	10	57	42	25	3	36	21	17	56	161	15	21	0	23	0	0
OTU_239	20	9	7	21	7	1	9	118	5	76	76	44	11	0	35	2	19	19	0	267	0	0
OTU_525	10	45	58	44	67	60	17	38	18	12	43	12	23	18	46	23	64	77	0	11	0	0
OTU_6150	12	61	69	211	90	15	9	81	12	5	58	5	29	3	93	5	72	92	0	7	0	0
OTU_2778	8	2	5	1	5	0	3	3	1	2	3	4	5	5	3	2	3	1	0	14	0	0
OTU_514	36	24	24	22	29	0	52	36	30	56	43	15	77	40	22	0	27	37	0	42	0	0
OTU_1181	12	5	1	3	6	4	25	2	12	28	16	10	9	23	2	4	2	2	0	12	0	0
OTU_125	100	46	56	111	70	59	74	44	65	130	75	66	84	73	41	50	64	86	0	106	0	0
OTU_1576	0	1	0	0	9	3	2	1	4	4	1	6	4	12	0	4	1	2	0	1	0	0
OTU_3627	4	1	4	3	1	0	3	0	0	1	5	1	0	1	4	0	2	0	0	0	0	0
OTU_2231	2	1	1	4	2	0	3	0	0	2	3	1	0	0	2	0	1	3	0	1	0	0
OTU_4978	4	0	1	1	0	0	8	1	2	4	3	3	2	5	0	1	2	0	0	3	0	0
OTU_1067	7	1	4	6	4	4	3	9	5	6	3	5	16	4	5	6	1	7	0	14	0	0
OTU_171	114	106	71	67	237	7	105	73	78	131	27	76	213	89	98	19	41	59	0	170	0	0
OTU_298	50	28	36	46	41	17	62	31	29	82	41	38	23	48	30	10	39	50	0	44	0	0
OTU_92	72	132	109	113	119	51	68	27	67	43	145	41	20	58	57	39	118	95	0	43	0	0
OTU_248	83	47	82	39	96	25	111	46	68	149	94	46	77	108	43	19	80	45	0	95	0	0
OTU_867	3	4	1	19	6	0	6	15	8	5	3	2	25	4	7	0	15	1	0	1	0	0
OTU_100	35	129	108	38	161	24	33	29	27	15	118	10	26	19	65	13	117	143	0	12	0	0
OTU_2573	12	6	4	21	8	7	10	4	5	9	8	6	8	10	6	1	8	9	0	9	0	0
OTU_1007	24	3	0	0	1	0	13	0	10	8	0	22	1	18	0	4	0	1	0	13	0	0
OTU_371	38	49	92	92	107	133	26	60	52	34	59	49	41	32	71	100	73	76	0	50	0	58
OTU_481	56	83	108	61	115	7	33	53	15	42	80	14	35	19	40	6	110	110	0	36	0	0
OTU_1983	6	0	2	2	2	1	8	3	6	17	3	4	2	12	0	1	0	2	0	2	0	0
OTU_3223	0	2	2	3	2	0	0	1	1	2	6	1	5	0	6	0	0	1	0	0	0	0
OTU_271	16	44	47	178	83	63	31	70	31	24	30	37	37	23	83	38	53	52	0	27	0	0
OTU_5826	5	6	6	12	2	6	9	5	6	3	13	79	1	6	22	15	5	2	0	7	0	0
OTU_2919	8	5	4	5	12	11	1	1	7	4	2	8	12	8	4	40	4	1	0	19	0	0
OTU_48	166	240	219	264	467	109	109	212	93	125	111	228	205	124	130	616	89	89	0	310	0	0
OTU_716	33	0	1	5	0	8	44	3	40	30	1	27	2	37	0	15	0	0	0	16	0	0
OTU_462	20	9	18	23	21	4	8	17	10	17	25	13	11	10	15	5	22	22	0	12	0	0
OTU_996	14	11	11	15	20	11	10	24	22	32	33	8	24	17	4	10	21	12	0	21	0	0
OTU_2205	9	2	0	6	2	3	0	6	2	8	6	14	6	12	4	19	2	5	0	8	0	0
OTU_437	17	27	18	85	43	1	25	105	9	17	19	16	12	10	44	3	72	9	0	9	0	0
OTU_68	378	4	16	44	6	2	81	136	47	72	16	45	77	26	119	6	24	13	0	1185	0	0
OTU_5392	4	15	7	13	22	2	1	21	0	1	5	2	2	2	8	1	11	9	0	2	0	0
OTU_1408	1	2	7	3	8	0	1	0	1	4	3	1	1	0	5	2	4	5	0	1	0	0
OTU_4403	2	14	7	36	20	5	2	15	3	3	10	4	6	2	19	2	15	18	0	1	0	0
OTU_2924	0	1	0	0	8	0	0	0	0	0	0	0	0	0	0	0	4	2	0	0	0	0
OTU_311	36	29	42	48	39	0	56	28	19	52	45	28	21	55	27	4	44	32	0	23	0	0
OTU_1752	6	0	0	13	5	0	5	15	3	6	1	1	8	4	4	0	4	0	0	3	0	0
OTU_3580	2	3	1	0	0	0	0	0	4	2	4	3	3	3	0	0	2	1	0	4	0	0
OTU_172	78	0	2	4	1	4	138	19	95	113	6	38	69	142	3	11	2	4	0	73	0	0
OTU_1372	14	5	6	3	4	16	2	4	6	9	16	2	7	9	6	8	8	7	0	12	0	0
OTU_931	28	8	14	35	20	14	18	56	13	39	22	30	35	19	31	17	13	17	0	58	0	0
OTU_2747	1	4	4	7	4	0	0	5	2	1	2	2	7	4	5	2	2	1	0	1	0	0
OTU_504	13	24	43	11	56	37	19	13	18	38	56	12	24	23	14	16	80	40	0	9	0	0
OTU_158	61	101	127	119	137	38	60	75	41	25	82	34	37	30	92	24	121	132	0	13	0	0
OTU_258	30	56	105	24	146	104	18	50	5	38	74	68	15	20	41	44	116	102	0	21	0	0
OTU_289	32	34	74	40	104	43	50	48	45	68	80	26	61	53	36	26	94	79	0	49	0	0
OTU_5766	14	7	16	10	9	8	15	29	15	15	14	15	21	19	5	16	16	17	0	17	0	0
OTU_1150	9	6	1	19	6	11	13	11	14	16	2	7	19	18	12	3	3	3	0	19	0	0
OTU_913	17	9	21	6	21	3	1	9	9	16	26	10	24	7	7	11	7	17	0	22	0	0
OTU_5771	0	0	0	0	0	2	0	0	0	0	0	0	0	0	0	1	0	0	0	0	0	0
OTU_374	40	71	95	164	162	184	34	104	32	52	72	34	47	24	89	78	102	105	0	45	0	0
OTU_832	29	25	62	25	52	22	32	24	24	50	50	29	22	29	23	17	65	72	0	36	0	0
OTU_912	17	12	1	21	25	8	24	15	7	30	2	27	4	22	11	8	22	0	0	13	0	0
OTU_347	34	13	24	47	67	46	22	31	18	47	27	34	10	21	28	15	59	21	0	40	0	0
OTU_113	52	33	19	547	57	1	19	193	14	14	14	13	28	8	154	1	28	18	0	17	0	0
OTU_1613	12	0	1	8	3	0	11	2	6	10	8	2	12	22	0	1	4	1	0	4	0	0
OTU_775	20	8	5	6	18	15	9	4	4	14	18	6	8	6	15	7	28	17	0	11	0	0
OTU_629	18	3	5	11	5	2	36	4	19	43	11	7	16	48	6	2	3	8	0	13	0	0
OTU_2550	5	0	0	0	3	14	1	0	6	4	0	4	0	0	1	11	0	2	0	1	0	0
OTU_76	72	101	135	44	162	35	80	70	53	60	108	48	85	41	79	23	131	101	0	90	0	0
OTU_4110	1	0	1	0	0	3	0	0	0	0	1	2	0	0	0	2	0	0	0	1	0	0
OTU_2163	0	0	0	19	0	0	0	0	0	0	0	0	2	0	0	0	0	0	0	0	0	0
OTU_236	10	225	19	41	106	6	16	22	2	26	7	22	36	18	16	9	41	14	0	16	0	0
OTU_2621	1	0	0	3	0	4	0	0	0	0	1	0	1	1	2	1	4	0	0	0	0	0
OTU_2087	9	0	0	4	4	42	1	2	6	6	0	14	2	7	0	57	3	3	0	8	0	0
OTU_604	16	48	46	27	44	53	10	28	21	13	32	11	17	8	21	48	34	40	0	15	0	0
OTU_933	7	8	13	0	9	0	6	2	6	4	15	4	1	1	0	0	12	14	0	2	0	0
OTU_387	17	10	22	21	45	2	25	26	18	24	44	14	31	23	12	1	24	36	0	23	0	0
OTU_90	40	115	106	94	139	26	35	85	40	35	105	25	70	41	121	18	112	169	0	16	0	0
OTU_6069	0	0	0	1	1	0	0	0	1	1	0	0	0	1	0	0	0	0	0	0	0	0
OTU_2941	52	6	2	170	15	0	50	186	31	43	11	40	43	40	29	6	9	3	0	36	0	0
OTU_444	26	61	39	12	131	7	12	25	14	36	16	37	32	38	21	22	43	32	0	27	0	0
OTU_233	41	0	1	1	0	184	20	2	79	51	0	37	58	41	1	92	0	2	0	35	0	0
OTU_3617	11	2	8	6	4	2	1	5	1	12	7	6	4	2	2	1	7	10	0	8	0	0
OTU_478	57	7	6	8	4	6	107	27	50	84	4	19	9	68	11	4	10	13	0	40	0	0
OTU_1981	5	1	2	1	7	4	1	6	4	0	3	4	1	5	1	1	4	0	0	4	0	0
OTU_1376	2	0	2	12	3	0	1	12	1	0	6	2	4	0	3	0	5	8	0	1	0	0
OTU_779	7	8	13	10	13	3	3	9	9	3	16	4	0	4	10	1	11	15	0	6	0	0
OTU_656	16	1	10	15	17	1	26	14	21	45	12	19	39	28	22	4	16	27	0	34	0	0
OTU_435	22	37	57	136	71	91	20	51	26	40	20	66	7	26	44	60	83	28	0	36	0	0
OTU_773	25	6	11	20	7	142	11	6	30	29	8	28	9	32	12	65	8	3	0	17	0	0
OTU_157	30	57	95	51	56	15	36	60	33	42	15	56	62	19	28	46	11	31	0	104	0	0
OTU_4273	0	0	0	0	5	0	0	0	0	0	1	0	0	1	0	2	0	0	0	0	0	0
OTU_161	33	23	26	149	41	483	16	108	107	16	21	41	49	20	62	265	21	24	0	23	0	0
OTU_681	41	16	22	16	24	60	15	17	13	42	16	40	6	23	18	52	36	15	0	47	0	0
OTU_386	35	12	18	8	13	1	51	6	29	78	10	18	37	69	5	9	11	11	0	24	0	0
OTU_448	3	17	23	53	48	18	4	23	6	3	29	9	3	3	29	34	35	24	0	4	0	0
OTU_245	144	119	157	192	198	3	125	259	128	138	170	104	278	147	226	6	116	166	0	134	0	0
OTU_1057	6	4	5	7	9	15	20	3	19	35	7	7	8	21	6	7	3	7	0	11	0	0
OTU_4906	12	13	16	21	8	10	15	85	12	12	16	6	70	9	20	17	12	10	0	3	0	0
OTU_445	23	7	7	6	15	6	85	10	53	68	13	15	3	79	2	3	7	5	0	7	0	0
OTU_1584	7	0	1	3	0	0	11	6	13	13	3	4	1	14	1	1	0	1	0	6	0	0
OTU_1574	1	8	10	15	14	0	5	6	2	2	12	5	3	3	10	2	8	11	0	3	0	0
OTU_5480	2	0	1	0	0	0	0	0	0	0	0	2	2	2	0	0	0	0	0	1	0	0
OTU_1093	4	2	10	11	19	0	6	5	3	3	8	3	9	0	6	0	7	8	0	9	0	0
OTU_717	28	0	5	3	5	0	28	11	18	82	1	8	15	37	11	5	1	1	0	45	0	0
OTU_2149	0	1	0	6	1	2	1	1	2	3	3	0	2	4	1	0	2	2	0	1	0	0
OTU_2111	13	1	7	5	2	0	14	7	4	15	15	13	7	7	7	2	4	12	0	17	0	0
OTU_275	62	66	37	34	93	28	56	25	28	72	21	54	65	54	54	48	13	38	0	68	0	0
OTU_1274	1	9	18	16	24	1	8	18	0	4	15	6	2	2	16	3	16	31	0	2	0	0
OTU_2735	2	0	0	0	1	0	1	1	2	3	0	1	0	1	0	4	0	2	0	1	0	0
OTU_5154	2	1	1	2	0	0	2	1	0	5	1	6	6	3	6	2	0	1	0	9	0	0
OTU_291	69	3	4	7	11	215	23	4	54	76	2	76	18	43	6	97	11	4	0	50	0	0
OTU_4787	6	0	0	12	0	0	7	115	4	8	0	12	33	9	2	0	0	0	0	8	0	0
OTU_898	1	1	1	6	2	0	3	12	3	1	7	4	6	1	10	2	0	0	0	33	0	0
OTU_1789	11	1	0	3	1	21	21	0	24	54	1	35	3	56	1	20	10	1	0	14	0	0
OTU_1218	9	44	94	14	70	2	7	12	6	12	61	5	30	9	15	6	85	93	0	8	0	0
OTU_754	9	17	9	8	48	1	13	12	9	17	9	12	21	14	11	2	11	15	0	15	0	0
OTU_197	61	8	3	92	27	0	78	11	35	49	5	72	2	46	7	13	19	4	0	30	0	0
OTU_129	41	158	270	199	259	19	25	123	30	37	211	16	71	24	126	53	245	328	0	30	0	0
OTU_3508	13	11	12	9	23	0	9	6	6	11	15	3	12	9	12	1	20	19	0	25	0	0
OTU_844	2	7	6	14	17	3	7	11	5	5	6	4	1	6	11	3	11	7	0	5	0	0
OTU_4897	6	1	8	2	2	8	2	0	9	6	3	7	2	4	5	1	5	3	0	4	0	0
OTU_5921	2	0	0	0	0	0	0	0	0	0	0	1	1	0	0	0	1	0	0	1	0	0
OTU_326	61	67	67	39	127	301	72	118	198	101	103	96	111	73	84	275	122	92	0	133	0	0
OTU_799	2	7	2	8	1	1	2	9	1	67	3	2	33	3	1	8	0	9	0	10	0	0
OTU_935	46	18	4	7	75	1	0	0	0	1	17	29	0	10	5	5	3	1	0	11	0	0
OTU_492	70	33	27	62	56	5	64	52	37	103	112	30	56	45	58	6	36	40	0	47	0	0
OTU_272	67	43	25	22	51	33	42	67	28	57	70	63	66	20	78	47	26	23	0	306	0	0
OTU_132	122	94	127	130	136	109	120	62	113	84	144	81	103	85	117	97	112	86	0	78	0	0
OTU_4862	20	35	42	98	43	3	13	11	11	18	22	7	7	18	26	0	27	17	0	4	0	0
OTU_4045	2	6	5	6	15	12	0	2	0	0	1	3	0	1	11	8	8	6	0	2	0	0
OTU_3009	2	0	1	1	0	0	0	3	0	5	0	3	2	0	4	2	0	0	0	2	0	0
OTU_287	41	16	5	10	4	2	3	85	0	46	20	35	42	0	122	15	54	9	0	301	0	0
OTU_736	14	12	16	17	4	0	26	23	18	11	14	6	20	19	11	1	5	11	0	18	0	0
OTU_3805	45	68	49	39	52	12	54	31	44	34	63	30	95	35	45	12	69	63	0	34	0	0
OTU_227	57	32	38	34	49	18	63	41	38	93	50	51	57	91	39	13	43	42	0	73	0	0
OTU_292	2	46	35	112	45	19	3	55	7	2	36	3	13	1	66	14	53	42	0	0	0	0
OTU_1262	7	2	0	25	1	2	15	14	8	21	1	24	4	17	27	0	1	3	0	14	0	0
OTU_1203	29	3	3	7	9	0	9	14	16	18	11	23	56	12	25	2	4	8	0	25	0	0
OTU_5104	7	11	9	0	18	31	15	4	20	19	14	8	7	15	1	44	3	9	0	18	0	0
OTU_106	40	43	56	48	118	13	85	119	43	55	71	65	58	81	28	12	120	102	0	63	0	0
OTU_334	39	21	12	26	25	16	39	6	40	31	14	38	5	44	6	7	19	12	0	51	0	0
OTU_308	29	14	8	20	26	9	10	34	12	36	23	24	32	17	32	26	13	15	0	70	0	0
OTU_1321	4	6	16	8	19	0	1	9	3	4	20	7	3	2	8	2	21	34	0	5	0	0
OTU_599	27	9	13	16	10	1	28	35	24	33	19	36	7	50	3	3	22	8	0	26	0	0
OTU_342	84	4	2	64	24	7	89	87	57	77	10	75	12	96	15	12	15	7	0	52	0	0
OTU_160	73	44	49	62	71	5	93	99	48	148	96	41	81	110	66	12	61	83	0	114	0	0
OTU_2121	0	1	3	5	6	0	1	2	0	4	3	1	1	1	1	0	9	4	0	5	0	0
OTU_2933	1	0	0	1	1	0	0	4	0	1	0	2	0	0	0	2	0	0	0	2	0	0
OTU_839	10	8	12	2	23	4	7	11	7	11	10	4	14	11	3	5	21	25	0	7	0	0
OTU_1712	1	1	6	8	5	14	0	12	1	0	4	4	2	0	7	11	3	1	0	2	0	0
OTU_126	118	193	135	149	226	21	129	91	76	125	235	88	142	118	136	50	170	227	0	145	0	0
OTU_1909	1	0	0	0	0	50	0	0	6	3	0	1	0	1	0	15	0	0	0	0	0	0
OTU_154	56	50	48	108	55	20	21	41	29	53	47	67	22	40	68	33	101	56	0	54	0	0
OTU_573	56	0	0	10	0	1	68	2	62	57	0	56	5	73	5	5	0	0	0	33	0	0
OTU_192	115	75	73	332	131	507	102	135	149	129	66	188	58	131	164	308	96	76	0	147	0	0
OTU_88	91	44	147	29	165	8	81	26	62	99	52	72	49	83	24	58	63	67	0	68	0	0
OTU_410	17	20	18	20	37	0	10	20	7	16	22	6	9	10	21	0	32	24	0	17	0	0
OTU_1973	9	0	4	1	6	3	5	7	2	4	1	1	4	6	10	6	8	8	0	4	0	0
OTU_2446	2	0	1	2	4	0	0	0	0	2	1	2	0	1	0	0	2	1	0	6	0	0
OTU_1100	16	0	2	7	4	0	13	8	11	53	1	6	13	16	12	0	2	8	0	33	0	0
OTU_652	25	6	10	54	11	7	21	38	16	22	16	13	38	10	7	7	8	5	0	18	0	0
OTU_293	32	8	11	9	12	64	14	6	8	24	6	85	7	25	10	33	22	18	0	23	0	0
OTU_153	31	9	3	18	11	396	5	7	68	21	4	47	46	18	12	303	11	10	0	21	0	0
OTU_105	67	47	62	41	70	8	88	59	65	80	58	51	78	82	38	7	63	59	0	56	0	0
OTU_1946	0	1	4	6	3	0	0	8	0	0	1	0	1	0	7	0	2	3	0	1	0	0
OTU_591	12	44	33	33	59	49	6	26	14	5	31	7	6	8	45	24	31	60	0	4	0	0
OTU_3822	0	0	0	3	0	0	1	4	0	0	0	2	0	1	0	0	0	0	0	2	0	0
OTU_159	50	54	49	181	65	28	71	128	28	61	54	63	66	78	85	10	55	95	0	33	0	0
OTU_806	5	4	14	12	19	16	2	7	5	5	6	7	3	6	17	6	14	20	0	1	0	0
OTU_246	38	11	15	65	21	5	25	20	11	60	16	39	9	62	27	9	24	29	0	38	0	0
OTU_2742	27	56	27	65	119	24	22	49	14	31	46	52	37	31	31	38	60	23	0	38	0	0
OTU_1317	2	7	4	9	3	2	4	4	2	1	6	7	3	6	4	3	3	10	0	0	0	0
OTU_268	29	63	77	22	45	1	12	53	9	32	78	7	68	20	41	5	53	107	0	18	0	0
OTU_968	2	15	10	6	19	25	1	14	4	3	12	10	3	1	20	12	14	22	0	3	0	0
OTU_420	72	16	10	39	15	4	62	10	58	51	10	49	11	65	17	10	17	0	0	41	0	0
OTU_4939	54	27	27	64	57	60	55	21	64	48	44	37	34	54	48	43	44	34	0	41	0	0
OTU_168	19	47	52	163	63	2	6	97	5	6	34	18	15	5	150	0	45	79	0	1	0	0
OTU_6128	0	0	0	4	0	0	0	1	0	0	1	1	0	0	2	4	0	0	0	9	0	0
OTU_761	35	8	8	10	14	3	31	17	17	25	10	16	19	23	19	2	7	8	0	18	0	0
OTU_2172	0	0	0	10	2	1	1	1	1	1	1	1	0	2	0	1	1	0	0	0	0	0
OTU_384	7	10	42	19	36	1	2	6	3	1	24	4	3	4	12	1	45	41	0	8	0	0
OTU_3672	0	1	0	1	0	1	2	3	4	1	0	1	5	0	0	0	1	2	0	2	0	0
OTU_140	24	84	112	426	200	71	11	141	22	10	84	23	36	6	175	42	91	85	0	12	0	0
OTU_182	62	58	111	19	235	33	50	53	42	96	33	83	160	42	67	114	81	47	0	53	0	0
OTU_474	5	9	18	7	22	0	17	13	8	14	25	4	16	8	13	1	28	19	0	0	0	0
OTU_1639	10	2	1	47	15	60	6	15	6	12	3	17	3	9	16	40	2	4	0	21	0	0
OTU_202	116	10	17	9	26	5	167	15	105	116	34	75	89	213	30	15	16	22	0	127	0	0
OTU_4393	1	1	0	1	2	1	2	2	0	0	1	1	7	0	0	6	1	1	0	2	0	0
OTU_770	5	6	6	19	25	19	1	2	3	8	1	4	1	3	7	4	22	11	0	9	0	0
OTU_4054	21	36	15	11	34	12	21	34	20	16	28	10	48	22	31	21	23	32	0	22	0	0
OTU_1548	16	4	3	3	11	4	10	6	8	4	15	11	1	6	6	5	5	8	0	22	0	0
OTU_655	20	2	6	33	3	0	9	23	10	13	5	5	36	7	26	0	5	8	0	34	0	0
OTU_299	30	55	75	86	62	42	9	59	15	15	63	26	35	14	70	44	68	62	0	24	0	0
OTU_587	34	25	42	72	62	34	90	70	55	110	41	49	63	56	39	21	43	47	0	61	0	0
OTU_1208	22	3	6	12	12	38	18	14	11	20	13	23	9	20	7	26	13	6	0	32	0	0
OTU_1951	0	0	0	12	3	0	3	1	3	3	6	0	4	7	2	0	2	0	0	2	0	0
OTU_21	73	148	269	365	528	1082	53	99	271	61	271	96	122	47	273	525	278	202	0	105	0	0
OTU_217	59	1	1	2	5	219	130	3	125	127	13	50	44	133	0	90	5	4	0	55	0	0
OTU_1398	8	0	1	2	5	16	5	2	1	6	4	9	2	6	1	10	6	2	0	2	0	0
OTU_98	82	70	85	73	132	124	66	84	64	62	78	67	45	96	67	92	93	91	0	53	0	0
OTU_1997	3	0	2	6	4	0	8	4	5	2	6	0	4	3	1	0	5	4	0	5	0	0
OTU_93	41	81	149	108	161	12	24	73	9	46	133	14	16	27	107	14	173	203	0	24	0	0
OTU_1780	12	0	0	1	1	0	4	6	4	4	2	16	5	2	3	1	0	0	0	7	0	0
OTU_2030	7	8	7	94	8	0	4	73	2	5	5	8	10	2	66	1	10	7	0	1	0	0
OTU_137	116	33	27	36	61	100	126	51	131	92	48	52	62	111	42	96	39	30	0	87	0	0
OTU_2194	23	12	11	15	22	2	15	19	9	23	23	9	18	16	12	0	26	17	0	31	0	0
OTU_1268	7	6	7	10	4	8	1	19	6	18	13	4	12	5	7	0	3	9	0	37	0	0
OTU_257	52	52	99	231	78	17	68	103	62	102	94	44	75	74	80	39	57	85	0	59	0	0
OTU_1596	38	42	48	52	83	12	57	45	44	73	60	22	54	55	29	21	58	46	0	40	0	0
OTU_615	15	11	21	17	26	9	14	11	12	22	24	4	9	16	9	5	15	23	0	4	0	0
OTU_4986	29	9	33	39	33	1	48	43	30	42	31	29	19	48	56	3	38	38	0	27	0	0
OTU_538	27	6	10	15	7	2	13	35	10	39	30	4	30	12	10	1	4	16	0	10	0	0
OTU_1394	7	2	7	5	6	0	13	7	6	12	17	1	13	9	5	3	5	10	0	12	0	0
OTU_682	8	22	11	45	23	0	5	19	6	4	15	11	2	2	25	0	27	11	0	14	0	0
OTU_4410	16	6	7	8	18	1	9	11	4	6	5	9	19	8	12	5	6	9	0	11	0	0
OTU_3607	0	0	0	0	1	0	1	0	1	1	0	1	0	0	2	1	0	0	0	1	0	0
OTU_307	69	22	24	56	35	16	97	67	65	127	36	41	74	98	46	16	28	34	0	104	0	0
OTU_1529	9	0	1	7	8	1	5	3	2	9	1	13	18	1	7	3	2	0	0	11	0	0
OTU_4154	7	4	8	8	6	1	4	14	3	6	12	5	10	2	19	2	5	6	0	11	0	0
OTU_150	105	75	83	41	128	19	82	64	62	75	115	47	216	65	87	34	76	91	0	66	0	0
OTU_959	26	25	35	9	16	5	13	14	3	11	18	6	11	10	49	6	33	36	0	23	0	0
OTU_5758	16	2	1	0	0	1	18	0	21	48	1	47	1	44	1	10	0	2	0	15	0	0
OTU_2468	0	0	1	0	0	0	0	0	0	1	0	0	0	3	0	0	0	0	0	17	0	0
OTU_640	5	15	46	3	34	0	2	9	2	5	30	0	15	0	11	0	40	73	0	4	0	0
OTU_894	26	28	16	42	32	2	21	54	16	23	20	26	57	35	31	9	15	21	0	49	0	0
OTU_123	95	33	49	151	60	9	38	161	21	109	91	76	45	47	120	26	49	52	0	135	0	0
OTU_2629	2	2	2	14	4	2	3	5	0	1	5	2	2	0	5	1	4	4	0	2	0	0
OTU_853	18	15	22	47	70	1	20	26	11	38	15	12	18	38	33	0	9	19	0	40	0	0
OTU_162	64	48	83	64	61	3	68	50	39	115	86	19	57	75	32	8	86	112	0	39	0	0
OTU_259	49	21	24	18	41	57	65	53	60	63	17	61	32	79	37	21	34	29	0	51	0	0
OTU_212	39	46	112	47	111	12	43	25	23	50	75	42	19	38	45	19	97	112	0	48	0	0
OTU_967	24	13	13	18	44	0	30	8	13	31	12	23	0	72	21	4	92	10	0	11	0	0
OTU_3506	1	14	8	6	12	2	2	1	3	1	13	1	2	2	3	2	37	3	0	2	0	0
OTU_1530	6	1	2	3	5	0	13	11	4	11	8	2	7	0	1	0	3	1	0	3	0	0
OTU_196	37	0	3	51	0	107	32	22	36	48	0	74	14	33	24	47	1	0	0	36	0	0
OTU_2364	5	0	1	1	3	0	0	0	1	3	1	2	2	4	3	0	0	0	0	2	0	0
OTU_1688	9	7	6	13	14	215	0	28	37	2	2	6	9	3	6	140	8	8	0	2	0	0
OTU_4326	23	8	10	38	26	5	20	167	20	19	9	15	62	15	12	2	14	8	0	18	0	0
OTU_2338	6	0	0	4	1	0	4	5	3	2	2	3	2	3	3	0	16	2	0	6	0	0
OTU_1531	1	3	4	4	6	2	1	9	2	3	5	5	5	5	3	4	4	4	0	1	0	0
OTU_247	44	14	40	32	35	11	21	35	15	37	82	22	56	18	19	18	32	39	0	55	0	0
OTU_526	9	26	44	33	58	0	5	10	5	3	34	1	5	7	25	0	47	34	0	6	0	0
OTU_4891	12	8	9	10	8	2	5	3	11	6	12	4	3	7	4	0	9	9	0	8	0	0
OTU_4732	3	4	12	4	11	65	2	7	13	2	5	6	7	4	3	17	7	10	0	2	0	0
OTU_193	8	85	77	103	108	33	9	128	15	0	59	4	14	6	74	12	90	73	0	5	0	0
OTU_1200	32	4	3	8	16	0	25	9	19	34	16	9	13	20	1	2	6	13	0	21	0	0
OTU_4753	13	1	5	8	4	1	8	6	3	10	10	3	13	5	3	1	6	11	0	13	0	0
OTU_728	41	17	10	26	26	1	60	12	36	52	29	30	11	23	11	11	14	14	0	25	0	0
OTU_426	10	4	0	3	3	2	75	65	66	81	4	8	54	62	7	4	3	0	0	6	0	0
OTU_1345	7	9	11	18	10	15	7	22	2	13	13	8	7	9	5	7	14	7	0	5	0	0
OTU_2303	3	4	0	14	0	3	2	0	1	0	4	0	1	9	9	0	1	0	0	1	0	0
OTU_209	75	60	44	60	51	6	61	79	32	60	52	37	187	64	51	6	35	64	0	92	0	0
OTU_878	23	17	36	21	33	0	29	34	13	33	39	10	27	17	15	1	40	49	0	15	0	0
OTU_56	88	192	222	159	356	261	76	66	120	38	379	60	90	54	123	158	234	195	0	53	0	0
OTU_176	56	30	33	32	25	2	77	32	56	110	31	21	30	76	51	3	25	25	0	50	0	0
OTU_2904	28	48	45	91	64	29	28	24	36	24	62	42	18	35	60	27	52	58	0	34	0	0
OTU_1801	0	0	0	1	0	0	1	1	0	1	0	0	2	0	1	0	0	0	0	21	0	0
OTU_466	18	22	39	65	17	0	22	27	17	28	39	4	42	14	15	0	23	26	0	13	0	0
OTU_2443	0	1	1	4	1	0	0	2	0	1	0	0	4	2	1	0	1	0	0	7	0	0
OTU_6233	28	12	20	43	29	67	14	61	12	14	15	29	7	20	13	25	14	26	0	19	0	0
OTU_402	22	8	7	23	4	1	44	28	26	107	10	24	28	41	12	4	6	10	0	78	0	0
OTU_994	18	3	17	0	0	0	3	0	0	11	1	8	12	10	2	1	0	0	0	17	0	0
OTU_1476	13	4	4	25	8	0	9	13	6	27	17	3	28	13	14	5	4	8	0	12	0	0
OTU_2403	8	0	0	1	0	103	2	0	11	1	0	10	9	10	0	42	0	0	0	9	0	0
OTU_625	4	0	0	4	0	108	0	0	7	4	1	6	0	4	0	80	1	4	0	5	0	0
OTU_2019	1	1	2	0	1	1	1	2	2	8	7	0	6	5	1	3	2	0	0	1	0	0
OTU_3593	0	0	0	0	0	1	0	1	0	1	0	0	1	0	2	6	0	0	0	0	0	0
OTU_4006	0	2	0	0	4	1	1	0	0	0	3	0	0	0	3	0	2	2	0	0	0	0
OTU_760	2	1	5	3	6	61	0	14	11	0	1	3	3	0	2	33	1	2	0	2	0	0
OTU_4901	1	19	22	56	48	17	0	31	5	0	30	3	4	3	37	15	34	29	0	0	0	0
OTU_798	32	0	1	3	0	1	30	4	23	17	0	10	14	61	3	5	0	2	0	27	0	0
OTU_2072	0	0	0	0	0	11	0	0	0	0	0	3	1	0	0	26	0	0	0	0	0	0
OTU_2378	2	5	3	6	1	0	0	2	0	0	2	0	0	0	4	0	0	3	0	1	0	0
OTU_479	21	17	14	4	41	2	8	6	5	23	14	6	4	2	10	3	25	9	0	122	0	0
OTU_230	88	33	26	33	47	49	76	140	65	101	38	58	86	54	44	58	47	42	0	67	0	0
OTU_1655	1	0	0	0	2	8	7	3	7	2	3	1	2	12	0	3	1	2	0	9	0	0
OTU_206	47	106	171	39	183	13	60	71	36	91	120	39	52	44	54	27	164	180	0	72	0	0
OTU_2951	0	0	0	2	0	0	0	1	0	2	0	0	5	1	4	0	0	0	0	10	0	0
OTU_2462	1	0	0	0	0	0	1	0	1	12	0	0	0	4	0	0	0	0	0	0	0	0
OTU_281	12	18	15	99	21	91	0	30	9	7	12	5	7	6	100	85	23	27	0	5	0	0
OTU_438	8	17	32	7	72	18	10	4	21	7	56	5	9	11	24	21	17	19	0	10	0	0
OTU_2873	5	0	0	0	2	0	6	1	1	5	3	0	1	1	4	1	0	1	0	1	0	0
OTU_2407	0	0	0	1	1	6	1	0	3	2	0	0	1	1	0	3	0	0	0	1	0	0
OTU_868	11	33	29	0	49	7	6	10	8	15	51	9	23	2	7	10	14	40	0	14	0	0
OTU_2046	1	1	0	2	0	0	0	1	2	0	0	3	0	0	0	17	0	0	0	1	0	0
OTU_900	11	1	0	1	6	5	5	0	15	8	3	2	3	5	1	27	3	7	0	9	0	0
OTU_282	18	6	3	3	6	13	45	78	33	53	13	11	84	63	2	10	7	1	0	15	0	0
OTU_430	37	28	60	41	52	44	19	37	11	25	44	32	18	24	18	19	47	27	0	29	0	0
OTU_411	15	16	30	22	29	36	10	43	17	27	15	33	56	25	31	50	16	11	0	11	0	0
OTU_4657	17	6	1	2	2	2	23	80	13	17	2	23	19	29	14	33	2	0	0	26	0	0
OTU_1053	5	7	8	12	6	0	2	3	2	6	4	2	2	2	9	0	18	5	0	1	0	0
OTU_838	12	7	6	9	4	4	17	14	11	10	12	10	5	19	10	1	13	3	0	11	0	0
OTU_2114	3	1	1	1	6	0	4	15	3	10	2	0	0	6	2	0	2	2	0	2	0	0
OTU_686	23	6	9	95	11	6	29	21	18	35	14	29	11	39	16	8	11	7	0	42	0	0
OTU_1722	83	12	31	53	22	208	21	28	18	37	16	162	12	33	35	174	15	14	0	32	0	0
OTU_319	0	0	0	0	0	0	0	0	0	0	0	0	0	0	0	0	0	0	0	0	492	0
OTU_1800	2	4	9	10	15	1	2	8	3	8	7	4	0	3	10	2	13	13	0	8	0	0
OTU_513	21	25	16	46	42	1	12	39	8	24	16	21	5	9	44	7	31	30	0	18	0	0
OTU_3196	0	1	0	11	0	0	0	1	1	0	0	0	2	0	5	0	1	0	0	0	0	0
OTU_451	47	52	59	44	78	0	45	81	21	58	108	20	62	29	42	7	62	86	0	62	0	0
OTU_74	142	161	150	247	262	187	114	205	90	123	123	312	82	120	258	122	200	203	0	103	0	0
OTU_1732	4	1	9	8	10	7	0	8	1	4	8	8	3	2	6	7	4	8	0	10	0	0
OTU_4261	0	1	3	1	1	46	1	6	7	3	0	4	3	1	0	47	3	13	0	1	0	0
OTU_601	40	5	6	24	11	35	92	6	53	74	19	16	11	78	5	29	3	4	0	34	0	0
OTU_320	74	61	81	125	132	18	70	123	42	87	90	50	61	69	66	12	95	90	0	102	0	0
OTU_5269	20	1	0	0	0	9	13	0	7	12	0	11	5	13	0	16	1	1	0	16	0	0
OTU_1105	24	28	33	19	27	6	17	25	9	26	24	19	28	7	27	2	33	25	0	37	0	0
OTU_4573	47	12	10	82	27	8	54	36	33	61	14	61	30	64	48	9	10	23	0	26	0	0
OTU_4760	0	0	3	0	2	0	0	2	0	0	0	1	1	0	1	0	3	0	0	0	0	0
OTU_720	16	11	0	20	21	0	5	17	0	11	0	21	6	9	2	15	0	3	0	19	0	0
OTU_295	46	11	6	7	19	5	64	8	41	58	31	14	15	47	5	11	15	6	0	47	0	0
OTU_568	18	38	47	132	91	9	8	48	12	17	57	10	11	14	80	5	49	28	0	8	0	0
OTU_3993	12	15	1	3	14	4	6	7	4	7	3	8	2	5	9	15	4	4	0	42	0	0
OTU_565	35	27	35	45	56	23	24	44	14	42	46	28	37	20	26	20	46	27	0	41	0	0
OTU_1010	13	8	20	0	21	68	1	1	5	11	10	68	1	15	4	49	28	14	0	18	0	0
OTU_1041	3	2	1	2	2	0	8	2	3	13	5	7	9	11	4	1	1	10	0	15	0	0
OTU_290	0	0	0	0	0	0	0	0	0	0	0	0	0	0	0	0	0	0	0	0	325	0
OTU_4369	6	3	5	0	10	14	8	2	9	9	7	10	2	7	2	1	3	5	0	4	0	0
OTU_5006	34	6	6	20	20	3	14	18	10	52	13	5	36	15	19	2	32	7	0	39	0	0
OTU_846	16	15	8	10	11	3	19	4	10	19	14	5	13	23	8	6	17	18	0	14	0	0
OTU_201	62	50	80	111	146	37	26	101	16	39	37	67	28	32	93	23	91	87	0	88	0	0
OTU_2580	0	0	0	1	2	0	0	3	0	1	1	1	7	0	2	0	0	0	0	1	0	0
OTU_305	46	7	13	9	12	6	50	3	38	50	10	20	10	33	15	11	16	8	0	54	0	0
OTU_327	74	14	25	40	28	2	71	42	32	180	51	18	59	80	29	7	25	45	0	53	0	0
OTU_2447	2	0	2	0	0	0	3	7	1	3	1	6	1	0	0	0	4	0	0	1	0	0
OTU_485	5	14	21	45	33	56	3	6	14	5	17	6	11	5	40	50	16	20	0	5	0	0
OTU_511	19	4	1	5	4	0	12	11	9	30	7	19	12	8	5	4	3	8	0	27	0	0
OTU_1433	3	8	3	2	5	19	13	2	12	8	4	18	2	21	5	3	10	2	0	5	0	0
OTU_149	31	112	111	43	102	34	26	40	24	24	142	17	40	29	106	30	95	102	0	29	0	0
OTU_2262	1	7	4	12	9	41	1	5	8	3	10	5	3	6	4	19	12	5	0	3	0	0
OTU_1104	4	1	2	3	2	12	24	2	4	20	7	4	19	13	2	6	2	2	0	7	0	0
OTU_4946	0	13	16	70	42	4	1	29	0	0	17	2	6	0	17	1	24	13	0	1	0	0
OTU_375	0	0	0	0	0	0	0	0	0	0	0	0	0	0	0	0	0	0	0	0	219	0
OTU_6283	0	0	0	0	0	1	0	0	1	0	0	0	0	0	0	2	0	0	0	0	0	0
OTU_810	3	15	17	1	17	4	4	4	3	1	9	2	2	2	5	0	15	14	0	0	0	0
OTU_2779	4	1	5	10	8	0	3	5	1	2	2	3	3	3	2	5	6	4	0	7	0	0
OTU_336	80	66	105	125	149	8	68	89	39	52	70	45	119	60	94	35	82	108	0	79	0	0
OTU_695	9	0	0	1	0	74	2	0	1	2	0	99	0	2	0	56	0	0	0	2	0	0
OTU_507	18	14	15	18	31	9	6	15	6	11	18	7	8	10	32	16	33	26	0	22	0	0
OTU_491	41	12	11	18	23	2	25	35	25	34	44	20	31	41	31	5	29	26	0	37	0	0
OTU_330	28	30	41	22	40	0	9	27	10	14	48	13	47	10	15	2	29	61	0	27	0	0
OTU_1696	3	2	1	0	6	0	2	0	1	6	1	7	1	3	0	2	1	0	0	10	0	0
OTU_4798	13	26	31	61	32	18	4	57	8	4	10	8	12	7	57	14	21	28	0	3	0	0
OTU_453	22	5	10	12	14	0	21	9	16	61	12	5	14	25	9	3	12	16	0	11	0	0
OTU_188	98	39	68	53	44	39	87	40	62	130	49	52	20	92	42	36	53	56	0	68	0	0
OTU_875	18	23	31	37	42	8	21	51	15	19	32	17	39	28	23	10	31	29	0	13	0	0
OTU_1129	78	31	33	20	37	12	36	61	19	54	18	137	208	34	57	27	7	25	0	89	0	0
OTU_216	8	1	214	134	53	17	11	12	7	33	76	11	17	3	20	2	34	7	0	30	0	0
OTU_692	5	22	19	6	36	57	7	3	14	7	23	6	10	10	6	65	28	8	0	5	0	0
OTU_930	7	7	12	13	18	2	10	5	5	18	11	8	2	5	7	1	16	19	0	6	0	0
OTU_6158	6	0	2	3	5	0	15	2	4	10	6	7	10	9	1	0	4	3	0	7	0	0
OTU_2165	34	6	7	102	14	85	27	35	33	20	5	11	8	21	35	47	7	8	0	17	0	0
OTU_2783	4	1	0	2	1	0	1	21	2	4	3	3	26	1	7	7	1	2	0	0	0	0
OTU_3023	2	2	1	0	4	4	2	1	1	4	0	3	1	6	2	2	0	0	0	1	0	0
OTU_2592	0	0	1	1	3	9	0	4	1	0	1	2	3	1	2	4	3	1	0	0	0	0
OTU_3743	20	86	70	11	95	31	16	9	20	11	94	12	10	17	23	27	57	81	0	9	0	0
OTU_3542	1	0	0	12	3	2	0	0	0	1	0	0	0	1	0	0	1	0	0	0	0	0
OTU_3939	41	62	70	70	102	90	27	50	18	21	49	22	20	18	64	53	72	68	0	31	0	0
OTU_1980	2	0	1	0	4	0	1	0	3	1	1	0	1	4	1	0	2	3	0	5	0	0
OTU_1524	6	1	2	0	5	0	6	2	8	8	3	21	1	17	0	4	12	1	0	4	0	0
OTU_1281	64	22	40	15	35	25	18	75	25	63	27	31	73	44	79	28	24	37	0	81	0	0
OTU_1598	0	1	3	0	9	3	2	0	6	3	0	3	1	3	0	0	8	0	0	2	0	0
OTU_473	6	38	41	4	58	5	5	2	2	3	36	6	7	3	6	5	55	35	0	2	0	0
OTU_886	18	0	0	1	0	0	9	0	2	6	0	14	1	16	2	0	0	0	0	31	0	0
OTU_405	23	5	10	24	16	25	26	11	20	27	40	20	12	25	2	20	30	3	0	21	0	0
OTU_1829	1	5	4	28	23	0	0	5	0	0	3	1	4	0	28	0	3	5	0	0	0	0
OTU_4961	12	1	1	2	0	1	17	1	10	14	1	9	0	4	0	2	1	0	0	6	0	0
OTU_984	22	3	10	3	3	0	21	6	16	36	8	7	7	18	2	3	8	12	0	14	0	0
OTU_1161	35	1	2	5	2	2	19	5	10	37	2	15	11	27	4	7	2	9	0	9	0	0
OTU_249	57	73	54	58	95	4	36	74	18	39	88	32	37	30	56	14	67	67	0	51	0	0
OTU_5528	12	4	11	5	10	8	6	13	13	17	24	9	15	11	12	6	12	10	0	11	0	0
OTU_359	58	46	50	111	62	248	32	58	75	76	31	75	35	62	64	102	55	63	0	41	0	0
OTU_765	40	2	0	2	1	1	28	4	9	26	0	35	1	29	3	3	1	1	0	37	0	0
OTU_667	32	1	0	446	1	0	4	19	1	8	1	111	6	8	44	19	2	0	0	20	0	0
OTU_3757	15	1	2	3	2	0	15	3	11	9	4	4	11	16	7	0	0	3	0	17	0	0
OTU_902	10	6	3	3	3	3	5	9	7	10	8	2	5	6	2	5	4	5	0	19	0	0
OTU_2881	0	0	0	0	10	0	0	0	0	0	0	0	0	0	1	1	8	0	0	0	0	0
OTU_5714	69	83	3	44	50	0	45	28	26	47	1	53	10	26	50	10	4	4	0	17	0	0
OTU_2845	0	2	0	1	1	0	0	0	0	0	0	1	1	0	1	2	1	0	0	1	0	0
OTU_5650	23	11	2	3	10	3	65	8	37	82	40	26	14	97	4	4	4	5	0	12	0	0
OTU_6228	11	3	7	8	15	3	16	11	11	11	12	7	12	24	7	2	9	19	0	9	0	0
OTU_5133	9	8	10	6	12	0	7	4	4	8	7	3	4	1	5	1	11	12	0	3	0	0
OTU_909	14	9	16	4	7	2	23	12	17	37	18	6	16	17	15	3	13	5	0	17	0	0
OTU_1387	3	2	5	2	2	0	2	2	2	1	5	2	2	2	5	0	1	2	0	1	0	0
OTU_1054	14	7	3	21	10	0	1	19	3	9	2	13	4	0	9	3	2	3	0	21	0	0
OTU_2832	4	1	2	2	4	5	3	3	8	3	4	3	7	3	2	2	4	3	0	5	0	0
OTU_1968	3	2	4	2	3	9	0	1	2	4	5	5	3	4	6	7	7	5	0	1	0	0
OTU_3842	4	46	40	29	45	24	4	5	6	3	36	1	4	0	23	11	32	37	0	0	0	0
OTU_1102	17	3	6	8	9	1	35	5	19	36	11	6	7	21	6	1	6	7	0	17	0	0
OTU_1643	0	5	9	8	5	2	0	3	3	0	3	1	0	0	4	0	8	7	0	0	0	0
OTU_441	16	14	24	93	23	1	16	31	7	15	16	21	7	19	24	3	25	29	0	5	0	0
OTU_5875	0	0	0	1	0	0	1	2	0	0	0	0	1	0	0	0	0	0	0	0	0	0
OTU_766	12	77	68	150	165	66	8	70	7	14	86	13	17	15	106	45	97	82	0	21	0	0
OTU_200	79	47	50	41	41	5	46	45	31	70	46	35	55	55	73	48	25	59	0	37	0	0
OTU_5120	2	0	0	0	0	0	0	0	1	0	0	1	0	1	0	0	0	0	0	1	0	0
OTU_2526	0	1	1	0	0	0	0	4	0	2	0	0	0	1	1	0	1	0	0	5	0	0
OTU_815	23	5	15	2	4	0	65	8	23	41	47	8	28	36	10	0	12	5	0	15	0	0
OTU_2324	1	0	0	32	0	6	0	2	8	0	0	2	0	1	1	4	0	0	0	0	0	0
OTU_1006	26	2	5	8	21	3	10	11	9	7	8	12	6	9	12	6	4	5	0	15	0	0
OTU_433	12	2	2	3	1	92	2	2	27	6	0	8	18	3	0	39	1	8	0	8	0	0
OTU_631	6	2	3	22	10	14	8	12	5	10	1	49	5	14	8	13	5	1	0	19	0	0
OTU_3013	1	0	0	0	0	0	0	0	1	1	0	1	0	0	0	14	0	0	0	0	0	0
OTU_177	19	81	104	103	119	83	13	72	24	5	66	24	13	11	96	34	90	82	0	9	0	0
OTU_845	13	0	0	24	0	11	8	9	16	7	1	17	2	12	3	5	0	0	0	4	0	0
OTU_2334	0	0	0	0	0	27	0	0	0	0	0	18	0	0	0	10	0	0	0	1	0	0
OTU_1318	7	0	0	5	2	0	19	5	5	11	4	4	7	17	3	0	2	0	0	8	0	0
OTU_5814	56	7	6	4	15	26	44	2	29	26	5	34	4	37	5	8	5	7	0	22	0	0
OTU_2662	7	1	4	1	2	1	6	0	3	12	3	5	1	7	2	2	5	2	0	9	0	0
OTU_943	23	14	5	6	10	2	18	26	11	16	17	13	11	15	14	8	33	7	0	3	0	0
OTU_1178	5	0	2	0	3	3	1	3	4	7	2	9	0	2	8	0	2	1	0	10	0	0
OTU_1276	1	0	0	1	0	0	27	0	16	2	0	1	0	4	0	3	0	0	0	3	0	0
OTU_390	40	5	5	9	8	152	30	3	64	39	10	42	35	42	3	65	2	7	0	27	0	0
OTU_3416	0	0	0	3	0	0	0	0	0	0	0	0	2	0	3	0	0	0	0	0	0	0
OTU_891	14	2	3	4	5	0	51	4	24	30	3	8	1	34	1	1	12	3	0	4	0	0
OTU_5741	17	17	26	19	60	0	17	11	7	37	29	10	15	10	11	6	30	18	0	8	0	0
OTU_215	17	63	48	36	67	0	17	24	21	16	49	8	33	18	40	1	72	61	0	12	0	0
OTU_3257	21	0	0	4	2	1	30	0	12	13	2	14	6	23	1	8	1	0	0	28	0	0
OTU_1060	26	58	54	32	97	69	51	28	33	51	31	68	26	42	26	99	33	33	0	25	0	0
OTU_3871	36	52	59	11	115	54	47	14	56	47	95	35	49	36	23	71	42	72	0	66	0	0
OTU_4247	0	2	2	0	1	0	0	2	0	2	3	1	2	0	0	1	1	1	0	0	0	0
OTU_459	29	2	1	5	1	0	82	5	47	56	14	12	9	58	2	0	2	0	0	16	0	0
OTU_560	44	2	3	15	3	11	80	10	49	55	8	32	19	85	6	10	2	2	0	30	0	0
OTU_579	3	28	19	60	31	4	2	30	3	4	25	3	3	2	24	0	15	28	0	1	0	0
OTU_1839	0	9	15	2	10	3	2	1	0	0	4	0	1	1	0	1	13	5	0	0	0	0
OTU_241	85	33	47	51	70	27	73	89	38	113	48	102	33	82	38	73	30	35	0	240	0	0
OTU_231	75	34	27	34	21	23	114	83	80	161	50	29	47	127	43	13	29	24	0	118	0	0
OTU_1470	18	6	9	19	5	1	13	54	3	23	8	6	10	21	7	4	10	4	0	5	0	0
OTU_443	18	13	1	12	9	287	11	9	36	13	2	51	18	15	7	164	2	16	0	20	0	0
OTU_628	23	8	20	17	10	4	29	12	18	40	11	26	2	33	14	6	11	14	0	19	0	0
OTU_120	122	45	62	40	57	3	169	38	66	133	69	41	85	153	60	19	50	85	0	97	0	0
OTU_5035	11	4	12	3	16	17	5	6	16	24	9	3	9	6	13	12	8	6	0	37	0	0
OTU_2766	1	0	1	2	0	0	0	1	0	1	0	1	0	2	0	2	0	0	0	2	0	0
OTU_685	16	21	19	28	28	0	7	13	4	5	35	7	11	5	18	0	25	35	0	8	0	0
OTU_5585	2	6	11	0	7	0	4	4	2	13	9	4	1	2	5	0	10	10	0	1	0	0
OTU_1964	3	2	0	3	0	0	6	2	0	11	3	1	0	2	1	0	1	2	0	5	0	0
OTU_1080	3	0	0	0	0	130	0	0	0	2	0	9	1	4	0	55	1	0	0	2	0	0
OTU_144	16	62	36	167	93	23	20	162	7	9	38	13	12	14	122	20	53	31	0	12	0	0
OTU_2482	21	10	7	38	18	0	29	11	12	37	12	17	3	17	29	6	7	13	0	27	0	0
OTU_2018	3	7	12	22	6	4	8	2	12	18	9	16	6	11	4	5	7	12	0	8	0	0
OTU_2209	3	27	3	10	18	4	15	4	5	62	8	5	13	23	10	3	2	9	0	4	0	0
OTU_1794	1	0	5	0	4	7	0	0	0	0	4	2	0	3	2	2	0	1	0	1	0	0
OTU_880	32	9	6	1	17	12	10	5	10	16	4	14	3	9	6	12	11	7	0	26	0	0
OTU_639	6	7	19	36	11	21	8	9	7	11	10	7	5	6	14	8	20	9	0	4	0	0
OTU_2077	5	0	0	1	2	0	7	1	1	4	3	1	1	1	0	0	1	1	0	0	0	0
OTU_1286	24	2	1	20	3	16	9	27	6	15	2	25	4	16	0	6	2	1	0	23	0	0
OTU_1705	0	4	7	0	5	0	1	0	0	1	8	1	7	0	3	0	7	3	0	0	0	0
OTU_3685	1	2	0	4	1	0	0	0	1	1	2	1	0	3	0	0	1	0	0	1	0	0
OTU_3820	4	4	12	0	13	2	7	13	4	3	10	14	7	5	7	4	19	12	0	5	0	0
OTU_4477	18	1	1	5	4	8	33	4	11	27	1	20	11	20	3	11	1	2	0	14	0	0
OTU_1017	6	12	6	10	7	7	5	2	2	18	3	19	2	14	16	10	8	4	0	27	0	0
OTU_2848	11	3	5	13	12	32	4	4	2	7	4	27	2	8	9	11	8	6	0	13	0	0
OTU_1438	2	4	10	1	8	0	1	2	2	1	6	3	0	2	2	2	3	3	0	3	0	0
OTU_3159	16	3	3	24	0	17	9	9	6	12	1	13	4	7	10	12	1	1	0	10	0	0
OTU_2838	29	6	13	29	36	4	5	42	4	17	8	23	5	11	56	1	26	21	0	13	0	0
OTU_4632	0	0	1	0	0	0	0	0	0	0	0	0	1	1	0	2	0	0	0	0	0	0
OTU_621	5	5	5	3	6	6	8	2	6	23	4	16	0	28	1	6	14	3	0	11	0	0
OTU_266	60	33	55	47	43	38	50	31	28	77	27	79	15	58	23	28	30	31	0	75	0	0
OTU_3957	21	51	45	13	43	3	10	35	5	20	52	9	30	11	25	1	63	68	0	25	0	0
OTU_2901	47	14	13	20	15	10	47	14	49	43	17	30	28	51	12	9	12	26	0	25	0	0
OTU_3578	0	0	0	1	0	1	1	0	0	0	5	0	0	0	0	0	30	1	0	0	0	0
OTU_644	8	5	6	12	25	10	8	8	10	15	11	8	8	12	21	5	9	3	0	12	0	0
OTU_62	91	3	2	17	9	1	187	32	103	135	19	71	503	241	30	3	2	14	0	521	0	0
OTU_3735	0	0	2	1	2	4	2	3	0	2	1	1	0	0	2	4	2	2	0	1	0	0
OTU_949	3	10	10	12	12	5	0	4	1	3	5	2	1	0	8	7	14	10	0	0	0	0
OTU_5186	1	2	0	3	1	0	1	1	1	2	4	1	1	1	2	0	0	2	0	0	0	0
OTU_427	17	49	50	36	73	2	28	63	15	21	82	13	39	26	17	8	52	73	0	19	0	0
OTU_2493	2	0	0	0	2	1	0	2	4	7	0	4	0	1	0	2	0	0	0	1	0	0
OTU_3899	24	13	18	27	26	10	24	19	19	25	23	18	29	17	17	7	24	19	0	20	0	0
OTU_1821	2	2	5	2	13	1	1	4	1	3	3	3	0	2	2	1	5	0	0	8	0	0
OTU_147	5	102	109	33	125	68	3	30	20	3	66	7	12	6	24	38	95	119	0	7	0	0
OTU_288	21	20	17	2	41	43	18	4	20	30	16	22	18	38	17	30	35	14	0	18	0	0
OTU_918	11	1	0	10	0	0	24	2	8	12	0	9	21	20	0	0	0	1	0	15	0	0
OTU_540	16	21	20	11	17	4	26	16	11	16	39	9	40	7	39	5	16	26	0	48	0	0
OTU_5834	0	0	0	2	5	0	0	2	0	0	1	0	0	0	0	0	0	0	0	0	0	0
OTU_414	17	16	16	9	37	0	9	19	3	17	6	7	14	10	19	3	24	21	0	16	0	0
OTU_5719	24	3	8	9	4	19	37	8	44	32	4	12	28	21	5	20	6	4	0	25	0	0
OTU_697	11	21	18	14	38	5	4	4	5	13	30	5	0	3	6	2	43	15	0	11	0	0
OTU_1642	4	8	6	3	6	2	4	8	10	7	3	5	11	11	2	0	2	10	0	4	0	0
OTU_814	49	27	33	121	50	82	63	81	40	65	43	33	28	69	51	81	38	29	0	18	0	0
OTU_315	24	17	53	123	54	50	24	74	22	49	37	25	32	20	30	38	75	37	0	19	0	0
OTU_1194	3	9	5	27	21	9	1	14	3	2	5	3	4	1	10	9	6	4	0	2	0	0
OTU_1803	3	0	2	0	0	0	4	0	1	5	0	1	0	6	0	3	0	0	0	6	0	0
OTU_707	138	34	24	75	30	8	150	131	100	183	35	65	129	90	92	27	216	43	0	237	0	0
OTU_2496	2	0	2	4	4	2	2	5	2	10	3	4	1	1	5	2	6	1	0	8	0	0
OTU_1518	16	7	14	18	42	6	13	12	8	13	21	10	10	13	7	3	24	10	0	14	0	0
OTU_5153	9	3	0	3	23	0	0	1	0	2	3	7	1	6	1	170	1	5	0	8	0	0
OTU_921	4	7	20	26	15	3	0	14	0	2	15	1	7	0	22	5	19	20	0	0	0	0
OTU_229	47	7	1	44	34	13	49	128	19	43	5	43	23	46	12	8	30	1	0	30	0	0
OTU_1564	0	1	4	21	4	0	1	8	0	2	5	1	0	0	13	0	2	5	0	1	0	0
OTU_224	22	11	10	28	7	1	40	59	21	74	28	18	44	32	25	2	22	32	0	88	0	0
OTU_609	16	5	10	10	13	3	12	18	5	19	12	6	7	11	11	5	3	8	0	11	0	0
OTU_321	16	47	53	11	75	14	8	14	4	12	85	11	13	5	40	6	33	68	0	11	0	0
OTU_3181	22	36	83	56	82	0	40	17	17	65	63	40	6	31	59	6	47	69	0	14	0	0
OTU_5189	7	8	9	6	21	4	4	3	2	13	10	5	2	2	7	0	9	8	0	10	0	0
OTU_208	25	90	74	165	135	44	30	78	22	10	95	8	27	23	144	45	69	77	0	22	0	0
OTU_5262	1	0	0	0	0	0	0	0	0	0	0	1	0	0	0	1	0	0	0	1	0	0
OTU_5746	0	0	0	1	1	0	0	0	0	0	2	0	0	0	0	0	0	0	0	1	0	0
OTU_2690	8	3	2	8	13	5	2	14	1	7	3	10	2	1	2	7	2	3	0	4	0	0
OTU_2819	43	14	14	27	19	55	36	15	47	33	10	47	38	29	22	41	12	15	0	32	0	0
OTU_2054	7	0	0	4	2	2	3	0	2	12	3	10	0	6	2	1	6	1	0	1	0	0
OTU_376	54	39	34	31	62	26	44	34	26	30	55	32	65	42	61	31	36	51	0	71	0	0
OTU_169	53	86	112	149	104	13	26	68	20	63	88	34	37	40	55	16	99	160	0	53	0	0
OTU_696	3	2	3	232	1	0	0	23	1	3	2	2	0	0	11	0	0	1	0	1	0	0
OTU_145	64	98	95	239	110	10	49	90	30	53	72	71	29	63	118	12	116	95	0	20	0	0
OTU_1247	3	0	0	0	0	0	26	2	10	12	0	2	8	16	0	0	1	0	0	6	0	0
OTU_4756	7	10	6	9	15	13	4	6	3	12	2	5	4	8	8	7	12	7	0	9	0	0
OTU_1654	7	0	0	0	0	2	9	2	6	6	3	2	7	6	4	2	5	5	0	4	0	0
OTU_660	38	5	0	0	3	4	53	1	29	51	2	25	1	53	0	6	2	0	0	17	0	0
OTU_3766	7	21	11	3	33	0	46	3	33	12	10	19	45	25	32	3	4	6	0	12	0	0
OTU_796	19	3	1	5	3	3	23	14	10	34	9	11	16	24	5	2	2	5	0	25	0	0
OTU_2488	3	7	7	3	16	0	4	5	1	3	10	3	3	2	8	0	12	15	0	6	0	0
OTU_3630	0	0	0	1	0	0	1	1	0	1	0	2	3	0	1	0	0	1	0	12	0	0
OTU_5976	0	0	1	1	0	0	0	2	0	0	0	1	0	0	0	0	0	1	0	0	0	0
OTU_653	26	15	11	67	8	4	18	25	17	22	8	18	5	19	28	10	6	9	0	26	0	0
OTU_1809	9	6	1	10	7	2	11	9	18	16	6	5	9	14	9	2	2	17	0	7	0	0
OTU_351	36	24	14	39	24	54	35	21	50	35	26	16	26	33	27	22	14	11	0	24	0	0
OTU_166	13	64	141	15	54	11	23	61	15	30	91	14	24	7	49	10	79	81	0	8	0	0
OTU_4629	2	3	0	0	2	0	0	5	0	0	2	0	0	0	0	1	1	0	0	0	0	0
OTU_498	30	11	16	9	18	3	27	13	14	46	38	25	43	27	10	2	15	32	0	47	0	0
OTU_1737	7	2	1	3	3	7	8	4	12	5	0	8	1	14	8	5	0	2	0	4	0	0
OTU_2098	5	0	0	1	0	0	5	4	5	8	0	3	1	2	0	0	0	2	0	4	0	0
OTU_1072	2	2	2	5	7	12	1	3	0	2	0	3	2	1	4	18	1	2	0	21	0	0
OTU_3794	14	3	1	5	5	8	11	8	6	15	2	10	6	5	3	1	3	5	0	11	0	0
OTU_2258	127	65	80	119	101	137	169	81	100	188	123	96	69	120	56	88	95	71	0	150	0	0
OTU_508	14	22	34	24	33	0	21	24	11	22	44	11	20	21	12	3	29	43	0	9	0	0
OTU_674	20	5	2	6	3	3	14	20	14	22	8	13	52	23	16	6	7	7	0	37	0	0
OTU_598	11	9	5	27	21	79	2	13	28	3	8	4	10	5	17	40	12	18	0	4	0	0
OTU_2361	0	2	0	9	7	0	0	6	0	0	1	2	3	0	2	0	3	1	0	1	0	0
OTU_711	18	20	19	2	11	13	22	1	14	20	31	18	8	21	2	9	15	30	0	11	0	0
OTU_1164	12	9	8	4	10	0	3	8	4	11	14	8	5	6	3	1	9	10	0	10	0	0
OTU_3651	25	11	13	12	29	12	37	25	34	60	42	13	54	49	11	8	20	20	0	33	0	0
OTU_131	38	56	71	90	90	4	33	73	28	51	108	29	32	23	65	2	101	68	0	48	0	0
OTU_167	68	32	54	32	39	5	94	54	50	113	53	35	75	113	42	26	22	48	0	88	0	0
OTU_862	5	3	1	7	2	0	5	5	4	10	3	2	10	11	4	1	7	4	0	3	0	0
OTU_2633	4	4	4	7	2	0	4	4	0	2	9	0	3	4	8	0	3	3	0	0	0	0
OTU_4962	23	31	28	30	47	21	22	5	18	23	25	13	1	18	13	10	51	40	0	16	0	0
OTU_2109	30	1	2	19	8	0	40	11	30	40	2	13	3	43	3	5	4	0	0	29	0	0
OTU_904	0	8	10	11	14	0	0	6	0	0	15	0	3	0	5	0	19	12	0	0	0	0
OTU_5761	39	1	2	1	2	0	4	9	2	23	3	2	16	8	9	0	8	3	0	18	0	0
OTU_1760	7	4	3	3	4	2	7	2	4	9	8	2	16	4	1	1	5	4	0	8	0	0
OTU_1183	11	0	0	5	1	0	9	7	14	8	1	14	15	18	1	2	1	0	0	0	0	0
OTU_1176	27	20	7	21	57	3	68	48	42	89	16	31	47	43	39	7	55	11	0	15	0	0
OTU_2781	8	0	0	1	1	0	3	0	2	2	0	3	0	3	0	0	6	1	0	1	0	0
OTU_1489	1	7	5	2	11	1	0	2	3	0	11	0	2	0	1	0	10	3	0	1	0	0
OTU_1869	4	2	4	7	1	2	3	0	3	2	6	3	2	7	2	2	3	2	0	1	0	0
OTU_1130	7	2	0	1	1	1	2	0	1	11	12	7	9	1	2	2	2	0	0	9	0	0
OTU_331	42	12	1	24	6	9	7	116	7	10	3	11	11	3	8	17	0	3	0	103	0	0
OTU_2239	1	0	0	2	1	0	0	13	0	0	0	3	0	1	0	4	0	0	0	2	0	0
OTU_650	12	16	25	57	23	1	11	46	4	20	29	19	13	13	14	9	49	14	0	14	0	0
OTU_940	5	15	12	6	21	0	9	3	7	6	43	3	18	3	3	0	9	15	0	9	0	0
OTU_4925	2	6	4	3	10	1	5	5	4	3	13	2	0	1	1	4	1	25	0	1	0	0
OTU_1967	10	0	2	21	5	0	3	10	3	12	1	1	12	5	9	0	2	0	0	9	0	0
OTU_413	1	0	0	0	1	0	1	4	0	0	0	0	0	0	0	0	0	1	218	0	0	0
OTU_1195	21	3	2	1	2	0	5	1	2	9	1	20	0	11	0	4	2	0	0	3	0	0
OTU_379	46	11	2	12	0	1	123	20	65	80	62	10	54	111	14	2	1	3	0	97	0	0
OTU_518	22	9	19	14	20	5	46	22	29	42	25	20	76	24	19	15	3	13	0	43	0	0
OTU_3707	3	0	0	0	0	1	2	0	3	1	0	4	0	3	0	0	1	0	0	1	0	0
OTU_3294	3	7	9	13	18	7	1	14	4	4	12	4	3	5	17	4	19	16	0	1	0	0
OTU_1152	10	2	8	9	1	1	5	9	1	14	3	6	12	4	17	4	2	6	0	6	0	0
OTU_919	22	4	4	21	5	0	30	4	20	60	26	8	17	33	8	2	8	6	0	15	0	0
OTU_607	1	11	12	48	16	0	4	19	4	2	13	0	2	1	17	2	9	13	0	0	0	0
OTU_578	104	15	8	82	39	3	120	62	47	73	8	73	29	96	27	4	28	5	0	77	0	0
OTU_5117	30	3	1	5	6	48	19	8	24	27	6	24	14	29	1	31	4	2	0	26	0	0
OTU_1098	3	1	1	1	2	9	8	2	6	12	3	7	2	32	3	2	2	2	0	3	0	0
OTU_690	6	10	9	6	12	0	5	3	2	7	56	2	1	1	7	0	18	12	0	3	0	0
OTU_4096	2	0	0	0	0	0	0	0	0	2	0	5	0	0	0	0	0	0	0	0	0	0
OTU_6115	0	0	0	1	0	0	0	0	0	0	0	0	1	0	1	0	1	0	0	0	0	0
OTU_3435	11	1	2	2	1	21	11	0	13	10	1	16	4	10	4	11	2	2	0	11	0	0
OTU_5144	16	24	22	24	16	0	11	18	7	22	24	5	18	6	14	4	20	30	0	8	0	0
OTU_3898	0	0	1	0	0	0	0	2	1	0	0	0	0	0	2	0	0	2	0	0	0	0
OTU_407	42	14	13	6	14	141	34	9	54	56	10	74	20	36	3	130	15	16	0	48	0	0
OTU_3477	0	0	0	0	0	0	2	0	0	1	0	0	0	2	0	0	0	0	0	1	0	0
OTU_803	16	1	1	4	0	0	4	7	3	18	0	4	10	2	4	5	2	1	0	27	0	0
OTU_1579	9	2	1	3	5	1	3	5	2	9	12	3	6	2	6	4	0	4	0	18	0	0
OTU_1119	5	1	1	1	3	16	5	0	9	9	0	7	2	3	1	25	1	2	0	5	0	0
OTU_975	33	1	0	12	3	1	7	14	3	16	6	17	45	9	27	1	58	0	0	31	0	0
OTU_2053	19	12	17	41	17	9	22	13	12	30	18	10	10	23	13	8	9	29	0	18	0	0
OTU_3862	20	8	9	2	15	12	22	4	25	23	12	12	10	31	5	14	4	4	0	18	0	0
OTU_1820	10	23	22	5	19	4	6	4	8	10	22	0	8	8	8	1	30	29	0	5	0	0
OTU_337	18	14	15	9	18	17	50	22	45	43	22	41	28	53	14	33	10	20	0	40	0	0
OTU_1292	6	0	1	2	2	0	10	0	6	7	1	3	1	5	2	1	1	0	0	6	0	0
OTU_4677	54	10	16	14	31	26	35	9	29	85	53	41	5	69	11	22	72	21	0	43	0	0
OTU_4179	2	1	0	0	2	0	0	1	2	0	0	0	0	0	0	0	0	0	0	1	0	0
OTU_495	15	12	18	10	13	0	28	9	30	26	19	7	32	20	10	2	8	12	0	20	0	0
OTU_1177	21	7	6	6	5	0	21	6	8	19	15	10	9	22	8	1	3	6	0	9	0	0
OTU_800	36	17	16	1	19	57	28	3	34	23	12	16	10	30	12	28	12	9	0	15	0	0
OTU_1369	0	3	14	2	8	0	0	6	1	2	7	0	1	0	8	0	7	7	0	1	0	0
OTU_1644	4	4	2	6	7	1	8	6	7	4	5	3	5	2	4	1	4	3	0	3	0	0
OTU_397	30	1	5	3	17	11	32	2	23	36	7	15	3	31	3	7	12	2	0	18	0	0
OTU_286	19	43	72	13	65	23	27	33	28	33	55	26	20	20	35	16	55	54	0	10	0	0
OTU_1059	13	5	13	9	19	1	8	3	7	13	27	11	1	16	4	1	15	12	0	13	0	0
OTU_2728	3	2	1	0	9	0	4	0	0	2	5	4	4	3	1	1	2	5	0	6	0	0
OTU_2320	8	19	13	33	27	29	3	33	8	4	12	6	11	8	20	24	10	11	0	8	0	0
OTU_547	1	18	29	6	24	0	0	8	1	0	16	0	2	1	4	0	23	25	0	1	0	0
OTU_1444	2	1	1	5	2	1	4	10	1	3	10	1	12	4	3	3	4	1	0	3	0	0
OTU_363	20	21	9	10	12	5	27	17	21	41	33	42	16	30	30	12	20	8	0	52	0	0
OTU_3608	21	8	9	11	17	4	17	11	18	30	22	8	33	22	12	3	8	21	0	20	0	0
OTU_1226	6	2	0	0	1	2	1	4	1	1	1	40	0	1	0	3	1	0	0	5	0	0
OTU_222	28	18	34	11	50	3	32	5	15	33	36	21	9	38	21	11	35	28	0	33	0	0
OTU_503	56	7	19	34	15	10	74	56	43	62	19	68	34	71	19	14	15	30	0	70	0	0
OTU_3123	0	1	0	7	2	0	1	6	0	3	1	2	6	1	0	0	2	1	0	2	0	0
OTU_452	30	0	0	3	1	2	102	8	74	70	1	15	7	108	0	2	3	0	0	17	0	0
OTU_1597	2	2	2	2	7	3	1	4	1	0	0	3	2	2	0	0	3	9	0	2	0	0
OTU_1545	12	5	8	4	6	0	15	1	9	22	3	13	6	12	5	3	4	12	0	7	0	0
OTU_5623	1	0	0	0	0	0	2	0	1	0	0	0	0	0	0	0	0	0	0	57	0	0
OTU_1647	14	0	1	1	0	3	33	1	19	15	2	8	6	30	1	2	0	0	0	19	0	0
OTU_702	29	16	45	49	74	9	19	34	11	37	42	14	32	14	28	9	56	83	0	22	0	0
OTU_1358	0	0	1	0	0	0	9	1	5	4	0	1	7	23	0	0	0	1	0	0	0	0
OTU_1822	4	8	22	5	12	12	0	3	6	8	7	7	0	5	8	5	15	14	0	2	0	0
OTU_668	7	43	11	3	75	4	7	5	5	25	19	22	13	27	11	19	32	10	0	22	0	0
OTU_1029	34	58	48	58	50	17	23	51	10	33	38	23	29	23	27	25	29	54	0	47	0	0
OTU_4476	0	1	0	4	0	0	0	0	0	0	0	0	0	0	1	0	0	0	0	0	0	0
OTU_5550	4	3	1	1	1	0	11	8	6	13	3	3	9	17	1	0	1	2	0	4	0	0
OTU_2665	1	1	3	0	0	0	3	0	2	1	10	4	0	0	2	1	3	1	0	3	0	0
OTU_274	28	71	82	82	81	61	27	36	24	34	44	23	10	34	55	40	54	62	0	11	0	0
OTU_4993	18	7	4	60	28	29	23	7	17	27	4	29	2	19	14	31	10	3	0	14	0	0
OTU_1971	2	1	11	0	12	3	2	1	3	5	4	5	4	2	1	2	9	13	0	3	0	0
OTU_1527	3	2	1	3	7	0	2	3	0	1	5	0	5	0	2	0	4	6	0	3	0	0
OTU_824	6	4	0	19	6	0	8	14	7	11	3	5	9	10	9	2	4	9	0	5	0	0
OTU_174	1	0	4	0	4	2	2	11	0	6	8	2	13	1	12	0	581	0	0	17	0	0
OTU_189	61	9	1	17	10	1	98	29	37	137	14	61	33	107	10	11	15	4	0	144	0	0
OTU_979	9	3	1	3	5	43	8	1	8	13	1	9	6	7	9	28	2	1	0	16	0	0
OTU_4216	24	1	5	4	55	2	18	10	10	6	58	8	1	10	10	2	29	8	0	12	0	0
OTU_4334	5	1	0	3	5	2	5	3	1	4	0	0	0	4	1	1	1	1	0	4	0	0
OTU_2326	2	7	5	0	5	0	0	2	1	2	18	0	2	3	0	3	7	2	0	1	0	0
OTU_4307	8	8	11	7	20	1	8	6	2	6	13	6	3	3	5	3	14	11	0	6	0	0
OTU_925	16	21	22	3	28	4	10	7	11	29	56	8	7	20	14	10	28	36	0	14	0	0
OTU_3513	4	8	26	9	17	16	1	10	4	3	13	5	5	2	9	2	15	22	0	2	0	0
OTU_3046	0	0	0	1	0	13	0	0	1	0	0	2	1	1	0	6	1	0	0	2	0	0
OTU_2918	1	0	0	0	0	10	0	0	0	0	0	7	0	0	1	3	0	0	0	0	0	0
OTU_1273	13	0	2	0	3	23	12	0	10	14	3	18	4	14	1	20	0	0	0	5	0	0
OTU_1002	0	9	5	4	23	11	0	3	3	2	11	1	1	0	4	8	21	10	0	0	0	0
OTU_680	39	17	40	42	65	16	29	48	25	48	40	19	23	48	32	15	48	43	0	31	0	0
OTU_4934	0	0	0	2	1	0	0	0	0	0	0	1	2	1	1	0	1	0	0	0	0	0
OTU_1844	2	0	0	1	0	1	2	0	4	3	0	17	0	13	0	6	0	0	0	1	0	0
OTU_1081	8	1	2	0	4	1	7	5	4	6	0	6	1	6	2	1	0	4	0	10	0	0
OTU_179	53	74	79	123	130	81	35	51	20	55	80	31	14	29	64	49	169	75	0	33	0	0
OTU_3301	2	6	3	1	10	11	5	0	8	1	5	2	3	1	4	6	3	2	0	3	0	0
OTU_2444	3	1	2	0	2	13	1	1	9	3	0	8	5	5	0	3	5	0	0	1	0	0
OTU_1263	16	3	7	8	6	0	20	6	9	18	8	7	13	14	10	3	5	15	0	19	0	0
OTU_549	13	5	13	2	13	0	13	12	12	21	16	5	2	14	7	2	9	15	0	3	0	0
OTU_2059	11	1	2	0	5	0	5	5	3	4	1	6	2	2	1	0	3	2	0	4	0	0
OTU_3279	1	0	0	0	2	2	2	1	1	1	1	0	3	0	0	0	2	0	0	0	0	0
OTU_364	25	19	34	19	40	1	11	26	4	9	55	10	22	7	40	1	28	40	0	24	0	0
OTU_548	17	7	2	10	8	12	25	15	14	12	1	27	9	19	1	6	7	4	0	16	0	0
OTU_1021	2	3	2	9	1	4	7	16	8	11	2	12	4	7	6	0	3	0	0	2	0	0
OTU_354	5	29	19	48	34	1	5	26	5	9	28	6	11	2	19	0	33	28	0	3	0	0
OTU_460	6	2	8	12	17	215	1	18	47	9	8	20	12	3	7	87	7	13	0	6	0	0
OTU_2277	2	1	0	0	3	0	2	0	2	5	0	0	0	4	0	0	2	0	0	5	0	0
OTU_4117	0	0	4	0	0	0	0	1	0	0	0	0	2	0	2	0	5	0	0	1	0	0
OTU_927	18	27	27	13	38	2	15	16	10	20	21	13	7	9	19	4	28	25	0	25	0	0
OTU_505	9	17	44	8	21	18	1	23	3	10	15	8	8	9	30	10	26	34	0	5	0	0
OTU_672	16	4	2	4	1	0	28	5	18	39	7	8	11	24	1	4	0	4	0	42	0	0
OTU_3489	0	2	0	1	1	9	1	3	2	2	3	4	4	2	1	2	1	0	0	0	0	0
OTU_1092	11	4	6	25	8	1	4	7	6	7	6	4	2	6	4	0	6	5	0	10	0	0
OTU_5563	10	0	0	1	0	0	32	2	21	36	1	6	6	37	1	0	0	0	0	9	0	0
OTU_942	35	8	18	15	13	17	48	32	42	56	13	25	49	46	18	9	23	18	0	22	0	0
OTU_992	8	4	3	24	11	6	8	1	9	10	3	5	1	12	5	5	5	2	0	5	0	0
OTU_356	11	13	37	15	35	1	11	6	7	13	29	13	9	5	16	0	57	31	0	4	0	0
OTU_1919	8	2	2	3	4	0	26	2	14	15	5	7	7	18	3	0	1	5	0	6	0	0
OTU_5632	0	0	0	1	0	1	0	0	0	0	0	0	0	0	0	0	0	0	0	0	595	118
OTU_819	10	1	6	19	14	1	2	64	1	7	3	6	5	5	5	1	3	1	0	8	0	0
OTU_1237	8	2	2	15	2	0	1	26	1	15	2	12	26	1	32	2	8	0	0	89	0	0
OTU_325	6	1	0	0	1	297	0	3	46	8	1	2	22	2	0	111	1	3	0	5	0	0
OTU_408	44	7	6	3	14	7	49	0	39	40	12	23	14	41	8	18	3	10	0	41	0	0
OTU_1833	2	0	1	0	0	0	12	1	4	4	1	2	4	8	0	0	0	0	0	5	0	0
OTU_2190	1	11	32	5	14	4	1	6	3	7	19	3	10	6	9	3	35	21	0	8	0	0
OTU_989	12	8	4	17	6	1	1	15	1	7	9	15	20	3	34	20	7	4	0	82	0	0
OTU_1184	6	2	5	3	19	6	14	10	8	12	12	3	2	6	3	5	12	4	0	14	0	0
OTU_4172	7	8	7	18	29	3	11	12	10	14	21	6	4	7	19	3	12	12	0	14	0	0
OTU_752	16	6	10	13	16	0	4	22	9	14	13	9	25	8	9	28	5	11	0	30	0	0
OTU_340	0	0	0	0	0	1	0	0	0	0	0	0	0	0	0	0	0	0	1	0	255	0
OTU_1243	20	0	1	19	4	0	14	7	9	9	3	7	0	18	0	1	5	0	0	4	0	0
OTU_2073	1	2	13	7	11	0	2	3	0	2	2	1	1	0	2	0	12	15	0	4	0	0
OTU_175	89	54	52	293	128	117	36	77	41	96	43	108	14	63	131	78	101	58	0	164	0	0
OTU_795	5	6	16	1	12	5	6	11	1	5	11	1	10	1	1	1	15	13	0	3	0	0
OTU_678	28	7	4	16	8	3	29	42	17	59	8	28	13	26	21	15	5	14	0	99	0	0
OTU_223	0	0	0	0	0	0	0	0	0	0	0	0	0	0	0	0	0	0	410	0	0	0
OTU_442	11	19	21	34	27	0	10	36	5	20	44	7	20	10	25	1	37	23	0	16	0	0
OTU_5123	8	7	19	5	37	11	2	11	3	5	7	15	11	5	7	21	7	10	0	8	0	0
OTU_3486	0	3	1	5	1	0	1	1	0	1	1	3	0	0	0	0	2	0	0	0	0	0
OTU_4551	5	1	1	1	1	0	18	3	9	16	2	8	21	15	1	0	0	0	0	10	0	0
OTU_346	53	4	2	6	3	0	30	21	27	103	9	34	37	50	29	9	3	4	0	94	0	0
OTU_1672	4	1	0	3	0	0	13	2	6	22	0	6	5	9	0	2	0	0	0	10	0	0
OTU_467	37	9	12	11	13	21	27	11	25	50	13	28	5	27	5	7	13	21	0	13	0	0
OTU_747	19	9	18	12	26	3	18	6	8	20	26	7	14	12	7	5	13	19	0	17	0	0
OTU_1768	6	0	1	0	0	4	9	7	0	9	0	8	4	4	0	4	0	1	0	4	0	0
OTU_3399	0	18	12	5	17	1	1	1	4	5	14	3	16	5	8	0	17	7	0	4	0	0
OTU_1227	6	0	0	0	0	1	10	0	4	6	4	3	3	12	0	2	0	0	0	5	0	0
OTU_3620	0	0	0	14	0	0	0	0	0	0	0	0	0	0	0	0	0	0	0	0	0	0
OTU_1117	5	0	0	4	2	1	3	7	5	1	0	2	36	0	23	0	2	0	0	0	0	0
OTU_463	2	28	38	1	26	2	0	1	1	3	33	0	22	0	6	0	19	43	0	3	0	0
OTU_757	12	0	0	0	0	0	24	1	20	13	0	2	1	29	1	0	0	0	0	11	0	0
OTU_4274	6	6	11	16	22	1	6	17	8	3	12	2	3	8	14	2	8	12	0	5	0	0
OTU_564	29	4	3	13	5	14	20	1	16	24	4	37	3	31	1	9	11	0	0	19	0	0
OTU_2816	0	0	1	1	1	0	0	2	1	1	0	0	2	1	1	0	0	1	0	1	0	0
OTU_480	34	4	3	17	14	5	89	56	46	55	14	13	68	62	8	4	22	8	0	18	0	0
OTU_583	21	9	13	36	8	7	19	10	13	42	18	16	5	23	14	5	10	10	0	16	0	0
OTU_866	12	7	6	19	8	10	27	14	15	35	8	12	20	27	7	6	9	9	0	10	0	0
OTU_822	33	19	24	25	22	2	21	6	14	29	33	11	2	19	8	4	39	43	0	24	0	0
OTU_383	4	12	16	46	28	0	12	27	9	6	30	7	7	3	19	0	23	19	0	7	0	0
OTU_335	16	11	17	2	16	1	17	17	11	41	16	9	21	14	9	2	33	35	0	7	0	0
OTU_114	0	0	0	0	0	0	0	0	0	0	0	0	0	0	0	3	0	0	285	1	336	159
OTU_1601	6	3	1	1	6	1	9	7	1	7	3	2	4	12	0	2	0	1	0	2	0	0
OTU_406	17	9	3	6	23	10	10	33	8	21	0	14	14	11	18	15	1	10	0	35	0	0
OTU_897	24	6	11	21	14	0	18	35	17	39	22	13	13	13	14	8	13	21	0	33	0	0
OTU_797	8	7	18	12	28	12	16	19	12	12	12	18	16	28	3	12	30	6	0	5	0	0
OTU_937	4	0	1	4	0	125	1	0	36	6	0	2	7	5	0	81	0	2	0	2	0	0
OTU_804	9	6	6	22	15	4	23	3	10	17	11	5	12	17	11	1	10	8	0	13	0	0
OTU_5355	33	6	1	33	9	0	48	40	25	61	5	34	31	48	10	0	5	2	0	22	0	0
OTU_1491	3	0	1	0	2	0	1	54	0	0	2	0	0	3	6	0	3	0	0	1	0	0
OTU_3410	2	0	4	1	0	1	0	6	1	4	2	8	0	1	3	6	4	4	0	2	0	0
OTU_3400	5	14	16	26	27	1	4	11	3	8	9	3	7	6	9	1	10	8	0	11	0	0
OTU_5769	4	20	12	15	15	7	5	12	3	4	18	11	20	7	12	3	20	17	0	9	0	0
OTU_1308	9	1	4	24	2	3	7	9	4	6	0	2	5	4	18	2	1	2	0	1	0	0
OTU_5053	19	11	8	121	17	201	33	31	48	28	10	62	19	34	29	77	9	8	0	36	0	0
OTU_1229	13	6	3	0	5	2	20	1	11	14	2	11	0	22	2	1	2	7	0	3	0	0
OTU_626	58	5	6	13	10	27	28	6	26	37	4	58	2	55	11	18	9	10	0	36	0	0
OTU_4722	4	2	1	2	2	2	1	6	3	5	2	1	2	10	8	0	2	5	0	4	0	0
OTU_3217	32	10	28	25	20	1	29	5	16	32	24	10	30	23	12	6	12	13	0	41	0	0
OTU_1684	16	2	0	5	3	0	52	4	24	47	2	14	10	52	2	2	1	2	0	23	0	0
OTU_767	7	9	11	2	34	1	6	12	6	9	25	7	18	7	6	1	34	8	0	16	0	0
OTU_3056	6	9	4	30	9	1	11	34	6	5	12	7	7	11	15	0	8	7	0	5	0	0
OTU_1478	9	2	0	20	2	1	3	2	10	8	2	10	1	11	0	3	1	0	0	3	0	0
OTU_3011	0	0	2	4	6	0	2	0	0	1	2	0	0	0	0	0	2	0	0	0	0	0
OTU_2865	14	4	2	7	7	1	14	8	4	11	7	6	17	16	5	8	4	2	0	18	0	0
OTU_497	24	4	0	8	3	7	17	11	13	32	0	57	0	32	9	23	5	4	0	86	0	0
OTU_2398	1	0	1	2	1	2	2	1	1	4	3	2	2	9	0	5	1	0	0	12	0	0
OTU_842	27	4	2	8	5	2	71	27	43	80	5	12	26	72	4	2	4	3	0	29	0	0
OTU_5543	1	15	19	5	12	15	2	14	4	5	10	8	7	5	4	3	45	18	0	2	0	0
OTU_4937	2	3	1	0	5	0	0	1	2	2	4	1	0	1	3	4	1	1	0	0	0	0
OTU_585	33	2	0	5	2	0	22	4	13	15	1	35	14	15	2	3	2	0	0	21	0	0
OTU_3677	18	7	4	27	10	6	39	9	16	13	10	28	4	6	3	58	1	1	0	6	0	0
OTU_4138	1	1	2	0	0	0	0	1	0	1	0	0	0	1	0	0	0	0	0	0	0	0
OTU_768	20	12	9	14	16	2	6	12	2	4	3	8	7	3	7	16	4	11	0	7	0	0
OTU_1637	9	2	0	3	3	0	8	3	6	11	5	2	8	12	2	1	1	1	0	9	0	0
OTU_1739	10	7	6	5	6	0	15	12	3	7	6	3	19	12	3	0	2	9	0	20	0	0
OTU_3836	0	1	2	1	1	0	2	0	1	4	2	0	0	0	0	0	0	1	0	0	0	0
OTU_434	23	1	1	1	3	0	8	4	5	2	4	3	40	1	29	3	105	3	0	67	0	0
OTU_3109	3	1	3	2	0	1	1	0	2	2	0	4	5	2	2	0	1	0	0	3	0	0
OTU_1611	5	0	0	1	1	2	10	0	3	5	3	4	8	13	2	0	1	0	0	10	0	0
OTU_735	6	5	2	43	1	0	8	9	6	10	3	4	4	10	4	6	5	5	0	3	0	0
OTU_3119	0	1	1	1	3	3	1	0	0	2	1	0	1	4	0	3	1	0	0	3	0	0
OTU_5128	0	0	0	0	0	0	0	0	0	0	0	2	1	0	0	0	0	0	0	1	0	0
OTU_1278	4	0	2	2	8	2	6	3	5	2	1	13	2	2	0	5	1	0	0	12	0	0
OTU_1095	28	0	3	2	10	4	21	6	15	31	4	21	2	18	2	8	11	0	0	16	0	0
OTU_2628	1	0	0	0	0	2	0	0	1	0	1	5	0	0	1	1	0	2	0	3	0	0
OTU_1048	17	9	13	9	31	0	8	13	10	20	17	3	31	14	21	3	10	12	0	33	0	0
OTU_2702	4	1	1	0	5	10	0	1	3	4	1	6	1	0	1	3	1	1	0	3	0	0
OTU_343	14	13	16	42	23	23	14	7	11	17	18	11	4	17	11	8	16	11	0	14	0	0
OTU_4248	0	0	0	0	0	1	0	0	0	0	0	0	0	0	0	3	0	0	0	0	0	0
OTU_2310	0	1	0	2	1	0	0	2	0	0	0	1	0	0	1	11	0	1	0	2	0	0
OTU_2202	4	1	0	4	2	2	2	4	0	3	3	3	3	2	2	0	0	1	0	2	0	0
OTU_2757	4	2	0	8	6	11	0	1	2	0	1	6	2	2	4	6	2	3	0	2	0	0
OTU_1190	9	2	0	5	4	1	20	9	7	10	5	2	15	9	6	2	2	0	0	5	0	0
OTU_1013	11	4	4	3	2	1	22	3	10	18	22	1	8	20	2	0	2	0	0	5	0	0
OTU_1034	32	1	1	4	0	1	51	11	24	51	7	7	7	51	3	4	7	0	0	29	0	0
OTU_837	74	35	15	27	44	3	31	126	50	45	20	51	88	38	85	120	15	21	0	213	0	0
OTU_368	8	4	21	95	38	0	33	18	23	23	18	8	16	55	15	5	24	150	0	15	0	0
OTU_946	12	0	0	4	0	3	4	3	5	11	0	10	1	6	5	4	1	0	0	17	0	0
OTU_542	16	3	2	17	8	1	48	38	22	23	3	18	19	28	6	9	6	1	0	32	0	0
OTU_620	26	13	21	16	19	2	30	44	19	27	18	19	7	20	15	8	22	17	0	8	0	0
OTU_5817	13	6	2	14	3	7	31	33	24	30	7	5	7	20	16	8	3	2	0	26	0	0
OTU_1533	8	3	1	3	3	0	5	3	4	6	12	3	19	5	2	1	6	4	0	16	0	0
OTU_1937	2	3	2	5	2	2	3	3	1	1	1	0	2	1	5	3	4	3	0	1	0	0
OTU_531	24	14	12	8	30	57	40	8	55	28	16	28	12	32	15	72	9	10	0	43	0	0
OTU_1486	4	3	8	2	4	1	0	3	0	0	5	2	2	1	3	0	7	7	0	3	0	0
OTU_764	5	17	23	9	43	1	6	23	6	9	34	9	12	6	8	3	44	34	0	11	0	0
OTU_677	17	5	6	11	9	1	29	10	19	20	12	2	11	35	10	1	5	4	0	18	0	0
OTU_3157	1	0	3	7	4	4	2	0	5	2	2	1	3	3	0	0	3	1	0	0	0	0
OTU_417	28	1	1	5	11	10	32	11	16	27	4	24	8	27	5	9	4	1	0	8	0	0
OTU_1814	5	1	0	5	2	0	7	3	2	1	1	2	16	4	9	0	1	3	0	7	0	0
OTU_2013	6	14	11	6	8	5	6	5	2	11	12	2	4	4	3	2	14	11	0	6	0	0
OTU_2678	2	0	0	0	0	0	1	0	0	2	0	6	0	2	0	4	0	0	0	2	0	0
OTU_1436	1	5	5	9	2	0	0	7	1	0	2	0	0	0	3	3	6	4	0	0	0	0
OTU_1264	9	2	0	9	7	0	2	7	2	3	3	3	0	4	9	1	3	2	0	8	0	0
OTU_2274	2	2	2	0	1	0	2	1	8	3	0	3	0	1	0	0	0	0	0	2	0	0
OTU_2064	1	2	0	2	5	1	0	3	1	3	4	6	3	2	0	0	7	3	0	1	0	0
OTU_1213	4	12	8	4	13	5	2	7	2	6	3	5	4	3	8	4	11	15	0	3	0	0
OTU_357	20	17	22	16	22	30	19	13	22	39	8	20	10	35	9	12	14	11	0	20	0	0
OTU_1485	1	4	7	4	10	3	0	1	0	1	3	0	3	1	6	0	7	6	0	0	0	0
OTU_365	37	19	27	33	36	10	10	15	9	18	21	60	8	21	24	24	52	35	0	72	0	0
OTU_6161	0	0	0	0	0	0	0	1	0	0	0	0	2	0	0	0	1	0	0	0	0	0
OTU_1802	6	2	1	0	0	9	2	2	1	0	0	4	0	1	0	6	0	0	0	0	0	0
OTU_533	6	9	12	39	29	1	5	29	3	4	18	3	13	2	17	1	17	15	0	6	0	0
OTU_1241	8	1	1	3	5	3	4	3	4	7	9	3	1	6	0	3	7	1	0	7	0	0
OTU_1187	1	14	14	0	15	0	0	2	0	0	8	0	1	0	1	0	12	6	0	0	0	0
OTU_884	3	10	11	13	17	1	1	8	4	4	15	3	2	2	22	1	9	18	0	2	0	0
OTU_5164	1	11	7	34	17	0	4	17	2	10	12	10	2	3	24	1	20	9	0	4	0	0
OTU_278	43	23	15	30	46	1	24	29	16	42	26	14	57	21	40	16	11	22	0	41	0	0
OTU_472	20	1	0	5	2	0	36	13	26	27	0	15	7	31	6	1	0	0	0	18	0	0
OTU_1354	2	1	5	0	107	0	0	0	0	1	0	4	0	0	0	0	0	0	0	1	0	0
OTU_789	10	8	2	1	8	1	15	3	8	21	11	7	17	10	0	1	4	9	0	6	0	0
OTU_558	24	1	3	13	5	14	52	7	35	54	9	10	25	59	2	9	9	3	0	15	0	0
OTU_1677	25	9	2	28	11	1	34	33	14	29	4	17	3	16	17	1	6	0	0	37	0	0
OTU_786	22	13	10	39	21	116	22	12	30	19	14	67	5	28	26	37	13	11	0	47	0	0
OTU_436	59	2	0	2	1	0	28	17	22	42	0	78	0	55	4	12	0	1	0	85	0	0
OTU_2442	3	1	3	1	0	3	2	0	1	6	3	4	1	4	0	1	2	4	0	1	0	0
OTU_1124	2	3	1	9	6	0	3	17	1	7	2	5	3	1	14	0	4	7	0	9	0	0
OTU_2451	1	1	4	0	3	3	3	0	2	1	2	2	1	1	1	0	4	2	0	2	0	0
OTU_1068	7	0	0	0	1	0	24	3	12	19	0	7	14	23	5	1	0	0	0	4	0	0
OTU_191	57	39	57	118	66	38	63	170	37	49	39	46	63	36	72	14	52	76	0	50	0	0
OTU_3138	1	0	0	3	0	9	0	0	0	2	0	0	1	0	1	9	0	0	0	0	0	0
OTU_624	14	3	20	3	4	19	21	3	12	34	3	25	3	23	7	10	9	18	0	19	0	0
OTU_401	21	17	25	20	35	7	25	24	25	22	20	31	28	23	16	9	19	13	0	20	0	0
OTU_1239	2	3	5	5	6	8	3	4	4	5	6	0	0	4	3	1	3	2	0	4	0	0
OTU_4236	10	0	0	0	0	0	51	0	30	9	0	3	5	15	5	0	0	1	0	10	0	0
OTU_567	38	7	0	35	5	28	37	26	47	40	4	59	28	48	2	13	2	2	0	28	0	0
OTU_1542	0	2	5	3	3	0	0	0	0	2	6	0	2	2	3	0	3	1	0	2	0	0
OTU_693	9	9	6	44	8	0	7	18	1	2	4	8	2	5	36	4	4	22	0	3	0	0
OTU_5854	12	0	0	1	0	0	0	1	0	8	1	4	6	1	2	0	0	0	0	8	0	0
OTU_2250	7	4	4	6	6	9	4	4	2	4	2	8	1	9	1	4	5	4	0	5	0	0
OTU_5685	22	14	13	45	32	7	10	23	4	17	14	28	2	15	34	5	21	14	0	19	0	0
OTU_5122	14	1	3	2	4	65	14	4	45	39	3	23	21	34	3	43	0	1	0	30	0	0
OTU_4193	8	22	24	7	30	6	6	15	5	7	25	3	12	13	11	3	13	11	0	16	0	0
OTU_1883	2	5	3	1	22	0	9	4	4	15	3	5	6	17	5	3	7	2	0	4	0	0
OTU_358	24	6	3	2	2	6	38	2	28	69	4	20	8	39	7	10	3	4	0	35	0	0
OTU_2497	10	3	9	2	6	0	1	4	3	4	7	15	0	4	4	4	8	5	0	0	0	0
OTU_218	87	51	53	16	56	211	79	43	117	91	60	123	85	98	42	93	47	53	0	95	0	0
OTU_553	8	31	21	18	35	4	4	21	4	6	19	3	9	2	20	1	32	26	0	8	0	0
OTU_1845	3	1	0	0	2	1	3	0	1	3	3	3	0	3	2	2	7	1	0	4	0	0
OTU_475	43	5	5	11	3	24	51	12	40	43	0	54	10	74	3	25	8	5	0	18	0	0
OTU_139	101	88	57	76	259	27	86	59	46	99	41	81	36	62	62	32	78	44	0	142	0	0
OTU_3058	0	2	5	2	2	0	0	1	0	0	2	0	0	0	1	1	6	0	0	0	0	0
OTU_659	17	3	7	6	5	0	56	6	29	62	7	10	3	98	5	1	3	7	0	17	0	0
OTU_635	23	10	7	17	11	0	17	9	8	41	20	6	28	16	9	8	8	6	0	34	0	0
OTU_1884	8	1	1	5	3	2	3	7	4	3	1	9	5	2	3	0	2	2	0	12	0	0
OTU_1861	6	16	19	4	28	0	7	1	4	6	40	5	3	4	12	4	17	31	0	4	0	0
OTU_391	32	23	12	29	35	11	18	26	12	39	11	12	19	19	15	15	8	27	0	27	0	0
OTU_4348	58	43	55	39	96	78	45	39	31	38	53	57	21	39	39	24	50	60	0	34	0	0
OTU_190	85	23	17	56	25	2	123	67	68	83	68	78	129	124	55	14	39	19	0	156	0	0
OTU_4406	10	11	14	60	23	5	9	15	12	16	15	7	8	11	24	1	22	21	0	11	0	0
OTU_296	36	4	6	60	4	2	37	52	27	26	1	37	22	34	24	7	1	4	0	25	0	0
OTU_1483	0	0	0	14	1	6	0	4	0	1	0	0	1	1	12	6	3	0	0	1	0	0
OTU_4021	0	3	0	2	2	0	0	2	0	1	0	1	0	1	0	0	0	0	0	3	0	0
OTU_1804	8	0	0	2	1	0	9	0	5	6	2	5	7	10	1	1	0	2	0	5	0	0
OTU_1472	4	0	0	1	1	37	1	0	11	2	0	12	1	4	0	17	0	0	0	3	0	0
OTU_380	17	21	26	15	29	0	6	9	6	7	27	4	6	7	18	0	31	20	0	17	0	0
OTU_2754	1	5	8	15	8	0	4	7	0	2	7	3	0	3	1	5	26	9	0	0	0	0
OTU_2851	1	1	0	0	1	0	0	1	1	1	6	1	1	1	0	0	2	2	0	1	0	0
OTU_2119	3	48	14	37	18	28	1	49	14	3	4	5	63	2	52	23	8	10	0	6	0	0
OTU_502	14	20	19	13	39	5	10	12	8	6	24	7	6	10	15	2	29	16	0	13	0	0
OTU_5996	0	0	0	0	0	4	0	0	0	0	0	0	0	0	0	0	0	0	0	0	0	0
OTU_5906	2	2	0	0	2	3	0	1	1	0	2	0	0	1	1	0	3	0	0	2	0	0
OTU_990	2	2	2	9	1	0	4	22	8	25	5	2	11	1	8	0	12	5	0	11	0	0
OTU_431	20	38	18	18	64	4	34	17	25	58	47	38	44	31	26	5	17	30	0	36	0	0
OTU_317	24	2	2	1	2	15	69	1	58	56	3	9	10	66	0	10	1	0	0	24	0	0
OTU_2859	2	0	0	5	1	5	2	1	0	7	1	11	2	5	1	4	0	0	0	2	0	0
OTU_4299	0	0	1	0	0	0	0	0	0	2	0	0	0	0	0	0	2	0	0	1	0	0
OTU_304	24	24	29	36	41	4	3	12	0	9	24	10	0	8	10	2	45	43	0	20	0	0
OTU_1406	3	0	0	0	2	0	49	0	23	14	3	4	22	10	2	1	0	0	0	5	0	0
OTU_285	6	16	57	31	70	12	1	26	3	4	34	7	20	2	25	6	81	86	0	1	0	0
OTU_730	3	3	0	105	3	0	3	12	3	0	1	0	3	0	41	0	0	3	0	0	0	0
OTU_2559	1	0	0	0	1	5	2	0	4	0	1	2	4	0	0	2	0	0	0	3	0	0
OTU_722	8	4	3	3	6	0	26	12	16	24	11	9	18	21	1	1	5	1	0	13	0	0
OTU_5206	0	1	0	1	0	0	0	0	0	0	0	2	0	0	0	0	0	0	0	0	0	0
OTU_395	26	19	19	17	31	2	20	39	22	25	29	9	30	30	15	3	19	24	0	19	0	0
OTU_698	36	2	12	14	12	9	31	6	13	42	9	39	5	40	4	8	5	7	0	19	0	0
OTU_1669	4	13	3	2	11	2	10	0	6	6	10	23	2	5	2	0	3	8	0	5	0	0
OTU_748	39	7	4	25	26	4	9	36	12	21	4	7	6	7	13	4	7	9	0	14	0	0
OTU_1393	3	7	11	4	31	0	3	12	3	8	17	0	12	4	9	5	9	16	0	6	0	0
OTU_5789	35	1	1	1	5	57	27	1	28	50	0	34	12	25	0	19	8	1	0	17	0	0
OTU_1078	10	1	5	1	7	0	4	6	3	4	7	1	3	2	7	0	4	11	0	5	0	0
OTU_4594	1	0	1	1	0	1	0	0	1	0	1	1	0	2	0	1	0	0	0	1	0	0
OTU_812	31	12	7	19	16	13	37	10	24	36	15	21	1	36	5	15	10	11	0	29	0	0
OTU_2086	0	1	2	2	7	0	0	2	0	0	4	2	0	0	3	0	7	6	0	0	0	0
OTU_4531	0	0	0	0	0	0	3	1	0	1	0	1	1	2	0	0	0	0	0	0	0	0
OTU_854	0	0	0	0	0	0	0	0	1	0	0	0	0	0	1	0	1	0	117	0	0	0
OTU_1298	3	1	0	1	2	0	0	16	0	1	1	51	0	2	1	8	3	0	0	1	0	0
OTU_2362	4	3	4	12	2	0	2	1	2	3	5	0	2	4	5	0	3	5	0	1	0	0
OTU_1873	34	42	14	58	34	11	32	32	22	42	27	6	109	37	43	4	25	22	0	24	0	0
OTU_792	22	2	6	8	11	0	45	32	35	31	19	28	33	51	3	5	6	5	0	22	0	0
OTU_592	40	27	32	27	37	6	39	31	46	31	44	17	17	48	22	11	18	36	0	33	0	0
OTU_1582	3	7	9	6	13	5	12	6	2	2	14	5	12	8	3	3	26	8	0	4	0	0
OTU_163	44	77	102	250	106	24	9	57	15	44	56	27	15	13	62	17	201	28	0	24	0	0
OTU_1586	1	1	6	0	7	0	4	0	2	3	10	0	0	2	0	0	1	12	0	2	0	0
OTU_4943	8	0	0	0	0	9	14	0	4	3	0	7	0	13	0	4	0	0	0	3	0	0
OTU_1552	2	4	7	16	9	0	1	4	2	4	5	2	5	6	4	0	2	2	0	4	0	0
OTU_876	8	6	3	25	7	1	5	12	3	5	3	6	1	5	9	4	6	2	0	5	0	0
OTU_977	0	0	0	66	0	0	1	6	2	0	0	0	1	0	6	0	0	0	0	0	0	0
OTU_280	14	89	119	49	248	129	7	29	19	9	116	11	11	10	65	129	116	82	0	12	0	0
OTU_658	12	7	4	16	9	7	7	35	9	11	8	11	8	16	18	3	2	5	0	5	0	0
OTU_2791	1	0	0	1	1	2	2	0	3	4	0	0	0	2	0	3	1	0	0	0	0	0
OTU_1534	1	4	7	14	5	0	1	7	1	0	4	2	2	1	16	0	4	8	0	1	0	0
OTU_1341	7	1	1	15	4	3	13	11	19	9	2	9	7	10	1	8	3	5	0	8	0	0
OTU_3511	37	41	45	68	69	49	26	51	27	21	44	48	22	31	55	20	37	53	0	30	0	0
OTU_1989	4	0	1	0	1	1	0	1	0	3	1	4	2	3	0	2	0	1	0	1	0	0
OTU_2843	0	1	1	2	1	0	0	1	1	0	1	0	1	0	1	0	4	4	0	0	0	0
OTU_858	26	4	0	16	4	1	6	29	2	20	4	0	47	5	46	0	1	7	0	25	0	0
OTU_1153	17	12	14	17	17	2	17	56	21	16	13	23	24	20	21	12	7	34	0	16	0	0
OTU_1089	5	8	6	19	10	2	6	31	4	5	3	5	12	5	8	5	9	6	0	2	0	0
OTU_5877	0	0	0	2	0	0	0	0	0	0	0	0	1	0	0	0	0	0	0	1	0	0
OTU_1404	3	2	2	10	12	0	0	12	0	1	0	0	1	1	3	0	3	0	0	0	0	0
OTU_1378	4	3	1	0	8	0	0	6	2	4	1	8	10	3	10	8	1	2	0	11	0	0
OTU_5135	0	0	0	2	0	0	0	0	0	0	1	0	0	0	1	0	2	0	0	0	0	0
OTU_2605	0	1	1	0	4	0	0	1	0	0	7	0	3	1	0	0	2	4	0	0	0	0
OTU_738	19	0	0	1	0	0	21	0	15	19	0	14	0	24	1	1	0	0	0	4	0	0
OTU_2545	0	0	0	1	1	9	0	1	0	0	1	0	1	0	3	2	0	0	0	1	0	0
OTU_3184	0	0	0	1	0	5	3	12	2	1	0	4	18	1	0	0	0	1	0	3	0	0
OTU_1720	6	0	0	0	0	58	0	0	5	2	0	11	1	2	0	78	0	1	0	4	0	0
OTU_367	67	16	12	30	31	0	71	42	36	83	65	14	56	47	24	1	15	48	0	56	0	0
OTU_5617	1	0	0	1	0	0	0	0	1	0	1	1	0	1	0	0	1	1	0	1	0	0
OTU_3463	2	0	0	0	0	1	0	0	0	1	0	1	1	0	0	4	0	0	0	2	0	0
OTU_4545	4	3	2	2	6	0	2	1	1	0	3	1	5	5	3	0	1	4	0	1	0	0
OTU_2584	0	2	0	2	0	0	0	3	1	1	1	1	2	2	2	1	0	1	0	3	0	0
OTU_482	1	22	20	66	33	69	9	43	18	3	25	6	26	8	38	35	52	17	0	5	0	0
OTU_170	64	28	36	29	48	36	39	248	27	83	52	97	56	52	64	39	36	41	0	220	0	0
OTU_3408	38	3	4	6	3	0	81	6	29	72	10	30	4	64	4	0	2	1	0	52	0	0
OTU_1416	11	8	16	25	13	15	10	19	4	5	6	14	3	6	6	4	8	21	0	21	0	0
OTU_642	7	21	20	21	24	4	4	8	4	6	19	7	3	3	27	3	21	12	0	4	0	0
OTU_3667	29	0	2	4	7	2	31	22	22	17	10	14	40	37	16	1	6	9	0	34	0	0
OTU_345	73	14	16	11	31	6	144	66	132	156	9	49	58	146	31	15	20	33	0	97	0	0
OTU_4803	4	7	4	17	8	4	3	6	4	5	1	5	2	8	18	9	6	10	0	3	0	0
OTU_1441	4	1	3	13	1	2	5	9	2	5	1	2	4	7	7	4	2	1	0	1	0	0
OTU_704	17	0	0	10	1	0	27	15	18	31	4	18	25	21	7	1	0	1	0	30	0	0
OTU_450	15	13	17	40	18	4	9	14	8	18	17	10	5	7	12	1	24	18	0	15	0	0
OTU_1339	4	1	4	4	6	0	2	3	2	4	3	3	1	0	8	0	4	6	0	7	0	0
OTU_260	12	71	69	5	59	1	5	42	13	12	90	11	31	9	12	5	53	73	0	8	0	0
OTU_2188	3	0	0	1	0	3	3	0	1	3	1	0	0	5	0	3	0	0	0	3	0	0
OTU_645	32	22	35	24	64	68	17	20	25	28	38	20	28	25	19	89	26	40	0	87	0	0
OTU_394	23	14	4	41	28	1	21	45	14	34	15	26	15	26	20	4	28	6	0	21	0	0
OTU_758	9	7	8	10	12	0	21	11	28	15	18	13	9	14	6	2	8	10	0	24	0	0
OTU_425	11	6	3	17	13	5	61	24	36	96	23	19	18	80	3	4	11	3	0	33	0	0
OTU_1228	12	6	6	2	17	18	9	2	5	18	4	14	8	14	5	7	6	4	0	20	0	0
OTU_2008	3	3	1	13	0	0	0	1	1	7	1	2	3	3	1	1	2	0	0	5	0	0
OTU_3780	0	2	2	1	0	0	0	0	0	0	1	0	0	0	1	0	0	1	0	0	0	0
OTU_1931	1	12	25	8	10	9	0	40	6	4	65	8	18	1	29	13	35	47	0	21	0	0
OTU_1043	8	1	0	7	2	1	13	3	6	9	4	4	3	13	4	5	0	0	0	2	0	0
OTU_1066	14	4	1	13	5	124	2	4	22	9	3	8	9	12	5	56	6	8	0	9	0	0
OTU_5823	21	0	0	0	0	0	0	1	0	8	0	0	0	0	0	0	0	0	0	37	0	0
OTU_487	53	6	9	7	10	34	69	18	46	94	21	34	9	72	8	20	18	17	0	37	0	0
OTU_1412	9	6	3	1	13	8	10	0	9	15	1	15	0	25	5	8	11	1	0	5	0	0
OTU_3755	1	1	1	5	1	0	0	0	2	1	2	1	0	0	2	2	0	1	0	4	0	0
OTU_1488	5	2	2	0	2	0	7	4	8	5	1	4	20	3	2	4	3	4	0	4	0	0
OTU_5099	28	43	60	6	58	4	4	42	4	32	93	13	25	9	39	14	61	48	0	68	0	0
OTU_349	39	30	43	34	59	11	14	74	14	28	32	40	36	30	26	32	18	28	0	46	0	0
OTU_3675	2	0	2	0	0	0	6	0	2	4	4	0	2	3	0	0	1	1	0	0	0	0
OTU_870	19	0	0	1	0	0	27	0	19	34	0	45	0	28	3	7	0	0	0	11	0	0
OTU_1056	7	6	8	19	13	1	6	7	1	5	7	16	2	8	8	2	11	16	0	15	0	0
OTU_4083	14	5	5	7	13	28	12	9	14	14	1	21	4	9	2	14	7	5	0	12	0	0
OTU_3669	1	0	0	2	0	2	2	4	3	2	1	3	2	2	3	7	0	0	0	3	0	0
OTU_3720	6	0	0	1	0	1	5	0	1	3	0	5	1	3	1	17	0	0	0	5	0	0
OTU_1267	9	3	6	1	2	3	16	1	6	11	8	8	6	17	2	1	3	8	0	11	0	0
OTU_1437	6	15	8	5	20	0	10	6	4	12	14	5	7	3	5	1	11	5	0	10	0	0
OTU_1544	16	3	5	15	12	5	23	47	13	15	6	28	7	13	4	8	2	2	0	19	0	0
OTU_3671	1	1	0	0	0	0	6	0	4	3	0	2	0	8	0	0	0	1	0	0	0	0
OTU_2185	23	14	20	15	58	11	31	13	24	39	27	17	26	21	12	3	23	13	0	31	0	0
OTU_5372	7	4	5	3	1	0	4	12	1	2	1	4	9	3	15	0	36	4	0	26	0	0
OTU_2622	2	0	0	0	2	2	2	5	5	0	1	3	4	3	0	11	0	0	0	5	0	0
OTU_826	5	9	6	1	13	0	8	1	3	11	6	3	5	3	3	0	6	7	0	7	0	0
OTU_2587	5	2	0	1	3	3	6	2	1	6	5	3	2	4	2	0	4	1	0	0	0	0
OTU_4863	0	1	0	0	0	0	0	0	0	0	0	1	0	0	0	0	2	2	0	0	0	0
OTU_2617	2	0	0	0	0	0	0	1	0	0	1	2	0	3	2	8	0	0	0	1	0	0
OTU_2164	1	1	3	1	7	1	0	0	0	0	1	0	0	0	0	1	6	6	0	0	0	0
OTU_1055	2	2	1	0	0	84	2	0	8	3	0	13	3	3	0	42	0	1	0	4	0	0
OTU_2820	0	0	1	0	0	14	0	0	3	0	0	2	2	1	0	5	0	0	0	4	0	0
OTU_1373	21	10	6	28	24	0	35	35	4	13	5	10	8	12	19	4	9	3	0	7	0	0
OTU_2996	1	4	4	1	11	7	2	0	5	3	8	1	2	1	4	6	7	8	0	3	0	0
OTU_2470	4	0	3	1	0	1	0	3	1	6	1	2	2	2	3	2	1	1	0	2	0	0
OTU_2928	1	0	2	0	1	0	0	2	0	4	0	0	3	0	0	0	0	0	0	0	0	0
OTU_1432	1	2	2	0	5	3	7	3	3	3	3	6	60	4	2	4	1	0	0	4	0	0
OTU_313	4	35	44	9	70	57	5	2	20	6	58	10	9	6	24	39	39	46	0	8	0	0
OTU_5244	14	10	16	3	14	4	7	8	1	15	13	2	13	12	9	0	7	15	0	6	0	0
OTU_5773	1	1	0	0	0	0	2	0	4	1	0	0	2	0	2	0	0	1	0	5	0	0
OTU_3268	1	0	4	3	1	0	1	10	1	3	1	4	4	0	8	0	1	6	0	1	0	0
OTU_5684	11	6	4	50	15	93	12	37	21	5	6	21	9	8	14	58	10	7	0	17	0	0
OTU_643	2	19	26	11	28	1	10	6	4	7	31	4	3	5	26	4	24	23	0	9	0	0
OTU_2091	7	1	2	0	1	1	4	3	4	2	0	2	1	1	1	2	0	0	0	2	0	0
OTU_529	15	7	5	4	11	15	10	9	5	35	2	51	1	31	14	14	6	5	0	26	0	0
OTU_309	0	0	0	0	0	0	1	0	0	0	1	0	0	0	0	0	7	0	124	0	186	0
OTU_5257	7	1	2	15	1	46	2	3	7	5	1	19	8	5	4	56	1	1	0	5	0	0
OTU_409	22	17	11	21	25	3	36	21	17	21	11	11	8	30	13	3	16	6	0	17	0	0
OTU_954	5	3	11	10	10	2	6	10	4	12	9	2	3	5	5	0	8	12	0	8	0	0
OTU_1665	4	5	8	6	10	1	5	4	4	4	7	14	3	16	0	26	4	9	0	24	0	0
OTU_5861	1	1	0	2	3	0	0	4	0	0	3	0	1	1	2	1	0	1	0	0	0	0
OTU_2413	0	0	0	69	0	0	0	5	0	1	0	0	0	0	9	1	0	3	0	0	0	0
OTU_3812	6	3	10	10	6	0	4	6	4	8	7	6	4	4	6	0	10	7	0	3	0	0
OTU_4371	1	2	5	4	9	0	5	2	1	3	3	0	1	1	4	5	10	5	0	3	0	0
OTU_820	3	14	17	2	12	5	2	2	4	4	11	1	0	1	10	3	13	12	0	1	0	0
OTU_1568	9	1	1	0	2	0	13	2	0	13	3	4	5	8	0	3	2	5	0	4	0	0
OTU_1233	5	2	2	193	2	0	2	42	4	5	2	2	5	2	5	0	4	2	0	3	0	0
OTU_2105	24	7	5	5	8	1	17	3	9	37	30	3	9	27	14	2	11	9	0	18	0	0
OTU_3244	0	0	0	1	0	0	2	1	0	1	1	1	0	0	0	0	0	0	0	3	0	0
OTU_2380	3	0	0	1	1	3	2	1	2	1	0	9	0	5	0	3	0	0	0	7	0	0
OTU_2056	12	3	2	0	6	2	14	1	8	16	2	4	7	11	1	3	1	1	0	10	0	0
OTU_423	18	24	35	5	16	5	5	3	20	12	33	8	13	11	17	28	24	35	0	13	0	0
OTU_520	32	8	5	7	6	1	54	18	25	49	7	26	7	36	1	4	6	14	0	31	0	0
OTU_1230	24	4	4	9	22	1	32	23	24	40	7	12	17	42	19	2	13	12	0	14	0	0
OTU_2151	0	0	0	10	0	0	0	6	2	0	0	0	1	0	1	0	0	0	0	0	0	0
OTU_4967	0	0	0	1	0	1	0	0	1	1	0	0	1	0	0	0	1	0	0	0	0	0
OTU_1154	1	3	1	27	5	3	0	6	0	0	2	1	1	0	8	3	3	1	0	0	0	0
OTU_361	11	7	15	51	30	22	7	22	6	3	11	35	3	6	42	16	27	24	0	4	0	0
OTU_1522	1	1	2	13	3	0	1	35	0	0	0	0	1	0	1	0	2	0	0	0	0	0
OTU_712	8	8	1	12	15	1	6	11	1	8	16	2	22	7	6	0	8	10	0	9	0	0
OTU_416	2	14	33	6	28	0	0	14	1	5	37	0	16	0	11	0	34	42	0	7	0	0
OTU_432	31	32	60	72	62	42	30	65	27	26	44	23	48	29	72	21	50	72	0	24	0	0
OTU_889	11	5	10	10	18	0	7	10	2	8	23	9	15	4	17	0	12	11	0	9	0	0
OTU_2768	1	0	0	1	0	0	0	11	0	1	2	0	5	4	2	0	0	0	0	1	0	0
OTU_4975	0	0	0	0	0	0	1	0	0	0	1	0	0	0	0	0	0	0	0	0	0	0
OTU_3701	0	0	0	0	0	11	0	1	2	1	0	5	0	0	0	9	0	0	0	1	0	0
OTU_755	8	0	2	0	3	2	17	0	9	88	1	1	6	8	0	0	1	1	0	0	0	0
OTU_2429	6	1	1	0	1	0	6	1	1	6	2	2	3	2	0	0	3	0	0	3	0	0
OTU_2183	1	0	0	0	0	2	1	0	2	4	3	7	2	2	0	1	0	0	0	18	0	0
OTU_539	6	19	20	30	28	0	6	32	1	6	17	6	7	4	26	1	22	25	0	0	0	0
OTU_3127	7	0	0	6	0	0	1	1	1	4	0	2	2	3	7	4	0	2	0	2	0	0
OTU_1000	18	12	2	13	14	1	2	15	4	20	15	10	12	3	14	8	6	5	0	5	0	0
OTU_2120	1	2	0	7	1	5	1	1	1	3	2	0	2	0	1	1	3	1	0	1	0	0
OTU_649	10	0	0	0	1	0	31	18	13	25	1	4	23	31	1	2	0	1	0	11	0	0
OTU_4250	1	0	0	1	1	1	0	0	1	0	0	2	1	0	0	0	0	0	0	0	0	0
OTU_5371	1	0	0	0	1	2	6	0	1	0	0	6	0	1	0	3	0	0	0	0	0	0
OTU_2224	0	2	2	0	3	0	0	0	0	0	3	0	0	0	0	0	2	10	0	0	0	0
OTU_1062	4	6	5	13	4	4	6	2	7	7	9	3	1	4	2	2	9	5	0	0	0	0
OTU_2574	2	0	0	0	0	10	2	0	9	4	0	1	8	2	0	4	0	2	0	4	0	0
OTU_1158	10	0	1	1	0	2	17	2	7	21	2	11	1	18	2	1	0	0	0	7	0	0
OTU_6009	0	0	0	0	0	0	0	0	0	1	1	1	3	0	0	0	0	0	0	1	0	0
OTU_2570	1	1	2	4	5	1	0	5	2	0	2	0	4	1	3	1	3	2	0	2	0	0
OTU_1277	0	0	0	0	0	0	0	0	0	0	0	0	0	0	0	0	57	0	0	0	0	0
OTU_2084	6	0	0	1	4	0	3	0	1	3	0	1	2	1	3	1	0	4	0	1	0	0
OTU_2637	4	0	1	1	1	0	1	2	1	9	3	5	1	0	0	0	0	3	0	0	0	0
OTU_3680	1	0	0	1	1	1	0	0	0	0	0	0	1	1	0	0	0	0	0	1	0	0
OTU_610	8	13	27	1	12	0	4	3	8	10	16	3	15	7	8	0	16	19	0	3	0	0
OTU_318	61	25	29	28	10	0	37	24	29	106	81	16	24	51	9	10	31	81	0	87	0	0
OTU_2659	31	3	1	18	9	2	47	14	27	53	19	15	7	44	12	2	4	18	0	20	0	0
OTU_1988	6	0	1	3	1	0	5	1	7	3	1	3	8	4	0	10	0	0	0	3	0	0
OTU_1765	5	6	2	50	14	1	8	14	8	13	5	3	11	5	6	2	4	3	0	3	0	0
OTU_1984	1	0	0	0	2	0	5	2	0	1	2	2	4	5	4	1	1	3	0	3	0	0
OTU_1757	0	0	0	0	0	45	0	0	4	1	0	1	4	3	0	19	1	1	0	0	0	0
OTU_1602	1	4	3	10	8	0	0	21	2	2	6	4	3	1	3	0	17	4	0	2	0	0
OTU_5126	9	5	4	67	11	223	1	25	23	5	0	12	13	2	18	119	5	7	0	8	0	0
OTU_2141	0	0	0	0	0	0	0	0	0	0	0	0	0	0	0	0	0	0	0	0	36	0
OTU_428	22	22	44	37	70	6	34	24	18	43	47	16	19	21	20	6	49	32	0	24	0	0
OTU_2230	9	0	2	2	0	0	4	2	1	1	1	1	1	4	4	0	0	0	0	10	0	0
OTU_5824	0	33	35	30	49	0	1	16	2	0	27	3	8	0	59	0	31	46	0	2	0	0
OTU_725	3	0	1	7	3	51	6	1	14	13	1	31	4	17	0	19	5	1	0	10	0	0
OTU_5645	5	7	2	25	12	0	6	14	2	9	4	9	0	7	4	1	14	1	0	3	0	0
OTU_1664	3	3	1	13	12	2	0	3	0	3	2	26	0	0	14	8	8	5	0	1	0	0
OTU_807	41	3	0	20	5	0	24	7	16	19	2	13	5	20	13	0	1	0	0	16	0	0
OTU_740	4	9	8	4	30	0	3	11	3	0	20	4	12	3	7	0	26	21	0	5	0	0
OTU_2244	1	0	0	0	0	0	2	4	4	3	4	3	1	4	0	0	0	2	0	6	0	0
OTU_2910	3	2	3	5	4	1	15	6	10	15	5	11	7	18	5	14	5	11	0	7	0	0
OTU_393	78	6	8	3	18	6	28	32	23	16	6	6	12	26	17	15	9	13	0	119	0	0
OTU_1797	3	3	3	3	11	0	2	7	3	10	4	4	10	6	4	1	6	5	0	9	0	0
OTU_729	17	2	4	4	4	0	9	7	7	21	6	6	18	16	3	2	7	6	0	19	0	0
OTU_1160	0	3	9	10	8	3	0	9	0	0	2	2	0	0	8	0	9	8	0	0	0	0
OTU_2723	1	5	2	3	4	0	0	1	0	1	3	3	3	1	2	0	6	4	0	1	0	0
OTU_1300	11	0	1	0	5	0	16	2	5	28	0	1	0	17	4	2	0	3	0	13	0	0
OTU_1471	42	11	7	8	6	0	52	42	24	42	6	76	79	49	6	9	13	11	0	43	0	0
OTU_1351	9	2	5	7	2	10	20	7	17	25	4	13	10	20	4	3	4	5	0	15	0	0
OTU_721	23	7	6	6	20	15	32	2	25	27	11	12	3	38	2	9	17	6	0	23	0	0
OTU_254	44	2	3	3	2	0	96	0	59	110	21	59	0	136	0	8	0	1	0	19	0	0
OTU_4470	0	0	0	3	7	0	2	2	0	4	0	2	4	0	1	0	2	4	0	0	0	0
OTU_1132	7	5	1	7	6	13	11	8	5	11	11	10	1	16	5	11	3	2	0	6	0	0
OTU_3051	0	0	0	16	0	0	0	2	0	0	0	0	0	0	0	0	0	0	0	0	0	0
OTU_2441	0	0	0	0	0	1	0	0	0	1	0	0	0	0	0	25	0	0	0	0	0	0
OTU_703	10	11	7	18	20	1	8	8	5	8	3	4	3	12	11	1	14	10	0	15	0	0
OTU_2666	0	0	1	0	3	0	0	0	0	1	0	1	0	0	1	1	5	0	0	0	0	0
OTU_303	42	2	2	7	1	2	53	23	35	47	5	25	18	42	10	6	1	3	0	175	0	0
OTU_2616	1	0	0	0	0	1	0	0	3	1	0	2	1	1	0	4	0	0	0	3	0	0
OTU_2817	4	1	3	4	0	1	3	4	4	5	1	3	7	10	0	1	1	1	0	5	0	0
OTU_1612	0	1	2	4	12	5	1	1	0	0	5	1	2	0	0	5	1	1	0	3	0	0
OTU_833	8	1	0	3	0	0	0	0	0	5	0	3	7	2	33	0	1	0	0	44	0	0
OTU_561	21	6	10	13	17	1	10	9	2	12	16	4	18	7	0	8	9	11	0	9	0	0
OTU_5669	2	1	3	6	3	1	0	4	2	0	4	2	1	0	3	0	2	4	0	2	0	0
OTU_778	24	2	1	6	4	0	32	9	15	40	1	39	5	39	4	6	1	1	0	13	0	0
OTU_790	12	2	1	1	1	0	8	1	9	24	5	3	0	17	2	2	2	2	0	8	0	0
OTU_823	20	15	12	15	12	1	13	10	5	9	21	4	12	13	12	2	13	17	0	15	0	0
OTU_622	17	3	9	3	9	10	14	14	21	35	6	3	25	14	9	6	4	15	0	10	0	0
OTU_1879	2	6	4	0	4	0	2	0	1	1	9	1	5	0	0	1	6	2	0	2	0	0
OTU_2740	0	2	6	0	2	7	0	2	2	0	2	4	3	0	1	10	7	10	0	0	0	0
OTU_5709	6	1	1	1	2	1	4	4	1	9	4	7	1	6	0	1	3	1	0	2	0	0
OTU_5538	1	0	0	0	0	2	0	0	1	2	0	2	0	1	0	0	0	0	0	0	0	0
OTU_2957	1	1	1	1	2	1	2	1	3	1	2	4	5	2	2	5	1	1	0	1	0	0
OTU_2934	2	3	0	12	1	1	2	1	2	2	0	2	1	1	3	1	1	2	0	1	0	0
OTU_841	21	0	0	0	0	0	40	3	25	31	0	12	13	55	1	1	0	1	0	22	0	0
OTU_1360	3	1	0	21	0	18	0	2	3	0	0	3	1	2	1	27	0	0	0	1	0	0
OTU_694	25	4	1	7	5	2	13	5	7	16	12	11	5	19	5	5	9	2	0	11	0	0
OTU_1391	3	3	4	5	8	13	7	2	1	2	0	4	2	6	2	4	3	1	0	3	0	0
OTU_1827	1	2	7	9	3	0	1	4	1	1	3	1	0	0	8	0	6	6	0	0	0	0
OTU_1480	0	3	5	4	5	0	1	3	1	0	0	1	1	1	3	1	7	4	0	0	0	0
OTU_1418	5	2	0	12	2	0	8	1	3	9	5	2	0	10	0	0	0	0	0	4	0	0
OTU_1216	12	2	4	4	9	29	12	1	8	13	5	22	0	13	1	13	9	0	0	10	0	0
OTU_1929	2	1	7	3	2	2	1	3	1	2	4	2	0	0	1	0	8	6	0	0	0	0
OTU_2776	0	0	0	3	5	37	0	3	7	1	0	0	1	1	1	8	0	2	0	1	0	0
OTU_3396	2	0	0	0	1	1	2	0	2	5	0	2	1	2	0	1	1	2	0	1	0	0
OTU_2431	5	3	0	5	2	4	1	2	10	5	0	4	1	5	1	5	4	1	0	2	0	0
OTU_5213	4	25	20	1	55	28	3	3	6	7	27	5	3	8	9	29	24	24	0	11	0	0
OTU_556	8	0	0	4	3	31	7	0	9	35	0	34	2	15	2	21	11	1	0	35	0	0
OTU_1290	1	6	2	14	4	0	4	6	4	11	2	2	22	5	10	3	0	0	0	25	0	0
OTU_2498	1	0	0	15	1	0	0	10	0	0	0	1	0	0	2	0	1	0	0	7	0	0
OTU_2734	19	4	0	1	2	4	18	6	15	30	1	17	10	27	5	4	1	3	0	19	0	0
OTU_385	0	0	0	0	0	0	0	0	0	0	0	0	0	0	0	0	0	0	0	0	218	0
OTU_793	30	23	31	18	30	20	37	9	24	35	30	22	6	21	31	32	34	36	0	25	0	0
OTU_486	0	0	0	0	0	1	0	0	0	0	0	0	0	0	0	0	0	0	0	0	192	0
OTU_727	14	2	3	3	5	0	17	5	8	18	7	3	11	5	4	1	3	12	0	8	0	0
OTU_5070	0	2	0	0	4	1	0	1	0	0	0	5	1	0	0	3	4	0	0	1	0	0
OTU_1608	1	5	4	6	8	0	1	8	0	8	18	1	9	1	10	1	4	8	0	8	0	0
OTU_256	43	0	0	78	3	4	68	31	25	46	0	62	43	55	8	9	0	0	0	42	0	0
OTU_1459	12	1	5	4	2	0	8	2	11	20	1	8	0	16	2	3	2	1	0	7	0	0
OTU_2564	2	1	1	0	2	0	3	2	1	3	1	1	1	3	1	0	1	2	0	3	0	0
OTU_776	14	5	16	17	15	14	50	28	31	41	27	15	23	37	2	10	26	12	0	14	0	0
OTU_756	8	1	1	2	3	2	6	6	6	9	3	5	7	6	8	0	3	6	0	18	0	0
OTU_882	4	4	2	9	10	3	0	14	1	3	35	18	3	1	6	4	11	5	0	0	0	0
OTU_1770	3	8	11	9	8	7	5	7	9	3	7	7	6	1	12	4	6	9	0	3	0	0
OTU_2356	0	2	1	2	6	0	0	0	0	0	0	0	0	0	1	0	0	3	0	2	0	0
OTU_743	17	6	1	20	20	3	12	33	8	21	4	9	6	18	12	1	11	4	0	11	0	0
OTU_1733	10	0	0	2	0	0	9	0	4	2	0	10	0	7	0	2	0	0	0	15	0	0
OTU_817	15	3	2	4	4	1	14	0	7	9	3	16	0	15	3	4	4	1	0	14	0	0
OTU_377	5	0	1	12	2	1	11	3	6	5	4	4	93	0	77	0	26	1	0	11	0	0
OTU_537	22	9	5	30	16	19	16	15	20	14	8	14	4	21	13	7	5	7	0	24	0	0
OTU_2718	0	7	0	2	10	0	0	2	0	0	7	1	0	1	1	0	5	4	0	1	0	0
OTU_3949	0	0	0	0	2	0	0	0	0	1	3	0	0	0	1	0	2	1	0	0	0	0
OTU_1837	0	3	0	9	2	6	0	4	2	0	3	1	1	0	1	2	2	0	0	1	0	0
OTU_1122	3	6	3	11	15	1	0	7	0	0	3	6	2	4	13	0	8	5	0	5	0	0
OTU_5268	1	0	0	0	0	1	1	0	1	4	0	3	1	9	0	0	0	0	0	4	0	0
OTU_802	28	4	9	6	9	0	31	5	12	21	12	13	23	29	7	3	1	26	0	11	0	0
OTU_1236	1	0	0	18	0	0	2	10	1	5	0	15	0	1	2	2	0	0	0	10	0	0
OTU_4586	18	15	10	60	22	0	30	5	13	11	19	4	7	16	9	0	14	3	0	6	0	0
OTU_509	10	0	1	12	0	0	1	18	0	13	2	12	12	2	116	6	12	0	0	96	0	0
OTU_429	10	16	27	4	33	0	3	7	6	6	35	2	13	1	9	15	22	23	0	5	0	0
OTU_1270	9	13	14	4	36	23	4	4	2	17	5	32	16	15	9	23	19	5	0	16	0	0
OTU_2399	4	0	0	0	0	0	0	0	0	0	0	1	0	0	0	9	0	0	0	2	0	0
OTU_5808	0	0	4	0	2	1	1	0	0	3	6	6	0	6	0	0	4	3	0	5	0	0
OTU_5606	6	46	16	14	48	11	18	10	13	16	18	12	9	13	18	15	14	11	0	7	0	0
OTU_5098	0	0	0	0	0	0	0	0	0	0	0	0	0	0	0	0	9	0	0	0	0	0
OTU_719	19	6	6	15	11	12	16	8	13	19	4	14	4	14	14	14	10	8	0	21	0	0
OTU_329	5	35	28	21	45	6	10	13	9	10	58	3	8	4	14	3	56	36	0	4	0	0
OTU_523	20	43	4	41	55	3	19	83	10	94	9	24	88	16	52	4	7	4	0	99	0	0
OTU_4198	0	0	0	0	0	0	1	1	0	3	0	1	0	0	0	0	0	0	0	0	0	0
OTU_3600	4	0	0	0	0	0	6	2	4	7	1	3	2	7	0	1	0	0	0	5	0	0
OTU_5536	0	0	0	1	0	0	0	0	0	0	1	0	0	0	1	0	0	0	0	0	0	0
OTU_5308	0	0	0	0	1	5	0	0	1	0	2	1	0	0	0	1	0	0	0	2	0	0
OTU_1452	2	1	2	9	4	1	2	2	3	1	6	2	2	7	12	5	5	4	0	2	0	0
OTU_570	11	18	17	14	16	0	8	26	5	7	16	5	11	10	9	0	23	13	0	9	0	0
OTU_512	10	9	7	13	7	3	17	23	14	13	1	14	17	10	14	9	4	10	0	13	0	0
OTU_1144	0	0	0	0	0	0	0	0	0	0	0	59	0	0	0	5	0	0	0	0	0	0
OTU_3194	2	0	2	2	2	0	1	5	0	1	2	1	0	0	2	0	2	2	0	0	0	0
OTU_396	34	58	76	54	86	37	19	42	21	18	56	32	35	14	54	38	75	68	0	25	0	0
OTU_2785	0	1	2	1	2	0	0	0	0	1	0	0	0	0	0	0	0	4	0	0	0	0
OTU_2196	1	1	0	1	2	1	5	0	6	11	2	5	1	6	2	4	3	2	0	3	0	0
OTU_1061	8	0	0	6	1	0	1	4	0	21	1	8	48	1	15	0	1	0	0	25	0	0
OTU_1805	3	4	0	6	2	2	7	8	8	14	5	2	7	4	2	2	3	5	0	7	0	0
OTU_2235	3	0	1	0	1	11	0	0	0	1	0	1	0	0	0	4	2	1	0	0	0	0
OTU_5797	3	1	1	5	5	0	0	2	1	0	1	1	6	1	5	0	2	2	0	0	0	0
OTU_1591	2	0	0	1	0	64	0	1	10	0	0	1	5	0	0	30	2	2	0	2	0	0
OTU_751	0	0	0	0	0	0	0	0	0	0	0	0	1	0	0	0	176	0	101	0	0	0
OTU_6050	0	0	0	0	0	0	1	0	0	0	0	0	0	1	0	0	0	0	0	0	0	0
OTU_494	21	23	20	41	37	41	11	43	9	20	16	19	11	15	42	5	24	22	0	22	0	0
OTU_2318	2	2	0	0	2	0	0	2	0	2	1	3	1	4	1	2	0	3	0	5	0	0
OTU_2656	0	1	3	1	1	0	0	1	0	1	0	1	0	1	1	0	0	2	0	1	0	0
OTU_675	26	12	13	18	23	18	17	17	3	23	1	67	4	11	20	17	7	9	0	28	0	0
OTU_489	7	16	31	11	20	0	8	13	11	13	18	17	31	3	31	2	6	28	0	11	0	0
OTU_4155	0	0	0	1	0	0	0	0	0	3	0	0	0	2	0	0	0	0	0	1	0	0
OTU_584	22	14	19	11	26	2	19	20	12	12	38	6	47	14	28	4	17	52	0	17	0	0
OTU_2160	3	1	1	1	1	0	5	2	2	1	1	2	4	2	0	0	5	0	0	0	0	0
OTU_1350	1	2	4	1	10	1	1	4	0	2	8	0	5	1	8	0	4	6	0	1	0	0
OTU_1504	15	6	0	7	3	4	11	5	9	12	1	8	1	9	8	3	3	0	0	3	0	0
OTU_1349	3	1	3	1	1	0	5	3	5	6	7	3	1	5	0	1	6	1	0	11	0	0
OTU_1135	8	0	0	0	0	0	16	0	7	12	2	3	0	24	1	0	1	2	0	10	0	0
OTU_1443	1	6	5	9	10	2	0	3	0	2	8	0	1	2	8	1	3	5	0	0	0	0
OTU_4352	4	0	0	36	1	1	2	19	1	1	2	2	1	4	6	4	2	5	0	1	0	0
OTU_5259	0	0	0	3	1	0	0	0	0	0	0	0	0	0	0	0	0	0	0	2	0	0
OTU_2006	2	2	0	7	9	0	6	6	0	3	4	1	1	0	0	2	6	2	0	2	0	0
OTU_2542	2	0	0	1	0	0	2	1	0	6	0	1	3	4	2	1	0	0	0	2	0	0
OTU_1687	2	6	1	2	4	1	4	1	2	1	4	1	3	0	1	0	4	2	0	2	0	0
OTU_1335	4	2	0	0	1	2	19	3	12	24	5	3	9	16	3	0	0	1	0	15	0	0
OTU_2889	0	0	0	4	1	1	1	16	0	0	1	0	0	0	3	0	0	1	0	1	0	0
OTU_671	10	13	17	32	17	0	6	15	5	9	23	3	7	5	17	4	25	21	0	5	0	0
OTU_235	0	0	0	0	0	0	0	0	0	0	0	0	0	0	0	0	0	0	0	0	368	0
OTU_2982	2	2	6	1	6	0	5	2	3	6	8	3	18	9	1	2	1	4	0	1	0	0
OTU_5236	1	0	0	1	0	0	0	5	0	0	0	1	2	0	0	0	0	0	0	0	0	0
OTU_1139	17	0	3	6	2	13	15	13	20	12	9	16	12	18	2	10	3	3	0	2	0	0
OTU_2553	1	0	0	4	0	0	0	4	1	0	1	0	4	0	3	0	0	0	0	1	0	0
OTU_1329	7	13	2	2	7	0	9	4	5	14	3	12	7	12	0	7	0	7	0	16	0	0
OTU_647	21	1	5	2	1	41	18	5	16	38	2	28	9	17	3	18	1	0	0	13	0	0
OTU_2693	0	0	0	0	0	17	0	0	0	0	0	1	0	0	0	5	0	0	0	0	0	0
OTU_4653	1	0	0	0	2	0	0	0	0	0	1	0	0	0	1	0	3	0	0	0	0	0
OTU_947	10	2	5	4	6	1	3	14	5	6	11	3	6	5	9	1	5	5	0	6	0	0
OTU_4428	0	0	0	3	0	1	0	0	0	0	0	0	0	0	0	0	0	0	0	0	0	0
OTU_745	21	5	9	19	9	1	15	14	10	27	8	5	20	14	4	0	10	27	0	11	0	0
OTU_1461	1	1	6	6	3	0	10	10	6	10	2	1	9	9	12	0	2	2	0	15	0	0
OTU_569	7	3	6	7	10	0	22	42	11	15	8	7	12	23	7	1	4	0	0	7	0	0
OTU_470	24	19	20	30	36	1	26	37	14	53	22	18	43	23	51	15	9	18	0	60	0	0
OTU_1151	3	3	3	3	5	3	3	0	2	4	2	7	0	6	1	6	7	2	0	6	0	0
OTU_5506	0	0	0	9	3	19	1	3	2	2	0	0	1	1	7	22	2	1	0	2	0	0
OTU_3290	2	0	1	5	1	4	1	1	1	1	2	3	1	3	0	2	1	0	0	0	0	0
OTU_1445	5	4	0	0	5	6	3	0	6	10	0	17	2	10	0	11	4	1	0	5	0	0
OTU_3779	0	0	0	2	0	0	0	0	0	0	4	0	1	0	0	0	1	0	0	0	0	0
OTU_863	12	2	11	6	1	8	10	6	2	6	5	6	3	11	3	5	5	3	0	2	0	0
OTU_1170	11	6	10	12	7	0	6	6	5	7	19	6	5	13	9	0	19	9	0	18	0	0
OTU_1671	12	1	2	0	5	0	20	10	9	18	5	10	13	10	9	0	4	3	0	17	0	0
OTU_3448	1	2	0	2	4	0	0	1	2	2	7	0	0	1	0	0	3	0	0	2	0	0
OTU_4911	23	0	2	48	0	0	14	24	6	18	6	6	0	40	5	1	12	0	0	6	0	0
OTU_1199	2	10	7	1	24	0	3	7	3	1	17	0	4	3	2	0	14	5	0	7	0	0
OTU_3938	0	0	0	0	0	0	0	5	0	0	0	0	0	0	0	0	0	0	0	0	0	0
OTU_1505	1	11	4	4	15	3	5	6	3	3	11	3	7	2	9	1	8	8	0	4	0	0
OTU_3067	3	7	2	4	12	19	3	5	4	4	5	9	6	2	4	29	8	1	0	1	0	0
OTU_1508	1	3	8	4	9	0	5	7	0	4	8	1	2	1	4	0	8	5	0	0	0	0
OTU_1447	4	12	3	2	19	26	7	1	7	11	5	6	0	9	0	9	14	7	0	11	0	0
OTU_3028	3	13	3	3	13	2	0	5	0	1	11	2	0	3	3	0	3	3	0	10	0	0
OTU_1628	0	0	0	0	0	41	0	0	0	1	0	9	0	3	0	30	0	0	0	1	0	0
OTU_1888	2	2	1	0	2	19	1	0	7	3	2	3	0	3	0	7	0	2	0	2	0	0
OTU_2420	6	0	0	6	0	0	3	6	2	4	0	1	4	4	2	0	0	1	0	3	0	0
OTU_5849	1	0	0	0	1	2	13	7	3	10	0	2	0	12	0	1	0	0	0	3	0	0
OTU_871	21	9	10	4	10	72	4	3	21	14	1	31	9	19	5	30	15	9	0	5	0	0
OTU_546	15	27	50	53	37	17	20	20	13	19	40	9	55	25	45	4	38	65	0	12	0	0
OTU_2457	2	0	1	0	0	0	1	2	0	1	4	0	2	3	1	0	0	0	0	1	0	0
OTU_1086	13	2	5	2	3	0	11	17	9	11	4	9	15	4	5	0	1	8	0	12	0	0
OTU_998	6	5	16	5	16	1	3	4	4	7	26	2	5	1	5	1	17	15	0	1	0	0
OTU_1465	0	1	1	7	7	1	2	2	3	0	2	2	1	1	5	0	1	2	0	5	0	0
OTU_3510	3	0	1	2	0	0	0	0	1	0	2	1	1	2	0	0	0	1	0	1	0	0
OTU_986	17	0	0	4	6	0	10	7	7	19	5	11	3	16	2	1	0	0	0	40	0	0
OTU_2270	5	40	34	162	33	4	2	51	0	1	10	1	7	0	68	4	28	31	0	3	0	0
OTU_1850	3	1	6	1	4	3	6	3	5	9	3	8	0	7	0	4	6	0	0	4	0	0
OTU_519	11	19	33	14	36	241	6	2	50	21	26	23	20	16	11	92	32	27	0	18	0	0
OTU_928	10	0	2	0	0	0	22	1	6	11	0	13	0	18	0	0	0	0	0	4	0	0
OTU_893	4	16	18	34	27	11	4	20	3	3	17	5	7	1	33	8	28	19	0	3	0	0
OTU_1352	0	3	0	32	0	0	0	15	0	0	1	0	2	0	2	0	3	3	0	0	0	0
OTU_4757	0	4	0	0	7	2	0	2	0	0	1	0	2	0	2	1	1	0	0	0	0	0
OTU_4027	0	0	0	1	2	1	0	0	0	0	0	0	0	0	0	3	0	1	0	0	0	0
OTU_1210	6	24	22	12	34	1	7	22	4	5	20	7	9	7	16	4	24	22	0	11	0	0
OTU_636	7	16	14	5	67	2	12	6	7	7	17	12	6	4	7	2	16	9	0	8	0	0
OTU_2640	1	2	4	1	6	2	2	2	2	2	6	0	2	0	1	3	5	4	0	2	0	0
OTU_2088	8	1	1	8	3	0	4	3	4	8	7	2	1	10	1	0	2	1	0	6	0	0
OTU_5159	5	7	6	3	6	1	2	2	1	9	4	0	1	3	5	3	4	4	0	7	0	0
OTU_669	30	8	3	21	11	3	18	23	8	18	7	23	14	20	16	6	0	6	0	33	0	0
OTU_746	10	10	1	8	12	1	13	11	13	16	10	6	7	10	3	0	6	4	0	4	0	0
OTU_2126	3	1	0	6	1	1	0	1	0	2	1	0	2	0	3	2	0	0	0	1	0	0
OTU_1991	2	4	2	0	3	4	2	6	1	3	1	11	2	3	0	6	1	1	0	1	0	0
OTU_1421	1	2	6	9	33	0	7	8	2	6	3	0	3	7	9	0	3	4	0	1	0	0
OTU_1114	7	9	10	9	13	1	4	9	2	2	19	2	21	2	12	2	11	8	0	2	0	0
OTU_2377	0	2	0	1	1	31	0	0	14	1	1	0	0	1	0	5	0	0	0	0	0	0
OTU_684	14	29	57	11	63	28	12	28	18	23	32	21	22	22	29	56	71	109	0	16	0	0
OTU_4013	17	16	11	9	10	2	11	10	7	13	9	10	5	9	11	1	4	4	0	9	0	0
OTU_1787	0	3	7	20	13	1	1	9	0	0	3	0	1	0	16	3	5	5	0	0	0	0
OTU_3854	3	3	5	3	1	5	2	2	1	0	5	4	1	1	2	3	2	1	0	4	0	0
OTU_2174	2	5	8	3	2	0	0	5	1	0	7	0	1	0	4	0	3	8	0	0	0	0
OTU_1462	2	6	7	4	7	1	0	0	1	1	8	0	2	1	4	1	8	3	0	1	0	0
OTU_506	0	0	0	0	0	1	0	0	0	0	0	0	0	0	0	0	0	0	1	0	72	124
OTU_4305	0	0	0	0	1	0	5	0	4	0	0	0	1	0	0	0	0	0	0	1	0	0
OTU_1285	10	0	1	0	0	0	19	2	13	18	3	5	2	25	1	1	0	1	0	5	0	0
OTU_1381	0	2	3	1	2	0	3	3	5	4	4	5	5	1	1	1	0	1	0	15	0	0
OTU_2926	0	2	2	0	3	0	0	1	0	0	1	1	0	0	0	0	2	4	0	0	0	0
OTU_2970	0	1	0	0	0	2	2	0	4	1	0	0	2	1	0	2	0	0	0	0	0	0
OTU_4145	1	1	2	34	6	0	0	13	1	2	7	0	0	0	15	0	6	6	0	1	0	0
OTU_1512	4	4	3	1	6	2	2	4	2	0	5	2	1	2	5	1	2	4	0	0	0	0
OTU_1314	7	1	4	3	3	0	2	6	2	8	1	1	3	2	0	2	3	2	0	14	0	0
OTU_991	2	7	8	4	10	0	0	5	0	0	18	0	1	0	7	0	20	7	0	1	0	0
OTU_1497	5	0	2	1	0	1	7	0	4	31	1	5	8	24	0	0	1	0	0	4	0	0
OTU_1747	2	4	3	12	5	4	2	9	2	2	3	1	3	2	10	3	6	0	0	1	0	0
OTU_3049	9	5	3	7	7	2	5	9	10	17	6	15	8	7	10	3	1	2	0	14	0	0
OTU_1430	17	8	3	8	15	10	12	9	5	20	4	9	9	14	11	2	8	14	0	7	0	0
OTU_6221	1	0	0	0	0	0	0	0	0	0	0	2	0	0	0	0	1	0	0	0	0	0
OTU_5904	0	0	0	0	1	1	0	0	0	1	0	0	0	1	0	0	1	0	0	0	0	0
OTU_1365	5	0	6	1	3	0	4	8	2	4	14	10	8	5	5	0	1	5	0	2	0	0
OTU_1297	4	0	0	8	2	0	1	7	1	15	1	7	7	2	2	0	3	0	0	11	0	0
OTU_966	3	13	23	14	28	1	3	12	1	0	27	0	3	1	10	1	16	20	0	0	0	0
OTU_733	29	28	11	16	6	0	2	7	2	7	11	11	11	10	35	6	1	7	0	49	0	0
OTU_1422	11	3	2	0	20	1	12	0	7	12	6	28	0	8	2	5	3	4	0	13	0	0
OTU_3081	1	1	0	3	2	1	2	1	0	2	3	3	0	3	0	1	1	0	0	1	0	0
OTU_951	7	5	4	1	5	0	1	0	0	7	24	3	8	2	1	0	2	9	0	4	0	0
OTU_661	2	25	17	38	38	0	1	15	0	0	13	0	11	0	11	0	24	15	0	1	0	0
OTU_613	7	77	34	14	59	33	14	13	11	12	26	27	8	19	7	24	9	23	0	16	0	0
OTU_3665	1	2	3	4	4	0	0	5	0	1	5	0	10	4	2	9	1	3	0	6	0	0
OTU_665	19	7	5	11	7	0	23	19	22	21	18	8	13	18	9	0	8	18	0	28	0	0
OTU_6110	0	3	0	2	11	0	0	1	2	0	1	0	1	3	2	0	1	2	0	1	0	0
OTU_6088	2	5	0	2	19	0	1	1	1	0	0	0	1	0	0	0	1	2	0	0	0	0
OTU_888	1	12	11	2	20	27	0	3	5	1	4	2	4	1	2	12	18	11	0	1	0	0
OTU_2724	1	1	2	0	0	13	0	0	5	3	3	2	0	0	0	12	0	0	0	3	0	0
OTU_999	7	11	10	27	5	33	7	8	5	5	5	9	5	3	8	9	15	15	0	3	0	0
OTU_5424	0	0	1	2	1	1	0	0	0	0	1	0	0	0	2	0	0	0	0	0	0	0
OTU_3417	0	0	0	0	0	0	1	0	1	2	1	1	1	0	0	0	1	1	0	1	0	0
OTU_1970	8	2	4	5	7	2	7	2	4	5	4	4	1	5	3	0	3	2	0	7	0	0
OTU_1396	1	4	6	8	9	1	2	1	1	5	3	7	0	1	3	5	8	0	0	4	0	0
OTU_944	5	8	7	0	11	0	7	28	7	6	5	10	13	13	5	0	2	7	0	4	0	0
OTU_2647	3	0	0	15	0	0	2	1	1	1	0	4	1	0	6	0	3	1	0	0	0	0
OTU_985	10	6	5	10	6	6	13	3	11	20	11	2	15	16	6	0	11	3	0	4	0	0
OTU_851	6	0	0	3	0	0	25	1	13	16	8	14	10	26	2	0	1	1	0	24	0	0
OTU_978	3	6	14	4	15	0	2	4	2	7	17	1	7	0	8	1	10	7	0	1	0	0
OTU_1191	3	6	3	5	9	2	9	5	5	11	7	1	12	6	2	1	6	5	0	4	0	0
OTU_3494	3	0	0	2	1	0	0	1	4	0	1	1	3	6	1	50	0	0	0	6	0	0
OTU_2424	11	3	2	6	6	1	13	8	3	10	2	11	11	4	7	0	5	9	0	13	0	0
OTU_1289	1	1	0	0	0	28	0	0	5	0	0	0	0	2	0	12	0	0	0	1	0	0
OTU_1147	3	4	3	3	11	1	2	2	6	9	8	0	19	6	3	2	3	3	0	3	0	0
OTU_4844	10	9	16	5	14	5	9	3	10	12	7	18	21	10	6	3	9	6	0	11	0	0
OTU_1743	21	2	9	3	12	0	36	14	15	27	8	19	12	30	10	3	7	4	0	37	0	0
OTU_576	17	8	3	61	25	0	11	70	9	11	8	18	18	13	15	11	24	0	0	7	0	0
OTU_524	99	0	1	20	0	0	110	25	64	56	0	39	31	81	3	4	1	0	0	54	0	0
OTU_1456	6	3	5	0	4	0	2	0	2	3	7	0	2	1	2	0	4	0	0	0	0	0
OTU_2448	2	0	2	0	1	0	0	1	0	3	2	0	1	0	3	0	0	0	0	1	0	0
OTU_2579	0	6	0	6	5	0	1	3	1	5	4	1	0	2	3	1	7	3	0	1	0	0
OTU_4298	1	9	1	5	8	9	9	4	10	6	8	7	5	12	2	6	15	2	0	0	0	0
OTU_2271	1	0	0	0	1	1	5	0	2	6	0	1	1	8	0	4	0	0	0	3	0	0
OTU_603	12	26	19	8	30	0	0	10	0	2	22	4	8	0	2	0	16	21	0	10	0	0
OTU_6217	0	1	1	1	0	0	0	0	0	1	0	1	0	3	0	0	0	0	0	2	0	0
OTU_3676	2	1	0	5	1	0	1	1	1	3	0	2	0	0	0	0	3	0	0	2	0	0
OTU_554	9	21	36	28	31	0	8	12	1	8	15	8	13	7	31	2	27	32	0	2	0	0
OTU_454	28	8	1	3	9	122	19	3	22	17	1	94	15	30	0	56	6	3	0	32	0	0
OTU_923	5	6	4	3	16	6	9	8	7	9	4	7	8	10	4	8	6	3	0	7	0	0
OTU_1005	6	0	1	4	0	0	15	1	11	30	6	2	13	21	2	0	1	1	0	18	0	0
OTU_869	2	1	11	8	9	4	1	6	1	3	5	3	11	3	15	3	7	9	0	3	0	0
OTU_646	18	2	1	35	6	0	25	29	8	24	5	20	4	15	12	5	4	2	0	6	0	0
OTU_2218	2	2	2	2	1	0	1	0	1	1	0	6	0	0	0	3	1	1	0	1	0	0
OTU_1058	0	5	6	4	10	1	0	7	0	1	4	2	0	0	5	2	10	15	0	2	0	0
OTU_2499	0	0	0	0	1	20	0	0	1	0	0	3	1	0	0	9	1	2	0	1	0	0
OTU_3662	12	19	19	10	20	32	8	16	7	11	24	13	17	9	21	41	23	19	0	14	0	0
OTU_5047	0	0	0	1	0	0	0	0	1	0	0	0	1	0	0	0	0	0	0	0	0	0
OTU_5097	9	0	0	4	1	11	0	5	1	1	0	43	1	2	1	29	1	2	0	4	0	0
OTU_2223	1	2	2	3	3	3	3	0	3	4	0	7	0	2	2	1	5	0	0	0	0	0
OTU_5695	3	4	1	4	8	0	2	2	2	4	4	5	5	12	3	0	4	6	0	3	0	0
OTU_543	16	9	10	20	17	15	10	12	14	15	6	26	3	17	19	11	19	11	0	17	0	0
OTU_4322	1	0	2	0	0	0	0	0	1	0	1	5	2	4	2	0	3	1	0	0	0	0
OTU_1103	18	0	0	0	0	0	26	0	18	13	0	9	0	12	0	1	0	0	0	8	0	0
OTU_1541	5	3	2	7	8	5	6	2	2	15	0	9	1	7	2	1	4	3	0	8	0	0
OTU_1740	30	11	9	5	16	11	31	13	45	23	17	28	18	37	5	25	7	13	0	36	0	0
OTU_457	16	11	8	45	25	1	14	20	6	17	24	11	13	21	9	0	16	8	0	12	0	0
OTU_2554	2	2	1	3	2	0	1	1	2	0	0	0	3	1	0	0	1	0	0	0	0	0
OTU_2741	2	0	1	3	2	0	2	12	1	1	2	0	0	1	1	0	3	4	0	2	0	0
OTU_2115	1	0	0	0	0	0	0	0	0	0	0	26	0	0	0	1	0	0	0	0	0	0
OTU_4667	0	0	0	0	1	1	0	0	0	1	0	1	0	1	0	2	0	0	0	0	0	0
OTU_1553	7	0	3	3	4	0	6	1	2	19	1	3	6	6	5	0	3	0	0	2	0	0
OTU_1554	2	4	1	4	0	0	3	3	0	2	0	6	0	3	2	1	0	0	0	1	0	0
OTU_1008	3	9	6	38	13	12	9	24	3	3	6	5	12	4	34	19	4	15	0	3	0	0
OTU_2981	1	4	2	0	2	7	0	0	5	0	3	6	3	2	4	12	6	7	0	4	0	0
OTU_1532	3	2	1	4	0	0	1	3	3	1	1	11	0	1	0	1	2	0	0	1	0	0
OTU_6210	8	0	0	0	0	151	0	0	15	5	0	4	5	3	0	37	0	0	0	9	0	0
OTU_3527	0	1	1	0	6	0	0	0	0	0	4	0	0	1	0	1	0	1	0	0	0	0
OTU_562	22	4	5	17	14	9	17	25	13	20	4	20	6	11	8	14	3	5	0	24	0	0
OTU_1927	4	3	2	23	1	6	6	12	2	12	2	6	3	1	8	6	4	5	0	4	0	0
OTU_595	12	14	23	6	30	1	12	5	7	13	20	17	0	10	5	7	20	17	0	24	0	0
OTU_1543	7	7	3	3	8	0	0	8	1	4	5	3	7	0	3	4	4	10	0	4	0	0
OTU_4549	10	8	16	21	3	2	12	22	4	9	15	6	11	6	13	4	16	9	0	2	0	0
OTU_865	12	9	5	4	7	12	18	0	23	21	10	12	1	25	8	4	5	7	0	9	0	0
OTU_1431	1	13	1	4	12	2	3	7	2	0	15	4	3	2	11	0	13	3	0	8	0	0
OTU_1303	5	8	1	26	9	2	3	15	6	3	1	5	3	2	2	4	6	2	0	1	0	0
OTU_856	18	4	8	2	13	1	19	5	14	22	11	7	21	15	5	1	7	15	0	15	0	0
OTU_2940	2	0	0	2	1	0	0	0	0	1	0	0	1	2	1	0	1	1	0	4	0	0
OTU_1171	13	2	1	0	1	2	9	1	4	10	2	6	0	5	2	1	4	3	0	9	0	0
OTU_972	7	13	28	8	27	5	8	12	3	15	12	15	2	9	20	7	20	30	0	3	0	0
OTU_744	25	2	7	18	6	9	48	5	31	68	5	36	7	50	2	7	6	2	0	23	0	0
OTU_589	15	8	8	66	20	8	9	40	8	21	14	19	15	26	19	19	13	13	0	5	0	0
OTU_1377	5	0	0	3	0	11	0	0	1	6	0	5	3	4	0	8	1	0	0	1	0	0
OTU_6060	0	0	0	0	0	0	0	2	0	0	0	0	0	1	0	0	0	0	0	0	0	0
OTU_3559	1	0	0	1	0	0	0	1	0	0	0	0	9	1	0	0	0	1	0	0	0	0
OTU_3698	2	0	0	0	1	1	4	0	0	2	1	0	2	3	1	1	2	2	0	5	0	0
OTU_1221	7	12	11	7	11	3	6	4	2	12	1	4	1	3	11	3	12	10	0	3	0	0
OTU_3368	1	0	0	0	0	5	0	0	2	0	0	0	0	2	0	1	0	0	0	0	0	0
OTU_3590	1	0	0	0	0	0	1	0	2	1	0	0	1	0	1	0	0	1	0	0	0	0
OTU_1482	5	2	2	2	2	4	5	2	7	2	5	2	4	8	1	7	7	2	0	1	0	0
OTU_664	10	1	1	6	5	19	12	1	7	20	2	39	1	25	0	18	10	1	0	12	0	0
OTU_1725	4	1	0	0	1	8	5	0	1	6	0	6	1	7	0	1	1	0	0	6	0	0
OTU_1629	2	0	4	2	7	0	0	2	0	5	4	0	3	5	1	0	14	4	0	0	0	0
OTU_1193	15	3	11	8	3	9	18	9	8	9	8	18	4	10	13	10	3	12	0	13	0	0
OTU_1626	5	3	3	2	2	0	2	0	2	4	2	8	7	11	1	0	3	3	0	3	0	0
OTU_1242	13	1	13	6	9	5	18	16	10	21	13	5	9	17	10	1	9	6	0	12	0	0
OTU_5029	1	2	0	4	0	0	3	3	0	6	0	2	0	1	1	2	0	0	0	0	0	0
OTU_2317	8	0	0	1	0	0	2	1	6	9	0	5	0	5	0	3	0	0	0	4	0	0
OTU_532	23	9	26	36	27	7	8	33	6	9	27	19	15	9	18	4	37	32	0	10	0	0
OTU_1319	16	1	1	10	23	3	2	3	1	7	1	17	1	2	2	40	4	1	0	12	0	0
OTU_3262	3	0	0	0	0	0	2	0	2	4	0	0	1	5	0	0	0	0	0	2	0	0
OTU_1388	3	2	0	0	3	2	17	2	8	16	2	3	4	12	2	0	2	0	0	7	0	0
OTU_4128	0	0	2	0	0	0	0	0	0	0	2	0	0	0	0	0	2	0	0	0	0	0
OTU_4262	2	1	2	0	1	0	2	0	2	0	3	3	7	3	3	0	1	1	0	1	0	0
OTU_2455	0	0	0	1	1	8	0	15	1	0	0	0	2	0	0	4	0	0	0	2	0	0
OTU_1549	4	3	0	2	5	2	1	2	3	6	5	4	1	6	0	2	5	0	0	2	0	0
OTU_399	22	18	23	6	13	7	14	13	7	15	17	19	5	8	12	7	15	8	0	30	0	0
OTU_5524	0	1	1	0	0	0	0	0	0	0	0	0	0	0	0	0	2	0	0	0	0	0
OTU_2207	3	1	1	4	5	11	5	4	3	6	7	2	2	6	5	7	2	4	0	2	0	0
OTU_4017	1	5	5	4	6	1	2	7	2	4	3	1	4	4	8	3	6	7	0	2	0	0
OTU_5064	11	2	1	8	5	0	10	22	10	11	5	8	3	18	2	0	4	2	0	4	0	0
OTU_3044	0	0	4	2	3	0	0	1	0	0	1	0	0	0	3	0	1	0	0	0	0	0
OTU_3819	0	0	0	0	0	0	0	0	0	1	1	0	0	1	0	1	0	0	0	0	0	0
OTU_242	21	36	48	118	64	10	34	47	30	40	66	27	117	45	29	9	114	28	0	28	0	0
OTU_535	26	5	25	9	28	4	31	12	14	34	29	5	10	27	25	1	20	28	0	18	0	0
OTU_3128	3	0	0	2	0	0	2	0	1	0	2	0	1	4	1	0	2	1	0	1	0	0
OTU_874	9	9	3	4	8	2	12	3	6	15	6	6	3	7	6	5	6	4	0	7	0	0
OTU_1570	4	4	3	2	3	0	5	0	3	17	0	3	1	10	1	0	1	0	0	1	0	0
OTU_1631	5	5	4	6	7	4	2	7	0	4	2	8	2	3	4	3	6	9	0	3	0	0
OTU_829	10	3	1	4	3	6	11	4	6	11	5	9	3	5	3	2	0	5	0	7	0	0
OTU_843	10	1	10	0	6	0	15	1	5	23	9	2	6	9	4	1	2	7	0	7	0	0
OTU_2275	5	1	1	2	1	1	0	0	4	11	3	4	1	4	0	13	1	3	0	5	0	0
OTU_3457	1	0	0	0	0	0	3	0	2	2	0	1	3	4	0	0	1	0	0	7	0	0
OTU_734	13	7	14	33	13	5	10	26	13	21	10	14	3	14	16	6	14	9	0	6	0	0
OTU_679	13	12	22	3	11	12	10	1	9	14	12	9	2	19	8	8	9	9	0	7	0	0
OTU_1593	20	27	28	22	48	12	24	18	21	24	13	31	26	23	34	59	25	23	0	13	0	0
OTU_973	13	21	20	5	36	0	1	9	4	10	13	2	41	6	10	0	16	24	0	22	0	0
OTU_1685	6	0	0	0	0	0	20	1	4	6	0	3	0	11	0	0	0	0	0	3	0	0
OTU_1999	1	0	0	7	0	8	2	2	0	0	2	0	0	0	1	2	0	1	0	2	0	0
OTU_378	3	15	8	4	41	93	0	15	28	5	9	10	16	3	4	43	17	24	0	2	0	0
OTU_4106	0	0	0	0	0	3	1	0	0	0	2	0	0	1	0	4	1	0	0	1	0	0
OTU_899	15	0	5	36	17	10	8	20	5	16	4	16	5	7	3	4	8	2	0	6	0	0
OTU_5399	1	0	1	2	0	0	1	3	2	3	1	2	22	0	3	0	0	0	0	2	0	0
OTU_1156	2	1	0	0	0	1	11	1	19	13	0	3	2	17	0	4	0	3	0	3	0	0
OTU_1974	1	0	0	0	0	9	0	1	2	4	1	10	0	2	0	9	0	0	0	4	0	0
OTU_1969	8	0	2	6	1	0	2	7	5	7	2	2	6	8	6	0	2	1	0	3	0	0
OTU_3003	1	1	0	4	1	2	1	0	2	3	1	1	0	1	1	0	1	2	0	3	0	0
OTU_2069	1	0	0	0	0	0	5	0	0	6	0	2	0	4	0	1	0	0	0	2	0	0
OTU_534	22	10	19	14	34	11	18	32	12	12	23	18	22	27	15	17	21	8	0	16	0	0
OTU_594	18	35	26	29	51	21	7	19	14	16	40	14	13	9	25	10	25	38	0	14	0	0
OTU_2809	2	1	1	1	9	1	1	1	0	1	4	10	4	4	2	0	1	0	0	0	0	0
OTU_616	2	12	10	31	20	0	3	19	1	1	8	6	0	2	27	2	15	7	0	2	0	0
OTU_1956	0	1	0	5	2	0	1	1	0	1	10	0	0	0	0	6	5	0	0	3	0	0
OTU_4887	0	0	0	48	0	0	0	8	2	0	0	3	1	1	1	0	0	0	0	0	0	0
OTU_571	29	15	11	20	61	12	38	36	19	43	20	13	35	39	11	38	14	11	0	33	0	0
OTU_710	3	6	3	26	16	0	3	3	0	11	2	7	0	4	1	4	23	2	0	1	0	0
OTU_6076	2	0	0	0	0	0	4	0	0	3	0	0	0	3	2	0	0	0	0	0	0	0
OTU_1353	5	7	7	2	8	8	3	0	7	3	4	3	1	3	2	9	2	3	0	9	0	0
OTU_3687	0	0	0	3	0	0	0	0	1	0	1	0	0	0	6	0	0	0	0	0	0	0
OTU_4775	1	1	0	11	0	0	0	3	0	0	1	5	1	0	5	2	0	0	0	4	0	0
OTU_4109	0	0	0	2	0	1	0	0	0	1	1	2	0	0	0	0	0	0	0	2	0	0
OTU_2304	4	3	1	2	4	0	7	6	7	6	5	4	10	4	2	0	4	1	0	2	0	0
OTU_926	2	1	0	15	1	1	3	8	8	6	2	1	32	11	7	0	1	3	0	5	0	0
OTU_464	11	6	21	26	7	0	31	9	16	23	30	5	7	15	5	2	15	7	0	10	0	0
OTU_2481	4	0	1	6	4	0	3	3	4	4	2	1	3	2	0	2	0	2	0	6	0	0
OTU_3533	2	0	0	0	2	3	0	0	1	1	0	1	0	0	0	4	0	0	0	0	0	0
OTU_2975	1	0	0	0	0	0	4	0	2	1	0	2	0	4	0	0	0	0	0	3	0	0
OTU_5333	1	2	1	11	3	0	1	6	1	0	0	2	0	0	9	0	0	1	0	0	0	0
OTU_1073	1	6	3	14	7	0	1	18	1	10	7	2	6	5	10	7	1	6	0	8	0	0
OTU_840	0	0	0	0	0	0	0	0	0	0	0	0	0	0	0	0	0	0	100	0	0	0
OTU_2864	0	4	2	1	4	0	0	1	0	0	4	0	0	0	1	0	2	4	0	0	0	0
OTU_794	4	10	5	16	12	1	18	25	4	13	7	11	10	9	8	8	8	9	0	4	0	0
OTU_1415	12	0	0	5	0	0	13	3	12	28	1	18	21	29	2	2	0	0	0	25	0	0
OTU_849	10	1	2	12	0	12	30	3	18	30	3	26	0	34	2	6	6	5	0	19	0	0
OTU_2925	6	6	11	15	20	2	6	4	4	7	4	7	12	7	18	5	11	1	0	4	0	0
OTU_651	3	7	14	15	11	0	1	19	1	4	15	6	8	0	13	0	6	18	0	3	0	0
OTU_666	20	3	1	8	8	1	44	5	24	55	8	12	18	41	4	3	4	4	0	21	0	0
OTU_476	22	11	23	49	13	10	35	19	15	28	12	22	16	26	33	4	20	28	0	16	0	0
OTU_1185	18	5	7	4	5	2	10	3	4	8	1	10	11	5	1	3	5	5	0	4	0	0
OTU_1209	5	6	3	2	4	0	0	0	6	5	0	3	7	1	7	9	4	6	0	4	0	0
OTU_586	6	32	52	15	53	0	1	41	0	7	19	1	43	4	18	1	33	33	0	5	0	0
OTU_3538	9	1	0	0	1	1	9	2	6	19	7	3	4	16	3	4	1	1	0	7	0	0
OTU_1704	0	4	2	8	12	13	1	6	2	1	5	1	6	6	5	12	5	7	0	3	0	0
OTU_723	27	0	0	0	1	128	12	0	26	29	1	16	17	20	1	27	0	0	0	11	0	0
OTU_5635	0	0	2	0	1	0	0	0	0	0	1	0	0	0	0	0	0	2	0	0	0	0
OTU_1342	19	2	0	0	0	0	17	0	7	15	0	6	0	10	3	3	1	2	0	6	0	0
OTU_5145	0	0	3	0	0	0	0	1	1	0	0	0	1	2	1	5	1	0	0	2	0	0
OTU_5704	7	5	5	0	5	0	11	4	3	22	8	2	14	7	4	1	7	9	0	11	0	0
OTU_4266	0	0	1	0	0	0	0	0	0	0	1	0	1	0	2	0	1	0	0	0	0	0
OTU_1965	2	4	4	2	7	4	2	6	6	2	0	2	1	6	7	40	0	1	0	6	0	0
OTU_4088	1	1	2	0	1	0	1	0	0	1	0	2	0	0	0	0	0	0	0	1	0	0
OTU_3553	2	0	0	4	0	0	0	0	0	1	0	0	0	0	0	0	1	2	0	1	0	0
OTU_759	16	1	0	1	0	6	21	1	10	27	0	25	6	20	0	2	0	0	0	17	0	0
OTU_2128	10	3	0	6	10	0	1	5	1	3	0	3	1	2	3	1	1	0	0	3	0	0
OTU_382	18	15	18	11	19	0	16	22	23	8	19	9	22	13	27	2	19	22	0	24	0	0
OTU_1714	1	1	0	5	0	5	0	1	1	0	0	2	2	0	4	9	3	1	0	2	0	0
OTU_1402	8	8	8	8	14	0	4	9	2	9	11	5	7	3	8	1	6	11	0	10	0	0
OTU_2830	3	0	0	0	0	0	0	0	1	1	0	0	0	2	0	8	0	0	0	1	0	0
OTU_3365	1	0	0	0	0	0	0	0	0	1	0	0	1	1	0	2	0	0	0	1	0	0
OTU_3499	22	7	10	20	20	10	25	29	26	25	14	23	16	19	16	15	13	11	0	28	0	0
OTU_1214	0	2	4	2	6	31	1	10	6	2	3	0	5	1	0	40	5	9	0	1	0	0
OTU_5840	27	0	1	44	2	2	3	6	4	6	0	18	22	10	1	4	1	0	0	79	0	0
OTU_1327	0	8	3	0	9	28	0	1	5	0	5	1	2	0	0	17	10	7	0	1	0	0
OTU_1499	0	0	0	3	0	0	0	38	0	0	0	0	2	0	0	0	0	0	0	0	0	0
OTU_2477	0	3	1	10	8	5	0	3	2	1	3	2	0	0	9	3	7	3	0	4	0	0
OTU_4293	1	0	0	0	0	3	3	0	0	8	0	2	1	7	0	1	0	0	0	5	0	0
OTU_654	12	6	12	15	16	8	7	17	9	7	12	7	30	9	11	13	8	16	0	12	0	0
OTU_5630	1	0	0	0	0	0	0	0	1	0	0	1	0	0	0	1	0	0	0	0	0	0
OTU_1939	2	0	1	0	1	0	1	2	2	5	3	2	1	0	3	2	0	0	0	7	0	0
OTU_2349	7	1	0	0	0	80	5	1	38	10	1	8	12	12	0	45	0	1	0	14	0	0
OTU_1015	11	13	11	17	17	0	0	20	1	3	6	17	3	2	24	2	18	14	0	15	0	0
OTU_2743	8	0	0	2	0	3	0	2	0	0	1	19	1	0	0	3	0	2	0	0	0	0
OTU_2297	3	3	3	5	7	0	0	4	0	0	3	3	0	1	1	2	0	2	0	0	0	0
OTU_1701	8	7	6	1	7	0	15	3	10	16	10	7	7	19	4	2	3	6	0	7	0	0
OTU_1843	1	0	2	4	0	0	4	2	2	2	0	1	5	0	0	0	2	1	0	4	0	0
OTU_1044	9	2	1	23	11	44	4	3	8	12	3	22	1	3	2	17	4	3	0	17	0	0
OTU_995	12	0	0	0	2	12	20	1	18	26	2	10	11	24	0	4	0	0	0	8	0	0
OTU_896	9	1	1	1	18	0	9	13	2	12	0	8	2	10	5	2	0	0	0	4	0	0
OTU_2475	0	1	3	1	17	0	0	2	0	3	2	1	0	2	0	0	7	1	0	1	0	0
OTU_4879	18	1	4	27	15	32	16	4	12	23	1	21	0	10	9	12	1	9	0	25	0	0
OTU_3728	0	6	0	1	17	0	0	0	0	0	0	0	0	0	1	0	4	3	0	0	0	0
OTU_6055	0	0	0	1	0	0	1	0	0	2	0	0	0	0	0	0	0	0	0	0	0	0
OTU_911	5	13	12	9	9	3	24	3	14	32	9	22	5	32	3	2	6	5	0	7	0	0
OTU_446	15	0	0	1	0	0	21	4	15	38	0	6	24	33	5	0	0	0	0	131	0	0
OTU_2877	0	0	0	0	2	0	0	1	0	1	2	0	3	0	2	0	1	0	0	0	0	0
OTU_1910	11	1	2	2	2	17	10	2	18	35	0	22	4	35	0	8	1	1	0	1	0	0
OTU_3177	0	0	0	12	0	0	0	2	1	0	0	0	0	2	1	0	0	0	0	1	0	0
OTU_2227	0	1	3	1	0	0	0	1	0	2	7	2	2	6	0	1	3	1	0	0	0	0
OTU_458	0	33	22	3	36	0	2	8	0	0	28	1	5	1	6	0	67	25	0	2	0	0
OTU_1305	10	0	0	1	2	2	4	2	2	14	0	3	1	1	1	3	3	1	0	15	0	0
OTU_3329	0	1	0	13	1	0	0	4	0	0	0	0	0	0	0	0	1	0	0	0	0	0
OTU_3204	1	0	2	0	1	1	0	0	0	0	0	0	0	1	1	1	3	0	0	0	0	0
OTU_1776	11	8	3	16	24	2	15	7	13	25	5	13	19	24	7	3	20	0	0	7	0	0
OTU_4636	22	3	3	10	2	1	31	13	17	42	8	7	5	29	8	3	4	3	0	17	0	0
OTU_964	11	19	20	4	37	5	12	3	0	9	30	5	3	10	2	16	29	22	0	11	0	0
OTU_1771	1	3	4	11	12	13	1	7	0	2	6	2	1	1	7	5	10	3	0	1	0	0
OTU_4958	1	1	0	0	1	0	0	0	0	1	2	1	1	0	1	1	1	0	0	1	0	0
OTU_5913	0	0	0	0	0	0	0	1	0	1	1	0	1	0	0	0	0	0	0	0	0	0
OTU_1853	2	10	13	14	16	32	5	7	7	4	15	4	3	2	19	30	8	12	0	8	0	0
OTU_4220	0	1	1	0	1	0	0	0	0	1	0	0	2	1	0	0	1	0	0	0	0	0
OTU_713	24	1	0	6	6	6	27	6	23	30	5	22	2	22	2	2	6	1	0	17	0	0
OTU_1788	9	3	6	6	4	4	3	6	6	5	0	3	5	3	3	3	6	0	0	12	0	0
OTU_3376	0	0	0	0	0	0	0	6	1	1	0	0	0	1	2	0	0	0	0	0	0	0
OTU_1149	13	12	16	9	17	7	5	10	1	5	14	4	3	6	12	1	20	14	0	10	0	0
OTU_3482	6	1	1	0	0	0	4	10	1	2	0	2	0	1	0	0	1	0	0	0	0	0
OTU_5356	3	3	9	3	8	0	1	8	0	5	16	4	3	2	1	0	3	0	0	3	0	0
OTU_2171	2	0	2	2	1	0	2	2	3	1	2	1	1	1	2	0	1	1	0	4	0	0
OTU_1231	7	8	4	9	15	28	8	9	4	9	10	11	11	7	3	15	11	3	0	6	0	0
OTU_5565	0	0	0	0	0	0	1	0	0	2	0	1	1	0	0	0	0	0	0	0	0	0
OTU_588	9	2	2	9	2	0	24	7	10	35	5	10	7	26	2	0	2	3	0	11	0	0
OTU_731	0	18	16	0	14	16	0	2	5	0	16	0	10	1	1	16	9	18	0	1	0	0
OTU_3595	0	1	1	2	4	0	0	1	0	0	2	0	4	0	0	0	2	6	0	0	0	0
OTU_2405	6	2	0	4	2	1	7	0	4	9	1	7	0	6	2	1	2	2	0	5	0	0
OTU_3325	1	0	0	0	0	11	0	0	0	1	0	1	1	1	0	2	0	0	0	1	0	0
OTU_3180	0	0	1	0	3	0	0	0	0	0	3	0	0	0	0	0	3	2	0	0	0	0
OTU_700	8	13	13	13	15	4	5	6	3	7	18	2	9	2	7	0	22	27	0	6	0	0
OTU_3453	2	0	0	3	8	0	3	6	0	0	1	1	2	1	1	1	1	0	0	0	0	0
OTU_2286	4	0	1	5	2	0	3	2	0	5	1	5	1	1	3	4	2	1	0	4	0	0
OTU_633	17	6	8	37	20	1	13	40	17	24	13	9	55	6	27	12	3	7	0	34	0	0
OTU_982	18	0	1	2	0	3	16	7	9	12	1	10	7	12	0	5	2	3	0	10	0	0
OTU_3943	0	0	0	0	0	0	0	0	0	2	2	0	0	0	0	0	0	0	0	0	0	0
OTU_3605	4	0	0	0	0	0	0	0	0	3	0	1	0	2	0	0	0	0	0	3	0	0
OTU_6070	0	0	0	0	0	0	0	0	0	0	0	5	0	0	0	1	0	0	0	0	0	0
OTU_1400	5	5	3	6	4	1	21	9	8	18	4	3	8	19	11	0	7	6	0	16	0	0
OTU_1653	0	0	0	0	1	0	20	2	8	7	0	0	4	9	2	0	0	0	0	3	0	0
OTU_3933	0	0	1	2	0	0	1	1	0	0	0	1	1	0	0	0	0	0	0	0	0	0
OTU_1816	8	7	3	3	2	5	6	12	6	8	8	6	10	10	1	7	3	1	0	10	0	0
OTU_530	26	32	33	2	49	50	17	11	32	19	50	19	45	11	15	38	29	24	0	42	0	0
OTU_3198	2	0	0	0	0	0	1	0	1	4	0	5	0	0	0	0	0	0	0	3	0	0
OTU_1077	0	1	0	0	0	33	0	0	13	2	0	2	3	3	0	17	0	1	0	5	0	0
OTU_2964	0	1	1	2	3	0	0	0	0	0	0	2	0	0	0	7	1	1	0	0	0	0
OTU_4812	0	0	0	0	0	3	1	0	0	0	0	0	0	0	0	1	0	0	0	0	0	0
OTU_5010	0	0	0	0	0	1	4	0	1	0	2	1	2	0	0	3	0	0	0	1	0	0
OTU_2412	2	0	0	0	6	2	0	0	5	1	1	1	1	1	1	3	3	1	0	2	0	0
OTU_3045	2	1	0	2	12	1	0	1	0	0	1	3	0	0	0	0	0	1	0	0	0	0
OTU_1855	2	0	0	0	0	30	0	0	0	5	0	3	0	4	0	3	0	0	0	0	0	0
OTU_5920	24	0	9	14	5	1	8	7	7	15	12	7	1	15	3	6	4	8	0	6	0	0
OTU_2384	3	1	0	1	1	1	1	0	2	0	4	0	3	0	3	5	1	2	0	3	0	0
OTU_1996	12	0	1	1	0	0	0	1	0	4	0	0	1	0	0	0	0	0	0	10	0	0
OTU_1717	0	0	0	0	0	18	0	0	1	0	0	1	0	0	0	15	0	0	0	0	0	0
OTU_1279	6	5	10	35	11	1	8	31	2	5	4	3	21	1	29	5	6	7	0	2	0	0
OTU_1037	4	0	0	5	0	14	3	2	9	3	0	20	2	5	0	4	4	0	0	9	0	0
OTU_4591	1	1	2	1	3	0	0	1	0	0	1	0	1	0	0	0	0	1	0	0	0	0
OTU_941	14	2	6	25	7	4	9	7	18	17	3	11	1	19	8	5	3	6	0	13	0	0
OTU_2625	2	0	0	1	0	2	3	3	3	12	1	4	0	7	0	1	18	0	0	22	0	0
OTU_3594	0	0	0	1	0	0	1	2	0	0	0	0	0	1	0	0	1	1	0	0	0	0
OTU_1517	2	1	0	4	1	3	6	1	2	4	0	3	0	5	0	0	0	0	0	2	0	0
OTU_2408	5	0	2	2	0	0	6	0	4	12	4	2	2	0	1	2	1	3	0	7	0	0
OTU_2669	2	0	2	5	1	1	1	0	0	0	1	3	0	1	0	3	2	2	0	3	0	0
OTU_515	5	14	5	30	19	0	6	4	4	25	11	12	9	12	1	3	28	5	0	7	0	0
OTU_3705	2	0	1	5	0	9	0	5	3	2	0	1	3	2	1	12	0	0	0	0	0	0
OTU_1863	0	0	0	8	2	0	1	9	0	0	0	0	1	1	8	0	0	2	0	0	0	0
OTU_5605	2	0	1	1	0	30	0	0	4	0	0	5	0	2	0	4	0	1	0	1	0	0
OTU_4337	7	1	0	16	0	15	5	8	7	2	1	4	1	5	4	8	0	2	0	8	0	0
OTU_2654	0	0	0	0	0	1	6	0	6	1	0	0	1	1	2	1	4	0	0	1	0	0
OTU_1045	11	0	0	0	0	2	13	0	9	18	1	5	0	11	0	4	1	0	0	8	0	0
OTU_1750	0	1	4	10	8	3	1	0	2	5	6	3	0	7	3	6	5	1	0	2	0	0
OTU_4792	4	7	10	3	11	2	0	2	1	3	9	4	0	2	4	1	16	8	0	7	0	0
OTU_1018	10	2	4	3	3	0	16	5	10	10	5	6	27	11	5	2	7	4	0	9	0	0
OTU_1127	4	1	1	7	3	0	12	13	11	17	2	4	2	6	0	0	3	0	0	3	0	0
OTU_574	4	7	12	42	26	3	4	25	0	2	10	9	6	2	11	0	20	7	0	9	0	0
OTU_2456	1	5	4	0	5	0	0	0	1	0	2	0	1	0	0	0	8	6	0	1	0	0
OTU_1234	8	5	7	9	6	2	14	14	6	26	5	21	3	15	23	4	3	4	0	13	0	0
OTU_861	12	6	4	7	12	0	4	10	5	6	28	6	15	8	12	3	13	22	0	18	0	0
OTU_350	45	1	2	13	1	4	29	13	31	28	0	44	2	48	8	3	2	2	0	78	0	0
OTU_1159	9	3	0	8	3	2	15	16	8	11	4	9	3	12	3	1	0	2	0	23	0	0
OTU_4562	2	0	0	1	0	7	0	0	0	0	0	0	0	0	0	2	0	0	0	0	0	0
OTU_2907	7	0	0	5	0	0	3	4	2	3	1	1	4	4	2	0	1	0	0	5	0	0
OTU_2590	0	1	5	2	5	0	0	0	1	3	1	7	0	2	1	1	1	14	0	0	0	0
OTU_3203	3	0	0	0	0	0	2	1	0	2	1	1	2	1	0	0	0	0	0	1	0	0
OTU_1047	10	7	8	5	16	1	11	17	3	17	4	3	19	7	8	2	18	12	0	9	0	0
OTU_809	4	4	0	17	3	9	32	20	18	7	7	7	21	11	10	4	3	1	0	38	0	0
OTU_1708	2	0	0	2	0	0	5	3	4	14	1	6	3	13	0	0	0	0	0	7	0	0
OTU_993	3	1	5	1	3	14	4	7	8	5	0	15	5	11	1	11	1	1	0	15	0	0
OTU_1781	6	1	1	0	6	1	9	5	5	5	3	4	5	7	3	4	2	1	0	6	0	0
OTU_3692	0	2	2	2	1	0	0	0	1	1	1	1	0	1	0	0	0	1	0	0	0	0
OTU_1679	8	12	7	1	2	0	6	6	4	3	8	7	5	3	6	0	12	5	0	4	0	0
OTU_2265	6	0	0	2	0	0	2	1	2	1	1	7	4	2	0	3	0	0	0	5	0	0
OTU_1550	3	3	5	1	2	0	8	0	3	9	11	5	6	6	1	0	1	5	0	14	0	0
OTU_3386	3	0	0	0	0	0	2	3	2	1	1	1	1	4	0	2	0	0	0	2	0	0
OTU_1347	7	4	5	2	4	2	2	15	4	14	2	11	8	6	11	3	2	1	0	48	0	0
OTU_3488	0	0	0	6	0	0	1	0	0	0	0	0	0	1	0	0	0	0	0	0	0	0
OTU_1766	4	4	11	3	32	0	1	5	0	1	14	4	5	0	2	21	1	14	0	6	0	0
OTU_1032	12	3	15	4	9	6	9	6	4	8	14	7	2	8	5	2	7	16	0	16	0	0
OTU_1094	10	9	3	3	12	0	6	7	4	7	10	8	24	5	3	1	5	6	0	18	0	0
OTU_3438	0	0	2	3	3	0	0	2	0	0	0	0	0	0	0	0	1	0	0	0	0	0
OTU_541	15	8	0	1	14	2	23	3	18	27	1	20	7	38	0	0	10	3	0	12	0	0
OTU_5427	13	6	4	6	11	3	22	8	9	30	16	8	15	22	11	5	9	16	0	14	0	0
OTU_2076	15	11	14	10	22	0	16	8	4	26	25	5	16	15	3	5	13	24	0	16	0	0
OTU_373	47	5	9	66	21	3	35	23	26	50	12	23	29	31	40	1	10	14	0	31	0	0
OTU_4506	0	1	0	0	5	0	0	0	0	0	2	0	0	0	0	0	0	0	0	0	0	0
OTU_753	14	3	12	11	17	4	16	7	11	11	19	4	8	18	7	4	4	7	0	13	0	0
OTU_6016	0	1	0	0	2	0	0	0	0	0	0	0	0	0	0	0	1	0	0	0	0	0
OTU_1786	3	0	4	1	7	5	1	1	0	2	2	4	0	0	5	0	9	4	0	0	0	0
OTU_1111	28	5	0	4	61	35	13	4	10	23	1	39	6	26	6	47	8	2	0	12	0	0
OTU_908	7	0	0	0	0	66	10	1	11	6	0	6	4	5	0	39	0	0	0	7	0	0
OTU_3029	0	3	0	3	1	0	0	2	0	4	1	2	1	3	2	1	1	2	0	3	0	0
OTU_2409	16	3	7	17	10	1	13	13	8	19	4	22	12	13	17	3	10	13	0	16	0	0
OTU_3004	1	2	2	1	1	0	0	2	0	0	0	1	0	0	1	0	1	0	0	1	0	0
OTU_2510	2	1	0	4	1	17	0	0	5	1	1	1	2	1	1	6	0	1	0	3	0	0
OTU_955	8	1	0	7	0	0	0	1	0	26	0	7	10	0	6	2	0	0	0	42	0	0
OTU_1014	3	0	1	7	1	0	4	12	2	2	2	0	0	1	4	0	14	2	0	1	0	0
OTU_2316	5	1	0	5	1	5	5	0	2	8	3	3	5	1	3	0	0	0	0	16	0	0
OTU_5960	0	1	1	0	0	1	0	0	0	1	0	1	0	0	3	1	0	0	0	0	0	0
OTU_4084	29	1	1	1	7	0	14	3	12	33	1	10	3	12	6	4	3	2	0	14	0	0
OTU_173	26	107	72	31	107	8	13	71	16	25	100	16	89	8	60	11	72	106	0	23	0	0
OTU_4310	1	1	1	2	3	0	3	4	7	7	2	4	2	4	1	2	5	2	0	2	0	0
OTU_1755	7	3	0	6	19	0	3	14	1	4	0	2	3	4	2	4	8	0	0	1	0	0
OTU_1307	1	2	0	21	1	0	12	11	18	11	2	6	6	12	6	2	0	0	0	6	0	0
OTU_1667	0	4	14	2	15	1	0	3	1	0	12	1	0	0	4	2	4	5	0	0	0	0
OTU_4135	1	1	0	1	0	0	2	2	0	3	0	3	7	2	0	1	0	0	0	4	0	0
OTU_2715	3	1	2	0	2	11	0	0	1	1	1	1	1	0	1	13	0	0	0	1	0	0
OTU_971	3	2	3	0	4	65	3	5	9	4	2	5	6	8	2	52	2	1	0	3	0	0
OTU_1248	3	6	8	11	23	2	5	18	3	5	4	3	3	3	7	7	7	42	0	4	0	0
OTU_2803	2	0	0	0	0	5	0	0	3	1	0	1	1	2	0	12	0	0	0	0	0	0
OTU_5158	22	5	1	9	2	2	23	19	21	11	2	12	16	15	1	7	2	1	0	13	0	0
OTU_2007	2	3	1	6	8	2	4	2	3	9	6	2	4	2	6	0	2	6	0	3	0	0
OTU_1934	8	4	5	1	4	1	6	5	7	6	8	4	18	6	1	0	0	12	0	20	0	0
OTU_1638	0	0	0	0	0	0	0	8	0	0	0	0	34	0	0	0	0	0	0	0	0	0
OTU_638	6	11	17	6	13	0	9	19	5	16	8	3	19	5	12	3	11	19	0	9	0	0
OTU_5570	0	2	1	0	0	1	0	0	0	2	5	0	0	0	0	2	5	5	0	1	0	0
OTU_581	16	2	5	2	4	42	8	0	10	21	3	4	5	10	3	12	1	0	0	24	0	0
OTU_4433	5	2	2	1	2	0	8	2	4	6	5	1	7	9	5	1	3	7	0	12	0	0
OTU_2400	5	0	2	1	3	3	4	3	3	3	3	6	8	2	1	8	11	6	0	2	0	0
OTU_1140	1	7	1	4	12	0	3	1	3	4	12	1	1	2	4	2	10	8	0	2	0	0
OTU_2595	1	5	6	1	13	19	0	1	6	2	5	3	3	0	2	23	7	3	0	0	0	0
OTU_2749	4	0	0	0	4	9	1	0	5	4	0	4	2	6	0	4	5	2	0	1	0	0
OTU_1011	3	8	7	11	10	12	4	15	4	3	8	2	1	7	17	6	4	12	0	1	0	0
OTU_3636	1	0	0	0	0	0	1	0	0	1	0	3	0	1	0	0	0	0	0	1	0	0
OTU_3681	0	0	0	0	0	3	0	0	6	0	0	0	0	1	0	0	0	0	0	0	0	0
OTU_2709	3	1	1	0	1	6	2	1	4	6	6	3	4	2	2	3	2	0	0	6	0	0
OTU_670	5	6	17	3	20	1	15	2	13	11	9	8	9	4	2	1	10	3	0	7	0	0
OTU_348	21	7	6	19	5	1	26	63	15	28	6	26	22	20	20	1	8	9	0	19	0	0
OTU_5539	1	0	2	0	0	0	0	1	0	0	2	0	2	0	2	0	1	1	0	2	0	0
OTU_5415	0	0	1	0	1	3	0	0	0	1	0	0	0	0	0	2	1	0	0	0	0	0
OTU_392	14	15	16	33	19	5	11	31	15	24	12	14	26	15	19	12	11	16	0	26	0	0
OTU_3907	0	0	0	1	0	0	0	1	0	0	0	0	0	1	0	0	0	6	0	5	0	0
OTU_4408	4	0	0	0	0	0	5	1	0	1	1	2	3	2	0	0	0	0	0	1	0	0
OTU_1723	7	4	6	4	12	12	3	13	5	10	3	6	6	4	6	15	9	7	0	7	0	0
OTU_1362	0	0	0	0	0	0	1	0	0	2	0	37	0	0	0	1	0	0	0	3	0	0
OTU_3335	0	0	1	0	2	0	2	0	0	0	4	0	0	0	0	0	13	1	0	0	0	0
OTU_5440	1	2	1	0	0	0	0	0	0	0	2	0	0	0	0	0	0	0	0	0	0	0
OTU_4048	11	1	8	7	3	1	13	4	11	7	6	6	8	15	2	2	0	4	0	12	0	0
OTU_2960	1	2	0	3	0	1	2	0	0	1	0	1	1	0	0	1	4	0	0	2	0	0
OTU_1282	2	3	10	12	4	5	0	12	0	1	3	1	2	1	17	0	13	4	0	0	0	0
OTU_4148	1	1	2	2	2	0	0	1	0	0	0	2	0	0	1	2	1	0	0	0	0	0
OTU_2268	2	1	1	0	2	0	1	0	1	1	2	1	5	0	0	0	1	2	0	8	0	0
OTU_597	21	6	7	1	3	0	43	0	18	23	20	4	6	31	12	0	7	8	0	8	0	0
OTU_469	32	11	18	86	33	6	9	33	10	18	7	27	5	9	40	7	29	12	0	10	0	0
OTU_1220	4	14	11	7	21	0	5	7	2	4	19	2	1	3	8	1	8	6	0	8	0	0
OTU_5336	2	0	0	0	0	0	1	8	0	2	3	0	0	2	1	0	0	0	0	3	0	0
OTU_2875	1	0	0	1	1	0	2	4	0	0	0	1	1	1	0	2	0	0	0	2	0	0
OTU_1501	18	8	26	18	51	27	7	24	11	3	22	18	33	17	20	21	8	24	0	12	0	0
OTU_791	1	20	31	22	32	3	0	5	1	1	22	1	2	0	14	5	26	20	0	1	0	0
OTU_1836	3	0	1	1	0	0	4	6	3	6	0	6	2	4	0	0	1	3	0	3	0	0
OTU_1734	1	7	14	8	10	2	3	3	0	0	11	0	0	2	8	0	10	13	0	2	0	0
OTU_1589	0	0	0	11	0	1	0	7	0	0	1	0	9	0	12	0	0	0	0	16	0	0
OTU_2558	3	1	1	4	5	2	2	2	2	3	4	2	1	6	5	3	1	0	0	3	0	0
OTU_1255	5	0	0	0	0	1	7	2	4	8	0	10	1	8	0	0	0	0	0	5	0	0
OTU_3339	0	2	0	1	1	0	0	0	0	1	1	0	0	1	0	0	3	1	0	0	0	0
OTU_2744	3	0	0	16	0	1	7	1	3	4	0	0	6	2	6	0	0	0	0	6	0	0
OTU_2170	0	0	1	0	0	0	0	0	0	0	19	0	0	0	0	0	5	1	0	0	0	0
OTU_855	5	6	19	11	19	0	4	7	2	0	8	3	1	3	6	1	7	12	0	5	0	0
OTU_5527	0	0	0	1	2	0	1	2	2	2	2	2	1	0	0	0	1	1	0	1	0	0
OTU_2228	4	1	0	0	0	0	1	0	0	1	0	6	0	3	0	0	0	0	0	3	0	0
OTU_4069	0	0	1	0	4	0	0	1	0	0	0	0	0	0	0	0	0	0	0	0	0	0
OTU_3432	6	13	15	15	17	0	2	4	3	7	5	11	7	6	2	5	6	1	0	19	0	0
OTU_2245	2	0	4	2	3	0	2	10	0	2	3	3	2	2	2	0	2	2	0	3	0	0
OTU_848	14	0	0	1	2	1	24	0	19	21	0	10	1	16	0	0	0	0	0	5	0	0
OTU_1868	5	0	0	0	2	1	3	5	2	2	2	1	5	2	7	1	5	0	0	6	0	0
OTU_4690	0	0	1	0	1	0	0	0	0	0	1	0	0	0	1	0	0	0	0	0	0	0
OTU_903	5	8	6	8	11	11	7	3	5	12	8	7	4	7	11	4	11	23	0	7	0	0
OTU_958	4	3	4	7	5	3	2	14	4	8	17	7	9	0	14	2	4	3	0	58	0	0
OTU_3316	1	2	2	1	0	0	0	0	0	0	2	1	3	0	1	0	0	3	0	2	0	0
OTU_5142	0	0	0	0	0	1	0	0	0	1	0	0	0	0	0	1	0	0	0	0	0	0
OTU_4789	0	0	1	1	0	0	0	3	0	0	0	0	3	0	1	0	0	1	0	0	0	0
OTU_580	15	7	0	19	5	0	25	17	10	23	6	8	6	14	3	1	1	1	0	5	0	0
OTU_1610	1	4	4	1	11	1	0	0	0	1	3	0	0	1	3	2	22	9	0	0	0	0
OTU_1301	1	0	0	0	0	0	10	0	9	14	0	0	0	16	0	0	0	0	0	1	0	0
OTU_3923	2	0	0	1	0	0	0	0	1	1	0	0	0	0	0	0	0	0	0	4	0	0
OTU_3689	1	0	0	1	0	9	0	0	0	0	0	1	0	1	1	3	0	0	0	0	0	0
OTU_952	9	2	3	2	0	0	23	8	14	9	4	2	13	26	8	1	2	2	0	17	0	0
OTU_726	10	2	1	5	0	2	28	3	15	33	1	5	9	97	19	3	0	0	0	63	0	0
OTU_821	4	16	14	4	15	14	0	5	2	0	11	2	1	0	10	19	3	27	0	0	0	0
OTU_2916	4	1	0	3	4	0	0	0	8	4	0	5	1	2	0	0	0	2	0	3	0	0
OTU_3402	7	0	0	0	0	0	0	0	3	2	0	9	2	7	0	18	0	2	0	6	0	0
OTU_2536	3	5	0	0	1	1	2	1	3	1	4	5	1	1	0	2	1	1	0	4	0	0
OTU_5822	0	0	0	0	3	0	0	0	0	0	0	0	0	0	1	0	0	3	0	0	0	0
OTU_1555	10	0	0	1	0	1	5	7	5	11	0	19	23	10	0	2	1	0	0	15	0	0
OTU_1889	0	0	3	3	3	1	0	12	0	0	4	0	16	0	1	2	0	0	0	0	0	0
OTU_2732	15	0	1	5	0	1	20	2	10	13	2	14	1	13	1	4	8	0	0	3	0	0
OTU_1495	3	1	0	0	1	0	5	2	2	7	0	2	8	8	0	0	0	0	0	8	0	0
OTU_551	25	1	1	40	8	8	21	9	20	28	5	26	1	29	1	18	2	0	0	21	0	0
OTU_2321	3	1	3	2	5	0	2	2	1	1	2	1	4	2	5	0	5	4	0	5	0	0
OTU_1824	2	1	4	4	11	0	1	2	0	3	2	1	0	1	1	8	5	4	0	3	0	0
OTU_4659	1	0	0	3	2	0	0	0	0	1	1	0	0	0	0	2	2	0	0	0	0	0
OTU_5916	0	0	0	0	0	0	0	0	0	1	0	0	1	0	0	0	0	0	0	0	0	0
OTU_699	9	4	7	2	6	0	16	3	15	28	12	5	7	28	3	0	5	6	0	2	0	0
OTU_5024	7	0	0	13	0	1	18	5	10	27	0	18	1	26	1	4	0	0	0	23	0	0
OTU_3190	0	2	2	1	3	1	0	1	1	0	4	0	0	4	3	1	0	1	0	0	0	0
OTU_1807	13	0	2	3	6	9	6	2	1	6	1	9	0	9	2	2	6	0	0	3	0	0
OTU_2955	0	0	4	1	5	0	0	1	0	2	1	1	3	1	1	0	2	0	0	1	0	0
OTU_3897	1	0	0	1	0	1	0	0	0	1	0	0	0	0	0	3	0	1	0	0	0	0
OTU_1380	11	0	0	0	0	0	0	0	0	1	0	26	0	0	0	6	0	0	0	1	0	0
OTU_1249	6	12	8	0	9	0	1	1	0	1	7	0	2	1	2	0	7	16	0	3	0	0
OTU_1039	3	9	9	1	6	5	6	2	1	6	7	2	3	4	4	1	11	4	0	3	0	0
OTU_1778	0	2	1	1	7	1	1	1	0	0	1	10	0	0	0	8	4	0	0	1	0	0
OTU_2597	4	1	0	6	1	0	4	6	4	2	3	1	9	4	2	0	0	2	0	1	0	0
OTU_3377	1	0	2	0	4	1	2	1	1	2	4	2	1	2	1	1	0	1	0	1	0	0
OTU_2335	13	0	0	3	0	0	8	3	1	4	3	5	3	2	5	0	1	3	0	11	0	0
OTU_1618	0	1	1	0	2	45	0	2	0	0	0	0	2	2	1	2	0	0	0	3	0	0
OTU_5883	0	0	0	0	1	0	0	1	0	1	0	0	1	0	0	0	2	1	0	0	0	0
OTU_1838	0	0	2	4	4	0	3	2	2	3	3	0	7	3	0	0	4	2	0	1	0	0
OTU_2657	4	0	0	1	0	0	2	0	0	5	0	4	1	5	0	0	0	0	0	1	0	0
OTU_1033	13	4	6	6	5	0	10	3	4	10	2	4	1	5	6	2	5	5	0	9	0	0
OTU_2713	5	1	7	4	0	0	2	7	1	5	3	9	15	4	7	1	0	1	0	7	0	0
OTU_2247	5	1	2	0	3	0	13	1	2	5	9	1	4	6	0	0	3	5	0	6	0	0
OTU_3369	4	2	1	0	0	4	1	1	2	2	0	0	1	2	1	3	3	1	0	3	0	0
OTU_1547	2	27	2	1	83	3	5	7	8	6	5	12	6	8	2	3	0	1	0	3	0	0
OTU_5576	8	2	3	3	5	7	3	5	3	9	2	6	3	7	3	4	3	1	0	4	0	0
OTU_1475	5	0	0	26	3	0	2	3	1	3	1	6	0	3	0	2	2	0	0	1	0	0
OTU_4585	0	0	0	0	0	0	2	0	1	1	0	1	0	1	0	0	1	0	0	0	0	0
OTU_1744	3	0	3	10	4	1	3	6	3	2	2	0	3	2	7	0	1	1	0	2	0	0
OTU_1371	5	0	0	0	1	1	14	1	6	13	0	2	1	7	0	0	2	0	0	2	0	0
OTU_1336	4	2	1	4	0	3	2	5	2	3	0	3	2	6	2	2	2	1	0	0	0	0
OTU_3372	3	1	3	1	3	0	0	2	0	4	4	3	2	2	7	0	4	5	0	5	0	0
OTU_3317	1	0	1	5	4	0	3	0	3	1	1	1	0	0	0	0	0	0	0	2	0	0
OTU_1325	1	5	8	8	13	0	4	7	0	5	3	5	3	3	9	0	13	6	0	1	0	0
OTU_3077	2	0	0	0	0	17	0	0	1	1	0	1	0	0	0	11	0	0	0	3	0	0
OTU_1658	4	0	0	0	7	0	3	17	3	17	0	4	5	12	2	1	0	1	0	5	0	0
OTU_4173	0	0	1	1	0	0	0	0	0	2	0	0	1	0	0	0	0	0	0	0	0	0
OTU_1730	3	1	0	0	2	0	17	11	11	8	3	5	11	5	2	1	1	3	0	5	0	0
OTU_3074	3	2	2	1	3	0	1	1	1	1	4	1	2	0	0	2	6	2	0	1	0	0
OTU_2285	0	0	0	26	0	0	0	2	0	0	0	0	0	0	2	0	0	0	0	0	0	0
OTU_950	19	2	1	6	5	8	10	6	5	6	0	36	2	11	1	13	2	2	0	9	0	0
OTU_827	7	9	7	31	7	4	9	20	14	4	14	8	16	12	7	0	13	7	0	3	0	0
OTU_3298	1	0	0	0	0	0	0	0	0	2	0	2	1	0	0	3	0	1	0	3	0	0
OTU_1403	13	0	0	2	1	2	20	1	8	12	0	10	1	9	1	3	0	0	0	5	0	0
OTU_1338	0	4	3	11	5	42	0	14	1	1	0	3	3	0	9	25	3	5	0	1	0	0
OTU_4391	0	0	1	4	0	0	0	1	0	0	0	0	0	0	0	0	1	0	0	0	0	0
OTU_872	1	19	10	3	24	0	0	6	1	0	15	0	1	0	2	0	19	20	0	0	0	0
OTU_2383	1	1	0	0	1	2	1	2	1	5	0	3	1	0	0	4	1	0	0	0	0	0
OTU_6121	7	8	5	5	7	2	13	4	5	9	21	5	15	16	9	4	11	9	0	11	0	0
OTU_2518	1	1	2	2	1	0	0	0	1	0	2	0	0	0	0	0	2	4	0	0	0	0
OTU_3250	3	1	6	3	15	3	0	4	2	7	11	6	4	3	3	12	5	9	0	6	0	0
OTU_4655	0	0	24	0	4	3	1	2	3	0	1	0	2	2	11	0	0	0	0	1	0	0
OTU_1280	9	8	9	12	8	6	10	6	4	10	15	8	4	8	6	3	18	5	0	12	0	0
OTU_4511	6	15	8	7	14	0	5	37	3	6	12	6	21	9	3	12	24	20	0	12	0	0
OTU_1012	3	1	1	6	4	4	10	12	4	10	7	6	8	6	3	1	4	3	0	7	0	0
OTU_5911	2	2	1	8	2	12	0	0	2	3	1	5	1	5	6	11	0	0	0	4	0	0
OTU_1166	10	1	2	9	7	1	13	7	10	13	14	6	4	4	12	4	7	10	0	9	0	0
OTU_2841	0	4	2	2	8	0	1	5	0	3	7	0	2	0	1	0	3	5	0	10	0	0
OTU_2363	4	2	1	5	2	0	2	5	2	2	1	2	0	3	1	0	5	3	0	10	0	0
OTU_6325	6	0	0	1	0	0	16	11	6	21	0	14	0	19	2	3	0	0	0	11	0	0
OTU_5026	1	0	0	0	1	0	0	0	0	2	2	0	0	1	0	1	0	0	0	0	0	0
OTU_1661	5	0	0	0	0	0	9	0	6	7	1	3	2	12	0	8	1	2	0	5	0	0
OTU_2765	1	6	15	0	20	9	3	8	2	4	15	5	3	5	8	4	9	18	0	2	0	0
OTU_1854	2	1	1	1	1	0	1	1	0	5	9	2	1	0	2	3	0	2	0	0	0	0
OTU_1551	0	0	0	10	0	0	1	10	0	0	0	1	0	1	2	5	3	0	0	0	0	0
OTU_3753	1	0	0	0	0	1	1	5	6	1	1	1	7	3	0	0	0	0	0	2	0	0
OTU_3959	2	0	0	1	0	0	2	4	4	7	0	3	3	3	1	0	0	0	0	2	0	0
OTU_742	6	3	2	1	2	2	20	2	17	24	2	4	6	24	2	2	3	0	0	4	0	0
OTU_2699	2	1	3	1	3	1	2	0	0	0	2	1	0	2	1	0	2	0	0	2	0	0
OTU_3005	0	0	1	3	4	0	0	4	3	0	1	2	1	3	0	3	3	0	0	0	0	0
OTU_2899	2	0	1	11	0	14	1	3	6	1	0	0	0	0	8	7	0	1	0	1	0	0
OTU_1595	2	2	2	4	4	1	1	8	0	3	6	1	5	3	5	3	5	2	0	4	0	0
OTU_4909	2	1	1	1	5	19	2	0	12	4	1	7	4	5	1	11	3	7	0	2	0	0
OTU_4602	0	0	0	0	1	0	0	0	0	0	3	1	0	0	0	0	1	3	0	0	0	0
OTU_1954	6	0	2	0	0	25	7	2	9	3	0	1	7	8	0	8	2	0	0	3	0	0
OTU_3979	11	2	0	13	8	3	8	7	6	11	3	16	4	4	7	3	8	2	0	8	0	0
OTU_557	8	4	5	7	5	1	19	20	4	14	7	5	34	11	11	19	4	8	0	12	0	0
OTU_3554	12	1	1	0	8	3	9	2	4	6	3	6	1	9	0	4	3	0	0	4	0	0
OTU_1848	5	0	1	1	0	0	1	8	0	6	1	4	2	1	2	0	26	0	0	4	0	0
OTU_922	3	5	8	15	7	0	2	3	2	3	5	0	0	2	8	0	10	6	0	1	0	0
OTU_3540	0	1	1	0	4	0	1	0	0	0	0	0	4	1	0	0	0	0	0	0	0	0
OTU_1700	3	0	1	0	0	0	12	4	3	13	0	2	3	8	3	0	0	1	0	4	0	0
OTU_1711	10	1	1	4	0	1	3	1	1	2	3	11	4	3	1	2	3	2	0	21	0	0
OTU_2752	11	4	12	9	8	1	8	4	5	10	6	5	12	10	7	7	12	12	0	21	0	0
OTU_1993	2	0	2	6	1	0	1	1	0	5	0	0	2	4	2	1	1	3	0	1	0	0
OTU_1746	3	2	4	0	8	0	0	4	0	1	6	0	3	0	1	1	2	4	0	0	0	0
OTU_3988	1	0	0	0	0	0	8	2	6	2	1	1	4	10	1	0	0	1	0	1	0	0
OTU_4945	5	2	1	14	5	4	3	6	0	4	1	11	3	4	5	7	2	1	0	2	0	0
OTU_1162	4	3	1	1	4	13	10	0	4	4	3	3	4	3	2	12	0	3	0	6	0	0
OTU_2264	0	0	0	0	0	0	2	0	4	1	1	1	2	6	0	0	2	0	0	2	0	0
OTU_4328	0	0	0	0	0	0	0	0	0	3	0	1	0	1	0	0	8	0	0	0	0	0
OTU_1581	5	3	8	3	0	8	1	20	3	5	0	10	8	0	0	1	0	1	0	1	0	0
OTU_2706	1	1	0	2	0	0	0	4	0	1	0	0	3	0	1	0	0	0	0	3	0	0
OTU_1738	1	1	0	0	0	22	1	1	2	1	2	5	3	0	1	29	0	3	0	2	0	0
OTU_4187	0	1	1	0	0	0	0	0	0	3	0	0	0	0	0	0	0	0	0	1	0	0
OTU_3406	0	0	0	1	0	6	0	0	2	0	0	0	0	0	0	2	0	0	0	2	0	0
OTU_1382	2	0	0	44	0	0	1	6	2	1	0	0	3	2	24	0	0	0	0	0	0	0
OTU_611	8	0	0	4	0	60	14	1	16	22	0	32	3	21	1	14	2	2	0	7	0	0
OTU_3596	5	1	0	3	1	1	3	6	5	3	1	4	2	3	0	4	0	2	0	4	0	0
OTU_3881	2	0	0	0	0	0	2	0	0	0	2	0	0	0	0	0	0	0	0	0	0	0
OTU_915	5	3	4	3	11	23	1	2	2	4	5	3	1	4	3	20	10	6	0	4	0	0
OTU_965	11	0	1	8	7	1	6	3	9	7	3	7	7	14	1	0	3	0	0	5	0	0
OTU_1207	12	5	15	11	9	13	10	6	7	8	4	16	6	10	6	12	10	15	0	3	0	0
OTU_741	10	2	0	3	3	3	3	11	5	29	3	5	18	4	11	7	0	0	0	43	0	0
OTU_1182	3	1	2	1	0	28	0	1	2	2	0	2	2	1	0	17	0	3	0	2	0	0
OTU_830	15	9	4	13	33	42	7	9	10	10	8	19	9	14	10	20	16	6	0	4	0	0
OTU_1633	2	1	1	1	7	1	4	2	2	5	4	0	0	8	0	2	5	1	0	2	0	0
OTU_2555	6	3	2	0	4	0	1	1	2	2	3	3	1	1	2	0	1	1	0	0	0	0
OTU_3788	0	0	2	0	0	1	0	0	1	0	0	1	3	2	0	0	1	1	0	3	0	0
OTU_945	20	2	3	3	3	0	16	2	13	16	2	8	11	37	5	0	1	2	0	17	0	0
OTU_1699	6	1	4	2	3	0	4	3	2	1	11	2	5	2	1	0	7	17	0	10	0	0
OTU_3986	0	0	1	5	1	1	2	2	0	0	2	1	0	2	0	0	2	2	0	0	0	0
OTU_1703	0	3	6	2	3	4	2	3	2	1	7	2	1	3	2	3	10	2	0	1	0	0
OTU_4846	1	0	0	0	0	0	0	0	0	0	0	1	0	0	0	0	0	0	0	2	0	0
OTU_2844	4	1	6	1	5	0	4	6	1	5	2	0	3	11	4	0	0	2	0	3	0	0
OTU_2839	0	3	2	1	5	0	1	7	1	1	0	3	6	0	4	0	2	6	0	2	0	0
OTU_2206	11	0	2	3	0	0	0	3	1	1	5	3	5	2	4	0	1	0	0	4	0	0
OTU_3796	3	5	4	0	0	1	0	2	7	1	0	8	4	8	4	80	2	1	0	5	0	0
OTU_3007	6	1	2	1	1	0	10	2	4	12	7	21	5	13	1	6	0	0	0	6	0	0
OTU_813	6	8	11	7	7	3	15	3	12	26	15	12	6	19	6	0	0	10	0	12	0	0
OTU_1502	3	6	0	6	2	0	7	6	3	1	1	0	10	8	2	1	3	0	0	2	0	0
OTU_1201	8	6	5	1	2	0	3	1	1	2	3	5	7	2	2	0	1	5	0	26	0	0
OTU_924	13	0	3	21	2	22	3	6	7	12	0	7	2	11	5	5	4	3	0	11	0	0
OTU_1922	7	3	2	8	5	2	8	19	5	13	4	2	8	10	3	3	4	0	0	6	0	0
OTU_3762	1	0	0	0	2	1	0	1	0	0	0	10	0	1	0	1	0	0	0	0	0	0
OTU_4000	0	0	0	0	7	9	0	1	0	1	0	1	0	0	2	3	0	0	0	0	0	0
OTU_784	8	2	0	17	2	0	4	38	3	12	5	4	35	5	7	0	1	1	0	20	0	0
OTU_5915	0	1	0	0	0	1	1	0	2	1	0	0	0	0	1	0	1	0	0	0	0	0
OTU_970	42	0	0	25	0	6	25	8	10	12	0	28	2	31	28	9	0	1	0	12	0	0
OTU_2103	1	1	2	8	1	1	1	2	2	9	0	1	0	7	2	0	0	4	0	0	0	0
OTU_2583	3	0	0	3	0	0	3	0	1	1	0	2	0	2	0	0	0	1	0	0	0	0
OTU_3297	0	0	0	0	0	0	4	0	1	1	2	1	0	3	1	0	1	0	0	0	0	0
OTU_2608	2	0	4	0	0	1	3	0	1	5	2	4	0	2	2	0	2	1	0	1	0	0
OTU_1676	4	0	0	7	0	0	13	0	8	1	1	1	0	3	0	2	1	0	0	4	0	0
OTU_2972	1	1	3	8	3	0	1	0	0	1	3	3	3	2	0	0	1	2	0	2	0	0
OTU_2355	7	1	4	2	2	0	4	10	5	4	14	2	2	2	1	1	11	12	0	2	0	0
OTU_1571	5	0	0	1	1	0	13	1	6	12	1	0	5	9	0	2	0	1	0	6	0	0
OTU_1410	4	7	1	7	12	0	5	8	6	6	3	3	3	4	3	1	7	3	0	3	0	0
OTU_2078	1	3	4	6	7	0	1	19	1	3	3	1	1	0	11	1	1	6	0	1	0	0
OTU_2507	3	1	3	6	11	0	2	6	2	0	2	3	2	0	2	0	3	5	0	2	0	0
OTU_2389	0	0	0	4	0	20	0	0	1	0	0	0	0	1	0	2	0	0	0	0	0	0
OTU_3382	0	0	0	2	4	0	0	1	2	1	2	0	0	0	1	2	1	1	0	0	0	0
OTU_2387	3	0	0	3	2	105	1	0	11	7	0	11	8	3	2	35	1	1	0	3	0	0
OTU_1754	6	1	2	23	6	3	4	3	2	2	3	2	1	3	6	2	2	3	0	2	0	0
OTU_2708	1	0	0	0	0	32	0	0	2	0	0	0	1	0	0	9	0	0	0	1	0	0
OTU_1091	6	1	4	9	5	8	1	6	1	4	3	11	3	4	6	4	14	10	0	3	0	0
OTU_2332	2	0	0	0	0	0	7	0	1	7	0	5	0	11	0	0	0	0	0	3	0	0
OTU_2641	6	1	0	1	0	0	9	1	4	8	0	2	0	10	1	0	2	0	0	0	0	0
OTU_3557	0	1	1	0	1	1	0	0	1	0	2	1	1	0	3	2	4	3	0	2	0	0
OTU_1417	1	0	0	0	0	0	17	0	12	17	0	3	0	6	3	0	1	0	0	3	0	0
OTU_6001	0	0	3	0	0	0	0	0	0	0	1	0	2	0	0	0	0	1	0	0	0	0
OTU_715	8	4	6	8	17	22	7	1	6	25	3	33	0	12	2	35	12	3	0	10	0	0
OTU_1333	5	4	16	12	8	0	1	16	0	1	4	6	3	1	26	2	22	3	0	3	0	0
OTU_1395	2	5	2	19	5	0	2	12	3	2	8	1	4	2	19	3	0	1	0	4	0	0
OTU_1331	6	2	2	11	5	0	6	7	2	0	12	1	13	3	8	0	6	5	0	5	0	0
OTU_1257	2	6	2	2	6	15	1	3	1	7	1	14	2	6	3	7	3	0	0	6	0	0
OTU_2219	6	2	0	2	0	3	23	0	8	42	12	5	0	34	1	3	2	0	0	7	0	0
OTU_1573	3	0	0	3	1	0	6	1	3	13	3	1	0	8	0	0	0	0	0	2	0	0
OTU_262	3	33	31	92	51	0	3	52	3	1	29	7	7	2	91	1	35	39	0	1	0	0
OTU_1232	5	12	22	8	17	2	1	15	3	3	23	9	16	1	10	5	25	17	0	14	0	0
OTU_3195	1	0	0	0	0	0	0	0	0	1	1	4	0	6	2	0	0	0	0	0	0	0
OTU_2220	0	0	0	0	0	13	0	0	1	0	0	1	0	0	0	5	0	0	0	0	0	0
OTU_4010	0	0	1	0	0	0	0	2	0	0	2	1	0	1	0	0	2	3	0	0	0	0
OTU_1880	0	0	5	4	7	0	0	0	0	0	3	3	0	1	0	0	5	4	0	0	0	0
OTU_2989	1	6	5	10	19	0	0	3	0	12	4	16	1	2	3	6	4	1	0	1	0	0
OTU_1719	0	2	0	12	5	0	1	5	0	2	1	2	0	2	1	2	3	0	0	1	0	0
OTU_2313	4	0	3	1	5	2	5	2	1	4	4	1	1	6	0	0	0	2	0	2	0	0
OTU_2395	4	5	0	10	8	0	2	17	0	1	4	4	5	2	3	3	1	3	0	10	0	0
OTU_449	0	0	0	0	0	0	0	0	0	0	0	0	0	0	0	0	0	0	185	0	0	0
OTU_1795	5	5	0	1	7	0	5	1	4	10	9	6	4	7	1	0	6	3	0	1	0	0
OTU_2390	1	4	7	4	3	1	1	1	0	2	2	1	4	1	4	0	7	6	0	0	0	0
OTU_5364	2	1	1	2	1	0	0	1	0	1	3	0	0	1	0	2	0	1	0	0	0	0
OTU_1316	16	1	1	1	4	3	14	3	11	9	5	4	11	16	2	2	0	1	0	11	0	0
OTU_706	13	2	4	3	3	12	15	9	9	36	5	5	17	10	2	4	8	4	0	5	0	0
OTU_1157	1	0	0	44	1	0	0	10	1	0	0	0	2	0	0	0	0	0	0	0	0	0
OTU_1466	6	9	9	8	11	1	0	3	0	4	6	7	2	0	4	0	7	4	0	3	0	0
OTU_572	1	21	0	5	0	1	7	15	3	118	3	8	7	3	40	4	0	6	0	45	0	0
OTU_614	19	0	0	0	1	0	23	3	9	28	0	8	8	34	0	1	4	1	0	8	0	0
OTU_3443	0	1	1	0	0	0	0	0	0	0	0	0	2	1	1	0	0	2	0	0	0	0
OTU_1694	2	0	2	19	6	0	4	4	2	1	0	1	2	0	2	3	2	2	0	3	0	0
OTU_1294	3	0	1	2	1	0	10	3	7	10	5	6	0	12	2	2	6	5	0	3	0	0
OTU_1083	2	0	1	0	0	0	18	0	9	20	1	4	0	20	0	0	0	3	0	2	0	0
OTU_1773	7	0	1	1	0	0	5	1	2	3	3	2	2	9	0	1	4	3	0	0	0	0
OTU_1031	3	9	14	7	9	1	3	3	1	5	11	3	7	1	7	1	15	6	0	34	0	0
OTU_2074	4	0	0	0	0	0	6	1	4	9	0	2	0	9	0	0	0	0	0	4	0	0
OTU_3113	1	0	0	0	0	0	2	0	3	3	0	2	7	2	0	0	0	0	0	0	0	0
OTU_5375	1	1	6	3	13	6	0	2	0	2	10	2	0	4	4	3	8	6	0	1	0	0
OTU_1069	4	1	0	13	6	0	15	14	4	8	8	10	7	7	5	0	17	6	0	1	0	0
OTU_3172	0	0	0	2	0	3	0	0	0	0	0	2	0	0	0	11	0	0	0	0	0	0
OTU_2016	4	3	0	8	3	2	3	2	2	8	1	1	15	1	2	15	0	0	0	5	0	0
OTU_2246	3	5	12	2	6	0	12	2	6	12	10	3	7	4	2	0	11	7	0	5	0	0
OTU_3176	0	3	2	0	5	0	0	0	0	0	1	2	0	0	0	0	2	2	0	0	0	0
OTU_883	7	1	0	2	1	8	18	8	16	14	0	13	9	13	2	4	3	0	0	5	0	0
OTU_372	7	19	21	36	36	9	10	30	3	6	18	3	8	6	33	7	20	25	0	11	0	0
OTU_916	12	10	27	2	11	0	4	8	4	7	26	9	20	1	9	1	23	43	0	6	0	0
OTU_2415	3	3	1	3	7	2	1	1	2	5	2	3	2	4	3	0	5	3	0	2	0	0
OTU_1110	12	0	1	7	2	0	14	8	13	10	3	3	9	3	11	0	2	0	0	4	0	0
OTU_3436	0	2	0	5	3	71	1	0	18	2	2	8	7	3	1	22	0	2	0	3	0	0
OTU_780	13	1	0	2	3	0	35	0	19	16	0	3	4	35	10	1	0	1	0	3	0	0
OTU_4039	5	0	0	20	0	8	2	8	2	7	0	11	2	3	4	1	2	1	0	2	0	0
OTU_1933	0	1	0	1	0	0	5	3	2	9	3	0	0	6	1	0	0	0	0	0	0	0
OTU_3394	1	55	1	17	177	0	0	32	5	0	3	5	9	0	4	15	138	1	0	1	0	0
OTU_3434	0	2	0	1	0	0	0	3	0	0	1	0	3	0	0	2	0	0	0	0	0	0
OTU_6289	0	0	0	1	3	0	0	0	0	0	0	0	0	0	0	0	0	0	0	0	0	0
OTU_1022	16	2	8	7	5	13	16	2	20	22	7	12	6	17	3	7	9	5	0	12	0	0
OTU_4085	1	0	3	0	2	0	1	1	0	3	1	2	0	0	0	1	1	0	0	0	0	0
OTU_3405	1	0	0	0	0	0	1	0	1	3	0	0	0	0	0	0	0	0	0	1	0	0
OTU_1019	6	4	9	30	12	14	2	7	2	9	7	5	0	1	6	6	8	4	0	9	0	0
OTU_2689	2	1	2	2	1	0	3	4	6	1	3	2	4	2	1	1	2	2	0	2	0	0
OTU_3670	7	4	1	24	3	8	5	10	5	5	5	3	1	3	6	14	5	1	0	5	0	0
OTU_1295	9	0	0	0	0	0	13	1	10	6	1	4	5	13	0	0	0	0	0	4	0	0
OTU_4415	0	0	0	2	1	0	0	0	0	0	0	0	0	0	0	0	1	1	0	0	0	0
OTU_2909	2	0	0	0	0	0	0	0	4	7	0	1	0	11	0	2	0	0	0	0	0	0
OTU_1113	6	9	10	6	9	1	6	14	5	6	7	4	9	3	4	4	1	18	0	5	0	0
OTU_2259	2	3	0	10	7	2	3	3	2	5	1	1	0	2	1	2	2	0	0	6	0	0
OTU_1138	2	8	8	17	9	1	0	8	1	1	1	7	3	3	7	0	0	2	0	2	0	0
OTU_5084	5	0	3	1	1	2	2	0	2	6	8	2	6	2	0	1	1	0	0	1	0	0
OTU_961	5	15	23	0	24	0	3	30	0	19	8	14	10	6	4	1	39	39	0	4	0	0
OTU_1425	0	4	2	2	10	1	2	0	1	0	5	1	0	2	2	2	5	4	0	1	0	0
OTU_3293	0	2	0	0	3	2	0	0	1	2	1	0	0	0	0	0	7	2	0	0	0	0
OTU_5644	4	5	4	25	9	34	1	5	1	0	2	4	0	2	10	39	3	7	0	3	0	0
OTU_708	23	5	8	12	10	5	21	4	16	19	8	6	5	15	2	9	9	18	0	16	0	0
OTU_5192	1	1	0	3	0	1	2	0	5	11	1	7	5	10	3	1	0	5	0	4	0	0
OTU_1174	11	0	0	16	0	0	21	8	16	12	0	4	2	13	0	1	2	0	0	7	0	0
OTU_1975	9	1	1	4	0	0	14	0	2	13	9	12	10	14	0	9	0	2	0	8	0	0
OTU_1179	8	0	0	13	1	7	7	14	2	14	1	18	5	13	3	2	4	2	0	12	0	0
OTU_1337	10	0	0	0	0	1	6	0	2	8	0	10	0	5	0	0	1	0	0	5	0	0
OTU_2226	0	0	5	5	1	6	2	6	3	2	1	0	1	2	8	2	6	8	0	3	0	0
OTU_948	7	0	1	3	15	3	6	1	5	11	12	2	0	5	2	3	11	11	0	9	0	0
OTU_1617	3	2	19	1	5	3	1	4	1	2	10	0	1	2	4	1	9	15	0	1	0	0
OTU_3529	0	0	0	0	0	0	3	0	1	4	0	4	0	3	4	0	0	0	0	0	0	0
OTU_1710	4	2	0	2	2	0	0	1	0	1	5	3	5	5	2	14	2	0	0	6	0	0
OTU_5492	2	0	0	10	0	1	16	0	4	19	3	4	1	10	0	3	0	0	0	6	0	0
OTU_3231	2	0	0	4	0	0	1	2	0	6	0	2	4	2	11	0	1	2	0	1	0	0
OTU_5106	2	1	1	0	1	1	2	4	0	0	3	2	0	5	2	0	1	6	0	1	0	0
OTU_2023	12	0	0	1	0	2	14	0	6	7	0	29	0	13	0	0	1	1	0	10	0	0
OTU_559	4	20	23	12	29	10	2	12	0	7	16	6	5	4	11	7	44	42	0	4	0	0
OTU_3360	3	0	0	0	0	3	0	0	0	0	0	26	0	0	0	5	0	0	0	1	0	0
OTU_3162	4	1	0	1	1	0	9	1	5	1	1	3	1	5	0	0	0	0	0	2	0	0
OTU_4478	1	0	0	0	0	0	0	0	2	0	0	0	1	0	0	3	0	0	0	1	0	0
OTU_2130	0	5	7	0	2	0	0	0	0	0	5	0	0	0	0	0	15	5	0	0	0	0
OTU_2847	3	4	5	0	0	1	4	0	1	2	2	1	4	2	1	0	4	3	0	2	0	0
OTU_5999	4	2	0	3	4	7	4	1	3	5	1	11	2	9	9	8	13	4	0	9	0	0
OTU_2655	0	0	0	0	1	15	0	0	1	0	0	1	1	0	0	5	0	0	0	0	0	0
OTU_3034	1	1	2	1	2	0	2	1	1	2	0	2	4	7	0	0	0	0	0	3	0	0
OTU_1463	7	1	0	4	1	20	3	0	4	16	2	4	10	8	0	8	0	1	0	5	0	0
OTU_3638	1	2	2	2	2	0	2	3	0	0	1	2	0	1	4	0	4	8	0	2	0	0
OTU_1272	2	2	1	16	1	0	0	4	0	3	2	0	7	1	7	0	7	2	0	1	0	0
OTU_1173	15	2	8	10	9	5	12	15	7	15	7	13	9	11	2	2	10	5	0	13	0	0
OTU_5663	0	0	0	0	0	0	1	0	0	1	0	0	0	1	0	0	2	0	0	0	0	0
OTU_1948	4	1	5	1	7	0	6	7	0	7	1	3	3	2	1	0	1	1	0	4	0	0
OTU_3609	1	0	0	0	0	14	0	0	2	0	0	2	1	1	0	7	0	0	0	0	0	0
OTU_447	11	10	11	8	24	2	14	20	12	20	10	12	4	17	14	1	13	14	0	14	0	0
OTU_4230	0	0	2	7	3	0	3	2	1	3	4	0	0	2	5	0	5	7	0	2	0	0
OTU_3035	0	0	0	0	0	3	1	0	1	0	0	1	0	2	1	3	0	0	0	0	0	0
OTU_5785	8	3	8	2	4	6	0	3	2	9	7	2	3	3	1	2	9	5	0	0	0	0
OTU_4802	0	0	0	0	0	0	0	0	0	0	5	0	0	0	0	0	0	0	0	0	0	0
OTU_4528	9	2	0	4	2	2	10	2	5	14	0	8	1	17	7	3	1	2	0	10	0	0
OTU_2357	10	6	11	24	9	50	0	12	5	6	7	7	3	6	17	22	19	9	0	10	0	0
OTU_1825	7	1	0	1	1	0	5	2	4	6	2	6	5	5	9	6	3	2	0	3	0	0
OTU_1662	3	0	0	0	0	0	1	1	2	24	0	1	5	2	2	0	1	1	0	2	0	0
OTU_1082	5	0	1	0	0	0	13	2	7	14	0	8	1	6	1	0	3	2	0	2	0	0
OTU_724	2	0	1	99	6	0	2	21	0	0	2	2	8	2	17	3	5	0	0	0	0	0
OTU_1275	6	3	0	0	0	2	5	5	7	6	5	6	6	12	0	6	3	1	0	1	0	0
OTU_3942	0	0	1	0	2	2	1	1	0	3	2	0	0	1	0	0	0	0	0	0	0	0
OTU_5574	0	0	0	0	0	0	0	1	0	0	1	0	0	0	0	0	1	0	0	0	0	0
OTU_5361	6	3	2	4	0	7	6	3	4	1	2	4	1	5	6	2	3	3	0	5	0	0
OTU_4435	0	0	1	1	0	0	1	1	0	0	0	0	5	2	1	0	0	1	0	3	0	0
OTU_6008	2	0	0	0	0	0	1	0	3	2	0	0	0	3	0	0	0	0	0	0	0	0
OTU_1330	1	2	2	3	0	0	2	0	3	9	4	1	2	2	3	0	2	4	0	2	0	0
OTU_3149	4	0	0	6	0	0	0	18	2	0	0	8	0	0	0	6	0	2	0	1	0	0
OTU_2968	3	1	0	2	1	7	1	0	1	3	0	3	2	4	0	8	1	0	0	2	0	0
OTU_1962	0	0	0	0	0	42	0	0	2	1	0	2	2	0	0	27	0	0	0	0	0	0
OTU_5230	0	0	0	0	0	0	4	0	0	2	0	0	0	3	0	1	0	0	0	0	0	0
OTU_3890	1	1	0	5	0	0	0	0	0	0	0	0	0	0	0	0	0	0	0	0	0	0
OTU_1944	8	2	0	17	3	1	3	3	2	7	3	8	1	3	6	0	3	9	0	7	0	0
OTU_2254	2	0	0	1	0	0	0	0	2	5	0	2	0	3	2	0	0	0	0	1	0	0
OTU_5254	1	0	0	0	0	1	0	0	0	0	0	7	0	0	1	1	0	0	0	6	0	0
OTU_2434	1	11	9	7	0	0	0	0	0	3	0	1	0	1	0	0	3	2	0	1	0	0
OTU_1405	2	2	3	10	3	3	1	5	0	1	1	3	0	0	12	1	7	7	0	1	0	0
OTU_5031	0	0	0	0	0	1	0	0	0	0	0	0	0	0	0	2	0	0	0	1	0	0
OTU_2872	0	2	2	0	3	0	0	1	0	0	5	0	5	0	0	0	3	2	0	0	0	0
OTU_1994	3	0	6	0	8	0	0	0	0	0	6	2	1	1	1	4	8	2	0	0	0	0
OTU_5557	1	0	1	0	1	2	0	0	0	0	1	0	0	0	0	0	0	0	0	0	0	0
OTU_2153	1	3	2	3	2	0	2	5	1	1	3	0	5	2	3	0	0	0	0	2	0	0
OTU_1260	10	1	2	11	2	14	18	7	13	16	5	20	2	24	5	5	3	5	0	9	0	0
OTU_2419	6	4	3	1	10	2	6	2	2	6	2	10	5	5	3	2	1	3	0	10	0	0
OTU_860	10	2	1	31	8	12	4	12	1	6	2	14	6	2	13	23	6	9	0	8	0	0
OTU_3832	1	1	0	1	0	0	0	2	0	1	2	0	0	0	1	0	0	0	0	0	0	0
OTU_1451	4	3	7	5	6	11	2	5	2	6	5	2	1	0	8	3	0	4	0	3	0	0
OTU_1520	4	1	2	10	8	6	6	4	2	5	4	3	1	3	7	2	3	4	0	4	0	0
OTU_2763	0	0	0	0	0	0	0	0	0	0	0	0	0	0	0	0	20	0	0	0	0	0
OTU_2589	1	2	1	0	0	1	0	1	1	1	4	3	1	3	2	1	2	0	0	2	0	0
OTU_499	6	9	38	7	25	0	3	9	1	4	14	6	11	1	11	0	30	13	0	5	0	0
OTU_1930	2	1	0	1	3	0	3	1	2	10	2	1	4	6	0	0	2	5	0	1	0	0
OTU_2107	5	0	0	0	0	0	8	0	6	4	1	2	0	5	0	0	1	0	0	2	0	0
OTU_3237	1	0	0	0	2	0	1	0	5	1	0	0	0	0	0	0	0	0	0	1	0	0
OTU_3111	1	1	0	0	1	5	0	1	2	2	0	1	0	2	0	1	3	1	0	0	0	0
OTU_2814	1	4	2	1	3	0	0	0	0	1	4	0	1	2	0	0	4	2	0	1	0	0
OTU_709	15	3	4	2	8	10	33	0	36	25	8	23	4	35	2	20	4	7	0	20	0	0
OTU_1562	11	0	0	2	0	9	2	12	0	1	0	46	5	6	2	15	0	2	0	3	0	0
OTU_1244	4	0	0	0	1	0	12	1	6	13	0	3	1	20	0	3	0	0	0	5	0	0
OTU_1566	9	2	2	10	5	24	2	3	3	18	0	19	0	5	3	15	3	2	0	7	0	0
OTU_528	25	6	0	14	2	0	29	18	13	54	2	16	18	24	7	3	0	3	0	33	0	0
OTU_1168	4	0	0	5	3	16	0	6	2	3	0	26	1	0	0	27	0	3	0	1	0	0
OTU_1729	5	0	0	1	1	12	0	1	1	0	0	6	1	4	0	9	1	0	0	1	0	0
OTU_3741	0	0	0	0	0	0	0	3	0	1	0	1	0	0	0	3	0	0	0	0	0	0
OTU_3612	0	0	1	1	1	0	4	0	0	1	0	0	0	2	0	0	1	0	0	0	0	0
OTU_5353	0	0	0	0	0	0	0	0	1	0	0	1	1	0	1	1	0	0	0	0	0	0
OTU_3089	7	2	1	2	6	4	3	1	1	2	2	2	0	1	0	0	1	2	0	1	0	0
OTU_2102	3	0	0	6	3	3	0	1	2	5	1	4	0	5	0	4	1	1	0	3	0	0
OTU_4269	1	1	1	1	0	0	1	3	0	3	2	1	1	2	2	3	2	1	0	0	0	0
OTU_6082	0	0	0	0	1	0	0	0	0	0	1	1	0	0	0	0	2	0	0	0	0	0
OTU_683	0	0	1	0	0	0	2	97	0	2	1	0	46	0	7	0	2	1	0	4	0	0
OTU_1646	2	0	0	0	0	1	12	0	4	6	0	2	0	7	0	1	1	0	0	2	0	0
OTU_1440	4	2	0	1	1	5	15	0	6	7	0	19	1	7	0	1	0	0	0	5	0	0
OTU_2094	5	5	1	2	1	1	14	3	2	6	3	3	3	5	0	0	5	0	0	3	0	0
OTU_2369	2	2	4	2	5	4	2	3	0	4	4	1	8	0	0	2	3	4	0	3	0	0
OTU_6134	0	0	0	0	0	0	0	0	0	0	0	0	0	0	0	0	7	0	0	0	0	0
OTU_2983	1	5	5	1	4	0	0	1	0	0	6	0	0	0	2	0	3	4	0	0	0	0
OTU_2025	0	3	2	0	7	1	1	0	3	0	1	1	1	0	0	3	1	1	0	1	0	0
OTU_887	7	1	1	0	0	27	9	0	6	22	0	10	4	16	0	22	0	0	0	16	0	0
OTU_1847	8	3	4	1	1	1	3	6	3	1	3	7	4	6	1	4	1	1	0	4	0	0
OTU_836	7	2	3	10	8	4	16	20	11	16	5	17	9	17	2	3	9	0	0	6	0	0
OTU_3761	0	1	3	11	2	0	2	0	1	2	0	1	0	3	1	0	3	1	0	0	0	0
OTU_4643	1	0	0	0	0	0	2	0	0	1	0	1	0	1	0	0	0	0	0	0	0	0
OTU_3635	0	0	0	0	0	0	4	1	4	2	0	0	0	2	2	0	0	0	0	0	0	0
OTU_2214	3	0	2	0	3	1	1	0	0	8	1	1	3	3	0	0	0	2	0	2	0	0
OTU_2203	2	5	8	6	8	0	0	1	0	0	5	2	0	0	11	0	5	9	0	0	0	0
OTU_2154	3	3	2	4	3	8	0	2	4	5	3	3	0	6	9	6	2	1	0	3	0	0
OTU_3717	0	0	0	3	2	0	1	3	0	0	3	0	2	0	1	0	1	1	0	9	0	0
OTU_2812	0	0	4	0	0	0	0	6	0	0	0	0	0	1	0	2	0	0	0	0	0	0
OTU_6323	1	0	0	1	1	1	0	6	0	3	1	2	2	1	0	4	1	2	0	2	0	0
OTU_496	7	1	0	1	0	1	47	19	34	43	1	1	5	57	41	1	3	3	0	6	0	0
OTU_850	6	1	3	5	2	6	21	10	7	5	2	4	50	15	25	36	11	2	0	6	0	0
OTU_4056	0	9	2	3	5	0	0	1	0	1	1	2	0	0	1	0	2	3	0	0	0	0
OTU_4229	2	2	6	4	3	1	2	22	3	1	0	5	16	0	4	10	5	10	0	2	0	0
OTU_2681	4	0	0	2	0	0	3	0	0	4	2	4	1	3	1	0	0	0	0	3	0	0
OTU_4676	2	0	0	3	0	0	0	0	0	0	0	1	0	0	0	2	0	0	0	0	0	0
OTU_1434	1	3	1	0	5	5	1	0	6	8	1	6	0	5	0	0	1	0	0	3	0	0
OTU_1834	20	10	17	10	17	0	20	16	12	20	27	10	26	17	15	0	16	26	0	9	0	0
OTU_3021	0	2	1	3	0	0	1	2	1	2	3	0	4	0	0	0	3	0	0	2	0	0
OTU_3582	10	14	9	24	9	2	5	5	4	15	9	11	5	7	9	8	5	4	0	29	0	0
OTU_1887	5	1	1	0	2	0	4	1	1	6	1	2	1	4	0	0	1	0	0	2	0	0
OTU_2761	1	1	1	0	1	1	0	0	2	1	2	1	0	3	0	0	2	1	0	2	0	0
OTU_3831	1	1	0	1	2	9	11	1	7	29	1	3	6	18	1	4	3	2	0	4	0	0
OTU_2578	4	5	15	3	13	0	0	4	2	8	24	3	4	6	7	1	14	10	0	2	0	0
OTU_1003	2	6	8	55	13	4	1	18	3	0	6	0	3	1	31	0	5	4	0	0	0	0
OTU_2085	0	1	6	3	7	1	3	0	4	11	6	8	10	12	1	3	6	9	0	5	0	0
OTU_2863	1	0	0	0	0	0	3	0	1	2	0	5	3	3	0	2	0	0	0	2	0	0
OTU_2005	0	3	2	0	1	2	1	1	1	2	10	2	5	1	4	0	2	3	0	1	0	0
OTU_788	14	2	1	0	5	18	11	3	19	32	0	12	7	16	5	24	2	3	0	18	0	0
OTU_1323	6	2	5	3	2	2	0	7	3	4	6	4	9	8	4	23	1	7	0	3	0	0
OTU_1252	0	5	10	1	0	0	0	7	0	2	8	3	3	0	6	0	4	3	0	2	0	0
OTU_1640	5	2	6	0	5	1	3	1	1	4	2	1	1	2	2	2	1	3	0	6	0	0
OTU_6231	2	0	1	1	1	1	0	4	0	1	0	0	1	0	1	0	0	0	0	1	0	0
OTU_1942	8	2	0	2	13	3	3	0	6	6	4	3	2	5	2	0	8	7	0	2	0	0
OTU_1496	6	4	6	5	6	4	7	4	8	10	1	3	3	5	2	5	7	5	0	5	0	0
OTU_936	0	23	26	3	40	0	1	1	1	0	49	0	1	1	8	0	32	35	0	0	0	0
OTU_2066	5	0	0	1	0	0	5	0	2	2	0	1	1	4	1	0	0	0	0	11	0	0
OTU_1320	5	1	1	0	2	0	9	0	4	5	0	6	2	4	0	0	2	0	0	3	0	0
OTU_1071	0	5	22	0	4	0	0	1	0	0	3	0	0	0	0	0	3	45	0	0	0	0
OTU_1225	5	15	14	1	1	0	1	0	1	3	4	0	1	4	2	1	10	7	0	0	0	0
OTU_2806	2	0	0	5	0	0	3	0	0	4	0	0	1	1	0	0	0	0	0	0	0	0
OTU_3863	1	1	0	1	0	0	0	0	0	1	1	0	1	0	0	0	0	0	0	0	0	0
OTU_5615	5	4	1	2	11	3	2	1	3	3	3	6	0	8	2	6	4	3	0	9	0	0
OTU_4418	0	0	0	0	0	0	3	1	0	0	1	0	1	0	0	0	0	1	0	0	0	0
OTU_1741	1	0	0	1	0	2	1	6	2	3	2	2	15	2	0	1	1	0	0	0	0	0
OTU_4728	1	0	2	1	4	0	3	0	4	7	2	1	4	4	0	0	2	1	0	4	0	0
OTU_2491	6	1	1	6	3	2	5	4	5	10	1	2	5	2	4	2	5	2	0	4	0	0
OTU_2352	3	2	0	1	0	0	5	6	1	1	1	2	12	6	3	0	0	0	0	3	0	0
OTU_3955	2	0	0	1	2	0	0	0	0	2	0	0	1	0	1	0	1	1	0	6	0	0
OTU_3059	1	2	0	1	1	0	0	1	0	1	2	0	0	1	0	0	0	1	0	0	0	0
OTU_737	6	6	8	13	12	4	1	5	1	4	4	1	2	3	10	5	16	12	0	8	0	0
OTU_1846	9	3	4	0	1	2	20	5	12	17	7	4	7	10	5	0	8	2	0	11	0	0
OTU_4791	0	0	0	0	0	0	0	0	1	1	0	2	0	0	0	0	0	0	0	0	0	0
OTU_1769	2	1	0	2	2	21	2	1	1	5	0	4	0	3	1	10	0	1	0	6	0	0
OTU_2541	5	3	1	2	3	1	1	1	1	0	3	0	1	5	0	0	2	3	0	4	0	0
OTU_3275	2	0	0	0	0	2	3	1	2	2	0	6	3	3	0	0	1	0	0	1	0	0
OTU_3063	7	0	0	0	0	2	0	0	4	3	0	11	3	2	1	36	0	0	0	17	0	0
OTU_1120	14	6	10	4	9	2	4	1	1	10	11	7	8	4	4	3	3	7	0	4	0	0
OTU_1167	4	5	3	3	10	1	0	6	2	0	8	4	4	1	3	0	8	7	0	3	0	0
OTU_1064	5	3	14	5	3	1	17	3	15	13	11	4	5	8	5	1	11	11	0	10	0	0
OTU_2557	3	4	1	5	10	0	1	3	2	4	9	1	2	3	3	0	5	7	0	5	0	0
OTU_1322	0	1	5	6	15	2	0	3	0	1	6	1	2	0	8	6	5	5	0	0	0	0
OTU_1727	1	2	2	1	14	29	1	1	2	3	2	9	1	1	2	13	8	3	0	5	0	0
OTU_1943	0	0	0	23	0	0	0	2	0	0	0	0	0	0	6	0	0	0	0	0	0	0
OTU_3061	1	0	0	0	0	0	2	0	0	1	0	1	0	4	0	0	0	0	0	0	0	0
OTU_2575	11	0	0	1	4	21	6	1	15	3	1	7	1	3	1	16	1	0	0	6	0	0
OTU_2180	7	1	1	0	1	29	2	6	2	7	3	10	1	7	7	7	1	0	0	3	0	0
OTU_2999	0	0	0	0	0	9	1	0	4	0	0	2	2	0	0	1	0	0	0	0	0	0
OTU_2892	0	0	0	0	0	0	0	18	0	0	0	0	0	0	0	0	0	0	0	0	0	0
OTU_1830	1	0	0	0	0	18	0	0	3	0	0	1	1	1	0	11	0	0	0	0	0	0
OTU_1125	2	7	11	8	10	1	1	8	1	2	18	3	8	1	3	1	29	12	0	0	0	0
OTU_1474	5	0	2	2	1	0	4	1	3	3	3	1	1	3	0	0	1	2	0	4	0	0
OTU_917	17	0	0	1	0	0	18	2	4	8	0	12	0	16	0	0	0	0	0	15	0	0
OTU_1090	10	3	6	0	1	0	4	2	1	3	7	11	11	2	2	0	2	6	0	12	0	0
OTU_2556	3	4	1	4	2	0	1	5	0	2	0	2	4	2	2	3	1	4	0	2	0	0
OTU_2189	23	0	0	2	0	0	0	1	2	4	0	3	3	2	0	0	0	2	0	9	0	0
OTU_2222	2	3	2	8	2	2	3	1	1	5	1	0	1	1	2	0	2	3	0	1	0	0
OTU_5112	0	0	0	0	0	0	1	1	0	0	0	0	0	1	0	0	0	0	0	0	0	0
OTU_4202	1	0	0	0	0	0	5	0	1	1	0	3	4	3	0	0	0	1	0	3	0	0
OTU_2017	0	1	2	1	5	8	0	1	0	0	3	0	0	1	0	8	2	1	0	3	0	0
OTU_3809	1	0	0	0	0	2	0	0	0	2	1	1	0	2	0	0	0	0	0	1	0	0
OTU_4854	4	3	1	0	3	0	3	0	5	7	4	0	0	3	0	0	4	3	0	3	0	0
OTU_6315	0	0	0	1	2	0	0	0	0	0	0	0	0	0	0	0	0	0	0	0	0	0
OTU_2280	2	0	0	0	0	7	0	1	2	3	0	7	0	0	0	5	1	0	0	4	0	0
OTU_4926	0	4	5	2	15	1	0	0	0	2	6	0	1	1	3	0	3	12	0	0	0	0
OTU_5553	0	0	0	0	0	0	0	0	0	1	0	3	0	1	0	1	0	1	0	1	0	0
OTU_2602	5	3	2	2	1	32	5	2	9	2	0	3	0	2	1	26	1	4	0	1	0	0
OTU_3216	4	0	0	0	0	0	0	0	0	0	1	2	2	1	0	9	0	0	0	1	0	0
OTU_1561	2	0	4	7	8	0	1	3	0	1	2	6	1	3	2	1	2	2	0	7	0	0
OTU_2211	8	0	2	3	0	0	2	7	1	6	4	2	13	6	9	0	0	1	0	5	0	0
OTU_2551	4	2	2	5	4	5	1	1	6	1	6	5	0	2	6	4	4	6	0	3	0	0
OTU_1186	6	1	0	8	2	0	6	8	4	12	0	3	9	20	6	0	0	0	0	4	0	0
OTU_5109	0	0	0	0	2	1	1	0	0	1	3	1	0	0	0	0	0	1	0	1	0	0
OTU_1310	2	0	0	0	0	0	12	9	9	12	1	1	3	4	12	0	0	0	0	1	0	0
OTU_2187	2	0	4	4	0	0	2	4	2	3	2	5	1	3	0	0	1	0	0	2	0	0
OTU_1143	4	7	8	3	15	0	2	3	0	1	12	1	1	1	1	0	9	8	0	1	0	0
OTU_1977	4	4	2	2	0	0	3	1	2	1	4	1	2	5	0	0	2	3	0	3	0	0
OTU_1535	3	0	0	0	0	2	8	0	3	13	0	5	1	7	0	2	0	0	0	0	0	0
OTU_3652	5	0	0	0	0	5	3	1	1	0	0	4	0	2	0	4	0	0	0	0	0	0
OTU_1189	7	0	2	0	2	1	14	0	10	15	0	6	1	14	1	2	1	0	0	5	0	0
OTU_5687	11	7	11	2	13	13	19	7	9	9	23	12	20	6	13	11	14	14	0	10	0	0
OTU_5037	0	0	0	1	1	15	0	0	1	3	1	0	1	1	0	5	1	0	0	1	0	0
OTU_2976	0	0	0	0	0	0	1	0	2	2	0	0	3	2	0	0	0	0	0	0	0	0
OTU_1575	3	0	0	0	0	1	0	0	0	3	1	5	0	0	0	4	0	0	0	22	0	0
OTU_5473	0	0	0	0	0	0	0	0	0	1	0	0	0	0	0	0	0	0	0	1	0	0
OTU_1558	5	1	1	0	6	12	1	3	5	8	3	4	2	2	0	7	6	0	0	1	0	0
OTU_2339	1	0	2	3	0	16	0	0	2	0	0	0	2	0	4	3	1	1	0	0	0	0
OTU_1426	2	4	8	14	8	0	2	6	1	0	9	1	0	0	9	0	8	7	0	2	0	0
OTU_4034	0	0	1	1	0	0	0	1	3	0	2	0	0	0	1	0	1	0	0	0	0	0
OTU_5339	0	0	0	1	0	0	0	1	0	0	1	0	0	0	1	1	1	0	0	0	0	0
OTU_4204	0	0	0	2	0	2	1	0	1	0	1	0	0	1	1	0	0	1	0	0	0	0
OTU_2124	3	0	0	0	0	1	0	1	0	2	0	8	0	6	0	1	0	0	0	5	0	0
OTU_3577	0	0	0	0	1	0	0	1	1	1	4	1	0	1	0	1	2	0	0	2	0	0
OTU_5115	0	0	1	0	1	0	0	1	1	0	0	1	0	0	0	0	0	0	0	0	0	0
OTU_4950	1	0	0	0	0	0	0	0	0	1	0	3	1	0	0	15	0	0	0	0	0	0
OTU_6280	0	0	1	1	0	0	0	0	0	0	0	1	0	0	0	0	0	0	0	0	0	0
OTU_2463	2	0	0	1	0	0	1	0	3	5	0	4	0	5	0	0	0	0	0	3	0	0
OTU_2144	3	0	0	0	0	0	7	0	2	4	3	0	3	8	0	0	0	1	0	0	0	0
OTU_3975	0	0	0	0	0	3	0	0	0	2	0	0	0	0	0	1	0	0	0	0	0	0
OTU_5940	8	16	11	12	14	13	8	6	6	6	22	2	8	2	11	8	9	9	0	4	0	0
OTU_2484	3	7	0	0	2	0	1	1	0	2	0	2	2	5	1	6	0	1	0	5	0	0
OTU_1938	4	3	4	3	1	0	1	0	0	2	4	3	0	0	0	0	3	3	0	9	0	0
OTU_2658	5	0	0	0	0	19	0	0	3	3	0	1	0	0	0	1	0	0	0	1	0	0
OTU_2971	9	0	1	2	1	5	10	2	5	13	3	4	7	10	1	7	0	2	0	5	0	0
OTU_4929	1	9	7	5	15	0	2	1	0	0	14	0	3	0	6	0	12	10	0	0	0	0
OTU_2256	1	0	0	0	0	25	0	0	3	2	0	1	2	0	0	13	0	0	0	0	0	0
OTU_1599	1	0	0	28	4	0	0	4	0	0	0	1	1	0	9	0	0	1	0	0	0	0
OTU_1460	8	1	0	1	2	28	11	9	9	2	2	12	6	9	3	17	0	3	0	10	0	0
OTU_2511	1	0	0	0	0	0	0	0	2	1	0	4	2	1	0	11	0	0	0	3	0	0
OTU_1084	7	5	12	7	8	0	4	6	4	2	26	3	12	0	11	1	6	12	0	4	0	0
OTU_783	9	3	5	6	5	1	11	8	13	13	5	2	3	10	5	4	4	8	0	4	0	0
OTU_2299	1	0	0	0	0	28	0	0	9	2	0	2	5	2	0	25	0	1	0	2	0	0
OTU_1898	5	1	1	1	0	0	4	14	5	6	4	15	4	8	0	2	4	1	0	4	0	0
OTU_3407	0	1	0	0	0	0	0	1	1	1	0	1	0	0	1	0	0	0	0	0	0	0
OTU_2751	0	0	1	6	1	0	3	3	1	0	4	0	0	1	1	0	1	3	0	1	0	0
OTU_1204	8	2	2	4	1	0	9	1	4	13	1	7	10	15	0	1	5	3	0	12	0	0
OTU_4319	1	0	0	0	0	0	1	0	1	0	0	1	0	0	0	0	1	0	0	0	0	0
OTU_3754	0	0	0	9	0	0	0	1	0	0	0	0	0	0	0	0	0	0	0	0	0	0
OTU_4584	5	0	2	0	0	0	2	0	0	2	1	0	1	1	1	1	0	0	0	2	0	0
OTU_2461	3	1	4	0	4	0	0	1	0	1	6	0	0	0	0	0	0	3	0	1	0	0
OTU_1620	0	4	3	22	3	1	1	13	1	7	4	6	2	2	2	1	3	2	0	0	0	0
OTU_2478	6	3	6	5	6	4	7	3	4	2	4	1	1	3	7	2	7	1	0	3	0	0
OTU_2169	1	0	0	24	2	0	3	2	0	1	0	1	0	0	0	0	0	0	0	0	0	0
OTU_1446	5	4	10	7	9	5	0	1	4	8	5	1	2	6	2	6	11	8	0	6	0	0
OTU_3103	4	1	0	2	3	0	1	4	2	2	1	3	3	1	2	1	3	2	0	7	0	0
OTU_3024	3	0	0	0	1	5	4	0	7	5	0	5	1	3	1	0	1	1	0	3	0	0
OTU_4904	0	1	0	0	1	0	0	0	0	0	0	0	0	0	0	0	1	1	0	1	0	0
OTU_6074	0	0	0	0	0	9	0	0	0	0	0	0	0	0	0	2	0	0	0	0	0	0
OTU_634	26	1	0	6	0	0	41	1	22	48	0	26	0	36	2	5	2	0	0	9	0	0
OTU_6164	7	1	1	4	3	17	9	10	14	6	1	11	16	8	0	11	0	0	0	7	0	0
OTU_732	1	6	27	5	14	5	0	6	0	3	13	6	1	1	12	3	24	38	0	2	0	0
OTU_3173	0	2	0	0	0	0	0	0	0	0	0	2	0	0	1	3	0	0	0	2	0	0
OTU_5188	0	2	1	1	4	5	4	2	2	3	2	2	1	3	0	1	5	2	0	3	0	0
OTU_2626	0	0	1	1	2	1	1	1	0	3	1	4	0	2	1	1	0	0	0	1	0	0
OTU_2917	2	0	0	0	0	0	7	0	3	12	0	1	4	3	2	2	0	0	0	3	0	0
OTU_617	56	1	0	2	0	0	27	0	15	36	1	53	0	17	1	6	0	0	0	27	0	0
OTU_2336	0	0	0	0	0	17	1	0	0	0	0	1	2	0	0	15	0	2	0	2	0	0
OTU_2181	5	1	7	1	8	0	6	2	2	13	9	3	2	3	5	0	7	4	0	4	0	0
OTU_785	2	1	0	0	92	0	1	2	1	0	0	1	13	0	30	0	0	0	0	2	0	0
OTU_1509	4	0	0	1	1	54	1	1	2	2	0	6	3	2	0	23	1	0	0	0	0	0
OTU_1363	2	0	0	5	0	0	4	20	5	9	5	2	11	6	0	6	0	0	0	1	0	0
OTU_1915	1	0	0	11	1	0	5	5	1	4	0	7	0	5	0	1	1	0	0	2	0	0
OTU_2260	1	1	5	5	5	2	2	1	2	2	2	4	0	4	6	6	1	3	0	2	0	0
OTU_5925	0	0	0	0	1	0	0	0	0	0	0	0	0	0	0	0	0	0	0	2	0	0
OTU_2880	3	0	1	0	1	16	0	0	1	1	0	3	2	2	0	14	1	0	0	0	0	0
OTU_2022	0	2	0	1	4	11	0	0	3	2	0	3	1	1	2	5	1	4	0	2	0	0
OTU_3983	14	3	2	0	19	6	26	1	13	43	10	10	2	21	0	4	12	3	0	11	0	0
OTU_563	19	6	7	14	12	0	14	12	8	15	9	15	6	9	15	1	9	17	0	16	0	0
OTU_1945	3	3	5	44	2	80	0	17	11	2	1	4	11	2	20	13	3	5	0	4	0	0
OTU_2372	0	0	0	0	0	3	3	0	3	0	0	1	0	3	0	0	0	0	0	2	0	0
OTU_3585	9	4	3	1	7	10	22	0	16	9	6	16	10	18	1	9	8	5	0	9	0	0
OTU_3536	2	1	4	0	5	2	1	2	0	2	5	3	4	1	0	3	2	2	0	3	0	0
OTU_5344	14	1	3	4	6	3	9	3	2	12	4	14	3	7	4	4	5	6	0	12	0	0
OTU_3558	4	0	0	12	1	1	2	0	2	1	2	8	1	1	3	3	0	1	0	3	0	0
OTU_1536	7	2	1	3	1	32	2	2	9	9	0	2	1	10	1	17	0	1	0	2	0	0
OTU_2648	0	0	0	0	0	2	1	0	1	0	0	1	0	6	0	1	0	0	0	1	0	0
OTU_2606	1	3	1	2	3	0	2	2	1	4	3	1	6	5	0	1	0	2	0	11	0	0
OTU_2516	0	4	2	0	2	0	0	3	0	0	1	2	0	0	2	0	1	1	0	0	0	0
OTU_2445	2	0	2	1	2	2	1	1	1	3	0	8	1	2	0	0	3	0	0	2	0	0
OTU_4896	0	0	0	0	0	0	0	1	1	0	0	0	0	0	0	0	0	1	0	0	0	0
OTU_3389	0	0	0	0	0	1	0	0	0	1	0	1	0	0	0	5	0	0	0	2	0	0
OTU_3507	5	4	12	2	5	3	5	1	5	11	1	6	0	8	4	4	7	2	0	14	0	0
OTU_4616	0	0	0	0	0	0	0	1	0	0	0	2	1	0	1	0	0	1	0	0	0	0
OTU_4185	1	0	0	0	0	0	0	0	0	1	0	0	0	0	0	6	0	0	0	0	0	0
OTU_762	11	7	1	7	2	6	3	12	1	1	2	40	4	14	0	14	3	2	0	6	0	0
OTU_1871	6	0	1	3	1	4	2	6	0	1	0	4	1	2	3	8	0	0	0	7	0	0
OTU_969	10	4	3	9	4	5	5	3	6	7	4	8	0	10	7	7	4	4	0	11	0	0
OTU_2093	1	4	2	4	6	2	1	3	1	0	6	0	3	0	2	2	6	5	0	0	0	0
OTU_2720	0	0	1	1	3	6	1	1	0	0	0	0	1	0	2	5	1	0	0	0	0	0
OTU_1109	5	2	2	1	1	84	4	2	5	4	0	14	1	7	0	49	1	2	0	5	0	0
OTU_3208	0	0	1	13	0	0	0	5	0	0	0	1	0	0	0	0	2	0	0	0	0	0
OTU_4440	3	6	19	23	19	3	0	6	3	3	17	4	3	3	3	4	9	14	0	3	0	0
OTU_1622	3	1	1	1	0	0	5	2	1	10	3	5	4	1	6	0	1	1	0	9	0	0
OTU_5385	2	0	0	0	0	4	0	0	1	0	0	3	0	0	0	3	0	1	0	0	0	0
OTU_1340	1	2	2	5	0	2	1	6	2	5	5	2	0	0	5	7	0	6	0	31	0	0
OTU_2221	0	0	0	1	3	1	4	1	5	4	2	2	1	4	0	1	0	0	0	4	0	0
OTU_5478	0	0	0	1	0	0	0	1	0	0	0	0	0	0	0	0	0	0	0	0	0	0
OTU_4327	4	1	2	8	1	0	1	1	1	2	0	2	3	1	2	0	1	1	0	1	0	0
OTU_1902	8	3	6	11	4	21	10	2	5	6	3	11	6	10	6	10	4	6	0	5	0	0
OTU_1912	2	2	5	2	4	1	1	0	3	3	4	3	0	4	2	3	7	1	0	1	0	0
OTU_1490	9	0	0	0	0	0	7	0	7	12	0	1	5	12	0	1	0	0	0	8	0	0
OTU_1905	4	1	0	1	1	0	3	1	5	15	4	4	2	10	1	0	3	0	0	4	0	0
OTU_5963	0	0	0	0	0	0	0	0	0	0	0	2	0	0	1	0	1	0	0	1	0	0
OTU_2294	1	1	3	0	1	1	1	1	2	5	3	1	0	4	0	0	1	1	0	3	0	0
OTU_5204	3	0	0	0	0	1	5	1	3	2	0	1	4	5	2	0	1	0	0	1	0	0
OTU_890	7	8	11	6	8	0	14	4	9	10	4	8	2	6	5	3	6	7	0	11	0	0
OTU_4012	0	0	1	0	1	4	0	0	0	2	3	0	0	1	1	0	0	1	0	0	0	0
OTU_3552	3	1	0	16	0	0	0	3	1	1	0	1	0	0	1	0	1	0	0	1	0	0
OTU_1348	1	0	3	7	4	1	2	6	2	1	9	1	9	4	2	0	4	0	0	2	0	0
OTU_4421	0	0	0	0	0	0	0	0	1	1	0	3	0	0	0	0	0	2	0	0	0	0
OTU_1457	4	0	0	2	5	4	5	0	2	9	2	1	4	10	2	1	0	1	0	1	0	0
OTU_657	0	10	22	1	24	1	0	0	2	0	1	2	2	0	4	0	25	39	0	0	0	0
OTU_4112	1	0	0	0	0	0	0	0	0	0	0	0	2	0	2	0	0	0	0	4	0	0
OTU_1791	0	1	0	1	6	0	3	6	3	5	2	0	5	6	4	0	2	3	0	2	0	0
OTU_2015	3	1	1	0	2	1	4	1	2	1	3	5	0	2	0	2	0	3	0	2	0	0
OTU_3291	3	0	2	0	1	6	2	0	2	4	2	0	7	6	1	5	1	2	0	6	0	0
OTU_852	12	9	8	1	7	0	1	9	1	1	19	4	9	0	0	1	15	12	0	5	0	0
OTU_4933	2	0	0	0	0	0	1	3	0	1	0	1	0	2	0	0	0	0	0	0	0	0
OTU_5096	0	1	0	0	2	0	0	1	0	0	0	0	0	0	0	0	1	0	0	0	0	0
OTU_2234	2	6	3	3	7	0	1	8	1	3	5	1	3	1	5	0	4	6	0	1	0	0
OTU_939	4	9	21	6	7	2	9	8	5	11	9	6	10	7	6	1	11	32	0	4	0	0
OTU_1361	3	1	0	0	0	30	2	2	12	1	0	10	4	2	0	40	0	0	0	5	0	0
OTU_1681	8	0	0	0	0	0	6	0	5	4	0	7	1	11	0	0	0	0	0	9	0	0
OTU_879	19	0	0	0	0	0	23	1	13	46	0	11	9	34	1	3	0	0	0	9	0	0
OTU_5223	0	0	1	1	1	0	0	0	0	0	1	0	2	0	1	0	0	0	0	1	0	0
OTU_1141	1	2	1	19	6	0	5	3	2	3	5	4	1	4	4	0	4	2	0	0	0	0
OTU_3090	1	1	0	1	1	0	0	8	0	6	2	2	3	0	5	0	0	3	0	8	0	0
OTU_4113	4	0	0	8	0	8	0	0	1	0	0	4	1	0	0	3	0	0	0	3	0	0
OTU_3154	5	0	0	1	0	1	2	0	5	5	2	4	3	8	0	0	0	0	0	2	0	0
OTU_3715	0	0	0	0	0	0	2	0	2	0	0	1	0	1	0	0	0	0	0	1	0	0
OTU_2489	2	0	0	6	2	1	1	2	1	2	3	2	0	0	0	2	3	4	0	1	0	0
OTU_1401	5	2	4	1	7	1	6	3	2	8	2	2	2	4	3	2	4	8	0	1	0	0
OTU_1030	4	6	5	9	16	4	2	12	3	4	15	3	6	3	5	3	9	19	0	1	0	0
OTU_1123	2	2	8	10	8	0	1	7	2	5	9	0	2	0	5	0	3	6	0	1	0	0
OTU_6227	7	2	0	1	1	0	0	0	1	1	0	1	0	0	0	2	0	0	0	1	0	0
OTU_2523	0	0	0	7	2	6	0	1	1	1	1	8	0	1	3	8	0	2	0	1	0	0
OTU_1749	6	0	1	7	2	0	2	0	2	0	1	4	1	2	2	0	2	0	0	2	0	0
OTU_3965	3	1	1	4	7	0	3	4	2	4	4	0	12	8	1	0	7	5	0	3	0	0
OTU_627	3	15	14	2	40	15	0	1	3	1	18	5	8	1	11	13	2	1	0	3	0	0
OTU_3160	1	4	12	3	14	2	5	8	8	3	13	3	9	3	2	3	14	9	0	0	0	0
OTU_3952	2	0	0	0	1	0	0	1	0	1	0	3	2	0	2	0	0	0	0	1	0	0
OTU_3186	1	1	2	6	3	0	0	0	0	1	1	0	0	0	2	0	0	3	0	0	0	0
OTU_1826	3	1	1	1	2	12	0	2	3	1	1	2	1	4	0	16	2	1	0	6	0	0
OTU_2197	0	3	1	4	3	0	0	2	0	0	2	0	1	0	0	0	1	2	0	0	0	0
OTU_3072	3	3	1	0	2	1	2	0	0	2	2	2	0	1	2	3	3	0	0	0	0	0
OTU_2024	6	0	0	2	4	0	0	1	1	1	0	5	1	1	0	11	0	0	0	4	0	0
OTU_2137	2	0	1	3	0	0	2	0	1	4	1	4	2	1	0	0	0	0	0	11	0	0
OTU_1641	0	1	2	1	7	0	0	2	1	1	2	2	8	4	4	13	1	0	0	9	0	0
OTU_2522	7	0	1	2	0	0	7	0	0	6	3	1	14	6	1	0	0	2	0	8	0	0
OTU_673	24	3	4	3	4	1	13	2	8	28	5	17	0	21	6	3	8	4	0	19	0	0
OTU_5092	0	0	1	1	0	1	0	0	0	1	1	0	0	0	0	0	0	1	0	0	0	0
OTU_825	4	12	11	2	8	5	3	3	10	10	11	3	3	5	9	6	3	15	0	8	0	0
OTU_1563	0	0	0	0	0	27	0	0	1	3	0	2	0	1	0	15	1	3	0	1	0	0
OTU_2782	11	3	3	15	0	0	3	40	6	5	3	8	18	1	34	0	9	5	0	23	0	0
OTU_2487	0	1	4	0	3	0	0	0	0	0	6	1	0	0	0	1	6	1	0	0	0	0
OTU_1027	7	0	1	9	10	0	5	5	5	9	13	2	5	7	4	2	4	2	0	8	0	0
OTU_1106	2	1	8	14	17	7	2	8	5	2	3	3	2	1	10	7	4	6	0	1	0	0
OTU_3725	0	0	0	0	0	0	1	0	2	3	2	0	0	3	0	0	1	0	0	0	0	0
OTU_1238	6	2	2	4	5	1	1	6	1	2	2	0	5	3	1	0	3	10	0	4	0	0
OTU_5953	1	1	0	1	0	2	0	0	0	0	0	0	0	0	0	0	0	0	0	1	0	0
OTU_2801	2	0	1	1	4	1	2	1	1	1	0	3	0	1	1	0	6	1	0	1	0	0
OTU_2474	1	2	2	2	5	0	0	3	0	0	1	1	2	0	2	2	1	0	0	3	0	0
OTU_1035	8	1	0	0	1	2	6	1	5	7	0	37	0	15	0	11	0	1	0	11	0	0
OTU_1165	8	2	0	5	3	0	15	1	9	15	0	11	5	21	2	4	8	0	0	2	0	0
OTU_892	6	0	1	46	1	0	3	10	7	7	0	2	6	2	10	0	1	1	0	4	0	0
OTU_2177	4	0	0	9	0	0	7	6	12	3	1	2	2	6	6	0	1	2	0	1	0	0
OTU_1756	6	3	0	4	9	3	2	6	3	12	2	6	2	2	6	1	1	3	0	8	0	0
OTU_2613	1	2	1	3	3	9	3	2	3	6	5	1	1	7	1	3	4	1	0	1	0	0
OTU_2186	2	1	2	3	7	2	0	4	4	1	3	2	6	2	0	1	1	1	0	2	0	0
OTU_5596	0	0	0	0	0	5	0	0	0	0	0	0	0	1	0	2	0	0	0	1	0	0
OTU_2031	0	0	1	1	1	0	0	1	0	0	5	0	2	0	0	0	9	1	0	0	0	0
OTU_2021	6	0	0	0	0	0	6	0	2	2	0	0	0	4	1	0	1	1	0	8	0	0
OTU_1594	0	0	3	0	3	1	0	1	1	1	0	3	1	3	1	15	0	11	0	3	0	0
OTU_4286	0	0	0	0	0	4	0	0	0	0	0	0	0	0	0	5	0	0	0	0	0	0
OTU_2483	0	0	0	10	0	0	1	6	0	0	0	0	0	0	6	0	0	0	0	0	0	0
OTU_1686	4	3	5	4	10	3	7	2	4	4	3	1	5	4	2	3	2	3	0	7	0	0
OTU_1840	0	0	0	1	0	1	1	10	0	4	1	0	16	2	0	1	0	0	0	0	0	0
OTU_2568	5	1	2	0	2	0	3	3	1	6	1	1	8	4	3	0	3	3	0	4	0	0
OTU_5095	0	1	0	1	0	0	0	0	0	0	1	0	0	0	0	0	0	0	0	0	0	0
OTU_3057	2	2	5	4	6	3	2	5	3	2	2	7	3	1	3	1	4	3	0	2	0	0
OTU_1986	0	2	6	1	1	1	0	1	0	0	4	0	0	0	1	0	9	5	0	0	0	0
OTU_1897	0	0	2	54	0	0	0	0	0	0	1	0	0	0	0	0	0	1	0	0	0	0
OTU_1494	0	0	2	1	17	0	2	2	0	0	4	0	4	1	1	0	6	1	0	7	0	0
OTU_1287	7	2	7	4	2	0	2	3	2	7	9	4	13	3	1	0	4	9	0	7	0	0
OTU_4932	27	0	0	9	2	126	10	2	21	11	0	20	6	16	5	119	0	0	0	29	0	0
OTU_1085	17	12	23	16	23	25	13	15	9	12	16	14	17	23	9	24	18	16	0	12	0	0
OTU_4992	0	0	0	0	1	0	0	0	0	0	1	0	3	1	0	0	0	0	0	1	0	0
OTU_2850	5	1	0	4	0	0	3	1	2	2	0	2	1	3	1	0	0	0	0	2	0	0
OTU_5166	1	0	0	0	0	0	0	0	0	1	0	4	3	0	0	0	0	0	0	1	0	0
OTU_3085	0	0	0	0	0	0	0	1	0	0	0	0	0	0	2	0	0	2	0	21	0	0
OTU_2530	0	2	0	3	4	6	3	13	3	2	5	2	2	3	1	2	5	1	0	2	0	0
OTU_2039	5	1	1	1	0	0	5	0	3	6	1	2	0	8	1	0	1	0	0	1	0	0
OTU_1995	2	3	0	1	3	3	4	1	1	4	2	4	1	5	2	0	1	1	0	2	0	0
OTU_3206	0	1	0	0	2	0	2	5	2	1	2	0	2	1	0	0	1	3	0	1	0	0
OTU_3169	1	0	1	2	0	0	0	1	0	0	0	0	3	0	0	0	0	0	0	1	0	0
OTU_2923	3	1	1	2	4	1	1	3	3	2	0	2	1	2	0	1	1	1	0	2	0	0
OTU_3465	1	2	1	0	4	0	0	0	0	1	6	0	2	0	2	0	2	2	0	1	0	0
OTU_2882	6	7	7	0	3	2	4	2	4	5	5	0	0	2	4	2	2	7	0	3	0	0
OTU_4689	1	0	1	0	2	0	0	0	1	1	4	0	1	0	0	0	1	0	0	0	0	0
OTU_3597	1	0	0	0	0	3	0	1	4	1	0	6	0	2	1	4	0	0	0	1	0	0
OTU_2000	5	1	1	2	0	0	5	4	1	6	1	3	0	0	3	2	3	1	0	3	0	0
OTU_4065	0	1	0	4	0	0	0	1	0	0	3	0	2	0	4	0	1	0	0	0	0	0
OTU_3102	11	0	0	0	0	0	5	0	2	1	0	4	5	0	2	0	1	0	0	3	0	0
OTU_2217	4	2	9	2	6	5	2	11	4	2	5	8	4	1	7	6	3	5	0	19	0	0
OTU_4275	1	0	1	0	0	0	1	1	0	0	2	0	0	1	0	0	0	0	0	0	0	0
OTU_1302	1	0	0	0	0	46	0	0	7	0	0	1	7	0	0	8	0	0	0	1	0	0
OTU_1862	0	11	1	0	5	0	0	1	1	4	25	3	8	0	14	0	0	1	0	4	0	0
OTU_1650	2	1	3	3	5	3	6	14	4	4	2	2	6	3	3	1	2	3	0	6	0	0
OTU_2291	0	1	4	0	2	0	0	0	0	0	3	0	1	0	0	0	9	1	0	0	0	0
OTU_3956	3	0	0	2	0	0	3	1	2	3	0	0	1	3	2	0	0	0	0	0	0	0
OTU_1748	7	3	0	2	2	29	2	0	2	6	1	9	2	8	0	12	1	0	0	6	0	0
OTU_2807	0	3	5	3	3	0	0	0	0	0	2	0	0	0	2	1	1	4	0	1	0	0
OTU_1468	9	5	6	4	6	0	4	4	3	14	7	1	3	4	3	0	3	4	0	10	0	0
OTU_3998	2	0	1	2	0	0	1	0	0	0	0	0	0	1	2	0	0	1	0	1	0	0
OTU_4769	1	0	0	0	0	0	0	0	0	3	0	0	0	0	0	0	0	0	0	0	0	0
OTU_5422	0	0	0	2	0	4	0	0	2	1	0	2	0	0	3	2	0	2	0	0	0	0
OTU_4831	1	0	0	1	0	0	3	3	1	2	0	1	1	2	0	0	0	0	0	0	0	0
OTU_2075	6	0	0	0	0	0	3	0	3	3	1	5	0	1	0	0	0	1	0	5	0	0
OTU_3905	0	0	1	1	1	0	0	0	0	1	0	1	0	0	2	0	0	0	0	0	0	0
OTU_3209	0	1	1	0	1	0	0	1	0	0	3	3	2	2	2	0	1	0	0	2	0	0
OTU_2840	0	0	1	2	1	0	1	2	2	1	1	1	0	0	1	0	0	0	0	2	0	0
OTU_2288	5	3	7	3	4	0	14	2	11	18	5	3	14	19	9	2	3	0	0	11	0	0
OTU_1832	4	5	1	1	2	0	2	2	2	8	3	0	15	3	5	0	0	3	0	30	0	0
OTU_4713	1	0	0	0	0	0	1	0	0	1	0	4	0	0	0	0	0	0	0	0	0	0
OTU_1386	4	3	3	11	0	2	10	5	5	7	6	1	7	7	3	2	2	4	0	12	0	0
OTU_5594	0	0	0	0	0	0	2	2	0	1	2	0	1	0	1	0	2	0	0	3	0	0
OTU_2110	3	1	9	0	0	0	5	6	2	5	6	2	4	0	4	1	1	6	0	0	0	0
OTU_2385	2	3	0	0	1	0	1	0	1	5	2	1	0	10	0	3	0	0	0	2	0	0
OTU_2101	0	3	1	1	7	0	2	6	1	0	2	1	1	0	4	0	4	4	0	5	0	0
OTU_1028	2	9	13	16	15	1	3	7	4	6	11	6	4	6	16	2	12	21	0	3	0	0
OTU_5583	1	0	0	0	0	2	0	0	1	0	0	2	0	0	0	2	0	0	0	0	0	0
OTU_3893	0	0	0	2	1	0	0	0	0	0	1	0	0	0	4	0	0	1	0	0	0	0
OTU_5408	5	11	21	4	9	0	1	13	0	7	15	1	6	0	8	0	13	26	0	5	0	0
OTU_1856	4	0	2	0	0	0	4	0	2	6	5	1	1	1	0	0	2	2	0	2	0	0
OTU_2466	2	5	3	3	12	2	0	8	4	7	3	9	3	4	4	7	3	4	0	5	0	0
OTU_2322	1	1	3	0	6	0	0	2	0	0	1	1	2	1	3	0	2	3	0	1	0	0
OTU_3168	2	0	0	0	4	0	0	3	2	1	3	1	4	1	0	0	2	0	0	2	0	0
OTU_3953	0	0	0	0	1	0	0	1	0	1	1	1	1	0	2	0	1	1	0	0	0	0
OTU_1296	4	4	5	11	9	0	4	2	2	3	5	2	0	2	1	1	6	6	0	2	0	0
OTU_3654	0	0	3	0	3	0	1	0	0	0	4	0	1	0	0	0	2	0	0	0	0	0
OTU_1941	5	1	1	1	1	0	1	2	0	2	1	0	3	3	0	3	0	0	0	5	0	0
OTU_3723	0	1	0	0	1	0	0	2	0	0	2	0	0	0	0	0	1	0	0	0	0	0
OTU_2311	3	0	0	0	0	0	2	0	3	5	0	1	5	10	0	3	0	0	0	3	0	0
OTU_2423	2	1	3	1	2	0	1	6	0	1	1	2	1	0	5	0	1	0	0	1	0	0
OTU_2705	1	2	2	0	3	0	3	0	0	2	2	0	3	0	1	0	5	0	0	0	0	0
OTU_3413	3	0	0	0	0	0	11	0	4	9	0	3	0	11	0	0	0	0	0	7	0	0
OTU_2711	1	0	0	0	0	0	1	0	4	6	0	2	0	5	0	0	0	0	0	1	0	0
OTU_3646	0	0	0	0	0	0	1	0	1	2	0	1	0	0	0	0	0	0	0	2	0	0
OTU_1588	7	0	0	0	5	8	2	1	1	5	0	1	0	4	3	7	0	0	0	1	0	0
OTU_5141	0	0	1	0	0	0	0	0	2	0	1	2	0	1	0	12	0	1	0	3	0	0
OTU_772	10	10	11	0	18	1	7	3	9	19	9	3	4	13	12	1	11	10	0	12	0	0
OTU_1291	2	0	5	3	9	3	2	9	1	2	6	4	3	6	3	0	5	10	0	4	0	0
OTU_2506	3	0	0	0	0	0	9	0	1	8	0	8	0	12	0	0	0	0	0	3	0	0
OTU_4739	1	0	1	0	0	0	2	0	0	3	1	0	1	3	0	1	0	1	0	3	0	0
OTU_3545	1	1	2	0	0	0	0	0	0	1	1	0	0	0	1	0	1	2	0	0	0	0
OTU_934	0	0	0	1	0	0	0	1	0	0	0	0	0	0	0	0	2	0	0	0	0	69
OTU_2123	4	0	1	0	1	1	3	1	0	0	2	1	0	1	0	13	0	2	0	1	0	0
OTU_2344	6	2	1	2	4	3	1	1	1	2	1	2	2	3	0	2	5	5	0	1	0	0
OTU_5794	1	0	1	0	0	0	1	0	0	0	0	0	1	1	0	0	0	0	0	0	0	0
OTU_1560	1	1	0	3	1	2	2	3	3	6	0	5	2	5	7	2	3	1	0	3	0	0
OTU_4663	3	3	1	4	7	1	4	2	0	5	2	2	0	12	4	3	3	2	0	5	0	0
OTU_4332	3	10	0	13	8	3	4	2	5	0	13	4	3	8	0	5	8	12	0	3	0	0
OTU_3210	5	1	1	0	1	0	1	0	1	5	0	3	0	3	0	0	2	0	0	1	0	0
OTU_5590	1	1	0	0	0	0	0	0	0	1	0	0	0	0	0	0	0	0	0	0	0	0
OTU_3526	3	0	0	2	0	1	2	0	1	0	0	1	0	1	0	2	0	0	0	1	0	0
OTU_787	12	1	0	3	3	5	17	11	15	20	1	20	6	20	1	5	4	0	0	13	0	0
OTU_3207	2	0	1	0	4	0	0	1	0	1	4	0	2	0	1	0	1	2	0	0	0	0
OTU_2307	0	3	4	0	4	0	0	1	0	3	7	0	2	1	2	0	5	13	0	0	0	0
OTU_3487	2	0	0	0	2	0	0	0	0	0	1	0	0	1	0	2	0	0	0	1	0	0
OTU_3375	0	0	3	1	4	0	2	1	0	0	1	0	2	0	2	0	3	2	0	1	0	0
OTU_3010	0	0	1	0	0	0	0	1	0	0	0	0	0	2	0	0	3	2	0	0	0	0
OTU_1609	4	3	8	2	7	6	2	0	2	2	29	0	0	5	2	0	24	7	0	1	0	0
OTU_2414	0	4	0	14	0	0	0	2	0	1	5	0	1	2	7	1	3	5	0	0	0	0
OTU_5981	1	0	0	11	1	0	0	10	0	2	0	6	4	0	7	0	0	0	0	3	0	0
OTU_3693	1	1	0	1	4	0	0	0	0	0	0	1	0	1	0	0	1	1	0	0	0	0
OTU_1917	4	1	4	3	0	5	1	9	3	8	3	1	3	0	1	0	2	1	0	4	0	0
OTU_1896	0	0	0	22	0	2	0	2	0	6	0	3	1	1	4	0	0	0	0	1	0	0
OTU_1356	8	2	3	0	3	8	11	1	14	12	8	3	1	11	2	7	5	2	0	13	0	0
OTU_1205	1	1	1	8	3	39	0	14	2	1	0	1	2	0	25	25	6	3	0	0	0	0
OTU_2440	12	0	0	0	0	0	0	0	0	2	0	3	1	0	1	0	0	0	0	9	0	0
OTU_5735	1	0	0	0	0	1	0	0	0	0	0	0	0	0	0	2	0	0	0	0	0	0
OTU_2278	3	0	1	0	1	0	5	1	3	7	0	0	1	2	1	0	0	2	0	0	0	0
OTU_6004	2	5	6	8	8	2	1	6	2	3	6	2	0	0	8	0	3	5	0	1	0	0
OTU_3107	4	0	4	1	1	2	9	0	7	2	2	1	4	4	1	0	0	2	0	3	0	0
OTU_4517	0	0	0	0	0	0	2	3	1	1	0	2	0	0	1	0	0	0	0	0	0	0
OTU_5069	3	0	1	1	0	0	2	1	2	4	0	2	2	4	0	0	0	1	0	7	0	0
OTU_1992	1	0	0	0	1	4	2	0	1	0	0	6	0	0	2	15	0	0	0	1	0	0
OTU_4201	2	1	0	1	2	0	1	2	1	2	1	1	0	0	1	1	0	4	0	0	0	0
OTU_2042	0	0	0	25	0	0	0	2	0	0	0	0	0	0	0	0	0	0	0	0	0	0
OTU_2930	0	0	1	5	3	1	1	0	0	0	4	1	0	0	2	0	3	1	0	1	0	0
OTU_938	5	7	12	17	16	11	5	9	5	7	7	5	4	3	5	16	7	15	0	4	0	0
OTU_1935	1	0	0	1	0	29	0	0	1	2	0	2	2	1	0	49	0	1	0	4	0	0
OTU_2038	5	1	2	0	0	0	6	0	4	7	1	1	2	9	1	1	2	1	0	4	0	0
OTU_2368	0	0	0	0	0	12	0	0	3	0	0	0	0	0	0	8	0	0	0	0	0	0
OTU_4747	3	2	2	5	6	1	4	6	1	4	4	0	1	3	0	0	5	1	0	0	0	0
OTU_1556	6	4	1	3	10	3	7	23	5	5	6	5	5	8	2	2	2	4	0	10	0	0
OTU_4368	0	2	7	4	6	0	0	5	0	1	1	0	1	0	8	1	6	2	0	4	0	0
OTU_3213	0	0	0	0	0	0	1	0	2	1	0	2	0	3	0	0	0	0	0	2	0	0
OTU_4504	0	0	0	6	0	0	0	1	0	0	0	0	0	0	0	0	0	0	0	0	0	0
OTU_2351	2	1	3	1	6	0	1	0	0	0	3	0	1	0	0	2	0	1	0	0	0	0
OTU_857	8	0	1	6	1	0	14	19	6	20	1	1	6	13	6	1	1	3	0	6	0	0
OTU_1913	5	0	1	0	1	0	7	0	2	3	0	18	0	6	1	3	0	0	0	4	0	0
OTU_1660	1	2	1	4	6	0	0	0	0	0	2	2	1	0	3	0	3	4	0	0	0	0
OTU_2418	4	0	0	0	0	0	2	0	3	2	0	1	0	7	0	0	0	0	0	2	0	0
OTU_3679	0	0	0	0	0	0	0	0	0	0	0	0	0	0	0	0	9	0	0	0	0	0
OTU_5462	2	0	0	0	4	0	5	3	2	2	1	0	6	0	2	0	0	0	0	3	0	0
OTU_1668	5	0	0	9	1	0	3	2	0	4	0	4	0	1	0	4	0	0	0	3	0	0
OTU_4367	1	6	6	6	7	1	5	15	1	7	11	1	8	2	4	1	15	6	0	7	0	0
OTU_1049	1	4	0	0	1	38	3	1	14	2	1	3	7	0	0	14	1	0	0	2	0	0
OTU_2293	4	1	0	1	1	0	5	0	2	7	3	0	5	8	4	0	0	0	0	3	0	0
OTU_3273	0	0	0	0	0	1	4	0	0	1	0	3	2	1	0	0	0	0	0	1	0	0
OTU_2759	0	0	0	21	0	0	0	7	0	0	0	0	0	0	0	0	0	0	0	0	0	0
OTU_1901	12	18	19	14	24	1	19	12	8	25	15	11	6	20	11	6	20	19	0	14	0	0
OTU_4720	0	0	0	0	0	0	0	0	0	0	0	0	0	0	0	0	3	0	0	0	0	0
OTU_5198	1	0	1	1	0	0	3	4	1	4	2	3	1	6	2	0	3	1	0	3	0	0
OTU_1367	8	1	7	0	4	0	8	6	3	11	8	7	5	15	6	0	3	1	0	9	0	0
OTU_2136	2	0	0	1	0	14	4	0	3	7	0	5	0	2	2	11	0	1	0	4	0	0
OTU_3383	0	4	2	0	1	0	0	1	1	1	1	1	3	2	0	0	0	0	0	1	0	0
OTU_2276	4	0	0	3	1	6	2	7	7	10	0	6	1	3	2	4	3	2	0	1	0	0
OTU_1420	6	7	10	7	5	0	3	7	1	12	5	7	14	6	21	0	7	10	0	2	0	0
OTU_3556	0	2	0	3	3	0	0	1	0	0	1	0	0	0	1	0	0	0	0	0	0	0
OTU_5652	0	0	0	0	0	0	0	0	0	0	0	0	0	0	0	4	0	0	0	0	0	0
OTU_5057	2	0	0	4	3	0	0	8	0	2	0	5	1	2	0	3	0	1	0	3	0	0
OTU_988	5	0	1	1	1	65	0	1	9	4	0	8	2	4	0	24	1	1	0	10	0	0
OTU_4363	1	0	0	0	0	0	0	0	0	1	0	1	0	0	1	0	0	0	0	2	0	0
OTU_1355	3	0	0	9	1	0	5	4	0	6	3	1	9	2	2	0	0	0	0	4	0	0
OTU_4530	3	0	1	0	1	27	5	0	6	3	1	5	2	3	1	13	2	2	0	4	0	0
OTU_4674	0	0	0	2	0	0	0	1	1	0	0	2	0	0	0	0	0	0	0	1	0	0
OTU_877	6	2	3	0	4	14	13	1	6	12	1	16	0	12	0	10	2	1	0	7	0	0
OTU_5511	0	0	0	2	0	0	0	1	0	0	0	0	0	0	0	0	0	0	0	0	0	0
OTU_3629	1	3	6	2	1	0	1	1	2	1	2	1	5	0	0	2	2	4	0	3	0	0
OTU_2572	0	0	0	1	0	2	1	0	0	1	2	1	1	1	1	0	1	1	0	0	0	0
OTU_2687	0	0	0	14	1	0	1	0	0	1	1	0	1	0	0	0	0	0	0	0	0	0
OTU_3066	1	0	0	1	2	0	0	1	1	2	3	1	3	1	0	0	1	0	0	0	0	0
OTU_2199	3	1	1	12	1	1	3	1	0	3	1	2	0	1	5	0	4	3	0	3	0	0
OTU_1627	0	0	0	2	1	16	0	3	0	1	0	1	0	0	0	2	0	5	0	0	0	0
OTU_1619	3	1	6	8	3	2	2	2	1	5	4	1	1	5	6	2	8	3	0	1	0	0
OTU_1407	4	4	2	5	5	0	2	3	2	3	8	1	9	1	3	0	4	5	0	3	0	0
OTU_2273	5	1	0	3	2	0	3	1	1	4	3	3	4	1	1	0	0	0	0	6	0	0
OTU_5490	0	0	0	1	0	0	0	2	1	0	1	0	0	0	0	0	0	0	0	0	0	0
OTU_2513	1	3	3	2	3	1	5	2	3	4	5	3	1	3	3	0	8	5	0	0	0	0
OTU_1966	0	1	0	0	0	0	4	0	1	4	0	0	1	7	1	0	0	0	0	1	0	0
OTU_5177	0	1	0	1	10	0	0	0	0	0	4	0	1	0	0	0	5	2	0	0	0	0
OTU_1025	2	0	1	2	0	57	0	1	9	1	1	3	2	0	0	21	0	0	0	0	0	0
OTU_1614	3	0	1	2	1	0	7	2	1	4	0	0	3	4	0	0	0	0	0	3	0	0
OTU_3618	1	0	0	0	0	0	0	3	0	0	0	0	2	0	4	0	0	1	0	0	0	0
OTU_5507	4	8	6	8	6	2	3	15	2	5	9	7	4	6	3	2	17	14	0	6	0	0
OTU_3915	0	1	0	0	0	0	0	0	0	1	1	0	0	0	3	0	0	0	0	0	0	0
OTU_2138	4	6	4	6	10	3	7	9	6	2	4	3	6	3	1	4	4	5	0	7	0	0
OTU_3801	0	0	0	0	0	5	0	0	1	1	0	2	0	0	0	0	1	0	0	0	0	0
OTU_5786	0	0	0	0	0	4	0	0	0	0	0	0	0	0	0	0	0	0	0	0	0	0
OTU_1924	0	0	1	1	3	3	2	6	2	3	2	0	2	2	0	1	7	0	0	1	0	0
OTU_3616	0	1	2	2	1	1	0	1	0	0	1	4	0	0	2	1	0	2	0	0	0	0
OTU_1374	13	1	4	0	1	2	3	0	1	3	2	1	0	6	3	0	0	1	0	11	0	0
OTU_4801	2	2	0	0	2	0	1	0	1	0	0	1	1	1	0	0	2	2	0	1	0	0
OTU_2096	2	1	0	4	2	0	4	1	3	5	1	2	1	1	6	0	2	0	0	3	0	0
OTU_3054	1	0	0	0	0	1	1	0	1	0	0	3	2	1	1	3	0	0	0	2	0	0
OTU_1004	16	16	12	5	16	1	9	11	2	9	17	10	6	8	6	0	13	24	0	11	0	0
OTU_1674	4	1	0	0	0	1	4	4	4	4	0	1	2	2	3	0	0	0	0	6	0	0
OTU_1212	3	3	3	13	6	0	1	1	1	1	4	1	0	5	4	0	7	3	0	2	0	0
OTU_3790	3	0	0	1	0	5	1	0	3	0	0	2	0	2	0	6	0	0	0	2	0	0
OTU_2131	1	2	1	1	5	10	2	0	9	3	2	3	3	3	1	14	1	8	0	5	0	0
OTU_1538	14	1	7	1	7	0	11	3	4	7	5	10	10	10	3	1	1	15	0	14	0	0
OTU_1569	1	4	2	7	1	0	3	3	4	9	0	1	0	5	4	0	3	2	0	0	0	0
OTU_3706	0	0	0	0	2	0	0	3	0	0	0	0	0	0	2	0	0	1	0	0	0	0
OTU_4742	2	0	0	0	0	0	0	0	0	0	0	0	1	1	0	1	0	0	0	0	0	0
OTU_2906	2	0	0	3	0	0	0	1	2	2	0	0	1	1	3	0	0	0	0	1	0	0
OTU_2373	0	3	1	2	0	1	8	4	2	1	0	1	1	1	4	2	2	0	0	4	0	0
OTU_3091	0	3	3	8	4	0	0	2	0	0	0	0	0	0	4	0	2	3	0	0	0	0
OTU_3026	0	2	2	2	4	0	0	5	1	1	5	0	2	0	2	3	6	1	0	0	0	0
OTU_5680	0	0	0	0	0	0	0	0	0	0	0	0	0	0	0	1	0	0	0	2	0	0
OTU_1652	6	2	3	10	19	0	19	6	15	3	2	0	14	5	1	0	20	2	0	5	0	0
OTU_2426	5	1	1	0	0	0	7	0	5	12	0	7	1	10	0	1	0	0	0	2	0	0
OTU_2993	0	1	0	2	0	0	0	1	0	1	0	0	1	2	1	0	3	0	0	0	0	0
OTU_3808	0	0	0	1	0	0	0	1	0	2	0	0	2	0	1	0	0	0	0	5	0	0
OTU_3305	0	0	1	0	0	0	2	0	0	0	0	1	1	3	0	0	0	0	0	0	0	0
OTU_1498	13	3	3	16	7	13	7	16	1	12	11	14	11	8	5	4	13	6	0	13	0	0
OTU_2869	0	0	2	0	3	0	2	0	2	0	3	1	0	1	2	0	0	1	0	2	0	0
OTU_3601	4	0	0	0	0	0	2	0	1	3	1	0	2	5	1	0	0	0	0	3	0	0
OTU_1828	0	2	8	8	3	1	1	2	0	3	2	6	0	3	2	0	4	6	0	6	0	0
OTU_2642	1	2	5	3	4	1	0	0	0	0	5	0	0	1	2	0	1	2	0	0	0	0
OTU_4386	1	1	2	0	2	0	1	0	0	2	2	1	1	4	0	0	1	1	0	2	0	0
OTU_1001	10	19	15	9	21	3	4	10	6	3	22	5	7	4	6	1	17	20	0	9	0	0
OTU_6268	0	0	1	2	3	4	0	1	0	1	3	3	1	0	1	2	0	3	0	0	0	0
OTU_4723	1	0	1	0	0	0	0	2	0	2	0	0	1	0	2	0	0	0	0	4	0	0
OTU_2894	1	0	1	3	2	5	2	0	2	7	0	7	0	4	2	2	0	1	0	0	0	0
OTU_5125	0	0	0	0	0	0	0	0	0	0	0	0	0	0	0	0	2	0	0	0	0	0
OTU_1818	0	0	0	0	0	6	2	1	6	3	0	3	3	4	1	4	0	0	0	2	0	0
OTU_2986	2	0	0	3	7	0	3	2	0	0	1	3	0	5	1	1	0	0	0	1	0	0
OTU_6276	1	0	0	2	0	2	1	4	1	2	3	1	1	1	0	0	0	1	0	0	0	0
OTU_4617	0	0	0	0	0	0	0	0	0	0	0	1	2	0	0	0	0	0	0	0	0	0
OTU_3841	0	0	0	1	1	0	0	0	0	0	0	0	0	1	1	0	0	0	0	0	0	0
OTU_1312	10	4	2	4	8	0	5	16	0	6	4	6	2	3	3	4	1	1	0	6	0	0
OTU_3843	1	0	0	0	0	0	1	0	0	0	0	1	3	2	0	0	0	0	0	2	0	0
OTU_1892	2	1	1	0	0	1	1	6	0	1	5	0	5	0	5	0	0	0	0	2	0	0
OTU_2236	1	25	6	18	18	37	1	30	0	3	8	5	5	0	29	10	8	4	0	2	0	1
OTU_1364	10	1	0	7	2	0	4	6	7	2	0	2	8	2	7	0	3	2	0	7	0	0
OTU_1882	4	0	0	2	0	0	9	1	5	8	0	8	0	13	0	3	1	0	0	1	0	0
OTU_2312	2	0	0	2	0	1	2	0	0	1	1	5	0	1	0	1	0	0	0	2	0	0
OTU_3738	1	0	0	1	0	0	4	1	1	3	1	1	3	5	0	0	0	0	0	3	0	0
OTU_2404	1	3	0	0	1	0	1	6	3	8	0	8	1	6	1	1	3	1	0	2	0	0
OTU_612	9	10	10	28	19	2	11	12	4	8	11	9	3	19	21	6	14	17	0	5	0	0
OTU_4313	0	0	0	0	0	7	0	1	0	0	0	0	0	1	0	0	0	0	0	0	0	0
OTU_5646	3	7	3	5	9	1	3	10	0	3	6	0	13	2	3	1	1	2	0	1	0	0
OTU_1540	2	2	3	16	1	2	4	15	6	10	4	12	3	6	2	3	2	1	0	3	0	0
OTU_4190	3	0	0	1	3	1	7	0	5	2	0	1	0	1	3	0	4	2	0	1	0	0
OTU_3737	0	0	0	2	0	0	0	0	0	0	0	1	0	2	0	0	0	0	0	0	0	0
OTU_4497	1	0	2	1	0	1	1	0	3	2	0	2	2	2	1	0	0	0	0	3	0	0
OTU_2301	1	3	1	3	0	1	7	3	1	1	2	2	2	1	1	1	1	8	0	0	0	0
OTU_5209	0	0	0	1	0	0	1	0	0	0	0	0	0	1	0	0	0	0	0	2	0	0
OTU_1907	2	3	5	1	3	0	0	3	1	2	8	0	10	5	3	1	5	2	0	4	0	0
OTU_4255	8	1	2	9	5	8	2	0	7	6	0	8	1	11	3	5	2	0	0	7	0	0
OTU_771	27	1	0	12	2	0	17	6	24	24	0	16	0	23	1	3	0	0	0	10	0	0
OTU_2375	0	1	0	11	1	0	0	0	0	0	0	1	0	0	0	0	0	0	0	0	0	0
OTU_2857	0	0	3	0	1	0	0	2	0	0	0	0	2	0	3	0	7	1	0	3	0	0
OTU_5579	0	0	0	0	0	0	0	0	0	0	0	1	0	0	0	2	0	0	0	0	0	0
OTU_1070	3	1	0	6	6	3	12	9	11	39	6	6	8	9	11	3	3	2	0	7	0	0
OTU_4611	0	2	1	1	3	0	0	0	0	0	0	0	0	0	0	0	1	0	0	0	0	0
OTU_4869	5	0	1	0	1	1	2	0	0	0	0	7	0	7	0	2	0	0	0	6	0	0
OTU_4923	0	0	1	0	0	4	2	0	0	1	1	2	2	2	0	3	0	0	0	2	0	0
OTU_5578	0	1	0	0	1	1	0	0	0	0	0	1	0	0	0	0	0	0	0	2	0	0
OTU_2192	0	0	0	1	0	17	0	1	4	0	0	2	1	1	0	9	0	2	0	0	0	0
OTU_4458	1	0	0	0	0	0	0	0	0	2	0	1	0	2	0	1	1	0	0	1	0	0
OTU_3573	2	0	0	0	0	0	1	0	0	1	1	0	0	3	0	0	0	1	0	1	0	0
OTU_1258	6	7	8	3	15	0	1	1	2	10	6	3	0	2	1	1	8	8	0	3	0	0
OTU_4922	0	0	0	0	0	3	1	0	0	0	0	0	0	0	0	0	0	0	0	0	0	0
OTU_3684	0	0	1	1	0	0	1	1	0	2	1	0	2	0	1	0	1	0	0	0	0	0
OTU_1046	8	1	8	1	13	16	6	7	9	10	6	40	3	5	4	4	7	6	0	3	0	0
OTU_2195	4	3	3	1	3	0	4	3	1	3	9	3	4	3	2	1	1	1	0	3	0	0
OTU_1097	9	8	8	18	11	2	3	6	5	5	6	17	0	4	3	0	5	6	0	9	0	0
OTU_2469	4	0	0	0	0	2	7	1	1	4	0	9	0	15	0	0	0	1	0	3	0	0
OTU_2973	1	0	1	2	2	1	2	5	0	0	0	1	0	4	2	0	4	0	0	0	0	0
OTU_5521	0	0	0	2	1	0	0	2	0	1	2	0	2	0	0	0	1	0	0	1	0	0
OTU_3296	1	1	0	0	1	0	1	0	0	1	2	1	0	0	0	0	0	0	0	0	0	0
OTU_4004	1	4	0	1	3	0	0	0	0	0	4	1	0	0	0	2	0	0	0	1	0	0
OTU_6125	1	0	0	0	0	0	1	0	1	4	0	1	2	0	1	0	1	0	0	0	0	0
OTU_2700	1	3	0	9	7	1	7	2	4	18	5	3	8	21	6	2	3	1	0	4	0	0
OTU_2932	0	0	1	0	2	0	1	1	2	0	0	0	0	2	0	0	1	3	0	0	0	0
OTU_2340	2	1	3	2	2	0	3	0	0	3	3	0	4	6	0	0	4	8	0	2	0	0
OTU_1288	11	0	0	0	0	0	26	3	10	24	1	2	1	18	1	3	1	1	0	4	0	0
OTU_3643	0	0	0	0	0	3	0	0	0	0	0	0	1	1	0	2	1	0	0	0	0	0
OTU_2255	3	1	0	7	2	3	2	3	0	6	0	9	1	2	5	2	2	1	0	2	0	0
OTU_4708	0	4	6	1	6	0	1	3	1	1	4	0	2	3	1	1	5	4	0	2	0	0
OTU_1624	7	0	0	0	0	22	1	0	9	11	0	10	5	1	0	10	1	0	0	3	0	0
OTU_4077	0	1	0	0	1	0	0	0	0	1	2	0	0	0	0	0	0	0	0	1	0	0
OTU_1772	1	6	6	1	4	1	2	0	1	2	3	0	0	0	1	2	7	7	0	0	0	0
OTU_2668	0	0	7	1	3	0	0	0	0	0	2	1	0	0	5	0	1	2	0	1	0	0
OTU_1359	5	0	0	1	1	0	8	3	6	11	0	2	2	7	0	1	0	0	0	7	0	0
OTU_2337	7	1	0	6	2	1	3	1	0	7	3	4	4	6	8	0	0	3	0	2	0	0
OTU_6140	0	0	0	1	2	0	0	0	0	0	0	0	0	0	0	0	0	0	0	0	0	0
OTU_835	10	3	1	2	1	0	6	21	3	6	5	3	33	4	21	1	8	5	0	42	0	0
OTU_3002	0	2	2	0	2	9	4	1	4	2	0	8	3	7	1	3	1	1	0	2	0	0
OTU_1334	4	1	4	0	9	1	0	3	0	4	4	2	6	4	7	1	0	6	0	2	0	0
OTU_4278	3	1	1	2	1	0	6	0	0	3	2	0	4	0	0	1	0	2	0	2	0	0
OTU_1188	2	0	0	0	0	0	8	0	5	12	0	2	0	21	0	0	0	0	0	9	0	0
OTU_2173	3	0	0	3	0	0	3	5	1	3	0	0	4	4	5	0	1	0	0	8	0	0
OTU_1537	2	2	2	0	1	0	7	1	3	12	1	5	7	3	0	2	3	1	0	4	0	0
OTU_2146	3	1	4	7	6	2	0	0	4	1	3	5	0	4	2	3	5	2	0	5	0	0
OTU_4133	1	0	0	0	0	11	0	0	1	2	0	0	0	0	0	2	0	1	0	1	0	0
OTU_3719	0	0	0	1	0	0	1	0	0	1	0	0	1	0	0	0	0	0	0	0	0	0
OTU_4550	0	0	0	0	1	0	0	1	0	0	3	1	0	0	1	0	3	4	0	0	0	0
OTU_5551	13	1	0	0	0	109	5	0	21	6	0	6	7	7	0	66	0	2	0	7	0	0
OTU_885	8	7	2	3	7	0	4	10	1	8	9	13	8	1	5	9	119	1	0	60	0	0
OTU_1453	6	1	0	0	2	0	6	1	4	8	1	0	16	4	3	1	0	1	0	5	0	0
OTU_6126	1	1	0	1	1	0	0	0	3	0	0	1	1	0	0	0	0	0	0	0	0	0
OTU_2315	3	7	0	30	9	0	1	5	2	2	12	0	4	2	9	0	7	11	0	0	0	0
OTU_3948	4	0	0	0	0	0	0	0	1	4	0	3	0	1	0	1	0	0	0	3	0	0
OTU_1343	4	1	0	0	4	0	3	2	1	3	3	2	12	3	4	10	1	3	0	5	0	0
OTU_2571	0	0	0	0	0	0	1	0	0	1	0	1	1	1	0	0	0	0	0	10	0	0
OTU_5337	1	2	0	5	0	0	0	1	0	2	0	2	2	1	0	8	0	0	0	6	0	0
OTU_4861	0	1	0	0	0	0	0	0	0	0	3	0	1	0	0	0	1	2	0	0	0	0
OTU_1131	5	0	0	1	2	1	0	3	1	2	6	0	2	2	16	2	5	0	0	29	0	0
OTU_1155	2	0	0	0	0	0	13	0	9	16	0	6	0	12	0	1	0	0	0	7	0	0
OTU_1414	2	0	0	2	0	25	1	0	12	0	3	1	2	2	0	10	0	0	0	3	0	0
OTU_1625	5	1	1	7	3	2	2	1	3	6	1	4	0	3	1	0	0	0	0	5	0	0
OTU_1051	8	3	8	3	5	0	6	1	3	12	8	5	5	4	2	2	5	6	0	11	0	0
OTU_1852	3	2	5	1	1	0	2	3	5	9	1	2	3	3	2	0	3	9	0	5	0	0
OTU_3094	0	0	0	0	0	0	0	0	0	0	0	0	1	0	0	0	5	0	0	4	0	0
OTU_3242	2	0	0	3	0	2	0	1	2	1	0	6	1	1	1	3	0	0	0	1	0	0
OTU_4568	0	0	0	0	1	1	0	1	0	0	2	2	0	0	0	3	0	0	0	0	0	0
OTU_5468	0	0	1	0	0	0	0	0	1	0	0	1	1	2	0	0	0	0	0	0	0	0
OTU_1146	5	4	3	6	9	8	2	0	1	2	3	4	1	3	1	9	6	4	0	2	0	0
OTU_6184	1	0	0	0	0	0	0	0	1	1	2	0	1	0	0	0	0	2	0	0	0	0
OTU_3188	1	0	0	0	0	0	3	0	2	1	0	1	0	2	0	0	0	0	0	0	0	0
OTU_3300	1	0	0	2	0	8	0	2	2	3	0	4	1	1	1	5	4	1	0	0	0	0
OTU_355	25	5	1	9	10	2	63	22	47	79	12	19	15	59	2	2	4	4	0	28	0	0
OTU_5588	0	0	0	0	0	0	0	0	0	0	0	0	0	0	0	2	0	0	0	0	0	0
OTU_5803	0	0	0	3	1	0	1	2	0	0	0	1	0	1	1	0	0	0	0	0	0	0
OTU_5577	0	0	0	0	0	0	0	0	0	1	0	0	0	0	0	0	0	1	0	3	0	0
OTU_4468	1	2	3	1	1	0	1	0	1	0	0	0	0	0	1	0	1	0	0	0	0	0
OTU_4008	3	8	6	0	9	0	2	0	0	0	1	0	0	1	0	0	4	1	0	0	0	0
OTU_3770	2	0	1	0	0	0	2	0	4	3	0	1	2	4	2	2	1	2	0	3	0	0
OTU_3447	6	2	0	4	1	1	13	3	8	9	7	5	2	12	2	4	3	7	0	12	0	0
OTU_1697	7	2	0	1	4	3	5	1	5	4	8	2	4	4	0	2	4	2	0	1	0	0
OTU_3083	0	1	1	1	4	1	1	2	0	1	0	0	0	0	0	1	3	1	0	2	0	0
OTU_6099	0	0	0	0	0	0	0	1	0	1	7	0	0	0	27	0	1	0	0	1	0	0
OTU_2948	1	3	6	3	3	0	0	2	0	0	6	0	1	0	4	0	3	2	0	2	0	0
OTU_4572	0	0	0	0	0	0	0	0	1	1	0	5	0	0	0	0	0	1	0	0	0	0
OTU_1479	0	3	2	6	5	3	0	5	2	0	1	0	0	0	4	2	4	2	0	0	0	0
OTU_3345	10	1	4	6	1	6	24	14	17	18	5	15	19	18	7	10	3	1	0	31	0	0
OTU_5661	2	0	1	0	2	0	2	0	0	0	3	1	0	0	1	0	3	3	0	0	0	0
OTU_1283	5	2	1	1	9	0	9	7	5	7	9	1	0	7	2	0	5	3	0	1	0	0
OTU_3856	0	0	0	0	0	5	0	0	0	0	0	0	0	1	0	3	0	0	0	1	0	0
OTU_2680	0	1	2	1	3	0	0	2	0	2	2	1	3	0	3	2	3	7	0	2	0	0
OTU_2546	2	0	0	4	0	0	1	3	0	1	1	1	2	1	3	0	0	1	0	5	0	0
OTU_2251	0	0	0	0	0	0	0	11	0	0	0	0	14	0	0	0	0	0	0	0	0	0
OTU_2725	2	0	0	2	0	0	3	1	3	6	0	1	0	7	0	0	0	1	0	2	0	0
OTU_5586	0	1	0	1	0	7	0	0	2	0	0	1	0	0	0	9	0	0	0	1	0	0
OTU_818	7	15	21	1	19	3	5	2	2	3	16	9	0	3	2	0	18	17	0	6	0	0
OTU_4051	1	1	1	1	0	0	0	0	1	2	0	0	0	4	1	1	0	0	0	5	0	0
OTU_1175	1	0	0	0	0	0	14	0	7	19	0	6	0	19	0	2	0	0	0	1	0	0
OTU_1585	3	0	0	0	1	0	3	3	2	5	0	3	9	2	0	0	5	4	0	4	0	0
OTU_1572	0	1	3	15	3	0	0	4	1	1	3	1	1	0	8	2	1	4	0	1	0	0
OTU_1790	2	0	1	1	1	8	1	3	1	3	1	5	2	3	1	11	0	1	0	3	0	0
OTU_5587	1	0	0	1	0	0	0	0	0	0	0	1	0	0	0	0	0	0	0	0	0	0
OTU_1751	2	1	0	0	1	6	1	1	5	10	0	3	0	3	0	13	2	0	0	11	0	0
OTU_2208	0	0	0	16	0	0	0	6	0	0	0	0	0	0	1	0	0	0	0	0	0	0
OTU_3807	1	0	1	0	0	0	1	1	0	5	1	1	0	2	1	0	0	2	0	1	0	0
OTU_5491	1	0	0	0	0	2	0	0	0	0	0	0	0	0	0	0	0	0	0	0	0	0
OTU_1467	3	4	1	0	8	0	4	1	2	1	1	5	0	7	0	1	7	0	0	2	0	0
OTU_1812	4	0	1	10	0	0	4	5	5	2	1	1	2	2	3	0	0	0	0	0	0	0
OTU_5984	3	0	0	0	0	0	1	0	0	0	0	0	2	3	0	0	0	0	0	0	0	0
OTU_3883	3	0	0	0	0	0	0	0	0	0	0	4	0	1	0	0	0	0	0	1	0	0
OTU_1926	1	4	6	3	5	0	7	2	7	7	2	5	7	8	4	4	4	4	0	4	0	0
OTU_2266	1	0	1	4	4	7	1	0	1	1	1	6	3	2	0	1	1	1	0	2	0	0
OTU_2938	1	1	1	0	3	2	2	0	0	3	7	0	0	1	2	0	4	2	0	0	0	0
OTU_2997	0	1	0	0	2	0	0	0	0	0	4	0	0	0	0	0	4	2	0	0	0	0
OTU_3287	0	0	0	2	0	0	0	4	0	0	0	0	0	0	1	0	2	1	0	1	0	0
OTU_3243	0	1	4	3	4	1	4	1	1	0	0	0	5	1	3	1	3	1	0	1	0	0
OTU_3571	0	0	0	0	0	0	0	0	0	0	0	0	0	0	9	1	0	0	0	2	0	0
OTU_3628	0	3	0	0	0	1	0	0	0	0	3	0	0	0	0	0	0	1	0	0	0	0
OTU_2370	1	0	0	0	0	0	4	0	1	1	0	3	1	7	0	0	0	0	0	9	0	0
OTU_1370	2	5	3	1	7	0	0	3	3	0	8	2	6	0	5	0	9	10	0	4	0	0
OTU_3563	1	2	0	2	0	0	1	1	0	1	3	0	2	0	1	0	3	0	0	2	0	0
OTU_5744	4	9	0	0	0	0	1	2	0	3	0	4	7	1	9	15	0	1	0	5	0	0
OTU_1219	3	3	8	7	13	0	8	11	5	5	2	11	1	5	5	0	2	5	0	13	0	0
OTU_3038	4	4	2	3	3	2	5	5	4	2	2	1	3	4	1	3	3	3	0	3	0	0
OTU_4292	1	2	2	5	4	0	1	3	1	4	3	1	5	2	2	3	4	4	0	1	0	0
OTU_4067	0	0	0	0	0	2	1	0	0	2	0	1	0	0	0	5	0	0	0	2	0	0
OTU_4030	0	0	1	1	0	1	0	0	3	3	0	1	0	1	2	1	1	0	0	1	0	0
OTU_1079	0	0	0	0	0	0	0	0	0	0	0	0	0	0	0	0	144	0	0	0	0	0
OTU_1101	8	0	0	0	1	3	13	0	11	11	0	4	2	17	0	0	0	0	0	5	0	0
OTU_6198	2	4	4	54	8	1	1	24	0	1	1	0	5	0	15	0	2	6	0	1	0	0
OTU_3215	1	1	0	1	4	1	0	2	0	0	0	1	0	0	0	2	0	1	0	0	0	0
OTU_1759	4	3	0	2	0	0	4	0	1	2	1	2	1	5	1	1	2	0	0	4	0	0
OTU_2215	0	0	0	25	0	0	0	0	0	0	0	0	0	0	0	0	0	0	0	0	0	0
OTU_1831	1	1	0	0	0	0	0	0	2	0	1	1	1	0	1	23	0	0	0	1	0	0
OTU_3570	0	0	0	0	0	0	0	2	0	0	0	0	18	0	1	0	0	0	0	0	0	0
OTU_6211	0	0	3	1	2	0	0	0	1	0	4	0	0	2	7	2	4	3	0	1	0	0
OTU_3537	3	1	0	0	2	0	0	1	0	0	2	0	1	0	0	1	0	2	0	1	0	0
OTU_1976	1	1	1	1	5	10	0	2	2	2	3	6	0	2	2	14	0	0	0	12	0	0
OTU_2576	4	0	0	7	1	9	3	5	3	4	0	2	1	1	3	4	0	0	0	1	0	0
OTU_3253	1	0	0	0	4	3	0	0	2	1	1	3	2	2	0	5	3	0	0	2	0	0
OTU_3249	0	0	0	8	0	0	0	6	0	0	0	0	0	0	0	0	0	0	0	0	0	0
OTU_3178	2	1	0	0	0	6	0	0	4	0	0	0	2	0	0	6	2	0	0	0	0	0
OTU_4221	1	1	0	0	0	0	0	0	0	0	1	0	0	0	1	0	0	3	0	0	0	0
OTU_1506	7	0	0	4	0	0	9	1	5	3	0	7	3	3	0	2	1	0	0	1	0	0
OTU_2032	5	1	0	1	1	0	7	1	3	7	3	5	2	13	1	3	1	0	0	1	0	0
OTU_1908	2	0	0	0	0	0	3	0	4	5	0	0	0	2	7	0	0	0	0	2	0	0
OTU_3110	1	0	1	3	5	0	0	1	0	1	2	0	1	2	2	0	2	1	0	0	0	0
OTU_3225	1	4	2	4	0	0	0	5	1	2	2	1	2	3	14	0	0	4	0	40	0	0
OTU_3940	2	0	0	2	0	0	1	1	1	1	0	1	0	0	0	0	1	1	0	1	0	0
OTU_2410	0	0	1	78	2	0	0	10	0	0	2	0	1	0	3	1	4	3	0	1	0	0
OTU_2884	5	0	1	0	4	0	1	0	0	2	2	2	2	3	0	0	0	0	0	7	0	0
OTU_3080	2	0	2	0	2	0	1	2	0	2	1	1	3	1	3	0	0	0	0	3	0	0
OTU_2147	0	1	1	0	1	0	0	0	0	0	6	0	0	0	0	0	43	1	0	1	0	0
OTU_2719	1	0	0	0	0	5	2	1	3	4	0	0	1	5	0	1	0	0	0	0	0	0
OTU_3683	2	1	0	0	2	2	2	2	2	4	0	4	1	3	0	1	0	0	0	3	0	0
OTU_1904	2	0	0	0	0	0	0	0	0	0	0	0	0	0	0	0	0	0	0	20	0	0
OTU_974	0	6	6	2	9	3	1	2	1	0	7	0	1	0	8	5	15	10	0	2	0	0
OTU_1864	4	0	2	8	0	8	4	9	4	3	0	2	6	1	4	9	0	1	0	3	0	0
OTU_1256	3	4	2	14	10	0	8	2	0	4	5	2	1	5	6	0	4	0	0	6	0	0
OTU_2692	1	2	0	6	6	2	4	2	1	9	2	4	2	8	3	1	6	1	0	0	0	0
OTU_3221	1	0	0	0	0	0	1	0	1	1	0	1	1	2	0	0	0	0	0	0	0	0
OTU_3583	4	1	2	0	1	0	2	0	2	2	3	0	1	2	0	0	1	4	0	1	0	0
OTU_3338	13	9	3	15	12	8	7	8	5	14	12	19	13	9	6	8	8	12	0	10	0	0
OTU_2771	1	1	1	2	0	0	0	0	0	1	0	0	2	2	0	0	1	0	0	5	0	0
OTU_2650	3	0	0	0	1	0	5	1	7	8	0	1	0	6	0	0	1	0	0	0	0	0
OTU_3027	0	0	0	0	3	0	1	1	0	5	2	0	0	0	1	0	2	0	0	0	0	0
OTU_4894	3	0	1	0	0	1	0	15	1	0	0	4	7	0	0	17	0	0	0	5	0	0
OTU_5101	1	0	0	0	0	0	13	2	16	19	3	5	1	13	1	1	0	0	0	8	0	0
OTU_2305	2	5	5	3	5	0	0	0	2	3	7	1	2	0	1	0	0	4	0	1	0	0
OTU_3064	0	1	1	0	9	3	0	1	0	0	4	0	0	0	0	0	2	3	0	2	0	0
OTU_6006	0	0	0	1	0	0	0	0	0	0	0	0	2	0	0	0	0	0	0	0	0	0
OTU_1698	1	1	5	7	2	7	3	1	3	3	7	4	3	1	3	1	4	2	0	2	0	0
OTU_4455	0	0	0	0	0	0	0	0	0	0	0	3	0	0	0	1	1	0	0	1	0	0
OTU_5175	0	0	0	2	2	0	0	0	1	0	2	0	1	0	0	0	0	1	0	1	0	0
OTU_3456	0	2	0	0	6	0	1	0	0	1	0	0	0	0	0	0	2	1	0	1	0	0
OTU_3445	0	2	1	0	0	0	0	0	0	0	1	0	0	0	2	0	4	2	0	0	0	0
OTU_4324	9	7	18	7	20	12	7	10	5	13	7	7	11	10	13	7	13	21	0	3	0	0
OTU_4156	0	3	1	0	2	1	1	1	1	0	5	6	0	2	0	1	6	5	0	1	0	0
OTU_3604	0	0	0	0	0	0	0	2	0	2	1	1	0	0	0	0	0	0	0	8	0	0
OTU_5420	4	3	3	2	3	6	3	3	3	4	0	6	1	4	2	9	8	0	0	4	0	0
OTU_1867	0	1	5	2	2	0	0	1	0	1	0	0	0	0	2	0	2	12	0	0	0	0
OTU_2867	1	1	3	0	4	0	1	0	0	2	0	2	0	0	1	3	1	1	0	3	0	0
OTU_2290	1	1	1	9	0	0	0	0	1	1	0	1	0	7	2	0	2	4	0	1	0	0
OTU_5946	2	0	0	0	0	1	1	0	0	1	0	2	0	0	0	6	0	0	0	0	0	0
OTU_2548	2	1	1	3	1	4	1	0	1	3	0	5	0	1	2	2	1	2	0	0	0	0
OTU_2283	5	0	3	0	1	0	0	0	1	1	2	3	0	0	1	3	4	1	0	0	0	0
OTU_4068	0	0	0	0	2	1	0	0	0	0	3	1	1	0	3	1	1	2	0	1	0	0
OTU_1702	1	0	0	1	0	0	0	4	2	7	0	3	0	6	2	0	0	0	0	1	0	0
OTU_4762	0	0	0	0	0	0	1	2	0	0	1	0	0	0	0	0	0	0	0	1	0	0
OTU_1142	0	6	8	1	12	0	0	4	0	0	1	0	0	0	4	0	11	4	0	0	0	0
OTU_5892	0	0	1	0	0	0	1	0	0	0	0	1	0	1	0	0	0	1	0	1	0	0
OTU_4951	2	0	0	0	0	0	0	0	0	0	0	0	0	0	1	0	0	0	0	3	0	0
OTU_1038	2	31	2	1	36	0	2	10	0	3	0	5	0	1	0	0	0	0	0	11	0	0
OTU_3886	1	1	0	0	1	0	0	0	2	4	0	2	0	2	0	1	1	0	0	1	0	0
OTU_1963	2	2	1	2	2	0	3	1	7	10	3	1	1	3	1	0	3	1	0	3	0	0
OTU_1528	3	0	3	5	1	0	0	1	2	4	5	2	2	1	5	0	1	1	0	2	0	0
OTU_6262	0	4	0	0	5	0	0	1	0	0	0	0	0	0	2	0	0	0	0	0	0	0
OTU_1583	2	0	0	1	1	0	3	5	1	3	3	3	1	5	3	0	2	0	0	1	0	0
OTU_2026	0	0	2	0	3	1	5	0	1	8	1	1	4	5	0	0	0	5	0	1	0	0
OTU_1507	8	4	10	3	6	6	13	2	7	7	4	0	1	14	2	3	6	4	0	6	0	0
OTU_4211	1	1	0	0	2	2	0	0	1	3	0	0	2	1	1	0	0	0	0	0	0	0
OTU_1503	0	0	2	0	11	1	0	0	0	0	4	0	0	1	1	0	6	7	0	0	0	0
OTU_1306	4	0	5	6	12	2	8	6	3	9	1	5	9	6	6	5	5	2	0	10	0	0
OTU_4291	2	0	0	0	0	1	0	6	1	1	0	0	0	0	0	0	0	0	0	1	0	0
OTU_4346	0	2	2	1	1	2	0	2	1	2	0	0	1	1	0	2	4	2	0	0	0	0
OTU_910	3	22	22	17	13	1	2	8	3	4	19	2	2	4	6	1	20	27	0	0	0	0
OTU_2058	0	2	2	5	4	0	0	4	0	1	3	3	1	1	2	1	1	2	0	4	0	0
OTU_2406	4	0	2	6	1	0	0	2	2	2	1	1	1	1	6	0	0	2	0	2	0	0
OTU_2588	4	0	0	2	2	2	0	0	0	5	0	2	0	1	0	14	0	0	0	2	0	0
OTU_3256	1	1	0	1	0	0	0	1	0	1	0	3	5	2	1	0	0	0	0	5	0	0
OTU_3485	0	0	0	0	3	11	0	1	1	1	1	0	1	5	2	6	2	0	0	2	0	0
OTU_4609	1	0	1	0	1	15	1	1	1	3	0	3	1	2	0	2	0	1	0	0	0	0
OTU_1761	2	1	1	0	1	0	5	0	0	11	0	2	2	4	0	0	0	1	0	4	0	0
OTU_1953	0	0	0	35	0	0	0	1	0	0	0	0	0	0	0	0	0	1	0	0	0	0
OTU_1565	3	2	3	6	5	7	3	0	4	8	2	3	2	5	4	3	6	1	0	2	0	0
OTU_1328	2	1	4	2	5	1	2	5	6	12	11	6	2	6	1	14	11	4	0	3	0	0
OTU_953	8	4	5	1	5	2	9	3	6	17	2	23	1	14	2	24	5	1	0	10	0	0
OTU_2366	6	8	3	3	3	0	7	0	1	6	4	2	1	3	6	0	1	4	0	3	0	0
OTU_1634	8	2	2	3	4	1	10	4	3	6	4	2	2	8	2	0	2	0	0	1	0	0
OTU_3099	2	0	0	1	0	0	1	1	2	0	0	0	4	0	0	1	0	0	0	0	0	0
OTU_6206	0	0	0	0	0	1	0	0	0	0	0	0	0	0	0	8	0	0	0	0	0	0
OTU_4287	4	1	1	0	1	0	0	3	3	3	0	2	5	1	5	0	0	0	0	1	0	0
OTU_1180	5	3	1	3	2	11	4	1	5	12	1	14	2	9	1	7	4	4	0	5	0	0
OTU_4534	0	0	0	0	0	0	0	3	0	0	0	0	0	0	1	0	2	3	0	0	0	0
OTU_5066	0	0	1	0	2	0	0	2	0	1	2	0	0	2	0	0	1	1	0	0	0	0
OTU_1192	0	0	0	8	1	0	5	1	3	5	9	0	1	6	3	1	1	0	0	0	0	0
OTU_1659	7	0	0	0	0	0	1	10	1	4	0	4	0	0	0	1	0	0	0	11	0	0
OTU_4132	0	2	0	0	6	0	0	2	1	0	5	6	1	0	0	1	8	7	0	2	0	0
OTU_1136	10	2	4	11	12	2	2	6	6	16	1	13	3	5	6	6	9	8	0	10	0	0
OTU_5819	2	0	0	1	0	0	4	2	3	4	0	0	0	3	0	0	0	1	0	2	0	0
OTU_1202	8	5	4	3	11	10	9	2	9	7	9	4	3	8	3	4	6	7	0	7	0	0
OTU_2931	0	0	1	0	0	1	2	0	1	1	2	1	1	1	0	0	0	0	0	0	0	0
OTU_2979	4	0	0	3	3	0	0	3	1	3	2	0	2	1	0	1	2	2	0	3	0	0
OTU_2049	1	0	0	4	1	5	2	3	0	2	3	3	5	0	1	5	3	2	0	1	0	0
OTU_2253	1	0	2	0	5	2	2	0	3	1	1	3	0	0	1	2	3	1	0	0	0	0
OTU_3501	2	0	0	1	1	1	0	2	1	2	0	0	0	4	0	0	0	0	0	0	0	0
OTU_3623	1	1	0	3	1	4	6	1	0	1	7	0	0	1	1	1	1	2	0	0	0	0
OTU_1866	0	2	0	1	0	0	5	0	2	2	1	5	1	8	0	0	0	3	0	1	0	0
OTU_1808	0	2	8	2	4	0	0	5	0	1	1	0	3	0	2	0	2	3	0	0	0	0
OTU_1304	2	10	6	1	6	5	7	1	2	2	2	6	2	6	4	3	5	8	0	6	0	0
OTU_5633	1	0	0	0	0	1	1	0	0	0	0	0	0	0	0	0	0	0	0	0	0	0
OTU_1326	2	0	0	0	0	31	0	0	1	1	0	1	1	2	0	9	0	0	0	2	0	0
OTU_4267	0	0	0	0	0	8	0	0	1	3	1	0	0	1	0	1	2	0	0	0	0	0
OTU_1121	7	2	4	0	5	16	10	0	3	10	9	3	0	6	5	5	4	5	0	4	0	0
OTU_5900	0	0	0	0	2	0	0	0	0	0	0	0	0	0	0	0	0	0	0	0	0	0
OTU_2480	0	2	4	1	4	0	0	5	0	4	1	1	6	3	1	0	2	12	0	0	0	0
OTU_873	12	11	6	11	14	0	10	10	10	10	18	6	23	10	11	5	8	8	0	15	0	0
OTU_1799	1	0	0	0	0	21	0	0	0	1	0	7	0	0	1	3	0	0	0	0	0	0
OTU_3918	0	0	0	2	2	0	0	6	0	0	0	3	0	0	1	1	0	0	0	0	0	0
OTU_3747	2	1	0	1	0	3	0	0	0	0	0	12	0	0	0	2	0	0	0	1	0	0
OTU_2760	1	7	0	0	4	0	0	0	0	1	3	2	0	2	0	0	3	0	0	0	0	0
OTU_5082	1	0	0	0	0	0	0	0	0	0	0	0	0	0	1	0	0	0	0	1	0	0
OTU_3810	4	0	1	2	0	0	1	0	0	1	0	0	0	0	0	0	1	1	0	1	0	0
OTU_5898	0	0	0	0	0	0	0	0	0	0	0	0	0	0	0	0	3	0	0	0	0	0
OTU_1519	0	0	0	47	0	0	0	7	1	0	0	0	0	0	1	0	0	0	0	0	0	0
OTU_929	21	0	0	0	1	1	11	2	13	13	0	15	0	15	1	2	0	0	0	8	0	0
OTU_2871	2	0	1	0	0	2	6	0	8	3	0	3	0	4	0	2	1	0	0	4	0	0
OTU_4272	0	0	0	0	0	1	0	0	1	0	0	0	0	0	0	3	0	0	0	0	0	0
OTU_4583	1	0	0	0	0	1	0	0	0	0	0	2	0	0	0	2	0	0	0	0	0	0
OTU_2435	4	6	1	2	2	0	4	2	1	4	2	2	2	2	0	2	7	0	0	2	0	0
OTU_4321	1	2	0	0	0	0	3	14	1	0	0	1	9	3	0	0	0	3	0	2	0	0
OTU_1423	6	7	3	4	6	3	5	3	5	9	9	2	13	4	3	4	5	1	0	4	0	0
OTU_5065	0	0	0	0	0	2	0	0	0	0	0	0	0	0	0	5	0	0	0	0	0	0
OTU_5019	0	0	0	0	0	0	1	1	0	0	0	0	1	1	0	0	0	0	0	0	0	0
OTU_4049	3	1	0	1	0	5	0	2	2	3	0	3	0	0	1	5	1	0	0	1	0	0
OTU_2476	0	4	1	1	1	0	2	1	1	4	4	4	5	4	2	0	1	1	0	1	0	0
OTU_5466	0	1	0	0	0	0	0	0	0	2	3	0	1	0	0	0	0	0	0	0	0	0
OTU_3378	0	0	0	1	0	9	0	0	0	1	0	5	0	2	0	1	0	0	0	0	0	0
OTU_4041	0	1	0	2	0	1	1	1	0	0	0	0	1	0	1	2	0	0	0	3	0	0
OTU_2733	0	0	0	0	6	0	1	1	1	0	0	0	2	0	0	0	3	1	0	0	0	0
OTU_4031	0	3	1	3	4	0	0	3	3	4	2	1	1	0	1	3	3	2	0	1	0	0
OTU_3650	9	0	0	1	2	0	0	2	0	1	0	3	1	2	0	1	0	0	0	1	0	0
OTU_2758	0	1	1	0	2	0	0	2	1	0	0	1	0	0	6	2	0	0	0	0	0	0
OTU_4282	2	0	1	16	0	1	4	12	2	5	4	5	5	2	1	1	1	0	0	1	0	0
OTU_4574	0	0	0	0	0	0	3	0	1	4	1	0	4	8	0	2	0	0	0	2	0	0
OTU_4361	0	0	2	2	3	2	0	1	1	4	0	9	1	2	0	6	1	1	0	1	0	0
OTU_4780	1	0	0	0	0	0	1	3	0	0	0	2	1	1	1	0	0	0	0	0	0	0
OTU_1878	2	2	5	2	3	1	0	0	2	4	10	0	1	11	0	1	6	2	0	1	0	0
OTU_4701	0	0	0	0	0	0	3	0	0	0	0	1	0	2	0	0	0	0	0	0	0	0
OTU_608	1	7	4	54	1	0	2	43	1	5	3	0	0	1	13	1	4	3	0	0	0	0
OTU_4852	1	0	0	0	2	0	3	0	1	0	1	0	0	1	0	0	0	0	0	0	0	0
OTU_2490	0	0	0	0	0	0	0	0	0	0	0	1	1	1	0	9	0	0	0	2	0	0
OTU_5409	3	0	0	8	2	17	1	4	6	4	0	12	3	7	3	8	0	3	0	3	0	0
OTU_3756	0	0	0	2	1	0	0	0	2	1	1	1	2	1	1	0	0	1	0	0	0	0
OTU_1557	12	3	1	8	4	3	21	8	10	37	10	6	10	19	9	0	4	1	0	6	0	0
OTU_5532	4	5	10	3	7	1	4	4	4	3	12	1	0	2	2	2	8	4	0	2	0	0
OTU_1774	1	0	4	1	6	5	1	2	1	1	7	2	1	3	9	1	2	8	0	0	0	0
OTU_2855	2	0	0	1	0	0	0	1	1	2	0	1	0	0	3	1	2	1	0	1	0	0
OTU_3941	0	5	1	2	6	8	1	4	1	0	1	1	1	0	6	7	2	5	0	0	0	0
OTU_4464	0	0	2	6	1	2	1	0	0	2	0	0	0	1	0	3	0	1	0	0	0	0
OTU_6014	0	1	0	0	0	1	3	0	0	0	0	2	0	0	0	1	0	0	0	0	0	0
OTU_3452	0	0	0	10	0	0	0	1	0	0	0	0	0	0	0	0	0	0	0	0	0	0
OTU_5690	0	0	0	0	1	0	0	1	0	1	0	0	1	0	1	0	1	2	0	0	0	0
OTU_6181	0	0	0	3	0	0	0	0	0	0	0	0	0	0	0	0	0	0	0	0	0	0
OTU_2070	2	1	3	3	4	0	0	0	0	0	4	1	0	2	0	0	1	2	0	0	0	0
OTU_3641	0	0	0	0	1	0	0	0	0	0	4	4	0	2	0	0	1	0	0	0	0	0
OTU_4222	0	0	0	0	0	0	4	1	0	1	1	0	1	1	0	0	0	0	0	0	0	0
OTU_3906	0	1	1	5	1	9	0	1	0	0	1	0	0	2	1	3	0	0	0	0	0	0
OTU_1860	2	0	6	2	9	0	2	5	2	2	8	0	0	1	7	0	12	12	0	3	0	0
OTU_2029	1	2	2	1	4	1	0	3	1	2	1	4	0	2	1	1	2	4	0	1	0	0
OTU_5398	0	0	0	0	0	0	1	0	0	0	1	1	1	1	0	0	0	0	0	0	0	0
OTU_2325	2	4	3	6	7	0	5	8	2	5	2	2	9	3	6	0	2	7	0	5	0	0
OTU_2739	0	0	2	1	2	0	0	4	0	0	1	0	0	0	3	0	1	2	0	1	0	0
OTU_2382	2	1	1	10	6	5	1	5	2	5	1	8	0	2	3	3	3	2	0	1	0	0
OTU_4320	0	0	1	0	0	0	0	1	2	0	0	1	1	3	0	1	1	0	0	0	0	0
OTU_2099	3	3	3	1	5	0	1	1	0	2	3	0	5	0	1	0	6	3	0	1	0	0
OTU_1651	5	0	0	4	2	0	3	11	1	5	1	3	10	3	10	0	0	1	0	9	0	0
OTU_1375	4	1	1	0	0	9	0	1	15	1	0	4	9	2	0	6	2	2	0	5	0	0
OTU_3589	0	1	0	0	2	0	1	2	0	4	0	0	2	0	1	0	2	1	0	0	0	0
OTU_4800	0	0	0	1	0	0	0	9	0	0	0	1	0	0	2	0	1	3	0	1	0	0
OTU_3245	1	0	0	0	0	0	1	0	3	1	0	0	0	1	0	0	0	0	0	1	0	0
OTU_545	12	10	17	2	24	19	10	1	12	4	7	5	5	6	5	15	17	12	0	1	0	0
OTU_1961	7	3	2	3	4	6	5	1	3	9	2	4	0	11	0	2	2	3	0	11	0	0
OTU_4090	0	0	0	0	1	0	0	1	0	0	1	0	0	0	0	0	2	0	0	0	0	0
OTU_3844	0	0	0	0	0	0	2	1	7	3	0	0	1	5	0	0	0	0	0	0	0	0
OTU_2631	0	0	0	0	0	0	0	0	0	0	0	1	1	0	0	0	0	0	0	26	0	0
OTU_6284	0	0	0	0	0	0	0	0	0	1	1	0	0	1	0	0	0	0	0	0	0	0
OTU_1718	2	0	0	0	0	0	0	0	2	1	0	1	0	0	0	17	0	0	0	3	0	0
OTU_2433	3	0	1	2	0	1	2	1	0	2	0	15	1	3	0	5	2	0	0	1	0	0
OTU_2261	2	0	1	0	1	10	1	0	14	1	5	3	4	1	0	11	1	3	0	8	0	0
OTU_2503	1	1	1	3	1	0	0	0	1	1	0	0	2	1	2	2	0	1	0	2	0	0
OTU_2704	3	0	0	1	0	0	0	3	1	1	2	1	0	1	0	0	0	2	0	4	0	0
OTU_2240	0	1	1	0	10	0	0	0	0	0	2	0	0	1	0	0	9	0	0	0	0	0
OTU_5724	0	2	1	2	0	0	0	1	0	0	2	0	0	0	0	0	1	0	0	0	0	0
OTU_2789	0	0	0	0	0	10	0	0	2	3	0	0	0	2	0	0	0	0	0	1	0	0
OTU_5696	1	0	0	0	1	1	0	0	0	1	0	0	0	1	0	2	0	0	0	0	0	0
OTU_2122	0	0	0	1	0	0	5	0	2	5	0	1	0	6	1	0	0	0	0	2	0	0
OTU_5498	1	0	0	0	0	0	0	1	0	1	2	0	0	0	1	1	0	1	0	0	0	0
OTU_5152	2	1	0	0	1	1	6	1	3	3	0	5	2	8	0	2	2	0	0	2	0	0
OTU_5472	0	0	0	0	0	0	0	0	0	0	0	1	0	2	0	0	0	0	0	0	0	0
OTU_3786	3	0	1	0	1	0	2	0	0	1	0	6	0	3	0	0	0	0	0	3	0	0
OTU_3778	1	0	0	1	1	0	0	0	3	1	0	1	2	0	0	0	0	1	0	0	0	0
OTU_1116	5	3	5	3	6	0	2	5	3	2	7	1	4	2	1	1	9	3	0	10	0	0
OTU_5625	0	0	0	0	0	0	0	2	0	1	0	1	1	0	3	1	0	1	0	2	0	0
OTU_2675	2	0	0	0	0	7	4	0	2	3	0	2	0	2	0	1	0	0	0	1	0	0
OTU_3411	5	0	0	0	1	42	4	0	12	4	0	8	2	3	0	24	0	0	0	4	0	0
OTU_1099	2	6	5	8	11	4	4	6	1	0	7	5	4	2	7	5	11	8	0	1	0	0
OTU_6106	11	5	0	1	6	0	9	3	3	13	1	10	4	6	0	2	5	3	0	12	0	0
OTU_3414	3	4	2	4	2	0	0	1	2	0	0	2	0	0	1	7	0	1	0	0	0	0
OTU_6209	0	0	0	0	3	0	0	2	0	0	0	1	1	0	0	0	3	0	0	0	0	0
OTU_1222	1	0	4	6	2	9	3	6	1	3	1	10	0	3	1	2	5	3	0	10	0	0
OTU_2694	0	1	0	0	0	0	8	0	1	7	1	1	2	2	1	1	0	0	0	2	0	0
OTU_2697	4	2	4	4	4	2	3	3	1	2	4	3	0	2	1	1	2	3	0	5	0	0
OTU_2532	4	4	5	1	3	0	1	3	0	1	1	1	2	1	0	0	2	6	0	3	0	0
OTU_1484	1	2	5	4	13	1	1	10	1	1	2	2	3	3	5	0	8	3	0	1	0	0
OTU_1689	9	2	2	3	1	1	3	3	0	12	12	4	7	3	7	2	0	3	0	8	0	0
OTU_1914	6	1	3	1	4	0	0	2	0	4	2	9	0	4	2	3	0	6	0	1	0	0
OTU_2161	5	0	1	8	10	1	1	5	2	3	0	4	4	2	0	4	0	0	0	2	0	0
OTU_4143	1	0	0	0	0	0	1	0	1	2	0	3	1	0	0	0	0	0	0	1	0	0
OTU_1990	0	9	1	0	15	0	0	0	0	0	3	0	1	0	3	0	4	4	0	0	0	0
OTU_5470	0	0	2	0	0	0	0	0	0	0	0	0	0	0	0	0	0	0	0	0	0	0
OTU_3750	1	0	0	0	1	0	0	0	0	0	0	4	1	0	0	2	0	0	0	0	0	0
OTU_1411	3	2	0	5	3	3	2	6	2	13	1	3	2	6	3	4	0	0	0	5	0	0
OTU_6170	1	1	0	0	3	2	0	0	0	2	0	1	0	3	0	0	4	0	0	0	0	0
OTU_5281	1	1	0	0	0	0	3	3	2	1	0	1	0	3	0	0	1	0	0	2	0	0
OTU_1724	0	0	0	14	4	0	1	2	0	0	0	0	0	0	7	2	0	0	0	0	0	0
OTU_2052	2	1	0	5	1	0	0	2	2	1	1	0	4	0	23	0	0	0	0	1	0	0
OTU_2813	3	0	2	5	3	0	2	1	2	0	2	0	7	2	1	0	1	1	0	1	0	0
OTU_5573	6	0	0	0	0	0	0	0	0	4	1	2	1	3	0	0	0	0	0	3	0	0
OTU_3030	0	0	0	6	1	0	2	1	2	1	1	0	2	0	6	0	0	0	0	1	0	0
OTU_5180	1	1	0	0	0	0	1	0	0	0	1	2	0	2	2	0	2	0	0	2	0	0
OTU_6188	1	0	2	2	1	0	0	0	0	1	1	0	0	0	0	0	0	1	0	1	0	0
OTU_2198	0	1	0	0	0	10	0	0	2	1	0	0	2	0	0	6	0	0	0	2	0	0
OTU_1567	0	2	1	4	1	0	0	4	0	0	0	0	0	0	15	0	1	1	0	0	0	0
OTU_3885	0	2	0	1	0	0	0	3	0	1	1	1	0	1	1	0	1	0	0	1	0	0
OTU_4865	0	0	0	0	0	0	2	0	0	1	2	0	1	1	1	0	0	0	0	1	0	0
OTU_2679	2	0	0	0	0	0	0	0	2	4	0	0	0	8	0	0	0	0	0	1	0	0
OTU_1169	1	2	2	5	12	6	2	1	2	7	1	3	0	6	0	6	7	0	0	0	0	0
OTU_5476	0	0	0	0	0	3	0	0	0	0	0	0	0	0	0	0	0	0	0	0	0	0
OTU_6225	0	0	0	0	0	0	1	0	0	0	0	0	1	0	0	0	0	0	0	1	0	0
OTU_3421	0	1	1	0	0	3	0	0	0	0	0	7	0	0	0	1	0	0	0	2	0	0
OTU_2991	0	0	0	0	0	0	0	0	2	1	1	1	3	1	1	0	4	2	0	0	0	0
OTU_2836	0	0	1	11	1	0	1	8	0	1	0	0	0	0	7	0	0	0	0	0	0	0
OTU_1849	5	4	3	7	4	0	3	6	4	11	9	1	2	3	2	0	2	1	0	4	0	0
OTU_1235	1	3	2	4	2	0	0	11	1	2	17	1	5	2	3	0	5	2	0	6	0	0
OTU_3742	0	1	0	0	0	0	0	3	0	0	9	0	0	0	0	0	2	0	0	0	0	0
OTU_1515	2	5	7	2	7	0	1	2	1	2	7	29	7	1	2	4	4	1	0	22	0	0
OTU_3283	0	1	0	0	2	0	0	0	0	0	1	0	1	0	0	0	1	2	0	0	0	0
OTU_1107	4	5	8	4	11	2	0	4	1	6	14	1	0	1	4	3	21	7	0	3	0	0
OTU_5547	3	0	0	0	0	0	1	0	1	2	0	0	0	1	0	0	0	0	0	0	0	0
OTU_2060	3	1	0	2	0	9	1	0	2	1	1	7	2	1	0	0	2	0	0	2	0	0
OTU_3425	0	0	1	1	3	0	1	0	0	1	1	0	1	0	0	0	0	1	0	0	0	0
OTU_5412	0	0	0	0	0	0	0	1	0	0	0	0	0	0	0	0	11	0	0	0	0	0
OTU_1691	4	1	0	0	2	0	6	4	3	2	0	3	1	2	2	3	1	2	0	3	0	0
OTU_3167	0	2	1	0	1	0	2	2	2	3	2	0	3	0	0	2	0	0	0	1	0	0
OTU_2055	0	0	0	0	0	12	0	0	0	0	0	2	1	1	0	9	0	0	0	0	0	0
OTU_3518	0	2	0	0	0	10	0	2	6	1	0	1	2	3	1	5	1	0	0	2	0	0
OTU_3108	0	0	0	2	0	0	1	4	0	2	0	1	3	0	0	0	0	1	0	2	0	0
OTU_5330	2	3	1	23	4	1	2	2	0	1	0	2	2	0	10	1	1	1	0	4	0	0
OTU_1454	4	1	0	8	4	4	7	11	3	5	2	5	5	5	4	5	3	5	0	3	0	0
OTU_2417	1	0	0	2	0	1	8	0	5	4	0	1	1	3	0	0	0	1	0	0	0	0
OTU_2767	0	0	0	0	0	0	0	0	0	0	0	0	0	0	0	0	32	3	0	0	0	0
OTU_3804	0	0	0	1	1	0	0	0	1	1	1	0	3	1	1	0	1	0	0	0	0	0
OTU_5821	1	2	12	3	5	0	0	3	1	0	7	0	3	0	7	0	3	22	0	1	0	0
OTU_4115	0	0	0	6	0	0	0	1	0	0	0	0	0	0	4	0	0	0	0	0	0	0
OTU_5435	0	0	0	0	0	0	0	0	0	0	0	0	0	1	0	0	0	0	0	2	0	0
OTU_5987	0	0	0	0	1	0	1	0	0	0	3	0	0	1	0	0	0	1	0	0	0	0
OTU_3625	0	0	1	0	0	0	1	0	3	1	0	2	1	1	0	0	1	0	0	1	0	0
OTU_5595	1	0	0	4	0	0	1	4	1	0	0	1	0	0	3	0	2	1	0	0	0	0
OTU_1525	6	1	1	1	2	6	5	1	5	5	0	6	0	2	1	6	2	3	0	2	0	0
OTU_5737	1	0	0	2	0	0	0	1	0	4	0	0	0	0	1	0	0	0	0	0	0	0
OTU_1215	2	12	3	3	20	0	0	6	0	0	39	0	1	1	1	0	30	8	0	1	0	0
OTU_2707	4	0	1	0	1	2	1	1	1	4	0	2	5	1	9	2	2	2	0	0	0	0
OTU_2929	1	0	0	0	0	0	1	0	1	1	0	0	0	1	0	0	0	1	0	5	0	0
OTU_5931	0	0	0	0	0	6	0	0	1	0	0	0	5	3	0	9	0	0	0	4	0	0
OTU_3197	0	0	0	0	0	8	0	0	0	0	0	0	0	2	0	1	0	0	0	0	0	0
OTU_4661	0	0	0	1	0	0	0	1	1	1	0	0	1	0	0	0	0	1	0	0	0	0
OTU_4344	1	0	2	1	0	3	4	0	4	3	0	1	0	3	0	0	0	0	0	0	0	0
OTU_2319	5	1	2	1	2	0	0	3	1	1	0	1	2	0	1	0	0	5	0	1	0	0
OTU_1009	10	0	0	1	1	3	9	0	8	12	0	6	1	13	0	1	1	0	0	13	0	0
OTU_3032	2	0	0	1	0	1	5	0	0	2	0	2	0	2	0	0	0	0	0	4	0	0
OTU_2793	2	0	2	0	2	0	0	0	0	1	1	0	0	2	0	0	1	0	0	3	0	0
OTU_2348	6	0	0	2	0	1	3	7	1	1	2	4	15	1	1	3	9	2	0	7	0	0
OTU_5791	1	0	0	0	0	7	0	0	5	0	0	0	4	0	0	5	0	0	0	0	0	0
OTU_2323	5	2	3	9	4	1	1	1	4	5	1	3	1	3	2	3	2	3	0	2	0	0
OTU_3514	0	0	0	0	0	0	0	0	1	0	0	3	3	0	0	4	0	0	0	1	0	0
OTU_3767	0	1	1	0	1	0	0	0	0	1	4	0	0	0	0	0	2	0	0	0	0	0
OTU_1385	0	0	0	0	2	23	0	3	5	2	0	2	0	0	0	23	0	0	0	2	0	0
OTU_2921	1	0	1	2	2	0	0	1	1	0	1	5	0	6	0	2	1	4	0	3	0	0
OTU_3362	3	1	1	3	1	1	3	4	3	5	6	3	7	8	1	2	1	1	0	7	0	0
OTU_5238	5	1	3	7	2	1	1	4	1	4	5	4	2	2	4	0	10	9	0	0	0	0
OTU_3958	0	0	0	0	0	0	0	13	0	0	0	0	0	0	0	0	0	0	0	0	0	0
OTU_3751	1	0	1	0	4	2	1	0	2	1	3	0	1	0	1	0	5	3	0	0	0	0
OTU_2856	0	1	0	1	1	0	0	0	0	0	3	0	1	0	1	0	1	1	0	1	0	0
OTU_2011	1	0	0	8	2	8	0	10	1	1	0	0	2	0	4	1	0	1	0	0	0	0
OTU_1313	9	1	0	7	0	0	7	8	1	5	6	5	5	10	5	0	0	0	0	3	0	0
OTU_2436	0	0	0	0	0	16	0	0	7	0	0	1	4	0	0	2	0	0	0	1	0	0
OTU_1309	15	4	2	0	6	1	9	0	3	11	5	3	3	8	2	3	2	3	0	3	0	0
OTU_1916	1	3	2	1	0	0	0	5	0	1	1	1	2	0	2	0	4	6	0	0	0	0
OTU_5603	0	0	0	0	0	0	0	0	0	0	1	0	0	0	0	2	1	1	0	0	0	0
OTU_4949	9	9	15	12	7	2	4	5	2	6	3	3	8	3	4	1	11	11	0	2	0	0
OTU_1648	7	0	0	0	0	2	9	0	3	6	0	3	0	2	0	0	0	0	0	4	0	0
OTU_3166	0	0	0	1	1	0	0	1	0	0	0	4	0	0	2	3	0	1	0	0	0	0
OTU_1936	6	0	0	4	0	0	12	0	3	5	0	2	2	7	0	0	0	0	0	4	0	0
OTU_2672	1	0	2	0	1	0	1	0	0	3	3	4	1	1	1	0	0	1	0	0	0	0
OTU_5411	0	1	2	2	0	0	1	6	3	0	1	4	0	1	3	1	2	0	0	1	0	0
OTU_5991	0	0	1	0	1	0	0	0	0	0	0	0	0	1	0	1	0	0	0	1	0	0
OTU_6029	0	0	1	0	0	0	0	0	0	0	1	0	0	0	0	0	2	0	0	0	0	0
OTU_2609	1	1	0	1	1	0	0	1	0	2	0	3	5	6	1	2	1	2	0	0	0	0
OTU_2531	1	1	3	0	3	0	0	10	0	1	1	1	2	1	14	0	20	0	0	25	0	0
OTU_3826	0	6	0	0	0	0	0	0	0	0	0	0	0	0	0	0	0	0	0	0	0	0
OTU_4175	0	0	0	1	1	0	2	0	2	0	0	1	0	0	0	0	1	0	0	1	0	0
OTU_2179	5	0	0	0	0	0	2	0	7	7	0	0	2	4	0	0	0	0	0	4	0	0
OTU_2935	0	1	0	6	2	0	3	0	1	1	3	1	2	4	1	1	1	1	0	3	0	0
OTU_2354	0	0	0	0	0	0	0	0	0	0	0	0	0	0	0	0	16	0	0	0	0	0
OTU_2730	0	0	0	0	0	6	0	0	0	1	0	2	1	0	1	4	3	0	0	2	0	0
OTU_1254	31	0	1	0	1	0	0	2	0	0	0	3	1	0	1	0	0	0	0	7	0	0
OTU_4864	0	0	0	0	0	0	1	0	1	2	0	6	0	2	0	3	0	0	0	0	0	0
OTU_1636	1	4	5	0	3	2	1	0	2	0	2	0	2	1	3	0	6	10	0	0	0	0
OTU_5495	0	0	0	0	0	0	1	1	0	0	0	0	0	0	2	0	0	0	0	1	0	0
OTU_3012	0	0	0	0	0	5	0	0	1	0	0	1	2	0	0	4	0	0	0	0	0	0
OTU_3853	1	0	3	1	3	0	0	4	0	3	9	1	2	3	4	0	5	2	0	0	0	0
OTU_3968	2	0	2	0	0	0	1	1	0	1	4	2	0	2	1	0	0	3	0	1	0	0
OTU_2062	2	2	1	6	0	0	1	2	3	3	0	2	0	3	0	0	1	2	0	3	0	0
OTU_2353	0	2	7	6	4	15	1	1	1	2	3	0	0	0	0	6	4	6	0	2	0	0
OTU_2591	3	0	0	0	0	0	2	0	1	6	1	3	0	2	1	0	0	0	0	2	0	0
OTU_1680	7	2	7	10	2	1	9	3	3	2	3	4	0	4	4	2	2	9	0	11	0	0
OTU_5510	0	0	0	3	0	0	0	0	0	0	0	0	0	0	0	0	0	0	0	0	0	0
OTU_3278	0	1	2	0	2	0	0	3	3	0	1	0	1	3	0	0	0	1	0	1	0	0
OTU_5732	0	0	0	1	2	0	0	0	0	1	0	0	0	0	0	0	0	0	0	1	0	0
OTU_2879	0	0	1	16	2	0	0	2	0	0	1	0	0	0	0	0	1	0	0	0	0	0
OTU_2193	1	0	1	0	0	0	19	0	10	9	1	0	0	7	0	3	0	0	0	0	0	0
OTU_962	6	5	5	19	6	11	3	4	2	4	4	0	1	1	2	22	5	7	0	4	0	0
OTU_3134	0	0	0	1	1	0	5	0	1	8	1	0	0	5	0	0	0	0	0	2	0	0
OTU_6003	0	0	2	0	0	0	0	0	0	0	0	0	1	0	0	0	0	0	0	0	0	0
OTU_4695	0	0	0	0	0	0	3	0	0	0	0	0	0	1	0	0	0	0	0	3	0	0
OTU_1763	0	0	0	0	1	0	0	1	0	0	0	0	0	0	2	0	33	0	0	0	0	0
OTU_3561	0	0	0	1	0	0	0	4	0	2	0	0	4	0	4	0	0	1	0	0	0	0
OTU_1779	1	0	0	0	0	0	8	0	0	4	0	0	0	12	0	0	0	0	0	0	0	0
OTU_4210	4	0	0	0	0	0	0	0	0	1	0	0	0	0	3	0	0	0	0	0	0	0
OTU_2567	0	0	3	0	2	0	1	1	0	0	1	0	2	0	0	0	1	5	0	0	0	0
OTU_3850	3	1	3	2	1	3	0	2	0	0	2	2	1	2	0	3	2	2	0	2	0	0
OTU_5598	0	1	0	1	1	0	0	5	1	0	0	0	0	0	0	0	0	0	0	1	0	0
OTU_4600	0	1	0	0	2	0	2	0	0	0	0	1	2	0	0	0	2	0	0	0	0	0
OTU_3299	2	2	0	0	0	0	1	1	2	5	0	0	0	2	1	1	1	0	0	4	0	0
OTU_5882	0	0	0	0	1	0	0	2	0	0	0	0	1	0	0	0	0	2	0	3	0	0
OTU_957	14	1	2	0	2	0	4	0	8	17	3	14	0	21	0	3	1	0	0	9	0	0
OTU_5417	3	0	0	0	0	0	3	0	2	3	0	1	0	7	0	0	0	0	0	2	0	0
OTU_1736	7	0	1	1	1	0	0	1	2	2	0	2	3	8	0	16	1	0	0	6	0	0
OTU_2876	0	1	0	1	1	12	11	2	8	0	1	6	5	2	3	1	2	1	0	6	0	0
OTU_4349	2	0	0	0	0	3	0	0	0	0	0	1	0	1	0	1	0	0	0	0	0	0
OTU_4037	0	0	0	0	0	0	0	0	0	0	0	0	1	0	0	5	0	0	0	1	0	0
OTU_5681	0	0	1	3	1	0	1	0	0	0	1	0	0	0	0	0	0	4	0	1	0	0
OTU_3419	0	0	2	0	1	0	0	0	0	2	2	0	0	3	0	0	0	0	0	0	0	0
OTU_3714	1	1	2	0	1	1	0	3	0	0	0	0	2	2	3	0	3	0	0	1	0	0
OTU_3163	0	2	3	1	11	0	0	1	0	1	3	0	2	2	2	0	7	4	0	3	0	0
OTU_3995	0	0	0	6	0	0	0	1	0	0	0	0	0	0	0	0	0	0	0	0	0	0
OTU_3459	1	0	0	0	0	1	0	0	0	0	0	0	1	0	4	2	0	0	0	6	0	0
OTU_6119	3	1	0	2	0	0	2	0	0	2	0	0	1	0	0	0	0	0	0	0	0	0
OTU_1952	2	0	2	15	2	0	5	2	2	1	1	2	0	0	0	0	2	4	0	2	0	0
OTU_2467	5	0	0	1	0	0	4	1	2	3	0	3	0	4	0	0	0	0	0	5	0	0
OTU_5945	0	0	0	0	0	0	0	2	0	0	0	0	0	0	0	0	0	0	0	0	0	0
OTU_1075	5	1	2	2	1	0	7	3	8	6	3	5	10	8	2	3	2	2	0	5	0	0
OTU_4188	0	0	1	6	0	0	0	8	0	0	1	1	2	0	3	0	2	0	0	1	0	0
OTU_2792	0	0	0	0	0	5	0	0	2	1	0	6	1	0	0	4	0	0	0	0	0	0
OTU_4330	0	0	0	4	0	1	0	0	2	0	0	0	0	0	1	1	0	0	0	0	0	0
OTU_2698	2	0	1	0	0	0	3	0	1	2	0	3	0	3	1	1	1	1	0	2	0	0
OTU_2691	12	1	2	0	2	2	3	0	4	9	0	16	2	6	0	2	4	0	0	5	0	0
OTU_1726	4	3	7	1	26	6	5	0	3	5	13	1	2	6	5	0	17	16	0	7	0	0
OTU_3815	0	0	0	0	1	0	0	0	0	2	0	1	0	1	0	0	1	0	0	0	0	0
OTU_1903	4	3	0	0	0	20	2	0	5	2	0	7	1	2	0	5	1	0	0	1	0	0
OTU_6174	1	0	0	1	0	0	2	9	2	2	1	1	4	2	6	1	1	2	0	0	0	0
OTU_2269	3	2	0	0	1	0	1	0	3	10	0	2	0	5	0	4	0	1	0	4	0	0
OTU_2722	1	0	0	1	0	0	1	1	2	3	1	2	1	1	0	3	2	4	0	0	0	0
OTU_4016	1	5	3	1	11	3	1	2	1	0	4	1	2	2	3	7	0	2	0	2	0	0
OTU_1108	9	9	9	8	10	0	5	1	1	8	7	6	1	1	5	0	8	11	0	10	0	0
OTU_4123	0	4	9	0	5	0	0	0	0	0	14	0	0	0	2	0	4	5	0	0	0	0
OTU_4546	0	0	0	1	0	0	3	0	1	1	2	0	2	0	1	0	0	1	0	0	0	0
OTU_5193	0	0	0	2	0	0	0	0	0	0	0	0	0	0	0	0	0	0	0	0	0	0
OTU_1957	0	5	5	5	4	0	0	2	0	0	2	0	3	0	8	0	3	1	0	0	0	0
OTU_811	8	11	7	2	12	0	5	1	0	3	25	2	4	3	0	0	12	13	0	9	0	0
OTU_3130	1	0	0	1	2	0	0	0	0	0	1	0	3	0	4	0	1	0	0	1	0	0
OTU_4710	0	0	0	0	0	0	0	0	0	1	0	1	0	1	0	0	0	0	0	1	0	0
OTU_2104	1	1	0	0	0	0	0	2	2	2	2	2	0	3	3	0	1	3	0	18	0	0
OTU_4711	2	1	1	0	0	0	2	0	0	1	0	0	3	0	1	1	1	0	0	0	0	0
OTU_2345	3	0	0	1	1	11	3	2	6	4	0	2	1	3	0	9	0	0	0	4	0	0
OTU_1891	0	1	9	6	7	0	0	8	2	2	2	3	0	0	6	0	12	7	0	0	0	0
OTU_3823	1	0	0	0	2	20	0	0	1	1	0	2	1	0	0	3	1	0	0	0	0	0
OTU_1894	0	0	0	0	0	2	2	0	2	3	0	5	0	2	0	0	0	0	0	6	0	0
OTU_3792	2	0	0	0	0	0	1	0	0	1	0	2	2	1	1	1	0	0	0	0	0	0
OTU_4092	0	0	0	5	0	0	0	0	0	0	0	0	1	0	0	0	0	0	0	0	0	0
OTU_1521	4	5	4	1	3	0	2	0	0	6	2	2	8	3	2	0	1	8	0	1	0	0
OTU_5523	1	0	0	0	0	0	0	0	0	0	0	2	0	1	0	0	0	0	0	2	0	0
OTU_5190	0	0	0	0	0	0	0	0	2	0	0	0	0	0	0	0	0	0	0	0	0	0
OTU_5922	1	0	0	1	0	0	0	0	1	1	1	0	0	0	0	2	0	0	0	0	0	0
OTU_2157	2	2	7	3	3	0	2	2	5	1	8	2	2	2	3	0	9	2	0	1	0	0
OTU_3404	0	1	1	0	1	5	0	1	0	0	0	1	1	1	0	2	0	0	0	1	0	0
OTU_1293	3	2	5	1	1	0	6	4	0	5	8	1	6	1	0	0	8	1	0	3	0	0
OTU_3726	0	0	0	0	0	5	1	0	2	2	0	2	1	0	0	3	0	0	0	0	0	0
OTU_4429	0	0	1	0	0	0	0	0	0	1	0	0	0	1	0	0	2	0	0	2	0	0
OTU_1775	0	0	1	9	1	10	1	8	2	0	0	4	0	1	9	9	0	1	0	1	0	0
OTU_2241	1	1	0	2	0	0	1	0	0	1	0	2	1	4	0	0	0	1	0	9	0	0
OTU_1709	3	2	0	0	1	0	5	1	5	6	4	5	2	6	0	0	1	0	0	2	0	0
OTU_4026	20	0	1	0	0	19	6	2	13	8	1	6	0	4	1	13	0	1	0	5	0	0
OTU_6208	1	4	7	0	8	1	0	1	1	0	6	0	1	1	0	2	4	6	0	0	0	0
OTU_2439	2	2	1	2	4	0	4	0	1	5	3	2	2	5	1	2	5	3	0	0	0	0
OTU_2769	1	1	0	2	0	0	3	0	0	7	0	1	0	2	0	0	0	2	0	3	0	0
OTU_2912	0	0	0	21	0	0	0	0	0	0	0	0	0	0	0	0	0	0	0	0	0	0
OTU_4778	0	0	0	1	1	29	0	0	1	0	2	5	2	1	1	16	1	1	0	3	0	0
OTU_3397	0	0	0	0	0	12	0	0	0	0	0	0	0	1	0	4	0	0	0	1	0	0
OTU_3455	1	0	0	2	4	1	2	1	0	4	6	0	2	3	1	2	4	0	0	2	0	0
OTU_987	4	10	0	1	6	8	4	6	1	11	1	6	6	2	4	14	0	4	0	11	0	0
OTU_4089	0	0	1	0	0	1	1	0	2	0	0	1	0	1	0	0	4	4	0	0	0	0
OTU_2927	2	1	0	3	0	0	3	1	2	1	0	0	2	1	0	0	0	1	0	2	0	0
OTU_2883	2	0	0	1	0	0	2	1	2	2	0	2	0	1	2	0	0	0	0	0	0	0
OTU_3777	0	0	2	0	1	1	0	1	1	0	1	0	0	1	0	0	2	2	0	5	0	0
OTU_2045	3	0	0	0	0	4	1	1	4	2	0	3	0	2	0	2	0	0	0	0	0	0
OTU_4329	0	0	0	0	1	0	0	1	0	0	0	0	1	1	1	0	0	6	0	0	0	0
OTU_1865	1	1	3	0	4	5	0	2	0	0	5	3	2	2	6	0	5	5	0	0	0	0
OTU_2788	7	2	0	3	1	0	2	1	1	4	5	3	2	3	1	1	2	1	0	4	0	0
OTU_5028	0	1	0	0	3	1	1	0	0	1	0	1	0	0	0	2	0	1	0	2	0	0
OTU_5673	4	7	3	3	3	0	3	5	2	6	7	2	4	2	3	2	7	6	0	7	0	0
OTU_5504	0	0	0	0	0	3	0	0	0	0	0	0	0	0	0	0	0	0	0	0	0	0
OTU_1539	1	1	0	1	1	19	0	1	0	2	0	7	0	2	0	9	0	2	0	3	0	0
OTU_4263	0	2	1	0	0	0	0	1	0	0	0	0	1	0	0	0	0	0	0	0	0	0
OTU_1987	2	0	0	0	3	0	4	2	0	5	0	3	1	2	0	0	1	3	0	9	0	0
OTU_5229	2	0	0	0	1	0	4	0	0	0	0	0	0	1	0	0	0	0	0	0	0	0
OTU_3598	1	0	0	1	2	0	2	1	2	2	1	3	4	1	1	0	0	0	0	4	0	0
OTU_2437	0	2	1	2	0	0	1	0	0	6	0	18	0	1	0	0	3	0	0	1	0	0
OTU_2800	4	0	0	0	1	0	0	2	0	1	0	0	0	0	1	0	19	0	0	1	0	0
OTU_1513	0	6	6	8	6	2	0	2	2	0	1	0	0	1	8	2	6	7	0	0	0	0
OTU_4716	0	0	0	0	0	3	0	0	0	0	0	0	0	1	0	5	0	0	0	0	0	0
OTU_2787	0	0	0	0	0	0	0	0	0	0	0	2	0	1	0	12	0	0	0	1	0	0
OTU_4205	0	2	0	2	4	1	1	1	0	2	0	9	0	2	0	0	1	0	0	0	0	0
OTU_1299	1	2	6	2	8	3	0	5	1	3	5	3	0	4	4	1	11	1	0	2	0	0
OTU_1510	7	3	3	4	5	0	2	0	0	3	1	2	0	1	3	1	2	2	0	4	0	0
OTU_3202	0	1	0	1	1	2	1	3	1	1	0	2	0	0	0	0	0	0	0	1	0	0
OTU_2327	5	6	0	0	4	0	6	5	2	2	1	4	1	4	2	3	5	3	0	0	0	0
OTU_2895	9	1	2	11	1	0	1	8	3	9	6	6	27	1	4	0	1	1	0	12	0	0
OTU_1251	1	1	2	2	3	1	0	7	2	4	1	17	1	6	0	3	2	0	0	5	0	0
OTU_4399	0	0	0	0	0	0	1	2	0	2	0	0	0	1	0	0	0	1	0	0	0	0
OTU_5405	0	0	0	1	1	0	1	2	0	0	0	1	0	0	0	0	0	1	0	1	0	0
OTU_2780	1	0	0	0	1	0	1	0	0	1	0	2	1	4	0	0	1	0	0	1	0	0
OTU_4111	0	0	1	0	0	0	0	0	0	0	0	0	0	3	0	4	0	1	0	0	0	0
OTU_2142	2	1	0	5	1	1	1	0	1	2	2	2	1	3	4	4	0	0	0	4	0	0
OTU_1577	1	3	3	1	4	11	1	0	2	3	1	4	0	3	1	7	1	1	0	1	0	0
OTU_1782	5	0	2	3	5	1	2	2	0	2	3	1	3	1	8	1	1	3	0	1	0	0
OTU_4235	2	0	1	0	1	2	0	1	0	1	2	0	1	0	0	0	4	0	0	0	0	0
OTU_2034	0	2	0	1	1	7	0	1	0	2	0	2	2	2	1	9	1	0	0	3	0	0
OTU_3307	0	1	2	0	1	0	0	0	1	0	2	1	0	1	2	0	3	3	0	0	0	0
OTU_2117	3	0	0	4	0	6	0	0	0	1	0	2	3	3	2	6	1	0	0	2	0	0
OTU_1063	0	1	5	62	2	0	1	17	0	0	3	0	2	0	8	0	1	2	0	0	0	0
OTU_3308	1	0	0	0	0	0	0	0	3	1	0	0	1	0	0	6	0	0	0	1	0	0
OTU_4612	0	1	0	0	0	2	0	0	0	1	3	1	0	0	1	3	0	2	0	5	0	0
OTU_4047	10	1	4	4	6	4	7	4	7	20	5	2	16	4	2	4	6	10	0	11	0	0
OTU_6111	0	0	0	2	0	0	2	0	0	0	0	0	1	0	0	0	1	0	0	0	0	0
OTU_1885	2	4	2	5	10	0	0	9	2	0	10	0	7	0	3	7	3	17	0	1	0	0
OTU_1877	0	3	9	1	8	0	0	4	0	0	5	3	1	0	1	2	9	13	0	1	0	0
OTU_3348	3	0	1	1	3	0	0	1	0	1	4	3	1	2	0	0	0	2	0	2	0	0
OTU_2292	4	2	1	3	7	2	10	2	5	9	8	4	1	9	4	3	3	0	0	3	0	0
OTU_5208	1	0	0	0	0	0	0	3	0	1	0	0	2	0	0	0	2	1	0	1	0	0
OTU_2634	0	0	2	0	0	0	0	18	0	0	0	0	0	0	0	0	0	0	0	0	0	0
OTU_2134	4	0	0	1	0	3	6	2	0	5	1	3	2	5	0	0	1	0	0	1	0	0
OTU_4103	2	0	0	1	0	0	0	4	0	0	0	0	0	0	0	1	0	2	0	1	0	0
OTU_3333	1	0	0	1	0	0	0	5	0	2	0	0	1	0	3	1	0	0	0	3	0	0
OTU_5992	7	3	5	10	3	0	11	12	5	15	5	10	11	3	4	1	6	4	0	2	0	0
OTU_2645	0	0	8	0	5	0	0	0	0	0	1	0	0	0	0	0	0	0	0	0	0	0
OTU_3749	0	0	1	1	0	0	1	0	0	4	0	1	4	3	0	0	0	0	0	2	0	0
OTU_4082	0	0	0	0	0	0	0	1	0	1	2	1	2	0	1	6	0	0	0	0	0	0
OTU_4815	0	0	0	0	3	0	1	0	0	0	0	0	1	0	0	0	0	0	0	2	0	0
OTU_1603	3	3	11	1	3	2	3	2	2	6	2	2	1	1	7	4	2	3	0	1	0	0
OTU_5501	3	0	0	0	0	0	0	0	2	0	0	0	0	1	0	3	0	0	0	1	0	0
OTU_1758	7	1	0	5	0	0	4	3	4	3	0	1	3	4	1	0	1	0	0	0	0	0
OTU_2485	3	0	0	0	0	4	3	0	3	6	1	2	0	6	2	3	0	2	0	1	0	0
OTU_4168	0	0	0	0	0	0	0	0	0	0	0	0	0	0	0	7	0	0	0	0	0	0
OTU_1366	4	0	0	0	0	1	0	0	0	0	0	43	0	0	0	4	0	0	0	0	0	0
OTU_2216	4	0	2	2	2	0	0	0	1	0	4	0	3	0	0	0	3	1	0	0	0	0
OTU_5966	0	2	0	0	0	6	0	1	0	1	0	2	1	0	1	1	0	1	0	0	0	0
OTU_5952	0	3	0	1	1	2	2	0	0	0	1	1	0	0	0	1	2	4	0	0	0	0
OTU_2090	3	1	0	5	4	4	4	2	1	3	2	16	1	3	0	1	0	0	0	5	0	0
OTU_2663	1	0	0	0	3	0	0	3	1	4	0	1	1	2	1	0	0	0	0	2	0	0
OTU_5039	0	2	1	11	2	12	0	5	1	0	0	1	2	0	2	11	0	0	0	3	0	0
OTU_5196	0	0	0	0	2	0	0	0	0	0	0	0	0	0	0	0	0	0	0	0	0	0
OTU_1657	2	1	1	2	1	0	1	1	2	4	0	0	2	2	4	0	0	0	0	3	0	0
OTU_960	11	0	0	2	0	0	13	3	9	31	0	3	4	14	5	0	0	0	0	17	0	0
OTU_2593	0	0	0	0	0	6	0	0	2	1	0	0	1	0	0	4	0	0	0	0	0	0
OTU_5509	0	0	0	3	0	0	2	0	3	2	0	0	0	0	1	0	0	0	0	0	0	0
OTU_3124	0	0	2	0	3	0	0	0	1	0	3	0	0	0	1	1	3	3	0	0	0	0
OTU_3240	2	2	4	0	1	0	0	0	0	0	6	0	3	0	3	0	2	5	0	0	0	0
OTU_2519	3	5	0	0	1	0	0	2	0	1	0	0	0	1	14	11	0	0	0	13	0	0
OTU_1413	10	0	0	1	0	0	5	0	4	8	0	8	0	29	2	1	0	0	0	2	0	0
OTU_3771	0	0	0	0	1	0	4	0	0	0	0	0	0	0	0	0	0	2	0	1	0	0
OTU_2683	1	0	0	0	0	2	3	0	5	9	0	8	3	7	0	1	0	0	0	2	0	0
OTU_2495	6	2	3	4	3	2	1	2	1	5	4	2	3	4	3	2	1	2	0	2	0	0
OTU_2454	2	1	0	0	1	0	0	1	0	6	0	0	0	1	0	0	0	1	0	4	0	0
OTU_1623	1	0	0	0	0	0	0	0	2	2	0	6	0	6	1	9	0	1	0	3	0	0
OTU_3251	1	1	0	0	0	0	1	1	0	0	0	2	0	2	1	0	0	1	0	1	0	0
OTU_1087	7	1	0	19	0	0	8	13	2	13	0	4	1	8	2	0	0	0	0	0	0	0
OTU_4081	0	0	2	0	0	0	2	2	0	3	0	0	0	2	0	0	0	0	0	3	0	0
OTU_1026	6	15	4	0	4	0	3	1	0	1	34	33	0	1	3	7	1	8	0	2	0	0
OTU_2100	0	5	3	1	6	1	0	2	0	1	6	0	2	1	0	2	2	2	0	0	0	0
OTU_2774	0	7	3	1	6	16	0	8	8	0	4	0	3	2	1	7	7	2	0	0	0	0
OTU_4312	0	0	1	1	0	0	0	0	0	0	0	0	0	0	0	0	1	0	0	0	0	0
OTU_1630	9	5	8	6	8	6	7	3	6	11	8	3	3	6	8	1	11	6	0	12	0	0
OTU_5533	0	0	0	1	1	1	0	0	0	0	1	0	1	0	0	2	1	0	0	0	0	0
OTU_3248	0	1	0	2	1	0	0	3	0	0	0	2	0	0	0	0	1	0	0	0	0	0
OTU_6203	0	0	0	0	0	0	0	0	0	0	0	1	0	0	0	1	0	0	0	1	0	0
OTU_3246	2	0	0	0	0	5	2	0	1	4	1	10	4	3	0	2	2	2	0	2	0	0
OTU_4137	0	0	0	0	0	0	0	0	0	0	0	0	0	1	0	3	0	0	0	4	0	0
OTU_4079	0	0	0	0	0	1	0	0	0	0	0	5	1	0	0	0	0	0	0	0	0	0
OTU_1886	0	1	5	2	7	1	8	2	0	2	4	5	1	3	2	2	3	4	0	4	0	0
OTU_3547	0	2	0	0	2	0	0	1	0	1	1	0	0	0	1	0	2	0	0	0	0	0
OTU_4099	0	0	0	0	1	0	0	0	1	2	0	1	2	0	1	0	0	0	0	1	0	0
OTU_3660	0	1	0	11	0	1	0	2	0	0	0	1	1	0	3	0	0	0	0	0	0	0
OTU_1806	2	12	1	7	1	0	0	11	2	0	0	2	0	0	2	0	0	8	0	1	0	0
OTU_2329	0	0	2	0	2	5	0	1	0	1	2	1	0	1	0	1	2	5	0	0	0	0
OTU_2020	2	0	0	0	0	1	4	1	6	3	0	5	0	8	0	0	0	0	0	5	0	0
OTU_5458	0	0	0	0	0	0	1	0	1	2	0	0	0	1	0	0	0	0	0	0	0	0
OTU_2795	0	1	1	4	7	0	0	1	1	1	5	0	3	0	1	0	3	3	0	5	0	0
OTU_4840	0	0	0	0	0	0	1	0	1	2	0	0	1	0	0	0	0	0	0	1	0	0
OTU_4804	1	0	2	2	3	2	0	0	0	0	3	0	0	1	3	0	6	4	0	2	0	0
OTU_3603	0	0	0	1	1	0	0	0	0	3	1	3	1	2	2	0	1	0	0	1	0	0
OTU_5686	0	0	0	0	0	0	1	0	0	0	0	0	0	1	0	0	0	0	0	0	0	0
OTU_1500	9	3	1	31	7	0	2	21	1	4	2	4	4	3	16	4	2	7	0	3	0	0
OTU_6127	2	1	0	1	1	0	0	3	0	4	1	3	2	0	6	0	3	1	0	6	0	0
OTU_5376	0	0	0	1	0	0	0	0	0	0	0	0	1	0	0	0	0	0	0	2	0	0
OTU_1777	1	2	1	0	5	0	0	0	3	3	4	4	0	3	0	1	3	2	0	3	0	0
OTU_5319	0	0	0	1	0	1	1	0	0	1	0	0	0	0	0	1	0	2	0	0	0	0
OTU_3353	0	1	0	2	3	0	0	0	0	1	4	0	0	5	1	0	1	5	0	0	0	0
OTU_1872	3	3	1	2	9	1	1	17	1	1	1	3	4	1	5	10	4	1	0	9	0	0
OTU_3748	0	0	0	2	1	1	0	1	0	0	0	2	3	1	0	1	1	1	0	1	0	0
OTU_3509	0	1	1	2	1	0	0	7	0	0	2	1	1	1	0	0	0	2	0	0	0	0
OTU_4392	2	0	1	14	16	0	2	7	0	0	0	0	0	1	1	2	0	1	0	0	0	0
OTU_5358	0	1	1	0	0	0	0	0	0	1	0	1	0	0	0	2	1	1	0	0	0	0
OTU_3882	0	2	7	1	1	0	1	1	0	0	2	0	0	1	5	0	0	6	0	1	0	0
OTU_4686	1	0	0	0	0	0	0	0	0	0	1	0	0	0	1	0	0	0	0	0	0	0
OTU_4888	1	0	1	0	0	0	0	0	0	0	0	1	0	1	1	2	0	0	0	1	0	0
OTU_1449	0	0	0	41	0	0	0	7	0	0	0	0	0	0	2	0	0	0	0	0	0	0
OTU_1673	0	0	0	22	0	0	0	6	0	0	0	0	0	0	7	0	2	0	0	0	0	0
OTU_4884	0	1	0	1	0	0	0	0	0	0	0	0	0	0	0	0	5	0	0	1	0	0
OTU_2736	0	0	0	1	0	0	0	2	0	2	2	0	5	3	2	0	0	3	0	1	0	0
OTU_1118	6	3	1	9	6	58	6	2	12	6	0	11	4	6	4	36	0	3	0	2	0	0
OTU_3182	0	0	0	0	0	9	0	0	4	2	0	0	0	0	0	0	0	1	0	0	0	0
OTU_2913	1	0	0	1	2	0	0	2	1	2	1	0	1	2	0	0	1	0	0	0	0	0
OTU_5045	1	2	0	1	0	0	1	0	0	0	0	0	0	0	0	0	0	0	0	0	0	0
OTU_5014	0	0	0	2	0	0	0	1	1	0	1	0	0	1	0	0	1	0	0	0	0	0
OTU_4976	0	0	0	0	0	0	1	1	0	0	0	0	4	0	3	0	0	0	0	0	0	0
OTU_3860	1	0	0	0	1	0	1	0	3	1	0	0	0	3	0	0	0	0	0	2	0	0
OTU_5087	29	0	1	13	1	1	29	2	18	26	0	24	1	31	0	4	2	2	0	18	0	0
OTU_1870	0	0	0	0	0	0	10	0	5	21	0	0	0	2	0	0	0	0	0	0	0	0
OTU_3098	0	2	3	3	6	1	1	2	2	0	2	0	0	0	2	0	4	7	0	2	0	0
OTU_2044	2	1	0	3	0	15	0	3	1	1	1	1	1	1	1	6	0	1	0	1	0	0
OTU_4783	3	0	0	2	1	0	5	1	1	9	0	1	2	1	1	0	0	0	0	2	0	0
OTU_4157	0	0	0	0	5	0	1	0	0	0	2	1	0	0	1	0	1	0	0	0	0	0
OTU_2652	3	2	1	3	4	0	0	9	1	7	0	2	5	3	3	6	0	1	0	1	0	0
OTU_2067	3	1	1	6	2	0	4	2	2	3	1	3	1	1	0	0	2	2	0	1	0	0
OTU_2166	3	1	0	3	1	2	2	0	0	3	1	0	1	3	3	0	1	4	0	3	0	0
OTU_4091	0	0	1	1	1	1	2	0	2	7	1	0	3	5	0	2	0	0	0	2	0	0
OTU_1940	0	0	0	54	0	0	0	4	1	0	0	0	0	0	3	0	0	0	0	0	0	0
OTU_4824	0	1	4	0	0	0	0	0	0	0	0	0	0	1	0	0	0	0	0	0	0	0
OTU_5676	1	0	0	0	0	0	0	0	0	0	0	0	1	0	0	2	0	0	0	0	0	0
OTU_1690	3	0	6	7	8	7	0	5	1	1	7	1	0	0	4	11	1	1	0	2	0	0
OTU_1450	10	13	8	4	0	0	2	1	1	10	3	5	0	3	4	0	0	1	0	3	0	0
OTU_3042	0	5	1	7	6	0	1	0	0	3	4	0	0	0	1	0	3	5	0	2	0	0
OTU_5964	1	0	0	0	0	0	1	1	2	1	1	1	0	2	1	0	0	0	0	1	0	0
OTU_4384	2	0	1	0	0	0	2	1	1	2	1	0	1	1	0	1	0	0	0	1	0	0
OTU_1823	0	1	4	4	2	4	0	2	3	0	1	4	2	3	3	7	1	1	0	14	0	0
OTU_3746	14	1	1	0	1	0	7	1	2	5	0	3	2	3	0	0	3	0	0	8	0	0
OTU_2945	4	0	1	1	0	0	5	1	2	5	2	2	2	2	2	0	1	1	0	4	0	0
OTU_3429	2	1	0	8	3	1	1	0	3	2	0	1	2	0	2	0	1	1	0	3	0	0
OTU_4697	0	0	0	3	0	0	0	0	0	0	0	2	0	1	0	0	0	0	0	2	0	0
OTU_1858	6	1	3	0	2	4	4	1	4	8	1	8	1	4	1	7	1	3	0	3	0	0
OTU_5172	0	0	0	0	0	0	0	0	0	1	0	0	0	0	1	0	0	0	0	0	0	0
OTU_2649	1	2	0	0	1	0	1	2	1	0	2	0	0	1	0	0	2	0	0	4	0	0
OTU_2987	0	2	3	1	2	4	0	1	0	0	4	1	1	0	4	6	2	3	0	0	0	0
OTU_2300	0	0	1	9	2	0	3	2	2	6	1	7	0	7	1	2	0	0	0	1	0	0
OTU_5044	0	0	0	0	1	6	0	0	1	0	0	2	2	0	0	4	1	1	0	0	0	0
OTU_5022	0	0	0	0	0	0	1	0	1	0	0	0	1	1	1	0	0	0	0	0	0	0
OTU_5325	3	0	0	0	0	0	0	0	0	1	0	1	0	0	0	0	2	0	0	0	0	0
OTU_3171	2	0	0	2	13	0	1	1	0	4	2	1	0	3	0	0	2	1	0	3	0	0
OTU_1857	13	0	0	0	0	0	1	0	2	1	0	16	1	1	2	5	0	0	0	5	0	0
OTU_2922	0	0	0	0	0	0	0	0	0	0	0	0	0	0	0	0	14	0	0	0	0	0
OTU_3288	0	0	0	2	0	0	0	6	0	1	0	0	4	0	3	0	0	0	0	0	0	0
OTU_3403	0	4	2	6	4	0	1	3	0	2	6	0	1	0	4	0	3	8	0	1	0	0
OTU_3927	1	0	0	0	3	1	0	0	1	0	0	1	0	0	0	0	0	0	0	0	0	0
OTU_2167	0	2	1	0	2	2	2	0	4	0	2	3	1	1	0	0	1	0	0	0	0	0
OTU_4878	1	1	2	0	1	5	1	0	0	1	1	1	2	4	1	0	1	1	0	1	0	0
OTU_3502	3	0	0	0	0	0	5	0	1	4	0	1	0	1	0	0	0	0	0	4	0	0
OTU_5216	0	0	0	0	3	0	0	0	0	0	0	0	0	0	0	0	2	1	0	0	0	0
OTU_3214	0	0	0	1	0	0	0	0	1	1	0	0	6	0	0	0	0	0	0	2	0	0
OTU_3787	0	0	0	0	1	0	0	8	0	0	0	0	0	0	1	0	0	0	0	1	0	0
OTU_4512	0	1	0	0	2	1	1	1	0	1	1	2	0	0	2	0	1	1	0	0	0	0
OTU_5221	0	0	1	0	0	0	0	0	0	0	0	0	0	0	0	0	1	1	0	0	0	0
OTU_5352	0	0	0	0	1	1	1	1	2	0	0	0	1	0	0	1	0	0	0	3	0	0
OTU_3121	1	0	3	3	9	0	2	5	1	2	3	6	2	5	1	1	1	2	0	3	0	0
OTU_2116	1	1	1	4	1	0	0	3	0	0	1	1	2	0	2	1	1	1	0	1	0	0
OTU_4171	2	0	0	0	0	0	0	0	0	0	0	1	0	0	0	2	0	0	0	1	0	0
OTU_2232	2	0	2	0	1	1	1	0	2	0	4	1	1	2	1	1	4	0	0	1	0	0
OTU_4227	0	0	0	0	0	0	0	0	0	0	0	1	0	0	0	2	0	0	0	2	0	0
OTU_2738	1	0	0	4	2	5	0	2	2	4	1	1	1	7	2	1	2	1	0	0	0	0
OTU_2770	2	0	0	0	0	0	1	0	1	1	0	2	0	4	0	0	0	0	0	1	0	0
OTU_2033	0	3	7	2	3	0	0	1	0	0	4	0	0	0	5	0	0	5	0	0	0	0
OTU_1784	3	0	1	0	0	0	5	0	2	14	3	3	4	6	1	1	0	1	0	7	0	0
OTU_4125	0	0	1	0	1	0	0	3	0	2	0	1	5	1	4	0	1	2	0	0	0	0
OTU_1721	8	1	0	0	0	0	5	1	3	5	0	2	7	7	3	1	0	0	0	7	0	0
OTU_2248	0	0	0	19	0	0	0	3	0	0	0	0	0	0	0	0	0	0	0	0	0	0
OTU_3315	0	0	0	0	1	2	1	0	0	2	2	0	4	0	1	0	1	2	0	0	0	0
OTU_4025	0	1	0	0	1	0	0	2	0	0	0	0	0	0	0	0	1	1	0	0	0	0
OTU_5207	0	0	0	2	0	0	0	0	0	0	0	1	0	0	0	0	0	0	0	1	0	0
OTU_3716	1	1	0	1	1	0	1	4	3	1	2	0	1	1	0	0	1	0	0	0	0	0
OTU_3392	5	2	2	3	6	0	2	3	0	1	2	1	0	1	2	1	0	1	0	5	0	0
OTU_1678	2	0	0	2	0	15	3	0	4	3	0	6	3	3	0	26	0	0	0	3	0	0
OTU_1715	0	1	4	0	3	6	0	0	0	0	6	3	0	2	0	1	5	3	0	0	0	0
OTU_3549	0	0	1	3	2	6	0	3	0	1	1	0	3	0	0	1	0	3	0	2	0	0
OTU_3079	0	0	0	14	0	0	0	3	0	0	0	0	0	0	0	0	1	0	0	0	0	0
OTU_3491	0	0	0	4	0	4	0	0	1	2	0	0	0	0	1	2	0	0	0	0	0	0
OTU_3125	0	0	0	0	0	4	0	1	0	1	0	1	0	1	0	0	0	0	0	0	0	0
OTU_2514	1	1	0	0	0	2	4	1	3	3	1	3	0	6	0	3	0	0	0	3	0	0
OTU_1250	5	0	0	1	0	0	11	0	13	3	0	0	1	11	4	0	0	0	0	4	0	0
OTU_1982	0	0	0	1	0	0	4	0	3	10	0	4	0	11	0	0	0	1	0	2	0	0
OTU_1392	2	0	0	2	0	0	6	2	4	7	3	1	1	10	1	0	1	0	0	7	0	0
OTU_2959	2	0	0	1	0	0	2	0	0	3	0	0	1	3	0	2	0	0	0	0	0	0
OTU_2350	3	0	0	2	1	0	1	2	0	1	1	1	4	0	1	0	1	0	0	6	0	0
OTU_1493	5	0	0	1	0	0	18	2	8	16	0	4	4	9	0	0	0	0	0	14	0	0
OTU_3473	0	2	4	0	3	0	0	4	0	0	2	0	0	0	1	0	2	3	0	0	0	0
OTU_1728	4	0	1	2	0	0	1	8	2	1	4	2	3	4	2	1	0	3	0	2	0	0
OTU_1842	5	0	0	2	0	8	0	0	2	1	0	2	1	4	2	5	0	0	0	6	0	0
OTU_3331	1	0	0	1	0	0	1	0	2	0	0	0	2	2	0	0	1	0	0	1	0	0
OTU_2267	0	1	1	1	6	0	1	0	2	1	2	1	6	2	2	0	1	3	0	0	0	0
OTU_3409	0	0	1	0	1	0	0	0	0	0	0	0	1	1	3	0	0	1	0	0	0	0
OTU_2112	4	0	0	0	0	13	0	2	2	1	0	0	2	2	0	7	0	0	0	1	0	0
OTU_2346	0	0	0	37	1	0	0	3	0	0	0	0	1	0	0	0	0	0	0	0	0	0
OTU_6317	1	0	0	0	0	0	3	0	1	0	0	1	0	0	0	0	0	0	0	1	0	0
OTU_2562	1	0	0	0	0	5	0	0	0	1	0	0	0	0	0	13	0	0	0	0	0	0
OTU_3161	3	1	0	0	2	1	1	0	2	0	2	2	1	3	2	8	0	3	0	3	0	0
OTU_5173	1	0	0	0	0	1	0	0	0	0	0	0	0	1	0	0	0	0	0	1	0	0
OTU_2823	0	0	0	0	1	0	0	5	0	2	1	1	2	0	0	0	0	1	0	0	0	0
OTU_5199	0	0	0	1	1	0	0	0	0	0	0	0	0	0	0	0	0	0	0	0	0	0
OTU_3391	0	0	0	2	0	2	0	0	2	0	0	0	0	0	0	1	0	3	0	1	0	0
OTU_3226	3	1	0	1	0	3	1	0	1	3	3	0	1	2	0	0	0	0	0	0	0	0
OTU_6130	0	1	0	0	1	0	0	0	0	0	2	0	0	0	0	0	0	1	0	0	0	0
OTU_1707	1	0	3	0	6	6	0	0	3	0	6	6	1	0	0	6	1	6	0	1	0	0
OTU_3426	1	0	0	0	0	2	0	1	0	0	0	2	1	0	0	2	0	0	0	5	0	0
OTU_5651	0	0	0	0	0	0	0	0	0	0	0	0	0	0	0	0	2	0	0	0	0	0
OTU_3120	1	0	0	0	0	3	1	0	3	0	0	1	0	4	0	4	0	0	0	2	0	0
OTU_4383	1	0	0	0	0	0	1	0	0	1	1	1	0	1	0	0	0	0	0	0	0	0
OTU_4270	1	1	1	0	2	1	2	0	0	1	2	0	0	0	0	1	2	0	0	0	0	0
OTU_1955	7	1	0	0	0	0	4	0	2	4	0	2	1	12	2	0	0	1	0	6	0	0
OTU_2950	0	0	0	0	0	5	0	0	0	0	0	2	1	0	0	1	0	0	0	1	0	0
OTU_1859	1	0	2	1	4	0	1	2	2	1	2	0	3	2	2	0	2	5	0	1	0	0
OTU_4738	1	0	0	0	5	2	1	0	0	1	0	1	1	0	1	5	0	0	0	3	0	0
OTU_1245	4	5	4	2	6	0	0	5	0	0	3	1	4	0	4	0	8	4	0	3	0	0
OTU_2703	0	0	0	0	0	4	0	0	4	1	0	1	6	0	0	4	0	1	0	1	0	0
OTU_2610	2	0	2	3	3	1	3	2	5	1	3	4	3	3	2	1	1	1	0	0	0	0
OTU_3106	0	0	0	2	0	0	0	0	0	0	0	0	1	1	1	0	2	4	0	1	0	0
OTU_4124	1	1	0	0	0	1	0	1	2	1	2	0	0	1	1	2	0	0	0	0	0	0
OTU_4748	0	0	0	5	1	0	0	0	0	0	0	0	0	0	1	0	1	0	0	0	0	0
OTU_4225	3	0	0	0	0	0	1	0	1	0	0	1	1	0	0	0	0	0	0	0	0	0
OTU_2330	2	1	1	1	2	0	1	4	2	2	3	2	1	1	1	0	3	2	0	1	0	0
OTU_5020	0	0	0	0	0	0	0	0	1	0	0	0	0	0	0	3	0	0	0	0	0	0
OTU_2289	5	0	0	0	0	0	1	0	0	8	0	4	0	2	0	1	0	0	0	1	0	0
OTU_2611	0	0	2	10	3	0	0	7	2	3	0	1	1	1	3	0	0	2	0	1	0	0
OTU_4181	21	6	4	4	10	1	13	3	5	13	10	5	21	10	10	11	2	2	0	6	0	0
OTU_2095	3	0	0	4	0	1	0	2	3	3	0	2	1	1	2	0	2	0	0	12	0	0
OTU_2200	4	1	0	0	0	0	8	0	5	10	1	1	1	6	0	0	0	0	0	2	0	0
OTU_4635	0	0	0	0	2	0	2	0	1	0	5	0	0	1	0	2	0	2	0	0	0	0
OTU_3104	0	2	0	1	0	0	3	1	0	0	1	0	0	0	1	2	4	1	0	0	0	0
OTU_3241	3	0	0	1	0	0	3	1	0	5	0	2	1	2	1	0	0	0	0	0	0	0
OTU_5683	0	0	0	0	0	0	1	0	1	1	0	0	0	2	0	0	0	0	0	1	0	0
OTU_4764	0	0	0	0	0	2	0	0	1	0	0	0	0	0	0	0	0	0	0	0	0	0
OTU_2009	0	0	2	0	6	3	1	1	2	1	2	0	0	0	1	0	4	0	0	1	0	0
OTU_3838	10	0	0	0	0	0	7	1	7	7	1	3	0	8	1	2	0	0	0	1	0	0
OTU_2287	1	0	0	2	0	0	3	2	1	2	0	1	0	4	0	0	1	0	0	3	0	0
OTU_2796	0	0	1	0	2	0	1	1	0	0	2	0	2	0	0	0	0	1	0	1	0	0
OTU_2150	2	7	0	4	1	0	4	3	0	1	0	2	3	0	1	0	0	0	0	28	0	0
OTU_1663	0	1	0	0	5	12	0	0	5	0	0	0	11	1	0	3	2	0	0	0	0	0
OTU_2710	0	0	0	0	0	0	3	0	1	3	0	4	0	3	0	0	0	0	0	2	0	0
OTU_1065	3	8	5	14	8	0	4	4	0	1	1	6	2	3	14	0	9	6	0	2	0	0
OTU_2129	1	0	0	0	0	0	4	8	1	1	0	7	6	1	0	2	0	0	0	3	0	0
OTU_3729	0	1	1	1	3	0	0	0	0	1	0	1	1	0	0	0	0	0	0	0	0	0
OTU_5184	0	0	0	0	2	0	0	0	0	0	1	0	0	0	0	0	0	1	0	0	0	0
OTU_3337	0	0	0	0	0	0	0	1	1	2	0	2	0	0	0	3	1	0	0	3	0	0
OTU_1815	5	0	0	0	0	2	5	0	7	3	0	11	0	8	0	2	0	0	0	5	0	0
OTU_5118	1	0	0	0	0	0	0	0	0	0	1	1	0	0	0	0	0	1	0	1	0	0
OTU_5183	0	0	0	0	0	5	2	1	0	0	0	1	0	2	0	0	1	0	0	1	0	0
OTU_4543	0	0	0	0	0	0	0	0	0	0	1	0	0	0	0	0	2	3	0	0	0	0
OTU_2376	0	0	0	2	0	0	3	1	1	5	0	1	0	3	0	0	0	0	0	1	0	0
OTU_2911	0	0	0	4	5	0	0	2	4	1	1	0	2	1	2	0	2	4	0	1	0	0
OTU_3050	0	0	0	0	0	4	0	1	2	0	0	2	0	0	1	1	0	1	0	1	0	0
OTU_5165	0	0	0	0	0	0	0	0	2	0	0	0	0	0	0	0	0	0	0	0	0	0
OTU_4871	0	0	0	1	0	0	1	0	1	1	0	1	0	1	0	1	2	0	0	2	0	0
OTU_5796	0	1	0	0	0	0	0	3	0	0	0	0	0	0	0	0	0	0	0	0	0	0
OTU_3981	0	0	0	29	0	1	9	4	0	2	0	2	0	3	5	1	0	0	0	5	0	0
OTU_3230	0	0	0	2	0	6	3	0	1	2	0	3	0	5	1	2	2	0	0	0	0	0
OTU_1424	0	2	0	10	4	5	0	8	0	1	0	4	0	2	4	0	2	2	0	1	0	0
OTU_5749	0	3	0	0	0	1	0	0	0	0	1	0	2	0	0	1	2	0	0	1	0	0
OTU_4488	0	0	0	0	1	3	1	1	4	1	0	0	4	2	0	0	0	0	0	2	0	0
OTU_3713	0	0	2	0	5	0	0	0	0	1	3	0	0	1	0	0	1	1	0	0	0	0
OTU_5169	0	0	0	2	0	0	0	0	0	0	0	0	0	0	0	0	0	0	0	0	0	0
OTU_5772	0	0	0	0	0	0	0	1	0	0	0	0	1	0	0	1	1	0	0	0	0	0
OTU_4645	0	0	0	0	2	0	0	0	0	0	0	0	0	0	0	0	2	0	0	0	0	0
OTU_2630	1	2	2	5	0	0	0	3	0	5	0	0	7	0	10	0	2	1	0	8	0	0
OTU_5171	0	0	1	0	1	0	0	0	0	1	0	0	2	0	1	0	0	0	0	1	0	0
OTU_2866	3	0	0	0	0	0	2	0	1	4	0	3	0	6	0	0	0	0	0	1	0	0
OTU_6172	0	0	0	0	0	0	0	0	0	0	0	0	0	0	0	0	7	0	0	0	0	0
OTU_1271	1	12	4	10	6	0	0	3	1	2	4	1	1	0	7	0	5	7	0	0	0	0
OTU_2653	2	2	1	0	3	2	1	0	0	0	0	0	0	2	1	0	3	3	0	0	0	0
OTU_2396	0	0	0	0	0	0	3	0	0	0	0	7	0	1	0	3	0	0	0	8	0	0
OTU_3984	0	0	0	6	0	0	0	6	0	0	0	0	1	0	2	0	0	0	0	0	0	0
OTU_5129	0	0	0	0	2	0	1	1	1	0	1	0	0	1	1	0	1	0	0	1	0	0
OTU_4245	0	1	1	1	10	0	1	2	1	0	0	0	2	1	1	0	1	2	0	0	0	0
OTU_3364	0	0	0	13	0	0	0	0	0	0	0	0	0	0	0	0	0	0	0	0	0	0
OTU_2885	0	0	0	5	1	0	0	16	0	0	0	0	2	0	1	0	1	0	0	13	0	0
OTU_2818	0	2	3	0	6	0	0	0	0	0	2	0	0	0	0	0	4	1	0	0	0	0
OTU_4015	0	0	3	1	0	2	1	2	0	1	2	0	0	1	3	0	0	3	0	2	0	0
OTU_4177	0	0	1	1	0	3	1	0	0	1	0	1	1	0	0	2	1	0	0	1	0	0
OTU_4876	0	0	0	0	0	3	0	0	0	0	0	0	0	0	0	1	0	0	0	1	0	0
OTU_2808	0	3	1	2	3	0	0	1	0	0	3	0	0	0	5	0	3	3	0	0	0	0
OTU_5677	0	0	0	0	0	0	0	0	0	0	0	1	0	0	0	0	0	0	0	1	0	0
OTU_1224	7	1	1	1	1	3	9	1	7	15	1	12	1	18	0	0	1	0	0	7	0	0
OTU_3112	1	1	0	4	1	0	0	4	0	0	2	0	0	0	4	3	1	4	0	1	0	0
OTU_4870	0	4	0	2	6	2	3	5	1	1	3	0	2	0	5	0	6	2	0	1	0	0
OTU_2525	0	0	0	0	0	0	0	0	0	0	0	0	0	0	0	0	19	0	0	0	0	0
OTU_4317	0	0	0	0	0	0	0	4	0	0	0	0	0	0	0	0	0	0	0	0	0	0
OTU_3082	0	0	1	0	1	0	1	5	0	1	3	0	0	2	0	0	4	0	0	0	0	0
OTU_5383	0	0	0	1	0	11	0	5	4	1	0	1	3	0	1	23	0	0	0	0	0	0
OTU_1464	6	2	2	15	8	3	6	7	1	9	5	3	2	6	5	10	2	7	0	4	0	0
OTU_5804	1	0	0	0	0	0	0	0	0	0	0	0	0	0	4	0	0	0	0	0	0	0
OTU_3255	0	4	0	0	6	0	0	0	0	0	0	0	0	0	0	0	3	0	0	0	0	0
OTU_687	1	1	10	10	7	0	0	16	0	0	5	4	5	7	25	5	1	10	0	35	0	0
OTU_1656	3	2	5	3	5	0	0	7	2	3	2	4	3	1	3	1	3	4	0	1	0	0
OTU_3637	2	0	0	1	0	1	1	3	2	2	0	2	4	1	0	0	1	0	0	5	0	0
OTU_5250	0	0	1	1	1	0	2	1	0	1	0	0	0	1	0	0	0	0	0	0	0	0
OTU_1546	4	0	0	0	5	3	5	5	3	4	2	6	13	6	4	3	4	1	0	20	0	0
OTU_3891	0	1	0	5	0	0	1	2	0	5	0	1	0	2	7	0	1	0	0	1	0	0
OTU_864	8	1	3	7	2	0	5	7	2	8	12	5	9	1	3	5	5	5	0	3	0	0
OTU_4108	0	0	0	7	1	2	3	3	0	2	0	3	0	1	0	0	1	0	0	1	0	0
OTU_2210	4	0	0	1	0	0	5	0	1	5	0	11	0	5	0	2	0	0	0	9	0	0
OTU_3420	0	0	0	0	1	2	0	2	0	0	0	0	0	0	0	1	1	0	0	0	0	0
OTU_4129	0	1	0	1	0	0	0	3	0	0	1	0	3	0	3	0	2	1	0	2	0	0
OTU_2459	1	1	0	0	0	9	0	0	0	0	0	0	1	0	0	7	1	0	0	2	0	0
OTU_3363	0	0	0	4	0	0	0	1	1	2	3	1	0	0	0	2	0	0	0	0	0	0
OTU_4412	0	0	0	0	0	3	0	0	0	0	0	1	0	0	0	4	0	0	0	0	0	0
OTU_4283	1	3	0	0	1	0	0	0	0	0	0	0	1	0	0	0	0	0	0	0	0	0
OTU_3047	0	0	0	0	0	1	2	0	2	3	0	2	1	5	0	0	0	0	0	4	0	0
OTU_4579	0	0	0	0	0	0	3	0	0	1	0	0	0	1	0	0	0	0	0	1	0	0
OTU_3412	1	0	0	1	0	0	1	0	4	6	0	3	1	2	0	0	0	1	0	0	0	0
OTU_5127	1	0	0	0	0	0	0	0	0	1	0	0	0	0	0	0	0	0	0	0	0	0
OTU_3132	0	0	0	0	0	0	3	1	2	0	0	1	1	1	0	0	0	1	0	3	0	0
OTU_3388	0	0	0	0	1	0	2	1	0	2	1	1	1	0	0	0	0	0	0	2	0	0
OTU_4140	1	0	0	0	0	2	0	0	4	0	0	0	1	0	0	3	0	0	0	0	0	0
OTU_2886	0	0	0	0	1	0	0	0	0	0	14	2	0	0	0	0	0	1	0	1	0	0
OTU_4705	0	0	0	0	0	0	0	0	1	5	0	1	0	4	1	1	0	0	0	0	0	0
OTU_2797	1	2	1	1	6	20	1	2	4	4	2	3	0	3	0	7	1	0	0	1	0	0
OTU_4131	2	0	0	0	0	0	0	0	0	2	0	0	0	1	0	0	0	0	0	0	0	0
OTU_1817	5	2	1	3	1	0	4	0	0	6	1	2	0	6	0	1	1	3	0	5	0	0
OTU_3170	0	0	0	0	0	4	0	0	1	1	0	0	1	0	0	0	0	0	0	1	0	0
OTU_4494	1	0	2	2	1	0	0	3	0	1	0	0	3	2	0	0	0	0	0	2	0	0
OTU_2279	4	0	4	0	2	0	3	0	3	1	1	2	1	0	0	0	3	1	0	1	0	0
OTU_2512	2	0	0	1	0	0	0	1	3	1	0	3	2	1	0	12	0	0	0	0	0	0
OTU_2191	7	0	0	2	0	0	6	1	4	2	1	3	5	2	0	1	0	0	0	8	0	0
OTU_5220	2	0	0	0	0	0	1	1	1	2	2	0	0	0	1	1	1	3	0	0	0	0
OTU_2238	0	3	2	0	9	0	2	2	1	1	0	1	1	2	6	1	7	2	0	7	0	0
OTU_2620	1	4	4	3	2	2	1	1	2	1	2	1	0	1	1	1	4	1	0	2	0	0
OTU_3234	0	0	1	7	0	0	0	3	0	0	0	1	0	0	0	2	0	0	0	0	0	0
OTU_3096	2	0	0	0	0	0	3	0	1	3	0	2	0	1	1	0	0	0	0	0	0	0
OTU_5653	0	0	1	1	0	0	1	0	0	0	0	0	0	0	0	0	0	0	0	1	0	0
OTU_2139	5	5	3	6	4	0	3	1	3	4	6	3	1	1	5	0	4	6	0	0	0	0
OTU_1076	7	4	2	1	12	2	5	1	2	8	6	11	0	5	0	2	7	1	0	7	0	0
OTU_3252	1	0	0	2	0	0	1	1	0	0	0	1	1	1	2	0	0	0	0	0	0	0
OTU_1998	0	1	3	1	7	14	0	0	2	4	0	2	0	1	0	10	4	3	0	0	0	0
OTU_2422	2	0	4	0	2	0	0	2	0	0	2	0	0	0	0	0	3	2	0	0	0	0
OTU_2515	0	0	0	0	0	10	1	0	2	0	0	0	2	0	0	4	0	0	0	1	0	0
OTU_4558	0	1	1	0	1	2	1	0	0	1	0	2	0	5	0	0	0	0	0	2	0	0
OTU_2862	6	0	0	1	0	0	0	1	1	0	0	5	0	0	0	0	1	0	0	1	0	0
OTU_3451	0	1	3	0	4	1	1	2	0	0	1	2	0	2	1	1	1	0	0	2	0	0
OTU_3961	4	3	1	5	3	1	4	2	1	2	1	2	5	2	0	0	1	2	0	4	0	0
OTU_4422	0	1	0	0	0	0	0	0	0	1	1	1	0	1	0	0	0	0	0	0	0	0
OTU_2764	2	0	1	1	1	0	0	0	0	4	0	2	0	1	0	0	1	1	0	1	0	0
OTU_3947	0	0	0	1	3	0	0	0	0	0	0	0	0	1	0	3	0	0	0	1	0	0
OTU_2118	0	3	1	2	3	0	0	2	1	3	4	1	6	0	5	1	2	4	0	4	0	0
OTU_4105	0	0	0	6	0	1	0	0	1	0	0	0	0	0	0	0	0	0	0	0	0	0
OTU_4029	0	0	0	1	0	1	0	0	1	0	2	0	0	0	0	0	0	0	0	0	0	0
OTU_5185	0	0	0	0	0	0	0	1	0	1	0	0	0	2	0	0	0	1	0	0	0	0
OTU_3282	0	3	0	2	1	0	1	1	0	1	0	1	0	0	2	2	1	1	0	0	0	0
OTU_5930	0	0	0	0	0	0	0	0	0	0	0	0	0	3	0	0	0	0	0	0	0	0
OTU_2822	1	0	0	1	0	0	1	2	1	0	0	3	2	1	0	0	2	1	0	5	0	0
OTU_3095	3	5	2	5	3	0	4	0	3	3	4	0	1	1	3	0	3	3	0	2	0	0
OTU_3174	2	1	0	0	0	0	1	0	3	0	0	0	1	1	0	0	0	1	0	2	0	0
OTU_1635	10	0	2	0	0	0	2	1	2	5	2	3	1	3	0	0	0	3	0	0	0	0
OTU_1390	4	4	4	2	5	3	5	1	1	5	9	2	3	4	4	4	3	5	0	1	0	0
OTU_5108	0	0	0	0	2	0	0	0	0	0	0	0	0	0	0	0	1	1	0	0	0	0
OTU_4162	0	0	0	2	1	0	0	4	0	0	0	1	0	1	0	0	0	2	0	1	0	0
OTU_4719	0	2	2	0	0	0	0	0	0	0	1	0	0	0	0	0	0	0	0	0	0	0
OTU_3254	1	0	0	1	0	0	3	2	1	4	0	1	2	2	2	0	0	1	0	3	0	0
OTU_2381	1	1	1	0	0	7	0	0	3	0	1	2	0	1	3	1	0	0	0	2	0	0
OTU_5113	0	0	0	0	0	1	0	0	0	0	0	0	1	0	0	0	0	0	0	0	0	0
OTU_3458	0	0	0	2	0	1	1	1	3	0	0	0	0	0	0	2	0	0	0	0	0	0
OTU_4224	0	0	0	0	0	2	0	0	2	0	0	0	0	0	0	0	0	0	0	0	0	0
OTU_4380	0	0	0	1	2	0	3	1	0	1	0	1	1	0	0	0	1	0	0	0	0	0
OTU_2509	2	0	0	0	0	0	0	0	5	0	0	1	0	1	0	10	0	0	0	1	0	0
OTU_5842	1	0	1	0	0	3	0	2	0	0	0	2	1	0	0	7	0	0	0	0	0	0
OTU_5062	0	0	0	0	0	1	3	2	1	0	0	0	3	0	0	0	0	0	0	1	0	0
OTU_3117	0	0	0	11	0	0	0	0	0	0	0	0	1	0	0	0	0	0	0	0	0	0
OTU_2204	2	1	0	2	0	0	8	0	2	3	0	0	4	8	0	1	0	0	0	7	0	0
OTU_3879	4	2	1	17	4	6	4	1	1	8	3	1	1	7	1	2	3	2	0	2	0	0
OTU_1918	5	4	3	5	5	0	3	4	2	5	9	2	4	4	0	2	1	2	0	6	0	0
OTU_2943	0	0	0	2	0	0	5	2	2	6	0	5	0	2	1	0	0	0	0	0	0	0
OTU_6248	1	1	0	1	0	0	0	0	0	0	1	0	0	0	0	0	0	1	0	1	0	0
OTU_6190	1	1	3	0	1	0	2	2	0	2	1	1	6	0	0	0	2	0	0	1	0	0
OTU_3008	4	1	2	19	1	8	0	4	3	2	1	4	1	2	2	5	2	1	0	7	0	0
OTU_1875	1	0	0	0	0	0	0	0	0	4	1	1	0	0	0	1	1	0	0	27	0	0
OTU_3773	0	1	0	4	4	0	0	3	0	0	0	0	0	0	0	0	1	0	0	0	0	0
OTU_2175	0	1	0	0	0	13	0	0	2	3	0	2	1	0	0	13	0	0	0	2	0	0
OTU_2213	1	3	3	12	4	0	1	4	2	5	1	0	3	0	2	1	2	1	0	1	0	0
OTU_4640	5	14	10	1	12	0	2	0	3	3	4	2	2	2	6	0	6	5	0	4	0	0
OTU_4072	2	1	2	2	0	0	1	2	1	4	0	0	1	1	1	1	0	2	0	0	0	0
OTU_5518	0	2	1	1	1	0	0	0	1	0	1	0	1	0	0	0	0	2	0	0	0	0
OTU_3824	0	3	1	1	0	2	4	1	2	1	0	1	2	1	1	0	1	2	0	0	0	0
OTU_1429	2	2	0	5	6	0	12	14	2	11	4	5	15	10	5	0	1	2	0	7	0	0
OTU_4622	0	0	0	0	1	0	0	2	0	0	0	0	0	0	0	0	0	0	0	0	0	0
OTU_2824	3	2	2	0	2	0	0	5	0	3	0	0	2	1	3	2	2	3	0	0	0	0
OTU_4301	1	0	0	0	0	0	0	0	0	0	0	0	1	0	1	1	0	0	0	2	0	0
OTU_3581	1	0	0	0	0	1	2	3	0	0	0	2	0	0	1	1	0	1	0	2	0	0
OTU_1324	1	2	2	16	1	0	2	6	1	1	0	2	1	0	19	0	2	7	0	1	0	0
OTU_4076	0	2	0	0	0	0	0	0	0	0	1	0	8	1	5	0	0	1	0	0	0	0
OTU_5181	0	0	0	0	0	0	0	0	0	0	0	0	0	0	0	0	3	0	0	0	0	0
OTU_4019	0	0	0	0	0	3	0	0	1	0	0	0	0	0	0	5	0	0	0	0	0	0
OTU_2777	1	0	0	0	0	0	0	1	1	1	1	2	2	2	0	0	0	0	0	1	0	0
OTU_3398	0	0	0	0	0	0	0	0	0	0	0	0	0	0	0	0	15	0	0	0	0	0
OTU_2870	2	0	0	0	0	0	1	0	3	0	0	0	0	1	0	0	0	0	0	4	0	0
OTU_3236	0	0	0	0	0	4	0	0	0	1	0	0	0	0	0	3	0	1	0	0	0	0
OTU_6079	0	0	0	0	0	0	0	0	0	0	1	0	1	0	1	0	0	0	0	0	0	0
OTU_2535	4	0	0	1	0	0	0	0	2	3	0	3	0	7	0	1	0	0	0	1	0	0
OTU_3261	0	4	0	2	1	0	0	3	0	2	0	2	0	1	0	0	1	2	0	0	0	0
OTU_2984	1	1	1	1	3	6	0	0	1	0	0	1	0	1	0	1	1	0	0	0	0	0
OTU_3535	0	1	0	1	2	0	1	0	0	4	2	0	1	0	0	0	1	1	0	1	0	0
OTU_3546	0	1	0	0	4	0	0	0	0	0	0	1	0	0	0	0	0	0	0	0	0	0
OTU_1580	0	0	0	18	5	0	4	30	0	1	1	2	0	1	4	1	2	0	0	1	0	0
OTU_2401	0	1	2	0	3	0	0	0	0	0	3	0	0	0	0	0	4	2	0	0	0	0
OTU_4100	0	6	0	0	0	0	1	1	1	1	0	0	0	0	0	0	0	0	0	1	0	0
OTU_2371	0	1	2	2	2	0	0	2	0	0	5	0	0	0	0	0	3	1	0	0	0	0
OTU_5566	0	0	1	0	0	0	0	0	0	0	1	0	0	1	0	0	0	0	0	1	0	0
OTU_2529	6	0	0	0	0	0	3	2	7	5	0	3	7	2	1	0	0	0	0	4	0	0
OTU_5943	0	0	0	0	0	0	0	0	0	0	0	0	0	0	0	0	0	0	0	3	0	0
OTU_2585	1	0	0	0	0	0	4	0	2	4	0	0	0	4	0	2	0	0	0	0	0	0
OTU_6295	4	1	0	13	4	10	0	2	3	1	0	0	2	3	0	2	1	1	0	2	0	0
OTU_1920	0	0	0	0	0	0	0	1	0	2	1	0	1	0	7	0	0	0	0	9	0	0
OTU_2143	0	0	0	1	2	0	0	1	0	0	0	0	0	0	9	0	4	7	0	1	0	0
OTU_2272	6	2	2	3	0	2	9	0	3	3	0	12	2	14	1	4	4	1	0	2	0	0
OTU_1052	1	0	0	0	0	0	4	0	2	48	0	0	4	4	0	0	0	0	0	0	0	0
OTU_4881	1	0	0	0	0	0	0	1	1	1	0	0	0	1	2	0	1	0	0	0	0	0
OTU_2756	7	0	0	0	1	0	1	1	0	2	4	1	0	1	0	0	2	2	0	0	0	0
OTU_2492	2	0	0	1	1	8	2	0	0	2	1	1	0	1	0	3	1	0	0	2	0	0
OTU_5611	0	0	0	0	1	0	0	0	0	0	0	0	0	0	4	0	0	0	0	0	0	0
OTU_4940	0	0	0	1	0	7	3	0	4	1	0	0	1	0	5	5	0	0	0	2	0	0
OTU_3449	0	4	2	0	2	0	0	0	2	1	3	1	1	2	0	1	1	0	0	0	0	0
OTU_2421	2	0	2	1	2	0	1	7	0	2	1	10	0	1	1	1	2	0	0	0	0	0
OTU_2237	6	0	1	16	6	0	5	11	2	3	0	2	0	2	9	0	7	0	0	2	0	0
OTU_3319	3	3	3	1	1	0	1	0	0	2	0	10	0	2	1	4	1	6	0	1	0	0
OTU_4114	0	1	1	0	1	0	0	1	0	0	1	0	0	0	0	0	1	0	0	3	0	0
OTU_3424	0	0	0	0	6	1	0	0	0	0	0	1	1	0	1	0	1	0	0	0	0	0
OTU_5636	7	1	0	11	0	0	2	1	0	1	1	0	4	2	0	0	1	0	0	2	0	0
OTU_1693	1	7	10	5	6	1	3	5	1	1	4	1	0	0	3	2	5	5	0	0	0	0
OTU_2113	4	3	1	6	3	0	5	2	4	5	0	6	2	6	0	0	3	0	0	4	0	0
OTU_3772	0	2	0	0	1	0	2	0	0	0	1	0	0	0	0	0	1	1	0	0	0	0
OTU_3634	1	1	0	0	0	0	0	0	0	0	3	0	1	2	2	0	0	1	0	1	0	0
OTU_3493	1	1	1	2	1	0	0	2	1	6	0	2	1	0	2	2	4	0	0	0	0	0
OTU_4445	0	2	1	0	0	0	0	0	0	1	1	0	1	0	1	0	1	0	0	0	0	0
OTU_5156	0	0	0	0	0	0	0	0	0	0	0	0	0	0	1	0	0	0	0	1	0	0
OTU_4507	1	0	0	1	0	0	0	3	0	0	0	2	1	5	1	0	0	0	0	1	0	0
OTU_3806	0	0	1	1	0	0	0	0	1	0	0	1	1	1	6	0	1	3	0	0	0	0
OTU_3105	1	0	0	0	0	1	0	0	0	4	1	3	1	1	1	1	1	0	0	0	0	0
OTU_4941	0	0	0	0	0	0	0	0	0	0	0	3	0	0	0	0	0	0	0	0	0	0
OTU_3461	0	0	0	1	0	0	0	5	0	0	0	0	0	0	3	0	1	0	0	0	0	0
OTU_6139	0	0	0	2	0	0	0	0	0	0	0	0	0	0	0	0	0	0	0	0	0	0
OTU_6281	1	0	0	0	0	0	0	0	0	1	0	0	0	1	0	0	0	0	0	0	0	0
OTU_3730	4	1	0	0	1	2	0	0	0	1	0	3	0	2	0	0	1	1	0	2	0	0
OTU_3980	0	0	0	0	0	0	0	0	0	0	0	0	0	0	4	0	1	0	0	0	0	0
OTU_2051	2	2	0	2	0	0	2	1	0	1	1	0	10	3	0	0	0	0	0	2	0	0
OTU_3642	4	2	0	1	2	0	3	2	2	2	1	2	4	2	5	0	1	0	0	0	0	0
OTU_1835	2	2	0	2	2	9	1	4	3	1	0	9	0	2	1	4	0	0	0	3	0	0
OTU_2028	0	4	1	3	5	0	0	0	0	0	1	0	0	0	1	0	11	1	0	0	0	0
OTU_2037	2	3	0	0	1	0	5	0	9	1	7	0	1	4	0	0	4	0	0	1	0	0
OTU_5210	0	0	1	0	0	0	0	1	0	0	0	0	0	0	0	0	0	0	0	0	0	0
OTU_2537	3	0	0	0	1	0	2	0	3	5	0	0	5	2	1	0	0	1	0	0	0	0
OTU_4953	1	0	0	0	1	0	0	0	1	0	2	0	0	0	0	0	0	0	0	1	0	0
OTU_2577	1	0	0	0	0	3	0	9	0	0	0	1	2	1	0	1	0	0	0	0	0	0
OTU_4020	2	0	0	0	0	0	0	0	1	0	0	1	1	1	0	14	0	0	0	3	0	0
OTU_3239	1	0	0	2	0	2	0	0	0	0	0	18	0	0	1	1	1	1	0	0	0	0
OTU_3133	0	0	2	0	0	0	5	0	4	0	3	0	0	5	0	0	1	2	0	1	0	0
OTU_3440	1	0	0	7	0	3	0	0	0	0	0	0	0	0	0	3	0	0	0	1	0	0
OTU_4353	0	0	0	3	0	0	0	0	0	0	0	0	0	0	0	0	0	0	0	0	0	0
OTU_3474	4	2	1	0	2	2	1	2	0	0	3	0	7	1	2	0	3	0	0	4	0	0
OTU_3260	4	0	0	3	0	0	0	6	0	1	0	0	6	1	3	0	1	0	0	5	0	0
OTU_5775	1	0	0	1	0	0	0	0	1	0	1	0	0	2	0	0	0	0	0	0	0	0
OTU_2388	1	3	2	2	2	0	2	1	1	1	0	1	0	4	3	0	0	1	0	1	0	0
OTU_2534	4	0	0	2	0	0	2	2	0	3	0	0	5	5	1	1	1	1	0	7	0	0
OTU_5160	0	0	0	0	0	0	0	0	1	0	0	0	0	0	0	0	0	0	0	1	0	0
OTU_2748	0	0	0	0	4	0	2	0	0	4	2	0	1	0	1	0	0	2	0	0	0	0
OTU_6104	0	0	0	0	3	0	0	0	0	0	0	0	0	0	0	0	8	0	0	0	0	0
OTU_6114	0	0	0	0	0	0	0	0	0	0	1	0	0	0	0	0	3	0	0	0	0	0
OTU_4743	0	0	0	5	0	0	0	0	0	0	0	0	0	0	0	0	5	0	0	0	0	0
OTU_1469	2	1	1	4	3	10	0	2	0	1	0	2	3	2	0	14	1	1	0	1	0	0
OTU_5938	0	0	1	0	0	0	0	0	0	0	1	0	0	1	0	0	0	0	0	0	0	0
OTU_2328	1	0	0	2	3	0	5	0	2	6	0	5	0	5	0	0	2	0	0	0	0	0
OTU_3928	0	0	0	0	0	4	0	0	1	2	0	0	1	1	0	1	0	0	0	1	0	0
OTU_5917	0	0	0	0	0	0	0	2	0	0	0	0	0	0	2	2	1	1	0	0	0	0
OTU_2243	3	1	3	3	1	0	1	3	3	5	4	1	0	3	0	0	7	1	0	1	0	0
OTU_5147	3	0	0	0	0	0	3	0	2	1	0	0	0	1	0	0	0	0	0	0	0	0
OTU_4127	0	0	0	3	0	0	0	1	0	0	0	0	0	0	1	0	0	0	0	0	0	0
OTU_3076	0	0	2	1	4	0	0	0	0	1	3	1	0	0	0	0	1	3	0	2	0	0
OTU_1615	5	0	0	8	1	0	0	2	0	5	1	3	1	3	3	0	0	1	0	2	0	0
OTU_4525	0	0	0	0	0	0	2	0	0	3	0	0	0	0	0	0	0	0	0	0	0	0
OTU_3468	1	0	0	0	1	0	0	0	1	2	0	2	0	3	0	2	0	0	0	4	0	0
OTU_5465	0	1	0	0	0	0	2	0	1	2	0	0	0	1	0	0	0	0	0	0	0	0
OTU_1932	0	3	1	13	6	0	0	3	1	1	2	0	2	0	5	0	3	0	0	0	0	0
OTU_3037	0	0	0	5	1	0	0	0	0	0	1	0	0	0	0	0	4	0	0	0	0	0
OTU_2750	4	1	1	3	2	3	3	2	6	5	0	1	11	0	3	1	1	0	0	1	0	0
OTU_5212	0	1	0	0	0	0	0	0	0	0	0	0	0	0	1	0	0	1	0	0	0	0
OTU_2581	3	2	0	1	1	0	0	0	1	1	1	7	0	1	2	0	0	4	0	1	0	0
OTU_2155	0	0	0	20	0	0	0	2	0	0	0	0	0	0	0	1	0	0	0	0	0	0
OTU_4203	1	0	0	0	1	0	0	0	0	0	1	0	1	0	1	0	0	0	0	0	0	0
OTU_3146	1	0	0	0	0	42	0	0	5	0	0	2	2	0	0	18	0	0	0	1	0	0
OTU_2990	3	1	0	7	0	0	0	7	1	1	0	0	9	1	3	0	3	0	0	4	0	0
OTU_3497	1	2	3	0	1	0	2	1	1	2	2	1	1	6	0	0	0	0	0	1	0	0
OTU_6048	1	0	0	1	0	2	0	0	0	2	0	1	0	0	0	0	0	0	0	0	0	0
OTU_5965	2	0	0	3	3	3	0	2	0	0	0	7	0	1	1	14	0	0	0	4	0	0
OTU_4441	1	1	1	1	3	0	0	1	0	0	1	0	1	0	1	0	1	1	0	0	0	0
OTU_4032	1	0	1	2	0	0	1	0	2	4	1	0	2	3	1	1	1	5	0	6	0	0
OTU_3785	5	0	1	1	3	0	2	0	0	1	0	5	0	5	0	2	1	1	0	0	0	0
OTU_1126	5	0	0	2	0	2	17	1	5	7	1	5	1	9	1	3	0	0	0	6	0	0
OTU_2632	1	0	2	1	5	1	0	3	1	1	9	1	2	1	2	0	1	2	0	0	0	0
OTU_4814	2	0	0	0	0	0	1	0	4	0	0	1	1	4	1	0	0	0	0	0	0	0
OTU_3471	0	1	0	1	0	0	1	2	2	3	1	3	3	0	0	0	3	0	0	3	0	0
OTU_4097	4	0	0	0	0	0	3	0	3	0	0	1	0	1	0	0	0	0	0	1	0	0
OTU_2360	1	0	2	3	0	8	1	3	2	0	2	0	1	0	4	5	2	3	0	1	0	0
OTU_2106	2	2	2	4	5	0	0	3	1	1	2	1	3	0	3	0	3	5	0	0	0	0
OTU_3228	0	0	0	0	0	2	0	0	0	0	3	1	0	0	0	0	0	2	0	1	0	0
OTU_4736	1	0	0	0	0	5	0	0	0	0	0	0	0	0	0	1	0	0	0	0	0	0
OTU_2674	2	0	0	0	0	0	3	0	1	3	0	0	0	5	1	1	0	0	0	1	0	0
OTU_4064	1	0	0	0	0	2	1	0	0	1	0	2	0	3	0	0	0	0	0	0	0	0
OTU_4260	0	0	0	0	0	0	0	0	0	0	0	0	0	0	0	0	4	0	0	0	0	0
OTU_5471	0	0	0	0	0	0	0	0	0	0	0	1	0	0	0	1	0	0	0	1	0	0
OTU_4217	1	0	1	0	0	0	1	1	1	2	1	0	1	4	0	0	0	0	0	0	0	0
OTU_1841	2	0	0	2	0	0	3	4	3	2	4	0	2	4	1	0	6	1	0	3	0	0
OTU_3258	2	0	0	4	0	0	1	0	1	0	0	0	0	0	1	0	0	0	0	0	0	0
OTU_2664	3	1	0	0	1	0	6	23	4	2	1	2	11	5	1	0	1	0	0	0	0	0
OTU_4426	0	0	0	0	3	1	6	1	4	4	0	3	3	0	1	3	0	0	0	1	0	0
OTU_6287	0	0	0	0	0	2	0	0	0	0	0	0	1	0	0	0	0	0	0	0	0	0
OTU_3483	2	0	0	0	1	0	0	0	1	2	0	1	0	0	0	0	0	0	0	1	0	0
OTU_2900	2	0	1	1	2	0	0	1	0	1	0	4	0	2	9	3	0	0	0	1	0	0
OTU_4681	0	0	0	0	0	0	0	0	0	0	0	0	2	0	2	0	0	0	0	1	0	0
OTU_3238	0	0	0	0	0	3	0	0	1	0	0	0	0	0	0	5	0	1	0	0	0	0
OTU_2937	2	0	1	7	4	0	0	1	2	1	2	1	4	1	0	3	0	2	0	5	0	0
OTU_2852	1	2	0	0	2	0	2	1	3	2	0	0	2	4	0	4	0	0	0	2	0	0
OTU_2391	3	3	2	2	6	1	0	2	2	0	0	1	2	0	1	1	0	1	0	2	0	0
OTU_5016	0	1	0	0	1	0	0	0	0	0	1	1	1	1	1	5	0	0	0	0	0	0
OTU_4693	1	0	0	0	0	2	0	0	0	0	0	0	0	1	0	0	0	0	0	0	0	0
OTU_1762	2	5	1	1	3	1	10	9	4	3	4	1	3	6	2	1	2	2	0	2	0	0
OTU_2762	0	1	0	0	1	0	0	0	0	0	0	0	0	0	0	0	24	0	0	0	0	0
OTU_2878	0	0	1	1	3	1	0	1	0	0	0	2	0	2	1	1	0	1	0	1	0	0
OTU_2671	0	0	3	2	1	0	1	3	0	0	0	0	1	0	5	0	0	0	0	0	0	0
OTU_2465	1	1	1	0	0	0	3	0	2	6	2	1	1	4	0	1	1	1	0	1	0	0
OTU_4142	0	0	0	0	0	2	0	0	0	0	0	0	0	0	0	4	0	0	0	0	0	0
OTU_4796	0	0	0	0	0	0	2	0	0	0	0	1	0	1	0	0	0	0	0	0	0	0
OTU_4698	1	5	0	1	0	0	0	3	0	0	1	0	3	0	1	0	0	0	0	1	0	0
OTU_4596	0	1	1	3	0	0	0	1	0	4	0	1	0	1	1	1	0	2	0	0	0	0
OTU_2619	3	0	0	0	1	0	0	1	1	4	0	1	4	2	2	0	1	2	0	1	0	0
OTU_4144	0	1	0	1	1	0	0	1	0	1	2	1	0	1	0	0	0	0	0	2	0	0
OTU_4104	0	0	1	1	0	0	0	1	1	0	0	0	1	0	0	0	0	1	0	2	0	0
OTU_3423	2	0	0	0	0	6	0	0	1	1	0	1	1	2	0	1	0	0	0	0	0	0
OTU_2614	1	0	2	3	6	0	0	0	1	1	2	0	0	0	1	0	3	1	0	1	0	0
OTU_2402	1	0	2	0	0	0	0	0	0	2	1	0	2	0	2	0	0	6	0	2	0	0
OTU_4947	0	0	0	0	1	1	1	0	0	2	1	1	1	0	1	1	0	0	0	1	0	0
OTU_4480	1	0	0	0	0	2	0	0	0	0	0	0	1	0	1	0	1	1	0	0	0	0
OTU_2565	0	2	0	1	1	11	0	0	2	0	0	0	0	0	1	1	0	0	0	3	0	0
OTU_5852	0	1	0	1	0	0	1	0	3	0	0	0	0	0	0	0	0	0	0	0	0	0
OTU_5075	0	1	0	0	0	0	0	0	0	1	0	0	0	0	0	3	2	0	0	0	0	0
OTU_5610	4	0	0	0	0	0	2	0	2	0	0	1	0	0	0	0	0	0	0	3	0	0
OTU_3118	4	0	0	1	1	0	3	0	0	2	1	2	0	0	1	0	0	1	0	4	0	0
OTU_6141	1	0	0	0	0	1	0	0	0	0	0	2	0	1	0	0	0	0	0	0	0	0
OTU_4915	0	0	1	0	0	0	2	0	0	5	0	1	3	0	0	0	0	0	0	0	0	0
OTU_4080	0	4	1	0	2	0	0	0	1	0	0	0	0	0	0	0	1	1	0	1	0	0
OTU_3304	0	0	0	1	0	0	0	0	0	0	0	2	1	0	0	0	0	4	0	2	0	0
OTU_6193	0	0	0	0	0	0	0	0	0	2	1	0	1	0	0	0	1	0	0	0	0	0
OTU_5182	3	1	0	2	0	0	0	0	0	2	0	1	1	1	3	0	0	0	0	0	0	0
OTU_4687	0	0	0	0	0	0	0	1	0	0	0	6	0	0	0	0	0	0	0	0	0	0
OTU_2148	1	0	0	0	1	13	0	0	3	1	0	1	0	0	0	6	0	0	0	0	0	0
OTU_4886	1	0	0	0	0	0	0	0	0	0	0	4	0	0	0	0	0	0	0	1	0	0
OTU_4465	1	2	2	0	1	2	0	0	1	0	0	0	1	0	0	3	1	0	0	1	0	0
OTU_4075	0	2	5	0	4	0	0	0	0	0	2	0	0	0	0	0	0	0	0	0	0	0
OTU_5195	0	0	0	2	1	0	5	1	2	1	0	0	2	0	1	0	12	0	0	0	0	0
OTU_5294	0	0	0	1	0	0	0	0	0	0	0	0	1	4	0	0	0	0	0	0	0	0
OTU_5597	0	0	0	4	0	1	0	0	0	1	0	0	0	0	0	1	1	0	0	1	0	0
OTU_5317	0	0	0	1	0	0	0	0	0	1	0	1	1	0	0	0	0	0	0	5	0	0
OTU_4912	1	0	0	4	1	1	3	1	0	1	3	1	0	0	0	0	0	1	0	0	0	0
OTU_3873	0	1	1	0	4	3	0	0	0	1	0	0	0	0	0	0	0	0	0	0	0	0
OTU_3322	2	0	1	0	0	0	0	0	2	1	0	2	2	0	1	5	0	0	0	0	0	0
OTU_4631	2	1	1	2	4	1	5	2	2	7	2	0	0	3	0	0	1	2	0	0	0	0
OTU_5932	0	0	0	0	0	0	0	0	0	1	0	0	0	0	0	0	0	1	0	0	0	0
OTU_1606	8	2	2	1	1	0	14	0	5	15	14	7	5	13	1	1	1	3	0	12	0	0
OTU_2159	5	0	0	1	1	0	1	0	3	6	0	0	2	6	1	0	1	0	0	0	0	0
OTU_5178	1	0	0	0	0	0	4	1	2	0	0	0	0	2	0	0	0	0	0	0	0	0
OTU_2600	6	1	0	0	0	0	4	1	5	12	3	7	8	13	1	1	0	0	0	9	0	0
OTU_3100	1	0	2	0	0	0	2	0	2	3	0	2	1	2	0	1	1	2	0	2	0	0
OTU_3314	1	2	0	0	0	0	0	0	1	0	0	3	1	1	0	0	3	0	0	2	0	0
OTU_3116	0	3	4	0	1	0	0	0	0	0	0	0	0	0	0	0	6	0	0	0	0	0
OTU_5215	0	0	1	0	0	0	1	0	0	1	0	0	0	1	0	0	0	2	0	0	0	0
OTU_5179	0	0	0	0	0	0	0	0	0	0	0	0	0	0	0	2	0	0	0	0	0	0
OTU_3769	1	0	1	0	0	0	0	0	0	3	0	0	0	0	0	1	0	0	0	2	0	0
OTU_2003	2	0	0	2	2	0	3	2	5	0	1	2	1	2	1	0	1	0	0	3	0	0
OTU_2494	3	0	2	3	0	0	1	1	1	6	1	4	4	3	0	1	3	0	0	3	0	0
OTU_6241	1	0	0	0	1	0	3	0	4	3	0	2	1	4	0	2	0	0	0	5	0	0
OTU_3232	1	0	1	0	0	0	2	0	0	3	0	0	2	2	0	0	0	1	0	3	0	0
OTU_3522	1	0	0	0	0	0	0	0	1	3	0	1	1	1	0	0	0	0	0	1	0	0
OTU_6026	0	1	0	0	0	0	0	1	0	1	0	0	0	0	0	0	1	1	0	0	0	0
OTU_3515	4	0	0	0	0	0	0	0	0	3	0	1	0	4	0	0	0	0	0	1	0	0
OTU_2341	1	1	0	1	2	0	2	2	1	4	2	0	0	1	0	0	0	1	0	0	0	0
OTU_5301	0	0	0	0	0	0	0	0	0	0	0	0	2	0	0	0	0	0	0	0	0	0
OTU_3686	1	1	0	0	0	3	0	0	1	0	0	0	0	0	0	1	0	1	0	0	0	0
OTU_5260	1	0	1	1	2	0	0	0	1	6	2	2	2	2	0	2	1	1	0	1	0	0
OTU_4153	0	0	0	0	3	0	5	0	2	5	0	0	2	1	0	0	0	0	0	3	0	0
OTU_3503	0	1	1	4	6	2	2	0	0	0	2	1	2	1	0	3	0	0	0	0	0	0
OTU_4544	0	0	0	0	0	3	0	0	0	0	0	1	3	0	0	0	0	0	0	3	0	0
OTU_2047	0	1	1	0	9	4	0	0	1	0	0	2	0	1	0	9	0	1	0	0	0	0
OTU_4560	1	0	0	1	0	0	1	0	1	0	0	1	0	1	0	1	0	0	0	0	0	0
OTU_4838	0	0	1	3	0	0	0	0	0	0	1	0	0	0	0	0	1	1	0	2	0	0
OTU_1928	1	0	0	30	0	0	0	3	1	0	0	0	0	0	3	0	0	0	0	0	0	0
OTU_3147	0	0	2	0	1	5	0	1	0	1	1	0	0	1	0	1	1	0	0	1	0	0
OTU_3222	2	1	0	0	0	1	0	0	1	1	0	4	0	0	0	1	1	0	0	0	0	0
OTU_2168	1	2	3	5	8	1	5	0	2	3	8	2	0	6	2	1	2	2	0	3	0	0
OTU_5416	1	1	0	2	0	1	0	11	1	1	0	1	0	0	1	0	0	0	0	0	0	0
OTU_5176	0	0	0	0	1	0	0	0	0	0	1	0	1	0	0	0	0	0	0	0	0	0
OTU_4642	1	0	0	0	2	0	0	0	0	0	1	0	0	0	1	0	1	0	0	1	0	0
OTU_2527	0	1	0	1	5	0	1	13	0	0	1	0	2	0	0	0	3	0	0	15	0	0
OTU_5058	0	0	0	0	0	0	0	0	0	0	1	1	1	1	1	0	0	0	0	0	0	0
OTU_2043	0	0	0	1	0	0	1	7	1	0	1	2	4	3	4	3	4	0	0	5	0	0
OTU_1605	0	5	8	0	11	0	0	0	0	1	9	0	0	0	1	0	5	9	0	0	0	0
OTU_3006	2	1	0	0	0	0	1	0	0	4	16	1	1	2	0	0	0	2	0	0	0	0
OTU_3690	7	0	3	5	2	0	1	4	1	6	3	0	4	2	1	4	0	9	0	7	0	0
OTU_3910	2	0	0	3	0	19	0	0	9	2	1	0	3	1	0	1	0	1	0	3	0	0
OTU_3666	2	0	0	0	0	0	0	0	0	0	0	4	0	1	0	0	0	0	0	0	0	0
OTU_3327	0	0	0	0	0	2	3	2	1	0	0	1	1	3	0	1	0	0	0	2	0	0
OTU_3974	1	2	2	1	1	0	0	0	0	0	0	0	0	1	0	0	0	2	0	0	0	0
OTU_2014	4	0	0	0	0	0	2	1	5	8	0	1	2	3	0	1	0	0	0	2	0	0
OTU_3840	0	2	1	0	5	0	3	5	1	3	3	2	5	0	0	0	0	0	0	3	0	0
OTU_5163	0	0	0	0	0	0	0	1	0	0	0	1	0	0	0	0	0	0	0	0	0	0
OTU_4209	1	0	0	0	0	0	0	0	1	0	0	0	0	0	0	4	1	0	0	0	0	0
OTU_3346	1	0	1	0	1	0	1	0	1	0	0	1	1	1	0	4	0	0	0	2	0	0
OTU_2092	0	0	0	1	0	0	0	0	0	1	0	0	1	0	0	15	0	0	0	2	0	0
OTU_2242	0	0	2	1	3	0	0	1	0	0	0	0	0	0	3	0	5	3	0	0	0	0
OTU_1767	1	2	7	0	5	1	0	1	0	2	0	1	1	0	2	1	5	6	0	0	0	0
OTU_6085	0	1	1	1	2	1	1	0	1	0	4	2	0	0	3	2	7	0	0	2	0	0
OTU_2156	2	0	0	0	0	1	4	2	1	6	0	3	6	1	0	0	0	0	0	1	0	0
OTU_2082	3	1	3	3	1	0	2	0	2	3	2	1	4	7	2	1	8	2	0	0	0	0
OTU_3020	3	1	0	0	1	0	3	1	1	3	0	6	0	5	0	1	0	1	0	0	0	0
OTU_5390	0	0	0	2	0	0	0	0	0	0	0	0	0	0	0	0	0	1	0	0	0	0
OTU_5837	0	0	0	0	1	0	0	2	0	0	0	0	0	0	0	0	0	0	0	1	0	0
OTU_4770	2	0	0	1	0	0	1	2	0	0	0	3	0	2	0	0	0	0	0	0	0	0
OTU_1874	1	1	0	0	0	0	0	0	0	0	0	18	1	0	0	1	0	0	0	6	0	0
OTU_3351	0	3	2	0	1	7	1	0	2	0	2	1	0	1	1	1	4	2	0	1	0	0
OTU_3352	2	1	3	0	6	0	1	0	0	0	3	1	0	1	2	0	3	1	0	1	0	0
OTU_3356	0	4	0	0	0	0	0	1	0	1	1	0	9	1	4	0	7	0	0	2	0	0
OTU_5161	0	1	2	1	1	0	0	1	0	0	0	0	0	0	0	0	0	0	0	0	0	0
OTU_3576	1	3	1	0	0	0	2	1	1	0	2	1	0	0	1	0	3	1	0	1	0	0
OTU_1311	3	4	8	1	9	0	0	1	0	1	14	1	2	2	1	0	5	4	0	1	0	0
OTU_5655	0	0	1	1	1	0	0	1	0	0	3	0	0	0	0	0	1	0	0	1	0	0
OTU_2962	2	0	1	1	2	0	1	6	1	2	0	1	0	0	1	0	2	1	0	1	0	0
OTU_3814	0	0	1	0	1	0	1	4	0	0	1	1	2	1	0	0	1	2	0	0	0	0
OTU_4729	2	0	0	5	0	0	0	0	0	2	0	1	0	1	0	0	0	0	0	1	0	0
OTU_4333	1	1	0	0	0	1	0	0	1	1	0	2	0	4	0	0	0	0	0	0	0	0
OTU_4822	0	2	2	4	2	3	0	1	1	4	1	0	1	2	1	0	1	0	0	4	0	0
OTU_1958	3	0	0	1	0	0	0	1	0	4	0	7	1	1	0	0	0	2	0	8	0	0
OTU_3053	1	2	1	1	1	1	1	2	1	0	1	1	2	0	1	0	3	1	0	0	0	0
OTU_2004	1	3	2	0	3	1	7	1	4	10	2	0	0	6	1	2	4	5	0	4	0	0
OTU_2089	1	0	0	0	0	0	0	0	1	1	0	2	0	0	0	21	0	0	0	2	0	0
OTU_1163	2	6	3	6	7	0	0	8	0	0	5	4	1	0	5	0	13	6	0	2	0	0
OTU_4160	1	0	0	5	0	0	0	5	0	0	0	0	2	0	0	4	0	0	0	0	0	0
OTU_2342	0	0	0	0	0	0	0	1	0	0	0	0	0	0	0	0	29	0	0	0	0	0
OTU_2533	0	1	0	12	0	0	0	2	0	0	1	0	0	0	1	0	1	0	0	0	0	0
OTU_3164	5	7	6	2	3	0	4	3	5	1	9	3	4	3	4	1	5	4	0	4	0	0
OTU_3481	2	1	0	1	0	0	3	0	2	4	0	4	0	3	1	1	2	0	0	0	0	0
OTU_3247	1	0	1	0	0	0	2	0	5	5	0	0	1	3	0	0	1	0	0	1	0	0
OTU_5284	1	0	0	0	0	0	1	0	0	1	1	0	0	0	0	0	0	1	0	0	0	0
OTU_5656	0	0	1	0	1	0	0	0	0	0	1	0	0	0	1	0	2	1	0	0	0	0
OTU_2607	2	0	0	1	0	0	1	0	3	1	3	2	0	1	0	5	0	0	0	1	0	0
OTU_6165	1	0	0	0	0	0	0	0	0	0	1	0	1	0	1	0	0	0	0	1	0	0
OTU_1600	1	0	0	13	2	1	0	10	0	0	5	0	2	0	0	0	3	1	0	5	0	0
OTU_5119	0	0	0	2	0	0	0	1	0	0	1	0	0	1	1	0	0	0	0	0	0	0
OTU_5901	1	1	3	5	1	0	5	1	0	1	3	0	2	0	3	0	3	5	0	2	0	0
OTU_4647	0	0	0	0	0	5	0	0	1	0	0	0	0	1	0	0	0	0	0	2	0	0
OTU_4183	1	1	0	1	1	0	0	0	4	0	0	1	0	0	0	2	3	1	0	1	0	0
OTU_5288	0	0	1	0	0	0	0	0	0	0	1	0	0	0	0	0	0	0	0	0	0	0
OTU_5838	2	0	0	0	0	0	3	0	3	7	0	0	0	3	0	1	0	0	0	0	0	0
OTU_6235	0	1	0	1	0	0	0	1	0	0	0	0	0	0	0	0	0	0	0	1	0	0
OTU_5007	0	1	1	0	2	0	0	0	0	0	2	0	0	3	0	0	0	2	0	0	0	0
OTU_4150	1	1	0	2	2	0	0	0	0	0	0	0	0	1	0	0	1	0	0	0	0	0
OTU_1516	2	2	7	1	2	3	0	0	3	4	5	1	4	2	1	0	2	2	0	1	0	0
OTU_3466	2	0	0	1	0	0	0	0	0	1	0	1	0	2	0	0	0	0	0	2	0	0
OTU_2612	0	2	2	6	8	0	1	3	0	0	0	3	1	1	4	0	3	1	0	2	0	0
OTU_4597	1	1	1	1	1	38	0	0	5	2	0	1	4	1	0	22	0	0	0	1	0	0
OTU_5554	3	2	2	7	6	12	2	1	3	1	1	8	0	2	3	2	1	3	0	5	0	0
OTU_4116	1	0	1	0	2	0	2	0	0	2	1	0	1	2	0	1	0	4	0	1	0	0
OTU_3143	0	0	0	15	0	0	0	4	0	0	0	0	0	0	0	2	0	1	0	1	0	0
OTU_2394	1	2	0	1	1	0	1	0	0	0	4	1	0	2	0	0	1	1	0	2	0	0
OTU_3442	2	3	1	3	0	1	0	1	0	1	1	1	0	0	1	0	1	0	0	0	0	0
OTU_4811	1	0	1	0	0	0	0	0	1	0	0	1	2	0	3	1	1	2	0	1	0	0
OTU_4347	0	5	0	2	0	0	4	1	0	5	0	7	0	2	3	0	1	0	0	3	0	0
OTU_3799	1	0	0	0	0	0	3	1	2	0	0	0	1	1	1	0	0	0	0	0	0	0
OTU_3235	0	1	2	2	0	2	0	0	4	0	3	0	1	0	2	4	2	2	0	0	0	0
OTU_3135	6	0	0	1	0	0	10	0	4	5	0	5	0	3	0	1	0	0	0	5	0	0
OTU_2097	3	1	0	0	2	0	3	0	1	3	1	2	1	0	2	0	2	2	0	4	0	0
OTU_2397	0	0	0	0	7	1	0	0	0	3	1	1	1	5	0	4	0	0	0	0	0	0
OTU_4702	2	1	0	0	0	0	2	0	0	0	0	0	0	0	3	0	0	0	0	1	0	0
OTU_1925	1	0	0	0	0	17	0	0	2	5	0	2	0	1	0	9	0	0	0	0	0	0
OTU_6285	1	0	0	0	0	0	0	0	0	1	0	0	0	1	0	0	0	0	0	1	0	0
OTU_3444	1	0	0	1	0	0	0	0	0	0	1	0	1	1	0	0	1	0	0	2	0	0
OTU_2802	6	0	1	0	4	0	1	1	1	1	2	0	4	0	1	0	2	2	0	2	0	0
OTU_5926	0	0	1	0	0	0	0	1	1	0	4	0	0	0	0	0	0	0	0	0	0	0
OTU_4213	0	0	0	0	0	0	1	0	0	1	1	1	0	1	0	0	0	0	0	1	0	0
OTU_2145	5	0	0	1	1	0	1	0	0	1	1	0	2	0	1	1	0	3	0	4	0	0
OTU_5770	0	0	0	1	0	1	2	1	2	2	0	3	0	3	1	5	0	0	0	0	0	0
OTU_4357	0	1	0	6	0	1	0	3	0	0	0	4	0	0	1	0	0	0	0	0	0	0
OTU_5203	0	1	1	0	1	0	0	1	0	0	2	0	1	0	0	0	3	1	0	0	0	0
OTU_4102	1	0	1	1	0	0	0	1	0	2	0	0	0	0	0	0	1	0	0	2	0	0
OTU_4724	1	0	0	0	0	0	1	0	1	1	0	3	0	1	0	1	0	0	0	0	0	0
OTU_2826	1	2	3	5	1	0	0	2	0	0	1	2	2	1	0	0	0	5	0	1	0	0
OTU_4666	0	0	0	0	2	0	0	1	1	0	2	0	1	0	0	0	0	1	0	0	0	0
OTU_6107	0	1	0	0	0	1	0	0	1	0	0	1	0	0	0	0	0	0	0	0	0	0
OTU_6324	0	0	0	0	1	0	0	1	0	0	0	0	0	0	0	2	1	0	0	0	0	0
OTU_2790	1	0	0	0	0	0	2	0	0	2	0	0	0	2	2	0	0	0	0	0	0	0
OTU_1810	2	3	4	13	11	3	8	5	2	7	14	4	2	9	2	0	4	0	0	4	0	0
OTU_2696	0	2	1	3	1	2	0	2	1	0	0	0	2	0	3	0	0	4	0	0	0	0
OTU_4793	0	0	0	0	1	0	0	0	0	0	1	0	2	0	0	0	1	1	0	0	0	0
OTU_2252	4	0	0	4	0	1	3	0	2	6	0	7	0	2	0	1	2	0	0	2	0	0
OTU_4359	0	1	3	0	0	1	0	0	0	3	1	0	0	0	0	1	0	1	0	0	0	0
OTU_1745	4	1	2	0	5	3	2	1	2	1	0	5	1	2	0	2	2	2	0	3	0	0
OTU_4673	0	0	3	5	2	0	0	1	1	2	1	1	0	2	0	1	1	3	0	0	0	0
OTU_2411	4	3	3	3	6	7	2	2	2	1	0	3	0	5	3	3	7	4	0	1	0	0
OTU_1592	2	2	4	10	1	0	3	2	2	7	0	3	0	2	0	0	4	3	0	2	0	0
OTU_3782	2	0	0	18	1	0	1	5	1	0	0	0	1	0	11	0	0	0	0	0	0	0
OTU_3752	0	1	0	3	2	0	0	5	0	0	0	0	0	1	1	0	2	0	0	1	0	0
OTU_3342	1	0	0	0	0	0	4	0	1	4	0	1	0	4	0	0	0	0	0	1	0	0
OTU_4644	1	0	0	0	0	0	0	0	1	1	0	0	1	0	0	1	0	0	0	0	0	0
OTU_5602	1	1	1	0	0	0	0	0	1	3	0	0	0	0	0	2	0	1	0	0	0	0
OTU_3922	1	1	0	1	2	0	0	2	0	1	1	0	1	4	1	0	2	1	0	0	0	0
OTU_3126	0	0	0	14	0	0	0	1	0	0	0	0	0	0	7	0	0	0	0	0	0	0
OTU_2133	2	0	0	0	1	0	4	0	2	6	0	4	0	4	0	3	0	0	0	2	0	0
OTU_3602	1	1	0	6	0	0	0	3	0	2	0	1	0	1	2	0	2	0	0	0	0	0
OTU_5658	0	0	0	0	0	0	0	0	2	0	0	0	0	0	0	0	0	0	0	0	0	0
OTU_1492	2	3	4	0	6	2	0	1	0	1	4	7	1	0	2	1	17	6	0	0	0	0
OTU_1792	6	0	0	5	0	0	2	3	0	6	3	1	6	2	4	1	2	2	0	5	0	0
OTU_2314	5	1	1	0	1	0	1	5	2	4	3	5	0	4	3	0	0	0	0	3	0	0
OTU_4473	0	1	2	2	0	0	0	1	1	3	1	1	1	1	2	0	1	1	0	0	0	0
OTU_5214	0	0	0	0	0	0	1	0	0	0	0	0	0	1	0	0	0	0	0	0	0	0
OTU_3336	0	1	1	2	3	0	0	4	0	2	0	0	0	1	2	0	2	2	0	0	0	0
OTU_4860	0	0	0	0	0	0	0	0	0	0	0	0	1	0	1	0	0	0	0	5	0	0
OTU_2152	0	1	1	0	6	0	1	0	0	1	4	0	3	0	3	0	5	8	0	0	0	0
OTU_4023	0	0	0	0	0	5	0	0	6	0	0	0	3	2	0	1	0	0	0	7	0	0
OTU_2627	0	1	3	0	3	0	0	0	0	0	1	1	0	0	1	0	0	4	0	0	0	0
OTU_3663	2	0	0	0	1	2	1	0	2	1	0	1	1	1	0	9	0	0	0	1	0	0
OTU_2127	1	1	2	0	2	2	1	0	0	0	3	1	2	2	0	8	6	0	0	0	0	0
OTU_3229	0	0	0	2	0	0	0	0	0	4	0	0	1	0	2	1	0	0	0	2	0	0
OTU_3525	0	1	2	1	1	0	0	1	1	0	0	0	0	0	0	0	0	2	0	1	0	0
OTU_5657	0	0	0	0	0	0	0	0	0	0	2	0	0	0	0	0	0	2	0	0	0	0
OTU_3187	2	0	0	0	3	0	0	0	0	1	0	1	0	2	0	0	0	0	0	0	0	0
OTU_3199	1	1	0	0	0	0	1	1	0	4	0	2	1	0	1	0	0	1	0	3	0	0
OTU_4180	0	0	0	0	0	0	0	0	0	0	0	0	12	0	0	0	0	0	0	0	0	0
OTU_3354	1	0	0	0	6	0	0	0	0	2	2	0	0	1	2	0	0	1	0	0	0	0
OTU_6282	0	0	0	0	0	0	0	0	0	0	0	0	0	0	0	0	4	0	0	0	0	0
OTU_6152	0	0	0	0	2	0	0	0	0	1	0	0	0	0	0	0	0	1	0	0	0	0
OTU_3496	2	2	0	0	0	0	0	0	0	1	0	2	0	0	1	0	0	0	0	0	0	0
OTU_1481	2	1	1	30	0	0	6	5	1	1	1	0	2	1	2	0	1	1	0	1	0	0
OTU_4651	0	0	0	0	0	1	0	0	0	0	0	0	0	0	0	1	0	0	0	3	0	0
OTU_1911	6	0	0	0	0	0	8	0	2	5	0	0	2	3	0	0	0	0	0	2	0	0
OTU_4265	0	0	0	0	2	1	0	1	0	0	0	0	0	0	1	0	0	0	0	0	0	0
OTU_4314	0	0	0	2	0	0	0	1	0	0	0	0	0	0	0	0	0	0	0	2	0	0
OTU_1670	0	2	1	1	5	0	2	5	2	0	2	0	2	1	3	0	5	6	0	0	0	0
OTU_5939	0	0	0	2	0	2	1	0	0	3	0	0	1	1	2	0	0	0	0	0	0	0
OTU_3936	0	0	0	0	6	0	0	0	0	2	0	0	0	1	0	1	3	0	0	0	0	0
OTU_3270	1	0	1	0	0	0	1	0	0	2	1	0	0	3	1	0	0	1	0	0	0	0
OTU_5205	0	1	0	0	0	0	0	0	0	0	0	0	0	0	0	0	1	0	0	0	0	0
OTU_1172	6	3	1	4	4	1	7	10	4	4	1	7	1	10	0	2	3	0	0	3	0	0
OTU_6011	0	0	0	0	1	0	2	0	0	1	0	21	0	0	0	4	1	1	0	0	0	0
OTU_4206	10	0	0	0	0	0	0	0	0	0	2	0	0	0	0	0	0	0	0	3	0	0
OTU_2001	7	1	1	6	4	4	10	10	2	9	3	9	11	16	6	0	0	6	0	6	0	0
OTU_2635	3	1	0	0	1	0	2	0	1	5	1	2	0	5	1	0	0	0	0	1	0	0
OTU_2646	0	1	0	0	0	12	0	1	3	0	0	0	0	0	0	3	0	0	0	0	0	0
OTU_3982	0	0	0	0	0	0	0	0	1	1	0	1	0	1	1	0	0	0	0	1	0	0
OTU_3661	0	0	0	0	0	0	0	0	0	0	0	0	0	0	0	5	0	0	0	0	0	0
OTU_3366	0	3	8	0	1	0	0	0	0	2	0	0	0	0	0	0	0	0	0	0	0	0
OTU_3384	0	0	1	7	1	0	0	1	0	0	0	0	0	0	0	0	0	1	0	1	0	0
OTU_6046	0	0	0	0	0	1	0	0	1	0	0	0	0	0	0	4	1	0	0	0	0	0
OTU_2829	0	1	1	0	2	0	0	0	0	4	1	0	0	0	0	0	3	1	0	2	0	0
OTU_1621	7	0	0	1	0	1	7	2	5	7	1	2	4	1	1	2	0	0	0	13	0	0
OTU_4656	0	0	0	0	0	0	0	0	0	0	0	0	0	0	0	0	0	0	0	6	0	0
OTU_5870	0	0	0	2	0	0	1	4	0	0	0	0	0	2	0	0	0	1	0	0	0	0
OTU_3579	3	0	0	0	2	0	0	0	0	0	3	1	5	0	1	0	0	1	0	2	0	0
OTU_4660	0	0	0	0	0	0	0	0	0	0	1	0	1	0	1	0	4	0	0	0	0	0
OTU_2773	3	2	2	0	0	2	0	6	1	3	4	0	4	5	5	0	1	0	0	0	0	0
OTU_3566	0	0	2	3	0	3	0	0	0	0	0	2	0	0	0	1	0	0	0	0	0	0
OTU_2302	2	0	3	1	4	0	0	0	1	1	2	0	0	1	1	0	5	4	0	5	0	0
OTU_1455	7	0	1	1	1	0	7	0	5	7	1	2	10	10	1	0	1	0	0	3	0	0
OTU_3271	1	0	0	0	0	0	0	0	0	1	0	1	1	3	1	10	0	0	0	4	0	0
OTU_5222	0	0	0	0	0	0	0	2	0	1	1	0	0	0	1	0	1	0	0	3	0	0
OTU_2295	2	0	0	0	0	0	0	0	0	0	0	12	0	2	0	1	0	0	0	0	0	0
OTU_3653	0	0	2	0	3	2	2	0	0	0	2	0	0	1	0	3	0	0	0	1	0	0
OTU_5131	1	0	0	1	0	0	0	0	0	0	0	0	0	0	0	0	0	0	0	0	0	0
OTU_5362	0	0	0	0	0	0	0	0	0	0	0	0	0	0	4	0	0	0	0	0	0	0
OTU_3490	1	0	0	0	0	6	1	0	1	0	0	2	0	3	0	1	0	0	0	0	0	0
OTU_3825	0	0	2	0	3	0	0	1	0	0	0	0	0	0	0	0	1	0	0	0	0	0
OTU_6269	0	0	2	1	1	2	1	2	0	0	1	2	2	1	0	0	0	0	0	3	0	0
OTU_5865	0	0	0	1	0	0	1	0	0	0	0	0	0	0	1	0	0	2	0	0	0	0
OTU_5130	0	0	0	0	1	0	0	0	2	0	0	1	2	0	3	0	0	0	0	1	0	0
OTU_4376	0	1	5	1	3	0	1	2	0	1	5	0	1	0	2	0	7	5	0	0	0	0
OTU_2061	3	0	0	0	0	0	2	1	1	4	1	5	0	4	0	0	2	0	0	0	0	0
OTU_1895	3	2	1	1	3	0	2	0	0	0	1	1	0	1	1	1	2	0	0	1	0	0
OTU_5845	0	0	0	0	0	0	0	0	0	0	0	0	1	1	0	0	0	0	0	1	0	0
OTU_1399	1	4	4	1	9	1	1	0	2	3	6	3	0	3	0	4	6	3	0	2	0	0
OTU_4035	1	0	0	0	0	0	0	0	1	0	0	0	0	0	0	2	0	0	0	3	0	0
OTU_5835	0	0	1	1	0	0	2	1	0	0	0	0	0	1	0	1	0	0	0	0	0	0
OTU_3211	1	2	3	3	1	0	0	2	0	0	3	0	0	0	3	0	1	4	0	0	0	0
OTU_1223	0	0	0	0	0	0	7	0	6	30	0	0	0	6	0	0	0	0	0	0	0	0
OTU_3341	0	1	0	0	0	0	0	1	1	2	0	0	5	3	0	0	0	0	0	1	0	0
OTU_6251	0	0	0	2	0	0	0	0	0	0	0	0	0	0	0	0	0	0	0	0	0	0
OTU_2853	3	0	1	4	1	8	1	3	1	2	3	1	1	4	2	4	1	2	0	3	0	0
OTU_4991	0	0	0	0	0	4	1	0	1	0	0	0	0	2	0	0	0	0	0	0	0	0
OTU_4354	0	0	2	0	0	0	0	0	0	0	1	0	2	0	0	0	1	3	0	1	0	0
OTU_3311	1	0	0	0	0	8	0	0	0	1	0	3	3	0	0	2	0	0	0	0	0	0
OTU_5134	0	0	0	0	0	0	0	0	0	1	1	0	0	0	0	0	0	0	0	0	0	0
OTU_2828	2	1	0	0	0	0	2	1	0	5	2	0	1	3	1	0	0	1	0	1	0	0
OTU_2040	2	1	2	3	1	0	2	1	1	4	0	5	0	3	0	0	3	0	0	1	0	0
OTU_5218	0	0	0	0	0	0	0	0	1	0	0	1	0	0	0	0	0	0	0	0	0	0
OTU_5902	0	4	0	0	2	0	1	3	1	0	5	0	2	0	0	0	1	0	0	0	0	0
OTU_3393	1	4	2	0	3	0	1	4	0	0	2	1	0	1	0	2	2	1	0	3	0	0
OTU_5302	0	0	0	0	0	0	0	0	0	2	0	0	1	0	0	5	2	0	0	1	0	0
OTU_3789	1	2	0	1	0	0	0	1	0	0	0	1	0	0	0	1	3	0	0	1	0	0
OTU_3323	0	1	1	0	4	0	0	1	0	2	0	2	0	0	0	0	4	3	0	3	0	0
OTU_4917	0	0	0	0	0	0	0	0	0	0	0	0	0	0	0	3	0	0	0	0	0	0
OTU_5584	0	0	0	0	0	4	0	0	1	0	0	0	0	0	0	2	0	0	0	0	0	0
OTU_4033	2	0	0	2	1	0	1	2	2	2	0	0	1	3	2	0	0	1	0	0	0	0
OTU_4487	1	0	1	1	3	1	0	0	0	2	0	1	0	0	1	0	1	0	0	1	0	0
OTU_5787	0	0	0	0	0	0	0	0	0	0	0	2	0	0	0	1	0	0	0	1	0	0
OTU_4446	2	0	1	1	0	0	0	0	1	2	1	0	0	0	1	0	0	0	0	0	0	0
OTU_5736	0	0	0	0	0	0	0	0	0	5	0	0	0	0	0	0	0	0	0	0	0	0
OTU_3484	0	4	3	3	1	0	1	1	0	0	2	0	0	1	2	0	5	3	0	0	0	0
OTU_3768	1	0	3	0	0	1	2	0	2	3	1	0	0	2	1	1	1	2	0	1	0	0
OTU_4641	0	1	0	2	0	0	0	9	0	0	0	0	2	0	2	0	0	0	0	0	0	0
OTU_4849	0	0	0	0	0	0	0	2	0	0	0	0	1	0	0	3	0	0	0	0	0	0
OTU_5433	0	0	0	0	0	2	0	0	2	0	0	0	0	0	0	6	0	0	0	0	0	0
OTU_2563	0	0	5	5	2	0	1	3	2	3	2	3	2	0	6	0	4	6	0	1	0	0
OTU_3702	0	0	0	0	0	8	0	0	1	0	0	0	0	3	0	1	0	0	0	0	0	0
OTU_2660	1	0	0	0	1	0	6	1	3	8	2	0	1	3	0	1	1	0	0	3	0	0
OTU_5313	1	0	0	0	0	0	0	0	0	0	0	0	0	1	0	0	0	0	0	0	0	0
OTU_1442	8	0	0	0	1	4	5	1	3	6	1	5	0	5	0	1	3	0	0	6	0	0
OTU_4696	0	0	0	0	0	0	0	0	1	1	0	0	0	0	0	0	0	1	0	2	0	0
OTU_3859	0	0	0	0	0	0	0	0	0	0	0	6	0	0	1	2	0	0	0	0	0	0
OTU_4078	0	1	0	1	0	0	0	0	0	0	0	0	1	0	3	0	0	1	0	1	0	0
OTU_6040	0	0	1	0	0	2	0	0	0	0	0	0	2	0	0	0	0	0	0	1	0	0
OTU_5848	0	0	0	0	0	2	0	0	0	0	0	0	0	0	0	0	0	0	0	1	0	0
OTU_3136	1	0	0	0	0	0	0	2	0	0	0	3	1	0	1	0	0	0	0	3	0	0
OTU_4141	0	0	1	0	1	0	0	0	0	0	0	0	0	1	0	0	0	2	0	0	0	0
OTU_2249	1	2	0	1	4	1	1	5	0	1	0	2	5	0	2	1	3	1	0	2	0	0
OTU_3227	1	0	0	1	0	0	0	0	0	3	0	0	0	1	0	0	0	1	0	2	0	0
OTU_4360	0	0	0	0	0	1	0	0	1	1	0	0	0	0	0	1	0	0	0	1	0	0
OTU_3437	0	1	0	1	1	0	0	3	0	4	1	2	1	3	1	1	0	0	0	2	0	0
OTU_5779	0	1	1	1	1	0	0	0	0	0	1	1	0	0	0	2	3	0	0	0	0	0
OTU_1851	0	0	1	4	4	1	1	2	5	2	2	4	0	5	0	0	0	2	0	1	0	0
OTU_5030	1	0	0	0	0	1	1	1	0	4	0	0	0	1	0	0	0	0	0	2	0	0
OTU_3534	0	0	0	0	0	1	0	0	2	0	0	0	1	0	0	3	0	0	0	0	0	0
OTU_2737	5	0	0	0	0	0	2	0	6	1	0	1	0	1	0	0	0	0	0	1	0	0
OTU_5307	0	0	0	0	1	0	0	0	0	0	0	0	0	0	0	0	1	0	0	0	0	0
OTU_5323	0	1	0	0	0	0	0	0	0	1	0	0	1	0	0	0	0	0	0	0	0	0
OTU_3588	4	0	0	0	0	0	2	0	0	4	0	0	0	1	0	0	0	0	0	3	0	0
OTU_3201	1	0	0	0	0	0	2	0	0	1	0	1	0	1	0	0	0	0	0	0	0	0
OTU_5562	2	0	0	0	0	0	2	0	0	5	0	0	0	3	0	1	0	0	0	0	0	0
OTU_2670	0	1	3	0	2	0	1	0	0	1	3	0	0	3	0	0	2	0	0	0	0	0
OTU_3568	4	0	0	0	0	0	0	0	0	0	0	7	0	0	0	0	0	0	0	1	0	0
OTU_4385	0	0	0	4	0	0	2	2	0	4	1	1	0	0	0	0	0	0	0	1	0	0
OTU_4692	1	0	0	0	0	0	0	0	0	0	0	0	0	2	0	0	0	0	0	1	0	0
OTU_3018	0	0	0	1	0	1	2	0	2	3	0	1	2	1	0	2	0	0	0	2	0	0
OTU_3963	1	0	0	0	0	0	1	0	0	1	0	0	0	3	0	0	0	0	0	0	0	0
OTU_3469	0	0	0	0	0	0	0	0	0	1	0	0	0	0	0	4	0	0	0	1	0	0
OTU_6094	0	0	0	0	0	0	0	1	0	0	0	0	0	0	2	2	0	0	0	0	0	0
OTU_4122	1	0	0	0	0	0	0	3	0	2	0	0	0	0	0	0	0	0	0	1	0	0
OTU_2854	0	2	5	0	3	0	0	1	0	0	2	0	0	0	0	0	1	4	0	0	0	0
OTU_3621	0	2	0	0	2	7	0	0	1	0	1	8	1	0	1	4	4	5	0	1	0	0
OTU_4880	1	2	0	0	0	0	2	0	0	0	0	0	0	1	0	0	0	0	0	0	0	0
OTU_5467	0	0	0	0	0	1	0	0	0	2	0	1	0	0	0	0	0	0	0	1	0	0
OTU_3381	0	0	0	0	0	0	1	2	0	0	1	2	0	0	0	2	0	0	0	8	0	0
OTU_5114	1	0	0	0	0	1	1	0	1	1	0	2	0	1	0	1	0	0	0	0	0	0
OTU_5303	0	1	1	0	1	1	1	0	0	0	1	0	1	5	0	0	0	1	0	0	0	0
OTU_5497	0	1	0	0	1	0	0	0	0	1	0	1	2	0	0	0	0	0	0	1	0	0
OTU_6256	0	0	0	2	0	0	0	0	0	0	0	0	0	0	0	0	0	0	0	0	0	0
OTU_4759	0	1	0	0	1	0	0	0	1	0	0	0	0	0	0	0	1	0	0	0	0	0
OTU_2755	3	1	1	0	1	0	0	3	1	2	4	3	1	3	0	0	3	1	0	2	0	0
OTU_3892	1	0	1	0	0	0	2	0	0	0	0	1	1	0	0	0	1	0	0	0	0	0
OTU_4818	0	0	0	0	0	0	0	0	0	0	0	3	0	0	0	6	0	0	0	2	0	0
OTU_2746	0	1	1	0	0	1	0	0	0	2	2	0	0	0	0	0	7	2	0	0	0	0
OTU_5934	0	1	0	0	2	0	0	0	0	0	1	0	0	0	1	0	0	0	0	0	0	0
OTU_6258	0	0	0	2	0	0	0	0	0	0	0	0	0	0	0	0	0	1	0	0	0	0
OTU_2685	3	1	0	1	0	0	3	0	0	1	0	0	0	3	0	0	2	0	0	1	0	0
OTU_4998	2	0	0	0	0	0	0	1	0	0	1	0	0	1	0	1	0	1	0	4	0	0
OTU_3205	0	1	1	0	4	0	0	0	0	0	2	0	0	0	1	0	1	2	0	0	0	0
OTU_1435	1	1	1	0	1	14	0	2	4	0	1	4	0	1	2	4	3	3	0	3	0	0
OTU_4829	2	0	0	0	0	0	0	0	0	0	0	0	1	0	1	0	0	2	0	0	0	0
OTU_2365	0	0	0	6	0	0	0	4	1	1	0	1	0	1	3	0	0	0	0	2	0	0
OTU_6259	0	0	0	0	0	0	0	1	0	1	2	1	0	0	0	0	0	0	0	0	0	0
OTU_1921	1	0	0	3	0	0	1	1	0	1	3	3	1	1	2	0	2	2	0	3	0	0
OTU_3101	1	1	0	0	1	0	0	0	0	2	1	2	0	0	0	0	0	1	0	0	0	0
OTU_5608	0	3	1	1	1	0	1	0	0	0	0	0	0	1	2	0	0	1	0	0	0	0
OTU_3075	1	0	0	1	0	1	0	0	2	5	0	3	0	7	0	3	0	0	0	4	0	0
OTU_4164	0	0	1	0	2	0	0	1	0	0	0	0	2	1	1	0	0	1	0	0	0	0
OTU_5335	0	0	0	0	0	0	0	0	0	1	0	1	0	0	0	0	0	0	0	0	0	0
OTU_2464	4	1	2	2	0	0	2	3	2	3	0	2	1	2	0	0	1	1	0	4	0	0
OTU_3987	1	0	0	0	3	0	1	0	0	0	2	1	2	0	0	0	0	0	0	2	0	0
OTU_4252	0	1	0	1	0	2	0	0	0	0	0	0	1	0	0	0	0	0	0	0	0	0
OTU_3326	5	0	0	0	0	1	0	1	3	1	0	4	0	0	0	17	0	0	0	2	0	0
OTU_4520	1	0	0	0	2	0	1	1	0	0	1	1	1	2	0	0	0	1	0	2	0	0
OTU_3562	1	1	0	0	1	0	1	3	2	1	0	2	1	0	0	3	0	0	0	2	0	0
OTU_4522	1	0	0	0	0	0	1	0	0	4	0	0	0	1	0	0	0	0	0	1	0	0
OTU_2308	0	0	2	2	3	1	0	0	1	1	1	0	0	1	1	0	4	3	0	3	0	0
OTU_4451	1	2	0	0	2	0	0	2	0	1	1	0	0	1	4	0	1	1	0	1	0	0
OTU_5582	0	0	0	0	0	0	1	0	0	2	2	0	0	0	0	0	0	1	0	0	0	0
OTU_5517	0	0	0	0	0	0	0	1	0	0	0	0	1	0	0	0	0	0	0	0	0	0
OTU_1979	0	2	0	2	7	0	2	4	3	3	2	1	3	2	2	0	2	2	0	0	0	0
OTU_4571	0	0	0	0	0	0	0	0	0	2	0	0	0	2	0	0	0	0	0	1	0	0
OTU_1753	3	0	0	0	0	0	4	0	1	21	0	0	0	3	0	0	0	0	0	1	0	0
OTU_5872	1	0	0	0	0	0	2	0	1	0	2	0	1	0	0	0	1	1	0	1	0	0
OTU_3374	0	0	1	1	0	0	0	4	0	1	0	0	0	0	0	0	3	2	0	0	0	0
OTU_2549	0	0	0	1	0	0	0	1	0	0	1	0	0	0	0	0	20	1	0	0	0	0
OTU_4535	0	0	2	1	7	0	3	0	0	2	5	1	0	0	2	1	4	8	0	1	0	0
OTU_4712	1	0	0	0	0	0	1	0	1	2	0	0	0	1	0	1	0	0	0	0	0	0
OTU_1959	0	1	2	1	2	3	6	0	2	4	0	0	1	8	1	0	1	1	0	0	0	0
OTU_3310	0	0	0	0	1	0	0	2	0	0	0	0	2	0	0	0	1	1	0	0	0	0
OTU_2471	1	0	0	0	0	6	1	0	4	3	0	9	0	4	0	1	0	1	0	0	0	0
OTU_5261	0	0	2	2	2	0	0	0	0	0	0	6	0	0	1	0	0	0	0	0	0	0
OTU_1881	0	0	0	26	0	0	0	6	0	0	0	0	0	0	0	0	0	0	0	0	0	0
OTU_2727	0	0	0	2	2	0	1	0	0	1	1	0	0	1	0	0	0	5	0	1	0	0
OTU_5111	0	0	0	0	0	9	0	0	2	0	0	0	0	1	0	8	0	0	0	0	0	0
OTU_3647	0	1	1	2	0	0	0	0	0	0	4	0	0	2	1	0	1	0	0	0	0	0
OTU_1587	0	13	12	3	9	0	0	3	0	1	4	2	0	0	4	2	8	3	0	3	0	0
OTU_6109	0	0	0	0	0	0	0	0	0	1	0	0	0	1	0	0	0	0	0	0	0	0
OTU_2798	0	1	4	0	4	0	0	0	0	0	2	0	0	0	1	0	1	1	0	0	0	0
OTU_4952	0	1	1	0	1	0	0	0	0	0	2	0	0	0	0	0	0	0	0	0	0	0
OTU_2815	0	0	1	0	4	0	0	1	1	1	1	0	1	1	5	0	2	1	0	0	0	0
OTU_2298	4	0	1	1	3	0	1	1	0	2	0	0	1	0	0	2	1	2	0	2	0	0
OTU_5289	0	0	0	0	0	1	0	0	2	0	0	0	0	0	1	0	0	0	0	0	0	0
OTU_4785	0	0	0	0	4	0	0	0	1	2	1	1	0	0	0	3	0	1	0	1	0	0
OTU_4841	0	1	0	1	2	0	0	0	0	0	0	0	1	0	0	0	1	0	0	0	0	0
OTU_2539	0	1	0	14	1	0	0	0	0	0	0	0	0	0	7	0	1	1	0	0	0	0
OTU_5414	0	0	0	1	1	0	0	4	0	1	0	1	0	1	0	0	0	0	0	0	0	0
OTU_2712	0	0	0	6	0	0	0	0	0	6	0	1	3	0	1	0	6	1	0	4	0	0
OTU_4165	0	1	1	1	1	2	0	2	1	0	0	2	2	0	0	0	2	0	0	0	0	0
OTU_1899	1	0	0	1	0	0	4	1	6	4	1	1	6	3	1	0	2	0	0	0	0	0
OTU_2994	1	3	0	0	0	2	0	0	0	0	0	1	0	0	0	5	3	0	0	0	0	0
OTU_3528	2	0	0	1	0	3	0	3	1	0	0	0	1	0	1	1	0	0	0	0	0	0
OTU_4258	1	1	1	2	1	0	0	0	1	1	0	0	3	0	0	0	1	0	0	1	0	0
OTU_3464	0	0	0	1	0	4	0	0	0	1	0	1	0	4	0	1	0	0	0	0	0	0
OTU_4087	1	0	0	0	1	3	0	0	2	0	0	1	0	0	0	2	0	0	0	0	0	0
OTU_4038	4	0	0	0	0	0	1	0	1	0	0	0	0	0	0	0	0	0	0	1	0	0
OTU_3813	0	0	0	0	0	6	0	0	0	0	0	0	0	0	0	0	0	0	0	0	0	0
OTU_3220	2	4	1	3	1	0	0	0	0	0	1	3	0	0	0	1	1	0	0	0	0	0
OTU_3712	0	0	0	0	0	6	0	1	0	0	0	0	0	1	0	2	0	0	0	0	0	0
OTU_5575	0	0	0	0	0	4	0	0	1	0	0	0	0	0	0	1	0	0	0	1	0	0
OTU_4296	0	1	1	2	2	0	2	0	0	3	1	1	0	0	0	0	2	2	0	0	0	0
OTU_2977	0	2	0	5	2	1	1	2	0	0	1	0	0	0	3	0	3	1	0	1	0	0
OTU_3043	3	0	0	0	0	0	0	2	1	0	0	1	2	1	0	0	0	0	0	1	0	0
OTU_2432	0	0	0	0	0	0	3	1	1	6	0	2	0	4	0	1	0	0	0	0	0	0
OTU_6148	1	0	0	0	0	1	4	0	1	7	1	2	1	2	0	1	0	2	0	2	0	0
OTU_2520	0	0	2	0	2	0	0	3	0	1	2	0	2	0	0	0	1	2	0	0	0	0
OTU_3811	3	0	0	0	0	0	0	0	1	1	0	0	0	2	1	0	0	0	0	1	0	0
OTU_3415	0	0	1	4	0	1	2	3	1	2	0	0	1	1	0	1	1	0	0	0	0	0
OTU_3060	0	0	0	9	0	0	0	1	0	0	0	0	8	0	0	0	0	0	0	0	0	0
OTU_2908	2	0	1	0	0	0	0	1	0	0	0	1	0	0	2	0	27	1	0	0	0	0
OTU_1783	0	3	2	0	4	0	0	0	1	0	7	0	0	0	2	0	4	3	0	0	0	0
OTU_2821	3	0	0	2	0	5	2	0	1	2	0	1	0	1	0	1	0	0	0	0	0	0
OTU_2846	2	0	0	1	0	0	0	4	0	2	0	0	1	1	0	2	0	0	0	2	0	0
OTU_3531	0	1	1	0	4	0	0	0	0	1	1	0	1	0	1	0	0	1	0	0	0	0
OTU_5601	0	0	0	0	0	0	0	0	0	1	0	1	0	0	0	0	0	0	0	1	0	0
OTU_4355	0	2	1	0	2	0	2	2	3	2	0	0	1	1	1	0	0	0	0	0	0	0
OTU_6035	0	0	0	0	0	0	1	1	0	2	0	1	0	1	0	0	0	0	0	2	0	0
OTU_5241	0	0	0	0	3	0	0	2	0	0	0	0	0	0	0	0	0	0	0	0	0	0
OTU_6160	0	0	0	0	0	0	1	0	0	1	0	0	0	0	0	0	0	0	0	0	0	0
OTU_4040	1	0	1	0	0	2	0	0	1	2	1	1	0	1	0	1	0	0	0	2	0	0
OTU_1448	0	0	0	0	0	0	0	0	3	12	0	0	0	45	0	0	0	0	0	0	0	0
OTU_4055	6	0	0	0	0	0	4	0	2	5	0	2	0	7	0	0	0	0	0	0	0	0
OTU_3640	0	0	4	0	0	0	1	1	1	0	0	1	0	0	1	0	0	4	0	0	0	0
OTU_5638	0	0	0	0	0	0	0	0	0	0	0	2	0	2	0	0	1	0	0	0	0	0
OTU_5149	0	0	0	0	0	0	1	1	0	1	0	0	1	1	0	0	0	0	0	0	0	0
OTU_2386	1	1	1	2	3	1	0	0	0	0	2	0	0	1	0	0	1	1	0	1	0	0
OTU_3855	1	5	1	3	16	0	2	2	0	0	5	0	0	0	2	2	3	6	0	2	0	0
OTU_2598	1	0	3	8	2	0	0	0	0	2	2	1	0	1	3	0	2	3	0	0	0	0
OTU_3878	0	0	0	0	1	0	0	2	0	0	0	1	0	0	0	0	1	0	0	0	0	0
OTU_2449	2	0	0	0	0	0	6	1	5	1	0	1	3	3	0	0	0	0	0	0	0	0
OTU_5187	1	0	0	0	0	0	0	0	0	0	0	2	0	0	0	0	0	0	0	0	0	0
OTU_4093	1	0	0	0	1	0	0	1	0	4	0	4	1	1	0	0	0	1	0	3	0	0
OTU_5191	0	0	0	0	0	0	0	0	0	0	3	0	0	0	0	0	0	0	0	0	0	0
OTU_5641	0	0	0	0	0	0	0	0	0	0	0	1	1	0	0	0	1	0	0	0	0	0
OTU_4256	0	0	0	0	0	1	0	0	0	0	0	1	0	1	0	1	0	0	0	1	0	0
OTU_5170	0	0	0	5	0	0	0	3	0	0	0	0	0	0	1	0	0	0	0	2	0	0
OTU_6278	0	0	0	1	0	0	0	0	0	0	1	0	0	1	0	0	0	1	0	1	0	0
OTU_3312	0	0	0	0	0	0	0	1	0	0	0	0	0	0	1	0	19	0	0	0	0	0
OTU_4311	0	0	0	0	0	1	0	0	0	0	0	0	0	0	0	3	0	0	0	0	0	0
OTU_5751	5	1	1	0	4	0	2	2	0	6	3	5	1	3	5	1	3	4	0	3	0	0
OTU_2284	0	0	0	4	0	0	1	1	0	1	0	0	0	0	5	0	1	0	0	1	0	0
OTU_2946	0	1	1	1	2	2	0	1	1	1	4	1	1	0	0	1	1	1	0	0	0	0
OTU_6012	3	0	1	0	1	0	0	0	2	5	0	0	1	1	0	0	0	2	0	2	0	0
OTU_5626	1	0	0	0	0	0	2	0	0	2	0	1	0	1	0	0	0	0	0	2	0	0
OTU_2063	3	0	0	1	3	1	4	1	2	4	2	1	0	1	1	2	1	3	0	3	0	0
OTU_4257	0	0	2	2	1	1	0	0	0	2	1	0	0	2	0	1	0	0	0	0	0	0
OTU_3932	1	1	1	1	2	0	0	2	0	0	1	0	1	0	0	0	0	0	0	0	0	0
OTU_6205	0	0	0	3	0	0	0	0	0	0	0	0	0	1	0	4	0	1	0	0	0	0
OTU_2505	1	1	0	0	2	7	2	5	4	2	0	0	0	3	0	1	0	1	0	1	0	0
OTU_2601	1	0	2	2	4	1	0	11	1	0	0	3	0	1	2	0	0	1	0	2	0	0
OTU_4249	0	0	0	0	0	0	0	0	0	0	0	1	0	0	0	4	0	0	0	0	0	0
OTU_1798	4	0	1	0	0	6	3	1	0	2	2	6	0	4	0	14	0	0	0	2	0	0
OTU_5148	0	0	0	0	0	0	0	2	0	0	0	0	0	0	1	0	0	0	0	0	0	0
OTU_2427	0	3	0	3	1	0	0	3	0	0	0	0	0	0	7	0	0	0	0	0	0	0
OTU_4984	1	0	0	0	0	0	0	0	0	0	0	0	0	1	0	0	1	1	0	0	0	0
OTU_6237	0	3	0	0	1	0	0	2	0	0	0	0	0	0	0	0	0	0	0	0	0	0
OTU_3532	1	0	0	0	0	0	1	0	1	0	0	0	0	0	0	0	0	0	0	2	0	0
OTU_3727	0	0	1	0	3	0	0	1	0	3	1	0	1	0	0	1	3	0	0	1	0	0
OTU_5620	1	0	1	1	0	2	0	1	1	0	2	0	1	0	0	0	0	0	0	0	0	0
OTU_2810	1	1	0	1	0	0	0	1	0	0	0	0	0	1	2	1	1	1	0	0	0	0
OTU_3839	0	0	1	0	2	0	1	0	0	0	0	0	1	3	2	0	0	2	0	0	0	0
OTU_3479	0	0	3	0	2	0	1	1	1	2	0	2	1	1	0	0	0	1	0	1	0	0
OTU_2811	0	0	0	0	0	0	1	0	3	7	0	0	0	4	0	0	0	0	0	0	0	0
OTU_5264	0	0	0	0	1	2	0	0	0	1	0	3	0	3	0	0	1	1	0	0	0	0
OTU_2438	2	0	2	0	3	0	0	0	0	1	1	5	0	0	3	0	5	2	0	1	0	0
OTU_5805	0	0	0	1	1	0	1	0	0	0	1	1	0	1	0	0	0	0	0	0	0	0
OTU_3722	0	0	1	3	0	0	0	0	0	0	1	0	1	0	0	0	0	2	0	0	0	0
OTU_5974	0	1	0	1	1	0	1	4	0	1	2	0	2	4	0	0	2	0	0	0	0	0
OTU_5474	0	0	0	6	0	0	0	0	0	0	0	0	0	0	0	0	0	0	0	0	0	0
OTU_5432	0	0	0	0	0	0	0	3	0	2	0	2	1	0	2	0	0	0	0	0	0	0
OTU_4191	0	2	0	2	0	0	1	0	0	1	0	0	0	0	0	0	0	0	0	0	0	0
OTU_5275	1	0	0	0	0	0	1	0	0	0	1	0	1	0	0	0	0	1	0	0	0	0
OTU_4042	0	0	0	3	0	0	0	0	0	0	0	0	0	0	1	0	0	0	0	0	0	0
OTU_2988	1	1	3	0	1	0	1	0	0	0	4	0	0	1	1	0	1	2	0	1	0	0
OTU_3430	0	0	2	0	2	0	0	0	0	0	0	0	0	1	0	0	0	0	0	0	0	0
OTU_2450	0	0	0	2	0	1	0	0	0	2	0	7	2	0	5	2	2	0	0	8	0	0
OTU_4159	0	0	0	1	0	3	1	3	0	4	1	2	2	3	0	1	1	0	0	3	0	0
OTU_3131	1	0	0	2	0	1	5	0	3	5	0	1	0	2	0	0	0	0	0	2	0	0
OTU_2508	0	0	0	0	0	9	0	0	1	0	0	0	0	0	0	8	0	0	0	0	0	0
OTU_5265	0	0	0	0	0	0	0	0	0	0	0	0	0	0	0	0	1	0	0	1	0	0
OTU_3276	5	0	0	3	0	0	2	1	0	2	0	2	5	3	0	0	0	0	0	2	0	0
OTU_4848	0	0	0	0	0	0	0	0	0	0	0	0	0	0	0	0	7	0	0	0	0	0
OTU_4460	1	0	1	1	2	0	1	1	2	1	0	0	2	0	1	0	1	0	0	2	0	0
OTU_2561	1	0	0	2	1	0	1	0	0	5	0	0	0	1	0	0	0	2	0	2	0	0
OTU_2998	0	0	1	6	1	0	0	1	0	0	0	0	0	1	4	0	0	0	0	0	0	0
OTU_2667	1	0	0	0	1	10	0	0	2	0	0	0	0	1	0	3	0	0	0	4	0	0
OTU_4373	0	0	0	0	0	1	0	0	2	0	0	0	1	1	0	2	0	0	0	0	0	0
OTU_5593	1	0	0	0	0	0	1	1	0	0	0	2	0	0	0	0	0	0	0	0	0	0
OTU_5569	0	0	1	0	0	0	1	1	0	1	0	0	0	1	1	0	0	0	0	0	0	0
OTU_2367	4	0	3	2	1	0	0	0	0	1	0	0	0	1	0	0	0	5	0	7	0	0
OTU_2182	0	4	2	3	7	0	2	2	3	0	1	1	1	0	2	0	2	6	0	1	0	0
OTU_4482	1	0	0	0	0	6	0	0	0	2	0	0	0	2	0	2	0	0	0	0	0	0
OTU_5815	0	0	0	0	0	0	1	0	1	4	0	0	1	1	1	0	1	0	0	0	0	0
OTU_2890	2	0	0	3	5	0	1	1	0	0	0	0	3	0	2	0	0	2	0	1	0	0
OTU_5272	0	0	0	0	0	0	0	1	2	1	1	1	2	0	0	4	0	0	0	1	0	0
OTU_3048	0	0	0	0	0	0	0	0	0	2	0	2	0	4	3	0	0	0	0	1	0	0
OTU_4212	0	0	0	1	0	0	0	0	0	2	0	0	0	0	0	0	0	0	0	0	0	0
OTU_3816	0	0	0	7	0	0	0	1	0	0	0	0	0	0	0	0	0	0	0	0	0	0
OTU_2547	0	0	0	0	0	14	0	0	4	0	0	1	1	0	0	2	0	0	0	2	0	0
OTU_2081	2	0	0	3	2	4	0	1	0	2	0	16	0	1	1	2	0	0	0	0	0	0
OTU_3548	0	0	0	0	0	9	0	0	2	0	0	0	4	1	0	3	0	0	0	1	0	0
OTU_3908	0	0	1	0	0	0	1	0	0	2	2	0	0	1	0	0	0	1	0	0	0	0
OTU_4668	0	0	0	0	0	0	0	0	1	2	0	1	0	1	0	0	0	0	0	0	0	0
OTU_3575	0	2	2	1	1	0	0	0	0	0	2	0	0	0	2	0	0	0	0	0	0	0
OTU_5997	0	0	0	0	0	0	0	0	0	0	0	0	0	0	0	0	2	0	0	0	0	0
OTU_1695	4	2	0	13	3	2	1	5	1	2	0	4	0	0	2	0	2	2	0	1	0	0
OTU_6213	2	1	0	0	0	0	0	0	0	0	0	1	0	0	0	0	0	0	0	2	0	0
OTU_1900	1	1	2	0	5	0	0	3	4	0	0	0	0	0	0	5	3	6	0	1	0	0
OTU_4669	3	0	0	0	0	2	0	0	0	1	0	5	0	0	0	0	3	0	0	0	0	0
OTU_4231	0	1	1	0	0	1	0	0	1	0	0	0	0	0	1	0	1	0	0	0	0	0
OTU_2393	4	0	0	0	0	1	4	0	1	0	0	1	0	4	0	1	0	0	0	1	0	0
OTU_6089	0	0	0	0	1	0	0	0	0	0	0	0	0	1	0	0	0	0	0	0	0	0
OTU_5410	2	0	0	0	0	0	0	0	2	2	0	1	0	2	0	0	0	0	0	1	0	0
OTU_3086	0	0	0	0	0	3	2	0	1	3	0	1	0	8	0	2	0	0	0	0	0	0
OTU_5829	0	1	0	0	0	3	0	1	0	0	0	0	0	0	1	0	0	0	0	0	0	0
OTU_4118	0	5	0	0	3	0	0	0	1	1	0	1	1	0	0	3	0	0	0	0	0	0
OTU_3827	0	0	0	0	0	5	0	0	0	1	0	0	0	1	0	1	0	0	0	0	0	0
OTU_4119	0	1	0	0	0	0	0	2	1	0	0	2	0	1	0	1	0	0	0	0	0	0
OTU_4771	0	0	1	1	0	0	0	0	0	1	0	0	0	0	1	0	0	1	0	1	0	0
OTU_3427	0	0	1	0	1	1	0	0	0	0	0	3	0	0	0	0	1	0	0	0	0	0
OTU_4061	0	1	0	1	0	0	1	0	0	0	2	1	0	0	0	0	0	0	0	1	0	0
OTU_5363	0	0	0	0	2	1	5	1	0	3	1	1	0	3	0	2	3	1	0	2	0	0
OTU_5304	3	0	0	0	0	0	0	3	2	1	0	0	0	0	0	0	0	0	0	0	0	0
OTU_5880	0	0	0	1	3	2	0	0	0	0	0	0	0	0	0	0	0	0	0	0	0	0
OTU_4768	0	2	3	0	3	0	0	0	0	0	0	1	0	1	2	0	1	1	0	0	0	0
OTU_5622	0	0	0	2	0	0	0	0	0	0	0	0	0	0	0	0	0	0	0	0	0	0
OTU_5540	0	0	1	0	1	0	0	0	0	0	1	0	0	0	0	0	0	1	0	0	0	0
OTU_4618	0	0	4	0	0	0	0	0	0	0	0	0	0	0	0	0	0	0	0	0	0	0
OTU_4057	1	0	0	0	0	0	0	1	0	6	0	0	0	0	0	0	0	0	0	0	0	0
OTU_2374	3	1	2	8	2	1	10	3	9	8	5	4	3	13	2	2	3	6	0	0	0	0
OTU_4232	1	0	0	1	0	0	0	3	0	0	0	0	0	0	0	0	0	0	0	1	0	0
OTU_6179	0	0	0	0	1	0	0	0	0	1	0	3	0	1	0	6	0	0	0	0	0	0
OTU_5487	0	0	0	0	0	0	1	0	0	1	0	0	0	1	0	0	0	0	0	0	0	0
OTU_3269	1	1	0	1	1	0	1	0	1	1	1	1	1	4	0	0	0	1	0	1	0	0
OTU_2162	0	1	1	12	1	0	0	0	0	0	1	0	1	0	2	0	1	3	0	0	0	0
OTU_5121	2	0	0	2	0	0	0	2	0	1	0	1	1	0	0	0	0	0	0	1	0	0
OTU_3523	0	3	2	0	0	0	0	2	0	2	0	2	0	0	1	0	0	1	0	1	0	0
OTU_4469	0	0	0	2	0	0	0	2	0	0	0	0	0	0	0	0	0	0	0	0	0	0
OTU_2897	0	0	0	0	0	0	0	0	0	0	0	0	1	0	0	0	9	1	0	0	0	0
OTU_5263	0	0	0	0	0	0	0	0	0	0	1	0	0	0	0	0	1	0	0	0	0	0
OTU_3212	0	1	0	0	4	0	1	0	0	1	0	2	0	1	1	1	1	0	0	0	0	0
OTU_5618	0	0	0	0	1	0	1	0	0	1	0	0	0	0	0	0	0	0	0	0	0	0
OTU_5348	0	0	0	1	1	0	0	0	0	1	0	0	0	1	0	1	0	0	0	0	0	0
OTU_1764	1	0	0	0	2	0	7	0	2	3	2	1	1	5	0	0	0	0	0	3	0	0
OTU_2425	2	0	0	0	0	0	0	1	1	2	0	7	0	3	0	0	0	0	0	2	0	0
OTU_4776	0	4	0	0	1	0	0	0	0	1	0	0	2	1	0	0	0	0	0	1	0	0
OTU_2473	2	0	0	1	1	0	1	0	0	7	0	1	0	2	0	1	0	0	0	1	0	0
OTU_3272	0	2	0	1	2	0	0	3	0	0	1	0	0	0	0	0	0	1	0	0	0	0
OTU_2835	2	0	0	0	0	0	0	0	0	2	0	6	0	0	0	0	0	1	0	1	0	0
OTU_2080	1	0	1	1	1	0	2	3	1	3	1	1	1	1	0	0	0	3	0	2	0	0
OTU_2460	6	0	0	0	0	0	3	0	3	6	0	2	2	7	1	0	0	0	0	1	0	0
OTU_4495	0	0	0	0	4	0	0	2	1	1	0	0	0	2	0	0	0	0	0	0	0	0
OTU_4834	0	1	2	0	1	0	0	0	0	0	1	1	0	1	1	1	3	2	0	0	0	0
OTU_2651	0	0	0	4	0	1	0	6	0	0	0	1	0	1	0	0	0	0	0	1	0	0
OTU_4377	0	0	0	0	0	0	1	1	1	1	0	0	0	2	0	0	1	0	0	0	0	0
OTU_5998	1	0	0	0	0	0	0	0	0	1	0	0	0	1	0	0	0	0	0	0	0	0
OTU_1785	0	0	0	0	0	0	0	0	0	0	0	0	0	0	0	0	45	0	0	0	0	0
OTU_3626	0	1	0	0	0	9	1	1	0	1	0	5	0	1	0	0	0	0	0	1	0	0
OTU_5486	0	0	0	0	0	0	0	0	0	0	0	0	0	0	0	2	0	0	0	1	0	0
OTU_4807	0	0	0	4	1	0	0	0	1	2	0	1	0	0	0	1	1	0	0	0	0	0
OTU_4529	1	0	0	0	1	0	0	0	1	0	0	0	1	0	0	2	0	0	0	0	0	0
OTU_3541	0	0	1	0	5	0	0	1	1	0	3	0	2	0	2	1	4	0	0	0	0	0
OTU_4184	0	0	0	0	0	0	0	2	0	1	2	1	2	0	1	2	7	1	0	4	0	0
OTU_5671	0	0	0	0	0	2	0	0	1	0	0	0	0	0	0	0	0	0	0	0	0	0
OTU_3373	0	0	0	0	0	1	0	7	1	1	0	2	3	0	2	2	0	0	0	1	0	0
OTU_2594	1	0	0	0	0	13	0	0	0	0	0	2	1	1	0	4	0	2	0	2	0	0
OTU_4462	0	0	1	0	1	0	0	0	0	0	1	0	1	0	0	0	0	0	0	1	0	0
OTU_3861	1	0	0	0	0	0	1	0	1	0	0	2	0	0	0	0	0	0	0	2	0	0
OTU_5314	0	0	0	0	0	0	0	0	0	0	0	2	0	0	0	0	0	0	0	0	0	0
OTU_4496	0	1	0	1	0	0	0	0	0	0	0	0	0	0	0	0	3	0	0	0	0	0
OTU_3976	0	1	0	0	0	1	0	0	1	0	0	1	0	1	0	0	0	0	0	0	0	0
OTU_4134	0	0	0	1	0	0	0	7	0	0	0	0	1	0	1	0	0	0	0	0	0	0
OTU_2956	0	1	1	3	4	1	0	0	1	1	4	0	1	0	1	0	4	2	0	0	0	0
OTU_2479	0	1	0	1	2	0	1	0	0	2	1	1	1	1	0	1	0	2	0	1	0	0
OTU_3069	0	1	1	0	3	0	0	0	2	0	1	1	0	1	2	1	3	1	0	0	0	0
OTU_4542	0	0	0	0	0	0	0	0	0	0	0	0	0	4	0	0	0	0	0	0	0	0
OTU_2717	0	0	0	10	0	0	0	0	0	0	0	0	0	0	0	0	0	0	0	0	0	0
OTU_4443	0	0	0	0	0	0	0	0	0	4	0	0	0	1	2	0	0	0	0	0	0	0
OTU_3913	0	0	1	0	4	0	0	0	0	0	1	0	0	0	0	0	0	3	0	0	0	0
OTU_5783	1	0	0	0	0	0	1	0	2	1	1	3	0	1	0	0	2	1	0	1	0	0
OTU_3869	0	0	0	0	0	0	0	0	2	3	0	2	0	6	0	0	0	0	0	1	0	0
OTU_5311	0	0	0	0	0	0	0	0	0	1	0	0	0	1	0	0	0	0	0	0	0	0
OTU_5374	0	0	0	0	0	0	0	0	0	0	0	3	0	1	0	1	0	0	0	1	0	0
OTU_2903	1	1	0	0	2	0	3	0	2	2	0	3	0	2	0	0	0	0	0	1	0	0
OTU_4691	3	3	2	4	4	0	2	2	1	1	0	2	1	1	1	0	0	3	0	1	0	0
OTU_5806	0	1	0	0	0	0	0	0	2	0	0	0	0	0	0	0	0	2	0	0	0	0
OTU_5233	2	0	0	0	0	0	2	0	3	3	0	2	0	2	1	1	0	0	0	10	0	0
OTU_3946	1	1	0	0	0	0	1	0	0	1	0	5	2	3	0	6	0	0	0	1	0	0
OTU_5309	1	0	0	1	0	0	0	0	0	0	0	0	0	0	0	0	0	0	0	1	0	0
OTU_5581	0	0	0	0	0	0	1	1	0	1	0	1	1	0	1	0	2	0	0	0	0	0
OTU_2992	0	1	1	1	6	0	0	1	0	0	0	0	0	1	1	0	0	1	0	1	0	0
OTU_4374	4	0	0	0	0	0	4	0	2	6	0	0	0	1	0	0	0	0	0	1	0	0
OTU_2936	1	1	0	2	0	2	2	1	1	0	0	3	0	0	0	9	0	1	0	2	0	0
OTU_3277	1	0	0	0	3	1	3	0	1	2	0	2	0	3	0	2	0	1	0	3	0	0
OTU_5328	0	0	0	0	0	0	0	2	0	0	0	0	0	0	1	1	0	1	0	0	0	0
OTU_3401	0	3	6	4	6	2	0	2	0	0	3	0	0	0	0	0	2	3	0	0	0	0
OTU_5073	0	0	0	0	0	0	2	0	1	1	0	0	1	0	0	0	0	0	0	0	0	0
OTU_5827	1	0	0	1	0	0	0	0	1	0	3	0	0	1	0	0	1	0	0	0	0	0
OTU_3281	2	2	2	0	0	0	0	2	0	1	1	1	0	0	0	2	0	0	0	0	0	0
OTU_4388	0	0	0	0	0	0	0	2	0	0	0	5	0	0	0	2	0	0	0	0	0	0
OTU_4005	1	0	0	0	0	0	0	0	0	0	0	3	0	0	0	1	0	0	0	0	0	0
OTU_6224	0	0	0	0	0	0	0	1	0	0	0	0	0	0	0	0	1	0	0	0	0	0
OTU_2714	4	0	0	0	0	0	2	0	0	3	0	1	0	2	0	0	0	0	0	5	0	0
OTU_3433	1	3	0	0	0	0	0	0	0	1	0	3	0	1	0	0	0	0	0	1	0	0
OTU_4178	0	1	0	0	0	0	4	0	0	2	0	1	0	3	1	0	0	0	0	0	0	0
OTU_5482	1	2	1	1	1	0	3	0	2	0	1	0	0	1	0	0	0	0	0	0	0	0
OTU_5873	0	0	0	0	0	0	1	0	1	1	1	0	0	0	0	0	0	0	0	0	0	0
OTU_6092	0	0	0	0	1	0	0	0	0	0	0	0	0	1	0	1	0	0	0	1	0	0
OTU_5279	0	0	2	0	0	0	0	1	0	0	0	0	1	0	1	0	2	2	0	0	0	0
OTU_3328	0	1	0	0	0	0	0	0	0	0	1	0	0	0	0	0	15	1	0	0	0	0
OTU_3475	0	1	1	0	2	1	0	0	0	0	0	0	1	0	0	0	0	0	0	0	0	0
OTU_5867	0	0	0	0	0	2	0	1	0	0	0	1	0	1	0	0	0	0	0	0	0	0
OTU_2132	1	1	1	1	3	4	0	0	3	0	0	1	1	0	3	3	0	2	0	1	0	0
OTU_2486	1	1	1	2	0	0	2	1	1	7	6	3	2	4	2	0	0	5	0	2	0	0
OTU_5132	0	0	0	0	0	1	0	0	1	0	0	1	1	1	0	0	0	0	0	0	0	0
OTU_5286	0	0	0	0	0	0	0	0	0	1	0	0	0	0	0	2	0	0	0	1	0	0
OTU_2775	0	1	0	0	0	10	0	0	0	0	1	0	0	1	0	5	1	0	0	0	0	0
OTU_3193	1	0	0	2	1	0	0	0	0	0	2	1	0	0	0	0	1	1	0	0	0	0
OTU_5627	0	0	0	0	0	0	0	0	0	0	0	1	0	0	0	0	2	0	0	0	0	0
OTU_5500	1	0	0	1	1	0	1	0	0	1	0	1	0	0	0	0	0	0	0	0	0	0
OTU_6075	0	1	2	0	1	0	0	0	0	0	2	0	0	0	0	0	1	1	0	0	0	0
OTU_4503	0	0	0	0	0	18	0	0	0	0	0	4	0	0	0	5	0	0	0	0	0	0
OTU_2825	0	3	5	0	1	0	2	0	0	0	2	0	0	0	0	0	0	1	0	0	0	0
OTU_3092	4	0	1	1	1	1	1	0	1	0	0	1	0	0	3	0	2	0	0	0	0	0
OTU_3189	0	0	2	1	3	0	0	2	0	0	0	4	3	0	1	2	2	2	0	3	0	0
OTU_5631	1	3	0	1	0	2	0	1	1	1	0	0	0	0	0	0	0	0	0	0	0	0
OTU_2978	0	0	0	0	0	1	0	0	1	2	0	4	0	3	0	1	0	0	0	1	0	0
OTU_3930	2	0	0	0	0	0	0	0	0	0	0	0	0	0	2	0	0	0	0	1	0	0
OTU_2544	3	1	0	8	0	0	2	0	1	1	0	18	0	0	0	2	0	0	0	2	0	0
OTU_5043	0	0	0	0	0	8	0	0	1	0	0	0	0	1	0	0	0	0	0	0	0	0
OTU_2347	3	5	2	3	5	0	0	4	0	0	3	1	2	1	2	0	1	2	0	2	0	0
OTU_2915	1	2	0	1	3	0	1	2	1	2	1	1	6	1	3	0	0	0	0	0	0	0
OTU_4234	0	0	0	1	0	0	0	1	0	0	0	1	0	0	0	0	0	0	0	0	0	0
OTU_3093	0	3	2	2	3	0	0	0	0	2	3	0	0	1	1	0	5	2	0	0	0	0
OTU_2586	8	0	0	0	0	0	5	0	5	1	0	4	0	3	0	0	0	0	0	0	0	0
OTU_6154	1	0	0	5	0	0	0	0	0	0	0	0	0	0	0	0	0	0	0	0	0	0
OTU_4670	0	0	0	0	0	0	1	0	0	2	0	5	0	0	0	0	0	0	0	1	0	0
OTU_6214	0	0	0	0	0	0	0	0	0	0	0	0	0	0	0	1	0	0	0	1	0	0
OTU_4438	2	0	0	0	0	0	0	0	1	1	0	0	2	2	0	1	0	0	0	1	0	0
OTU_3916	0	0	0	0	0	0	0	8	2	0	1	0	0	0	1	1	4	0	0	0	0	0
OTU_4043	0	0	0	0	0	9	0	0	0	0	0	0	0	0	0	0	0	0	0	0	0	0
OTU_4905	0	0	0	0	1	0	0	0	0	0	0	0	1	1	0	0	0	0	0	0	0	0
OTU_2517	0	2	3	5	4	0	1	7	0	0	2	0	0	0	5	0	3	3	0	0	0	0
OTU_4489	0	0	0	0	0	3	0	0	0	0	0	1	0	0	0	4	0	0	0	2	0	0
OTU_3359	0	0	0	6	1	0	0	2	0	0	0	0	1	0	4	0	2	1	0	0	0	0
OTU_4755	1	0	3	0	2	0	0	0	0	0	1	0	0	0	0	0	4	3	0	0	0	0
OTU_5320	0	1	1	0	0	1	1	0	0	1	0	1	0	0	0	1	1	0	0	1	0	0
OTU_4304	0	0	0	0	0	0	0	0	1	0	0	1	2	0	1	0	1	0	0	1	0	0
OTU_4510	0	0	0	0	1	0	0	0	0	0	0	0	0	0	0	0	1	0	0	6	0	0
OTU_5792	1	0	0	0	1	0	1	1	0	1	1	2	0	0	1	3	0	0	0	0	0	0
OTU_5266	0	0	0	0	1	2	0	0	1	0	0	0	0	0	0	3	0	0	0	0	0	0
OTU_6189	0	0	0	1	0	0	0	1	0	0	0	0	0	0	0	0	0	0	0	0	0	0
OTU_4166	1	1	0	0	0	0	0	3	0	0	1	1	0	0	1	4	0	1	0	0	0	0
OTU_4672	0	0	0	0	0	0	0	3	0	0	0	0	0	0	0	0	0	0	0	0	0	0
OTU_1923	1	2	6	5	5	0	0	2	0	0	4	1	0	0	0	2	6	4	0	1	0	0
OTU_3385	0	1	1	0	0	0	1	0	0	1	0	3	1	4	1	0	0	1	0	1	0	0
OTU_3115	2	0	0	1	0	0	1	0	1	2	0	0	4	3	0	0	0	1	0	1	0	0
OTU_5795	0	0	0	1	1	0	0	0	0	1	0	0	0	0	1	0	0	0	0	0	0	0
OTU_5282	0	0	0	0	0	0	0	0	0	0	0	0	0	0	0	4	0	0	0	0	0	0
OTU_3084	2	0	0	0	2	0	0	0	0	0	0	0	1	2	0	0	2	0	0	1	0	0
OTU_2012	0	1	4	0	3	0	3	1	0	2	0	0	4	2	0	0	1	3	0	0	0	0
OTU_3849	1	0	0	0	0	0	2	0	1	2	0	0	0	3	1	0	0	0	0	0	0	0
OTU_3639	0	0	0	0	1	0	0	1	0	1	0	1	1	0	2	0	0	0	0	2	0	0
OTU_2939	0	0	0	0	0	0	1	0	3	3	0	2	3	4	1	0	0	0	0	1	0	0
OTU_5520	1	0	3	0	0	0	0	0	0	1	3	0	0	0	0	0	0	0	0	0	0	0
OTU_2893	0	1	2	0	1	0	0	0	0	0	0	0	1	0	0	0	1	3	0	0	0	0
OTU_2753	0	2	4	0	2	3	0	0	0	1	4	0	0	1	0	0	1	5	0	0	0	0
OTU_4007	0	0	0	0	2	0	1	0	1	1	0	3	0	1	1	0	1	1	0	0	0	0
OTU_5316	0	0	0	0	0	0	0	0	0	0	0	0	0	0	0	4	0	0	0	0	0	0
OTU_6015	1	0	0	0	0	0	0	0	0	0	0	1	0	2	0	0	0	0	0	0	0	0
OTU_1985	0	0	0	1	0	0	8	0	9	4	0	1	1	11	0	0	0	0	0	6	0	0
OTU_3644	2	0	0	0	0	0	0	0	0	0	1	0	0	2	1	0	3	1	0	0	0	0
OTU_3894	0	0	0	0	0	1	0	1	0	0	0	1	0	0	0	1	0	0	0	0	0	0
OTU_4805	0	1	1	0	0	0	0	0	0	0	2	0	0	0	0	0	0	0	0	0	0	0
OTU_5885	0	0	0	0	0	1	0	0	0	0	0	2	0	0	0	0	0	1	0	0	0	0
OTU_6183	0	0	0	1	2	2	0	3	0	0	0	0	0	1	0	0	0	1	0	0	0	0
OTU_3967	3	0	2	0	1	0	1	1	2	3	0	2	0	2	0	0	3	0	0	3	0	0
OTU_4808	0	1	0	0	0	3	0	0	0	0	0	0	0	0	0	0	0	0	0	0	0	0
OTU_5143	2	0	0	0	0	0	1	0	2	1	2	1	0	0	0	0	0	1	0	0	0	0
OTU_3964	0	0	0	0	0	1	0	0	0	0	1	1	0	0	0	0	1	0	0	0	0	0
OTU_3960	0	0	0	6	0	0	0	1	0	0	0	0	2	0	0	0	0	0	0	0	0	0
OTU_3996	0	0	0	0	0	0	0	4	0	0	2	0	0	0	0	0	0	0	0	1	0	0
OTU_5560	0	0	0	0	0	0	1	3	2	1	1	1	0	1	0	0	0	0	0	0	0	0
OTU_2225	2	2	1	2	3	1	1	3	1	2	1	1	1	3	4	3	0	3	0	4	0	0
OTU_4242	0	0	0	7	0	0	0	1	0	0	0	0	2	0	0	1	0	0	0	0	0	0
OTU_5018	0	0	0	0	0	0	0	0	0	1	0	0	0	0	1	0	0	0	0	1	0	0
OTU_2682	1	1	0	0	1	2	3	0	1	1	5	0	2	0	1	0	2	0	0	0	0	0
OTU_2701	0	0	0	13	0	0	0	1	0	0	2	0	0	1	2	0	3	0	0	0	0	0
OTU_5354	0	0	1	2	0	0	1	1	1	0	0	3	0	0	0	0	0	0	0	0	0	0
OTU_4382	2	0	0	0	0	4	1	0	2	0	0	4	0	0	0	1	0	0	0	0	0	0
OTU_3657	2	0	0	0	0	0	0	0	0	0	1	1	0	0	0	6	0	0	0	0	0	0
OTU_2540	0	0	0	0	0	9	0	0	0	1	0	1	0	1	0	4	0	0	0	0	0	0
OTU_4717	2	0	0	0	0	0	0	0	2	1	0	1	0	1	0	0	0	0	0	0	0	0
OTU_3704	0	0	1	0	1	2	0	1	0	0	0	4	0	0	1	1	1	0	0	0	0	0
OTU_3145	2	0	1	6	3	0	0	2	0	2	0	0	0	2	0	0	0	1	0	2	0	0
OTU_2065	3	0	1	2	2	2	2	6	1	3	0	2	1	4	1	0	1	1	0	1	0	0
OTU_3884	0	0	0	0	0	0	0	1	0	1	0	4	0	0	1	0	0	0	0	1	0	0
OTU_6310	0	0	1	0	0	1	0	0	0	0	0	0	1	0	0	2	1	0	0	1	0	0
OTU_3550	0	0	1	0	1	0	0	0	1	2	0	0	0	0	0	0	2	0	0	0	0	0
OTU_6220	2	0	0	1	0	0	0	0	0	0	0	0	1	0	0	0	0	0	0	0	0	0
OTU_4788	0	1	0	0	1	1	0	0	1	0	0	1	1	0	0	0	1	0	0	0	0	0
OTU_5368	0	0	0	0	0	0	0	0	0	1	0	0	0	1	0	0	0	0	0	0	0	0
OTU_5555	0	0	0	0	0	0	0	0	0	0	0	4	0	0	0	0	0	0	0	0	0	0
OTU_6018	0	0	0	0	0	0	0	0	0	1	0	1	0	0	0	0	0	0	0	0	0	0
OTU_3390	3	0	0	0	0	0	3	0	2	1	2	1	0	3	1	0	0	0	0	0	0	0
OTU_5391	0	0	0	0	0	0	0	0	0	0	0	10	0	0	0	1	0	0	0	1	0	0
OTU_3864	1	0	0	1	0	3	0	0	3	1	0	0	1	1	0	0	0	0	0	0	0	0
OTU_5876	0	0	0	0	0	0	0	0	0	1	0	0	0	0	0	0	2	0	0	0	0	0
OTU_3888	0	0	0	0	1	0	2	0	0	0	0	4	0	0	2	0	0	0	0	2	0	0
OTU_5237	0	2	0	1	0	0	0	2	0	1	0	1	3	2	0	0	0	0	0	6	0	0
OTU_4779	0	0	0	0	0	0	0	0	0	0	0	0	0	0	0	0	14	0	0	0	0	0
OTU_6068	1	1	0	0	0	2	2	0	1	1	1	0	0	0	1	0	0	0	0	0	0	0
OTU_6186	0	0	0	0	0	0	0	0	0	0	0	0	0	0	0	0	4	0	0	0	0	0
OTU_5291	0	0	0	0	0	1	0	0	0	0	0	1	0	0	0	0	0	0	0	0	0	0
OTU_5760	0	0	3	0	1	0	0	0	0	0	0	0	1	0	0	0	0	0	0	0	0	0
OTU_3292	3	6	2	6	1	0	1	0	0	1	0	4	0	1	1	1	1	1	0	2	0	0
OTU_1811	0	6	2	5	11	1	0	0	1	0	2	0	1	0	1	0	10	3	0	0	0	0
OTU_6019	0	0	0	2	0	0	0	0	0	0	0	0	0	0	0	0	0	1	0	0	0	0
OTU_5100	0	0	0	0	2	0	0	0	0	2	0	0	0	1	0	0	0	0	0	0	0	0
OTU_3185	1	0	0	4	1	1	1	1	2	3	1	0	1	3	1	0	0	0	0	2	0	0
OTU_3732	1	1	2	18	3	0	0	2	0	0	0	0	0	0	0	0	0	3	0	0	0	0
OTU_1731	6	1	0	3	0	0	0	5	4	5	1	3	5	1	3	2	19	0	0	7	0	0
OTU_3504	0	1	1	2	0	0	0	0	0	0	1	0	0	0	0	0	1	0	0	0	0	0
OTU_5346	3	4	2	2	1	0	4	3	1	1	1	1	3	1	1	0	1	2	0	5	0	0
OTU_4960	0	0	0	3	0	0	0	0	0	0	0	0	0	0	0	0	0	0	0	0	0	0
OTU_4709	3	2	4	2	4	0	3	3	1	4	1	2	3	0	3	3	3	3	0	1	0	0
OTU_5253	0	0	0	1	0	0	1	1	0	0	1	0	0	1	1	0	1	0	0	1	0	0
OTU_5094	0	0	0	2	0	0	0	0	0	1	0	1	0	1	1	0	0	0	0	0	0	0
OTU_4614	0	0	0	0	2	0	0	1	0	0	1	0	0	0	0	0	0	0	0	2	0	0
OTU_3775	3	0	0	1	0	0	1	0	0	5	0	2	1	4	0	0	0	0	0	0	0	0
OTU_2942	0	1	0	2	0	0	0	2	0	0	1	0	0	0	3	2	0	0	0	2	0	0
OTU_5139	0	0	0	1	0	0	0	0	0	0	0	0	0	0	0	0	1	1	0	0	0	0
OTU_4288	1	4	2	1	2	0	1	0	0	3	1	0	0	0	0	1	1	1	0	0	0	0
OTU_5469	0	0	0	1	0	0	3	0	0	0	0	0	0	3	0	0	0	0	0	2	0	0
OTU_6218	1	0	0	0	0	7	0	0	1	0	0	1	0	0	0	8	0	0	0	0	0	0
OTU_3734	0	0	0	0	0	0	0	0	0	0	0	9	0	0	0	0	0	0	0	0	0	0
OTU_3724	0	0	1	0	0	0	0	0	0	1	0	1	0	0	0	0	0	0	0	1	0	0
OTU_3071	0	2	1	1	5	0	0	1	0	0	0	0	0	0	3	0	2	2	0	0	0	0
OTU_5799	1	0	0	0	0	0	0	0	0	0	0	0	0	0	0	1	0	0	0	0	0	0
OTU_3505	3	0	0	0	0	0	0	0	1	0	0	0	0	5	0	0	0	0	0	0	0	0
OTU_5093	0	0	0	0	0	0	0	0	0	0	0	0	0	0	0	2	0	0	0	0	0	0
OTU_3334	0	5	6	0	2	0	1	0	1	0	4	0	0	1	0	0	3	1	0	0	0	0
OTU_4501	1	1	0	1	0	0	0	0	0	0	0	0	1	0	0	0	1	1	0	0	0	0
OTU_5561	0	3	0	1	1	0	1	0	1	0	0	1	0	2	0	0	0	0	0	3	0	0
OTU_4454	0	0	1	0	0	0	0	0	0	0	0	0	0	0	0	5	0	0	0	0	0	0
OTU_2676	4	0	1	0	2	0	1	1	0	1	2	3	0	1	0	0	1	2	0	0	0	0
OTU_5439	0	0	0	0	0	0	0	0	1	1	0	0	1	0	0	0	0	2	0	1	0	0
OTU_2804	0	1	0	0	3	0	2	0	1	0	3	0	0	3	0	0	1	0	0	0	0	0
OTU_4893	0	0	0	0	0	3	0	0	0	0	0	0	0	1	0	4	0	0	0	0	0	0
OTU_3631	0	0	0	1	0	0	0	0	0	0	0	1	0	5	0	0	0	0	0	0	0	0
OTU_2428	0	2	1	2	4	0	3	0	0	0	0	0	0	0	0	0	0	1	0	3	0	0
OTU_3830	0	0	0	0	0	5	0	0	0	0	0	0	0	0	0	2	0	3	0	0	0	0
OTU_5003	3	0	0	0	0	0	0	0	0	2	0	0	1	0	0	0	0	0	0	1	0	0
OTU_3900	0	0	0	0	0	0	0	0	0	0	0	0	0	0	0	0	9	0	0	0	0	0
OTU_3795	2	4	2	0	2	1	3	5	2	2	0	2	1	0	2	1	2	4	0	3	0	0
OTU_6095	0	0	0	0	0	1	0	0	0	0	0	0	1	3	0	0	0	0	0	0	0	0
OTU_2331	1	0	0	0	1	0	1	1	0	1	3	0	1	2	1	0	3	0	0	1	0	0
OTU_4457	0	1	0	0	1	0	0	3	0	0	0	0	1	0	0	0	1	0	0	0	0	0
OTU_5088	9	0	0	1	0	0	7	0	1	6	0	0	0	5	0	0	0	0	0	1	0	0
OTU_3286	2	0	0	2	0	0	1	1	1	6	0	0	1	0	2	2	1	2	0	1	0	0
OTU_4578	1	0	0	0	0	2	0	0	1	0	0	0	0	0	0	2	0	0	0	0	0	0
OTU_4813	0	0	1	0	2	0	0	0	0	0	0	0	0	0	0	0	0	0	0	1	0	0
OTU_5855	0	0	1	1	0	0	1	0	1	0	0	0	0	0	0	1	0	0	0	1	0	0
OTU_4688	0	0	0	0	0	0	4	2	0	0	1	0	0	0	0	0	0	1	0	2	0	0
OTU_1893	4	0	0	0	0	0	5	0	1	4	0	3	0	5	0	0	0	0	0	0	0	0
OTU_5413	0	0	0	0	0	2	0	0	0	0	0	1	0	0	0	2	0	0	0	1	0	0
OTU_3567	0	0	2	0	0	0	1	1	0	0	0	0	0	0	2	0	2	1	0	0	0	0
OTU_4437	2	0	0	0	1	0	3	2	1	1	1	2	4	9	0	0	0	0	0	1	0	0
OTU_5858	0	0	0	0	0	0	0	0	0	0	0	0	0	0	0	2	0	0	0	0	0	0
OTU_4581	0	0	0	0	1	3	0	0	0	0	0	1	0	0	0	2	0	0	0	0	0	0
OTU_4228	0	0	1	0	0	0	1	0	1	0	0	2	0	0	1	0	1	0	0	0	0	0
OTU_5107	1	0	0	4	0	0	0	0	0	0	0	0	0	1	0	0	0	0	0	0	0	0
OTU_3962	0	0	0	5	0	0	0	2	0	0	0	0	0	0	0	0	0	0	0	0	0	0
OTU_3139	1	1	1	0	2	0	1	0	0	0	2	0	0	0	0	0	0	3	0	0	0	0
OTU_3371	0	0	0	0	0	3	1	0	0	0	0	1	2	0	0	4	0	0	0	0	0	0
OTU_3668	1	1	0	1	0	0	1	1	0	0	1	3	0	0	0	0	3	3	0	0	0	0
OTU_5477	0	0	0	0	0	0	0	0	0	0	0	4	0	0	0	0	0	0	0	0	0	0
OTU_3152	2	0	0	1	0	0	0	0	1	1	0	0	0	0	0	3	0	1	0	3	0	0
OTU_3658	0	1	0	3	2	0	0	0	0	2	2	0	0	0	2	0	0	2	0	1	0	0
OTU_4436	0	0	0	0	0	0	0	3	0	0	0	0	0	0	1	0	0	0	0	1	0	0
OTU_5820	0	0	0	0	1	1	0	0	1	0	0	3	0	0	0	2	1	0	0	0	0	0
OTU_3937	0	0	1	2	3	0	0	0	0	0	2	0	3	2	0	0	1	1	0	0	0	0
OTU_5968	0	0	0	7	0	0	0	0	0	0	0	0	0	0	3	0	0	0	0	0	0	0
OTU_5774	1	0	1	0	0	0	1	0	0	0	1	1	0	0	0	0	0	0	0	0	0	0
OTU_4694	0	0	1	0	1	8	1	1	0	1	0	0	0	1	0	3	0	0	0	0	0	0
OTU_5859	0	0	0	0	0	0	0	0	0	0	2	0	0	0	0	0	0	1	0	0	0	0
OTU_5856	0	0	0	0	0	0	0	0	1	0	0	1	0	0	0	1	0	0	0	0	0	0
OTU_4046	0	1	0	0	2	0	0	1	1	0	0	0	0	0	1	0	1	0	0	1	0	0
OTU_6168	0	0	0	0	3	0	0	2	0	0	0	1	0	1	0	0	1	1	0	0	0	0
OTU_4009	0	0	0	0	0	0	0	0	0	0	0	0	0	0	0	0	9	0	0	0	0	0
OTU_5140	0	0	0	2	0	0	0	1	1	1	0	2	0	1	0	1	0	3	0	0	0	0
OTU_3478	2	0	0	2	0	0	1	0	0	0	0	3	0	1	0	0	0	0	0	1	0	0
OTU_3718	0	0	0	0	0	0	1	0	0	3	0	0	0	0	0	0	0	0	0	0	0	0
OTU_3361	2	0	0	0	0	0	3	0	0	2	0	1	0	3	0	0	0	0	0	0	0	0
OTU_3847	0	0	0	1	0	1	2	0	0	1	0	0	0	2	0	1	0	0	0	0	0	0
OTU_6033	0	0	0	0	0	0	0	0	0	1	0	2	0	0	0	0	0	0	0	0	0	0
OTU_3183	0	0	0	0	0	0	2	0	3	2	0	0	0	3	0	0	0	0	0	0	0	0
OTU_2731	4	1	0	0	0	3	2	0	2	4	0	2	0	3	0	2	1	1	0	1	0	0
OTU_5340	0	0	0	0	0	0	0	0	0	0	1	0	0	1	1	0	0	1	0	0	0	0
OTU_3114	1	0	9	0	0	0	0	0	0	2	1	0	0	1	0	1	0	1	0	1	0	0
OTU_2729	2	0	0	3	2	0	3	0	1	3	0	2	2	0	6	2	1	2	0	0	0	0
OTU_5558	1	0	0	0	0	0	0	1	0	0	0	0	0	0	0	0	3	0	0	0	0	0
OTU_2898	2	1	3	0	5	0	0	0	0	0	0	0	0	2	1	4	4	3	0	0	0	0
OTU_5647	0	0	0	0	0	0	0	0	0	0	0	3	0	4	0	0	0	0	0	1	0	0
OTU_3039	1	0	1	0	2	0	0	0	0	0	2	0	0	0	0	0	3	3	0	0	0	0
OTU_3001	0	1	1	1	4	0	0	1	0	0	0	0	0	0	2	0	0	2	0	0	0	0
OTU_5525	0	0	0	0	0	0	0	0	0	0	0	0	0	0	0	0	0	3	0	0	0	0
OTU_4472	1	0	0	1	1	9	0	1	0	0	0	4	1	0	0	7	0	0	0	2	0	0
OTU_5072	0	0	0	0	0	0	1	0	0	0	0	3	1	0	0	0	0	0	0	0	0	0
OTU_4524	0	0	1	1	1	0	0	0	0	0	0	0	0	0	0	0	0	0	0	0	0	0
OTU_2952	1	0	0	0	0	0	2	0	1	7	0	1	0	2	0	0	0	0	0	1	0	0
OTU_2569	0	1	0	0	5	0	0	0	0	0	2	2	0	0	1	0	5	2	0	0	0	0
OTU_3148	1	0	0	0	1	0	0	0	0	1	2	0	1	0	1	2	0	2	0	1	0	0
OTU_1793	2	0	0	0	0	0	0	39	0	0	0	0	0	0	0	0	0	0	0	0	0	0
OTU_3340	1	0	0	0	0	12	0	1	1	0	0	0	0	0	0	3	0	1	0	0	0	0
OTU_2108	2	0	0	3	3	0	3	1	1	1	1	3	0	4	0	1	1	2	0	2	0	0
OTU_4767	1	2	0	0	0	0	0	0	0	0	0	1	0	0	0	0	0	0	0	1	0	0
OTU_5851	0	0	0	0	0	0	0	0	0	2	0	0	0	0	0	0	4	0	0	0	0	0
OTU_4599	0	1	0	0	0	0	0	0	0	0	0	0	0	0	0	0	0	3	0	0	0	0
OTU_3896	1	1	2	0	1	0	0	0	0	0	0	0	0	0	1	1	0	0	0	2	0	0
OTU_3895	1	0	0	5	0	0	0	2	0	1	0	0	1	0	0	0	0	1	0	0	0	0
OTU_3137	1	0	0	0	3	0	1	3	2	0	4	3	1	1	0	0	3	2	0	2	0	0
OTU_2502	3	1	0	1	0	0	0	4	0	3	0	1	0	0	2	0	1	1	0	0	0	0
OTU_5962	0	0	0	0	0	0	0	0	0	1	1	0	0	3	0	0	1	0	0	3	0	0
OTU_4913	1	0	0	1	0	0	0	0	1	1	0	0	0	0	0	0	0	0	0	1	0	0
OTU_3591	0	0	0	0	0	1	3	0	1	0	0	1	0	3	0	0	0	0	0	2	0	0
OTU_4553	1	0	0	0	0	0	0	0	0	1	0	0	0	1	0	6	0	0	0	0	0	0
OTU_3200	2	0	0	3	0	0	1	0	3	0	0	0	1	2	0	0	0	0	0	1	0	0
OTU_5778	1	1	0	0	0	0	1	1	1	1	0	1	1	4	0	0	0	0	0	2	0	0
OTU_3022	0	0	0	0	0	0	0	0	0	0	0	3	0	0	0	6	0	2	0	0	0	0
OTU_4752	0	0	1	0	1	0	0	0	1	2	0	0	0	1	0	0	0	0	0	1	0	0
OTU_2985	1	0	0	0	0	0	0	0	0	2	0	4	0	4	0	0	0	0	0	4	0	0
OTU_4648	1	1	0	0	0	0	1	0	1	2	0	0	1	0	0	0	0	0	0	0	0	0
OTU_1890	3	0	0	2	0	0	0	1	4	18	1	3	1	18	1	19	0	0	0	12	0	0
OTU_4758	1	0	0	0	1	0	2	1	3	0	1	1	0	0	0	0	1	1	0	1	0	0
OTU_2639	17	0	0	0	0	0	0	0	0	0	0	0	0	0	0	0	0	0	0	1	0	0
OTU_6149	0	1	0	1	1	0	0	0	0	2	0	1	0	0	0	0	0	1	0	1	0	0
OTU_5406	0	0	0	0	0	0	0	1	0	0	1	0	4	0	0	0	1	0	0	1	0	0
OTU_4431	1	0	0	1	0	0	0	0	0	1	0	0	1	0	0	0	0	1	0	2	0	0
OTU_4461	2	0	0	3	0	0	1	1	0	1	0	0	0	0	0	0	0	0	0	4	0	0
OTU_6176	0	0	0	0	0	2	0	0	0	0	0	0	0	0	0	0	0	0	0	0	0	0
OTU_3994	0	0	0	0	0	0	1	1	2	0	0	0	3	4	0	0	0	0	0	0	0	0
OTU_3555	0	0	3	0	0	0	0	1	0	0	0	0	0	1	0	0	0	0	0	1	0	0
OTU_4417	0	2	1	0	4	0	0	0	0	0	2	0	0	2	0	0	1	1	0	0	0	0
OTU_2980	0	1	1	0	0	0	0	0	0	0	0	1	1	0	2	0	2	2	0	1	0	0
OTU_4036	2	0	0	0	0	0	2	0	0	0	0	1	0	1	0	0	0	0	0	0	0	0
OTU_5167	0	0	0	0	0	0	0	0	0	0	0	0	0	0	0	0	3	0	0	0	0	0
OTU_5967	2	0	0	0	0	0	0	0	0	2	0	0	0	1	0	0	0	0	0	4	0	0
OTU_5879	1	0	1	1	3	0	0	0	0	0	0	0	0	0	0	0	0	1	0	0	0	0
OTU_5564	0	1	1	1	1	0	0	0	0	0	0	0	0	0	2	0	2	1	0	0	0	0
OTU_3498	1	0	0	0	0	5	0	2	2	2	0	0	0	0	0	6	0	0	0	0	0	0
OTU_5612	0	1	0	0	0	0	2	0	0	0	1	0	0	0	0	1	0	0	0	0	0	0
OTU_4624	0	0	0	1	1	2	0	2	1	2	4	1	0	1	0	0	0	2	0	1	0	0
OTU_3551	1	0	0	0	1	0	0	1	1	3	0	0	3	4	1	0	0	1	0	2	0	0
OTU_4973	0	0	0	1	0	0	0	1	0	0	0	0	0	0	0	0	0	0	0	0	0	0
OTU_4427	2	0	0	0	0	0	0	0	0	0	0	0	0	1	0	0	0	0	0	0	0	0
OTU_5005	0	0	1	0	0	0	0	0	0	0	0	0	0	0	1	0	0	0	0	0	0	0
OTU_4646	0	1	0	5	0	0	0	0	0	0	0	0	0	0	0	0	0	0	0	0	0	0
OTU_3492	0	0	0	3	0	0	0	1	0	0	0	0	1	0	6	0	0	0	0	0	0	0
OTU_6144	0	0	0	0	0	0	0	0	0	0	0	0	0	0	0	0	5	0	0	0	0	0
OTU_5802	0	2	1	0	0	0	1	1	3	1	1	2	2	1	0	0	1	2	0	1	0	0
OTU_2083	5	0	2	0	2	0	1	0	1	2	3	1	0	0	0	0	4	3	0	3	0	0
OTU_5359	0	0	0	0	0	1	1	1	0	0	0	1	1	0	0	0	0	0	0	1	0	0
OTU_3520	1	0	0	0	0	3	0	0	0	3	2	1	0	2	0	1	0	1	0	0	0	0
OTU_4889	0	1	1	1	2	0	0	0	0	0	0	1	0	0	1	0	1	0	0	0	0	0
OTU_2603	2	0	1	2	1	2	0	2	1	0	1	0	0	1	0	0	0	3	0	0	0	0
OTU_4233	0	1	0	3	1	0	0	2	0	0	2	1	0	0	1	0	0	0	0	0	0	0
OTU_5445	0	0	0	0	0	0	4	0	2	4	0	0	1	1	0	0	0	0	0	1	0	0
OTU_4678	0	0	0	1	0	0	0	0	0	0	0	5	1	0	0	0	0	0	0	0	0	0
OTU_5000	0	0	0	0	1	1	1	1	0	1	1	0	0	1	1	0	0	0	0	0	0	0
OTU_6299	1	0	0	0	0	0	1	0	0	1	0	0	1	1	0	0	1	1	0	0	0	0
OTU_4423	0	0	0	1	0	0	0	0	0	0	1	1	1	1	0	0	1	3	0	0	0	0
OTU_3866	0	0	0	0	1	0	0	0	1	2	2	0	0	0	0	0	0	0	0	1	0	0
OTU_4734	0	0	0	0	1	0	0	1	1	0	0	0	0	0	1	1	0	0	0	0	0	0
OTU_5886	1	0	0	1	0	2	0	1	0	0	0	2	0	0	0	0	0	0	0	2	0	0
OTU_6180	0	0	0	1	2	0	0	1	0	0	0	0	1	1	0	0	0	1	0	0	0	0
OTU_2538	0	0	0	0	3	0	0	14	0	0	0	0	0	0	0	1	0	0	0	2	0	0
OTU_3800	0	0	1	1	1	0	0	0	1	0	0	1	0	0	0	4	0	0	0	0	0	0
OTU_3935	0	2	1	0	4	0	0	0	0	0	2	1	0	0	0	0	0	0	0	0	0	0
OTU_5956	0	0	1	0	1	1	0	0	0	0	0	0	0	0	0	0	0	0	0	0	0	0
OTU_2695	3	0	0	0	1	0	1	0	2	1	0	2	6	1	0	0	0	0	0	3	0	0
OTU_5703	0	0	0	0	1	0	0	0	0	0	0	0	3	0	0	0	0	0	0	1	0	0
OTU_2050	1	1	1	2	2	0	1	0	1	0	6	0	1	0	0	0	5	1	0	3	0	0
OTU_5329	0	0	1	0	0	0	1	1	1	0	0	0	0	0	0	1	0	0	0	0	0	0
OTU_2967	5	0	1	1	2	2	2	0	1	5	1	2	1	8	0	3	1	1	0	2	0	0
OTU_2963	2	0	0	0	0	0	0	0	0	1	0	0	3	0	0	0	0	0	0	6	0	0
OTU_3454	5	0	1	0	0	1	1	0	2	0	0	0	1	0	1	2	0	0	0	1	0	0
OTU_4563	2	0	1	1	0	1	2	2	1	1	1	0	1	0	1	0	1	0	0	1	0	0
OTU_5567	0	0	1	0	0	0	0	0	0	0	0	0	0	0	2	0	0	0	0	0	0	0
OTU_4872	0	0	0	0	0	0	1	0	0	0	0	0	0	1	0	0	0	0	0	1	0	0
OTU_3703	0	0	2	0	0	0	0	0	0	0	2	0	2	0	0	0	0	1	0	0	0	0
OTU_5494	0	0	0	0	0	0	1	1	0	0	0	0	0	0	0	0	0	0	0	0	0	0
OTU_2958	0	2	1	1	7	0	0	0	0	0	0	0	0	0	1	0	2	1	0	0	0	0
OTU_5224	0	1	0	0	5	7	0	1	0	1	0	2	0	0	0	6	1	2	0	0	0	0
OTU_4268	0	0	0	0	0	1	0	0	0	0	0	0	0	0	0	1	0	1	0	1	0	0
OTU_2035	3	1	0	0	3	0	0	1	0	3	2	0	0	9	1	0	1	2	0	3	0	0
OTU_5246	0	0	0	0	0	0	0	0	0	0	0	0	0	0	0	0	0	3	0	0	0	0
OTU_5168	0	0	0	0	0	0	0	1	0	0	1	0	0	0	0	0	0	0	0	0	0	0
OTU_3014	1	0	0	0	0	8	0	0	2	0	0	0	0	0	0	8	0	0	0	0	0	0
OTU_2623	2	0	0	0	0	2	6	0	4	8	0	0	0	3	0	0	0	0	0	0	0	0
OTU_6200	2	0	0	0	0	0	0	0	0	0	0	0	0	0	0	0	0	0	0	0	0	0
OTU_2178	0	2	0	18	0	0	0	2	0	0	1	0	0	0	1	1	2	2	0	0	0	0
OTU_5957	0	0	0	1	0	2	0	0	0	0	0	0	0	0	0	0	0	0	0	0	0	0
OTU_1819	2	0	0	0	2	0	8	0	6	3	1	6	0	1	0	4	1	1	0	1	0	0
OTU_4548	1	0	0	0	0	0	0	1	0	0	0	0	2	0	0	0	4	0	0	0	0	0
OTU_3584	0	0	0	0	1	0	0	2	0	0	0	0	0	0	1	0	2	1	0	0	0	0
OTU_4449	0	0	0	1	1	1	1	0	0	0	0	0	0	3	0	0	0	0	0	0	0	0
OTU_3233	0	1	0	0	1	0	0	0	0	0	3	0	0	0	0	0	5	0	0	0	0	0
OTU_3758	0	0	0	1	0	0	3	4	1	0	0	0	0	0	0	0	0	0	0	0	0	0
OTU_3519	0	1	0	0	1	0	1	1	2	0	0	0	2	0	1	0	0	2	0	2	0	0
OTU_5004	0	0	0	0	0	0	0	0	1	2	0	0	0	0	0	0	0	0	0	0	0	0
OTU_5382	0	0	1	0	4	0	0	0	0	0	0	0	1	0	0	0	2	1	0	0	0	0
OTU_4847	1	1	0	3	10	1	0	0	0	0	0	2	0	3	0	2	2	0	0	0	0	0
OTU_6080	1	0	0	0	0	0	1	3	1	0	0	0	1	1	0	0	0	0	0	0	0	0
OTU_4867	1	0	1	1	0	0	0	0	0	0	0	0	0	1	1	0	1	0	0	0	0	0
OTU_1735	4	0	0	8	1	0	2	2	3	4	1	3	3	2	2	1	0	1	0	1	0	0
OTU_4746	0	0	0	0	0	0	1	0	2	2	0	0	0	0	0	0	0	0	0	0	0	0
OTU_5843	0	0	1	0	2	0	0	0	0	0	0	0	0	0	0	0	0	0	0	0	0	0
OTU_5542	1	1	0	2	2	0	1	1	0	0	1	0	0	0	0	0	0	0	0	0	0	0
OTU_3889	0	0	0	0	1	0	0	0	1	1	1	1	0	2	0	0	1	0	0	0	0	0
OTU_6039	0	0	0	0	0	0	0	0	0	0	0	2	0	0	0	0	0	0	0	0	0	0
OTU_4589	0	0	0	0	0	0	0	0	1	0	0	0	0	0	0	2	1	0	0	0	0	0
OTU_1978	4	0	0	0	0	0	5	0	5	1	0	2	6	2	1	0	0	0	0	4	0	0
OTU_3303	2	0	0	1	0	0	0	4	0	0	1	0	0	0	2	0	0	1	0	0	0	0
OTU_5258	0	0	0	0	0	0	0	0	0	0	0	0	0	0	0	0	2	0	0	0	0	0
OTU_2343	1	1	2	0	8	1	0	0	1	0	2	0	0	1	0	0	0	5	0	0	0	0
OTU_5256	3	0	0	1	0	0	0	0	0	0	0	0	0	0	0	0	0	0	0	0	0	0
OTU_2794	1	0	1	0	1	0	3	0	1	2	0	2	5	0	1	0	0	0	0	1	0	0
OTU_3989	2	0	0	0	1	0	0	1	0	1	4	1	1	0	0	4	0	0	0	0	0	0
OTU_5874	0	0	0	0	0	0	0	1	0	2	0	0	0	0	0	0	0	0	0	1	0	0
OTU_5076	0	0	0	0	0	1	2	0	0	2	0	0	0	1	0	0	0	0	0	0	0	0
OTU_4176	0	0	0	0	0	0	0	0	0	0	1	2	0	0	1	3	0	1	0	1	0	0
OTU_4790	1	1	0	1	0	0	0	0	1	0	0	1	1	0	0	0	1	0	0	1	0	0
OTU_4634	0	1	0	2	1	0	0	0	0	0	0	0	3	0	1	0	0	0	0	0	0	0
OTU_5568	0	1	0	0	0	3	0	0	2	0	0	0	1	1	0	1	0	0	0	0	0	0
OTU_5788	1	0	0	0	1	0	2	1	1	1	1	1	1	0	0	0	0	1	0	2	0	0
OTU_5318	0	0	0	0	0	0	0	0	1	1	0	1	0	0	0	0	0	0	0	0	0	0
OTU_5961	0	0	0	1	0	0	0	0	0	0	0	0	0	0	1	0	0	0	0	0	0	0
OTU_6042	0	0	0	0	0	2	0	0	0	0	0	0	1	0	0	1	0	0	0	0	0	0
OTU_5274	0	1	1	0	1	0	0	4	0	0	1	0	0	0	0	0	1	2	0	0	0	0
OTU_3872	0	0	0	8	0	0	0	0	0	0	0	0	0	0	0	0	0	0	0	0	0	0
OTU_3857	0	0	0	1	1	0	0	0	0	1	0	0	0	0	1	1	3	2	0	2	0	0
OTU_2135	4	0	0	2	1	0	1	4	0	2	1	0	0	0	11	0	0	1	0	1	0	0
OTU_3945	0	0	0	0	0	0	0	1	0	0	0	0	0	0	0	0	0	0	0	3	0	0
OTU_5091	0	0	0	0	1	0	0	0	0	0	1	0	0	0	1	0	0	1	0	0	0	0
OTU_6194	0	1	0	1	2	3	0	0	0	0	1	0	0	1	1	0	3	0	0	1	0	0
OTU_3017	0	1	0	1	0	0	1	3	0	1	2	0	0	1	2	0	0	2	0	3	0	0
OTU_2566	4	0	0	0	0	0	4	0	2	3	0	1	0	3	0	1	1	0	0	0	0	0
OTU_3924	1	0	1	1	0	0	0	2	0	1	0	0	0	2	1	0	0	1	0	1	0	0
OTU_5271	0	0	0	0	0	0	1	0	1	0	0	0	0	0	0	0	0	0	0	0	0	0
OTU_2833	0	0	0	8	1	2	0	0	0	1	0	0	0	0	0	1	1	0	0	0	0	0
OTU_3966	0	0	0	0	0	0	1	0	1	2	0	2	0	1	0	0	0	0	0	0	0	0
OTU_4251	0	0	0	0	0	0	0	0	0	0	0	0	0	0	0	0	5	0	0	0	0	0
OTU_4414	0	0	0	0	0	0	0	0	0	0	0	0	0	0	0	0	0	4	0	0	0	0
OTU_4387	0	0	0	0	0	1	0	0	0	0	0	1	0	1	0	1	1	0	0	0	0	0
OTU_5537	0	0	0	0	0	0	0	0	0	1	0	0	0	0	0	3	0	0	0	0	0	0
OTU_3036	1	0	2	0	1	2	0	1	0	2	2	0	1	0	5	3	0	3	0	2	0	0
OTU_3142	0	2	1	0	2	1	0	0	4	0	0	0	1	0	0	0	1	0	0	1	0	0
OTU_6032	2	0	0	0	0	0	0	0	0	1	0	1	1	0	0	0	0	0	0	0	0	0
OTU_3516	0	0	0	0	0	0	1	0	0	0	3	0	0	0	0	3	0	0	0	0	0	0
OTU_5321	0	1	0	0	1	0	0	0	0	0	0	1	0	0	0	0	0	3	0	0	0	0
OTU_2140	2	0	2	1	8	0	1	12	0	3	0	2	3	0	2	0	0	1	0	2	0	0
OTU_2784	5	0	0	0	0	0	0	1	4	1	0	1	0	4	0	0	0	0	0	0	0	0
OTU_6247	0	0	2	0	2	0	0	0	1	0	1	0	0	0	0	0	1	0	0	0	0	0
OTU_5688	1	1	4	0	1	0	1	0	0	2	3	0	3	4	1	0	2	2	0	0	0	0
OTU_4959	1	0	0	0	1	0	0	0	0	0	0	0	0	0	0	0	0	1	0	1	0	0
OTU_3344	0	0	0	0	0	0	1	0	0	3	0	1	0	2	0	0	0	0	0	1	0	0
OTU_4649	0	0	1	0	2	0	0	0	0	0	0	0	0	0	0	0	2	1	0	1	0	0
OTU_2036	3	0	0	3	0	0	2	2	0	3	0	2	2	0	7	0	2	1	0	6	0	0
OTU_1716	3	0	2	3	2	3	1	8	0	3	2	1	1	1	1	1	2	0	0	2	0	0
OTU_5138	1	0	0	0	0	0	0	0	0	0	0	5	0	0	1	0	0	1	0	0	0	0
OTU_3418	1	0	0	0	0	0	0	0	0	1	0	4	0	0	0	0	0	0	0	2	0	0
OTU_4289	1	0	0	0	0	0	1	0	2	1	1	0	1	1	0	0	3	0	0	0	0	0
OTU_3543	1	2	0	0	2	3	0	0	0	0	0	1	0	0	2	1	1	0	0	0	0	0
OTU_5918	0	0	0	0	0	0	2	0	0	0	0	0	0	1	0	0	0	0	0	1	0	0
OTU_4316	0	0	1	1	0	0	0	0	0	0	0	0	0	0	1	0	0	0	0	0	0	0
OTU_2834	0	0	0	0	0	4	2	1	1	2	0	3	0	1	1	4	0	0	0	0	0	0
OTU_5267	0	0	0	0	0	2	0	0	0	0	0	3	0	0	0	0	0	0	0	0	0	0
OTU_5021	0	0	0	0	0	3	0	0	0	0	0	0	0	0	0	0	0	0	0	0	0	0
OTU_2896	0	0	0	13	0	0	1	3	0	0	0	0	0	0	2	0	0	0	0	0	0	0
OTU_3852	1	0	0	2	1	0	0	3	1	0	3	0	1	0	2	2	2	1	0	0	0	0
OTU_5276	0	0	0	2	2	1	2	0	0	1	1	1	0	1	1	2	0	0	0	0	0	0
OTU_4821	0	0	0	0	0	0	2	0	1	0	0	0	0	7	0	0	0	0	0	0	0	0
OTU_5228	0	0	0	0	0	0	0	1	0	0	0	0	0	0	0	0	0	1	0	0	0	0
OTU_2543	1	0	0	0	0	7	0	0	2	1	0	0	0	0	0	4	0	0	0	0	0	0
OTU_4066	0	1	0	0	0	6	0	0	0	0	0	0	0	0	0	0	0	0	0	0	0	0
OTU_3990	0	1	1	0	1	0	2	0	0	2	2	0	0	1	1	0	0	2	0	0	0	0
OTU_4450	3	0	0	0	3	2	0	0	0	0	0	1	1	0	0	0	1	0	0	1	0	0
OTU_3052	2	1	0	0	1	0	0	3	0	0	0	1	1	0	3	0	2	0	0	4	0	0
OTU_4626	0	0	0	0	0	4	0	0	2	1	0	1	2	0	0	3	0	0	0	0	0	0
OTU_3944	1	2	1	0	1	0	2	0	0	0	0	1	1	2	0	0	0	1	0	2	0	0
OTU_4490	0	0	0	0	0	0	0	0	0	0	1	0	0	3	0	0	1	1	0	0	0	0
OTU_4592	0	0	0	0	0	0	1	0	1	1	0	0	0	1	0	0	0	0	0	2	0	0
OTU_6146	0	0	0	0	0	0	0	0	0	1	0	2	0	0	0	0	0	0	0	1	0	0
OTU_4567	2	0	0	0	0	0	0	0	0	0	0	1	0	0	0	0	0	0	0	0	0	0
OTU_4136	0	0	0	2	1	2	0	0	0	0	0	3	2	0	0	0	2	1	0	0	0	0
OTU_4302	4	0	0	0	0	0	0	0	0	0	0	0	0	1	0	0	0	0	0	1	0	0
OTU_3992	0	0	0	2	1	0	0	2	0	0	2	0	1	0	0	0	0	0	0	0	0	0
OTU_5136	0	0	0	1	0	0	0	0	0	0	1	1	0	0	1	0	1	0	0	1	0	0
OTU_5270	0	0	0	0	0	0	0	0	0	0	0	0	0	0	0	0	2	0	0	0	0	0
OTU_4060	0	0	0	1	0	0	2	1	2	1	0	0	1	2	0	0	0	0	0	0	0	0
OTU_6084	0	0	0	0	0	0	0	0	0	0	0	0	0	0	0	4	0	0	0	0	0	0
OTU_3122	0	0	0	1	0	0	0	1	1	3	0	2	0	1	0	0	0	0	0	2	0	0
OTU_4295	0	1	0	0	0	2	0	0	0	0	0	2	0	0	0	1	1	0	0	0	0	0
OTU_3088	0	1	0	2	2	0	0	7	0	1	0	0	0	0	1	0	0	0	0	0	0	0
OTU_4186	0	0	0	0	0	0	1	0	0	0	2	0	0	0	1	0	0	1	0	0	0	0
OTU_5937	0	0	0	1	0	0	0	1	0	0	0	0	0	0	0	2	0	2	0	0	0	0
OTU_5341	3	0	0	0	0	0	0	0	0	4	0	0	0	0	1	0	0	0	0	1	0	0
OTU_4883	0	0	0	0	3	0	0	0	0	0	1	0	0	0	0	0	3	1	0	0	0	0
OTU_5694	0	0	0	0	0	0	0	0	0	0	0	0	0	0	0	0	5	0	0	0	0	0
OTU_3267	0	0	0	15	0	0	0	1	0	0	0	0	0	0	1	0	0	0	0	0	0	0
OTU_6044	0	0	0	0	0	0	1	0	0	1	0	0	0	1	0	0	0	0	0	1	0	0
OTU_3370	0	1	0	0	3	0	0	2	0	0	6	0	0	0	0	0	3	1	0	0	0	0
OTU_5235	1	1	1	1	0	3	1	0	0	0	0	0	1	1	2	0	1	0	0	1	0	0
OTU_5860	0	0	0	3	0	0	0	1	0	0	0	0	0	0	0	0	0	0	0	0	0	0
OTU_4827	0	0	0	0	0	0	0	0	0	2	0	0	0	0	0	0	1	0	0	0	0	0
OTU_3876	0	2	0	0	5	0	0	0	0	0	3	0	0	0	2	6	0	0	0	1	0	0
OTU_5239	0	1	0	0	0	0	0	0	0	0	0	0	0	0	0	0	5	1	0	0	0	0
OTU_5973	0	0	2	0	0	0	0	0	0	0	1	1	5	0	1	0	1	2	0	1	0	0
OTU_4765	1	0	0	0	0	6	0	0	1	2	1	0	0	0	0	4	0	1	0	0	0	0
OTU_3068	3	0	1	0	3	3	1	0	2	1	1	1	0	2	0	6	0	1	0	0	0	0
OTU_3070	1	1	0	2	2	0	0	2	0	0	1	0	0	0	0	0	0	0	0	1	0	0
OTU_2306	0	1	0	3	0	0	2	2	1	6	1	0	1	2	1	0	0	0	0	0	0	0
OTU_3978	0	0	1	2	3	0	0	2	0	0	2	0	1	0	0	0	0	0	0	0	0	0
OTU_5949	1	0	0	2	0	0	0	1	0	0	0	1	0	0	0	0	0	0	0	0	0	0
OTU_5689	0	0	0	0	0	2	0	0	1	0	0	1	0	0	0	0	0	0	0	0	0	0
OTU_4163	0	0	0	1	0	3	0	0	2	0	0	0	1	0	0	0	1	0	0	0	0	0
OTU_4345	1	1	0	0	0	0	0	1	0	1	2	0	0	0	1	0	1	0	0	1	0	0
OTU_3744	0	0	0	0	0	0	2	0	1	0	0	1	0	0	0	0	0	0	0	0	0	0
OTU_5234	0	0	0	0	0	3	0	1	0	0	0	1	0	0	0	0	0	0	0	0	0	0
OTU_5526	1	0	0	0	0	0	0	0	0	0	2	0	1	0	0	0	0	0	0	0	0	0
OTU_3774	1	0	0	0	0	0	0	1	0	1	0	0	1	0	0	0	0	1	0	0	0	0
OTU_4444	1	0	0	2	0	1	0	0	0	0	0	0	1	0	0	0	0	0	0	3	0	0
OTU_3097	0	1	0	0	6	0	0	1	0	0	0	0	0	0	0	0	0	0	0	0	0	0
OTU_5240	0	0	0	0	0	0	0	1	0	0	0	0	1	0	0	0	1	0	0	0	0	0
OTU_3610	0	1	0	1	0	0	0	0	0	4	1	0	0	4	1	1	0	1	0	2	0	0
OTU_4200	1	0	0	0	0	0	1	0	1	0	0	0	0	0	0	4	0	0	0	2	0	0
OTU_2125	1	2	1	5	1	0	3	3	0	2	2	0	2	1	0	0	1	0	0	1	0	0
OTU_6313	0	0	1	0	0	0	0	0	0	0	1	0	0	1	0	0	0	0	0	0	0	0
OTU_2643	0	0	7	0	6	0	0	0	0	0	0	0	0	0	0	0	1	0	0	0	0	0
OTU_5531	0	0	0	0	1	0	0	0	0	0	0	0	0	0	0	0	1	1	0	0	0	0
OTU_4215	1	0	0	1	1	0	2	3	1	3	0	2	0	1	0	0	0	0	0	0	0	0
OTU_5227	0	0	0	6	1	0	0	4	0	1	0	1	0	2	4	1	0	0	0	1	0	0
OTU_3803	1	2	1	1	0	0	1	1	0	0	0	0	0	1	0	0	1	3	0	2	0	0
OTU_4196	0	0	0	0	0	0	0	5	0	0	0	0	0	1	1	0	0	0	0	0	0	0
OTU_2552	3	0	0	0	2	0	0	3	0	5	0	1	0	1	0	2	0	0	0	3	0	0
OTU_4063	0	2	0	0	5	0	1	1	0	0	0	0	0	0	0	0	0	0	0	0	0	0
OTU_4737	0	0	0	0	0	0	0	0	0	1	1	1	0	0	1	0	0	1	0	0	0	0
OTU_5809	0	0	0	0	0	0	0	1	0	1	0	0	0	2	1	0	0	0	0	0	0	0
OTU_5351	0	2	0	0	0	0	0	0	0	0	2	0	0	0	0	1	0	0	0	0	0	0
OTU_6025	1	0	0	0	0	0	0	0	0	0	0	1	0	0	0	0	0	0	0	4	0	0
OTU_6302	1	0	0	3	1	2	0	3	0	1	0	0	0	0	1	1	0	0	0	3	0	0
OTU_5441	1	0	0	0	0	1	0	0	1	0	0	0	0	0	0	1	0	0	0	1	0	0
OTU_5756	2	0	1	0	0	0	0	0	0	1	0	0	0	0	0	1	0	0	0	0	0	0
OTU_5530	0	0	1	0	0	0	0	0	0	0	0	0	1	0	0	0	0	0	0	0	0	0
OTU_6118	0	0	0	0	0	3	0	0	0	0	1	0	0	0	0	0	0	0	0	0	0	0
OTU_4192	1	0	0	1	0	0	0	0	1	0	0	0	0	0	0	0	0	0	0	0	0	0
OTU_4726	0	0	1	0	0	2	0	0	0	1	0	0	0	0	0	0	0	0	0	0	0	0
OTU_4338	0	2	0	0	0	0	0	0	0	0	0	0	2	0	0	0	0	0	0	1	0	0
OTU_3710	0	0	2	0	0	0	1	3	0	5	2	1	2	0	1	0	1	2	0	0	0	0
OTU_5201	0	1	0	0	1	0	0	0	0	1	2	1	0	0	0	0	1	1	0	0	0	0
OTU_3909	0	1	1	0	1	0	0	0	0	0	0	0	0	0	3	0	0	1	0	0	0	0
OTU_4358	0	0	2	1	4	0	0	1	0	0	0	0	0	0	0	0	0	1	0	0	0	0
OTU_4916	1	3	0	0	0	0	0	0	0	0	0	0	0	1	0	0	0	0	0	0	0	0
OTU_5077	0	1	0	0	0	0	2	1	0	0	1	2	1	0	1	2	1	0	0	1	0	0
OTU_2891	0	0	4	1	0	0	2	1	1	3	2	0	0	0	0	0	2	0	0	1	0	0
OTU_6195	0	0	0	0	0	6	0	0	0	0	0	0	0	0	0	0	0	0	0	0	0	0
OTU_5728	0	0	0	0	1	0	0	0	0	1	0	0	2	1	0	0	0	1	0	1	0	0
OTU_6024	0	0	0	0	1	0	0	0	1	0	1	1	0	0	0	0	0	0	0	0	0	0
OTU_3040	1	0	2	1	2	0	0	0	0	0	0	0	0	1	2	0	1	1	0	3	0	0
OTU_4615	1	0	0	1	2	0	1	1	0	1	2	1	0	0	2	0	0	2	0	1	0	0
OTU_3846	1	0	0	0	0	5	0	0	0	0	0	0	0	0	0	1	0	0	0	0	0	0
OTU_5054	0	0	1	0	0	0	0	0	0	0	0	0	0	1	0	0	0	0	0	2	0	0
OTU_2966	6	1	0	0	3	0	5	1	3	3	0	4	0	8	1	0	2	1	0	1	0	0
OTU_3622	1	0	0	0	0	0	2	0	1	1	1	1	5	2	2	0	0	1	0	3	0	0
OTU_4868	0	0	0	0	0	0	0	0	0	0	0	0	0	0	0	0	6	0	0	0	0	0
OTU_6027	0	0	1	3	1	0	0	0	0	0	0	0	0	1	1	0	0	3	0	0	0	0
OTU_6062	0	0	0	0	0	3	0	0	0	0	0	0	0	0	0	1	0	0	0	0	0	0
OTU_5461	0	0	0	0	0	0	1	0	0	1	0	0	1	2	0	0	1	1	0	0	0	0
OTU_2858	1	0	0	0	0	8	0	0	0	3	0	0	0	0	0	3	0	0	0	1	0	0
OTU_3367	1	0	0	2	0	0	3	0	4	3	0	0	0	5	1	0	0	0	0	2	0	0
OTU_2837	0	4	2	0	1	0	0	0	0	0	2	0	0	0	0	0	2	0	0	0	0	0
OTU_6066	0	0	2	0	0	0	0	0	0	0	0	0	0	0	0	0	0	0	0	0	0	0
OTU_3379	1	0	0	4	0	4	0	1	0	1	0	0	1	1	7	2	0	3	0	0	0	0
OTU_4434	1	1	0	1	0	3	0	0	0	0	0	0	0	1	0	0	0	1	0	0	0	0
OTU_4533	0	1	0	3	0	2	0	0	2	3	0	0	0	0	0	2	1	1	0	0	0	0
OTU_5124	1	0	0	0	0	8	1	2	3	1	3	3	1	2	0	0	0	0	0	1	0	0
OTU_3259	0	0	0	0	1	0	1	0	0	1	0	0	0	1	1	0	0	0	0	2	0	0
OTU_4977	0	0	0	0	1	0	0	1	0	0	0	0	1	0	1	0	1	1	0	0	0	0
OTU_6023	0	0	0	0	0	0	1	1	0	0	2	2	0	0	1	0	1	2	0	1	0	0
OTU_3313	1	0	1	1	1	0	0	1	0	4	0	4	0	0	0	0	1	0	0	1	0	0
OTU_5484	0	0	1	0	0	0	0	0	0	1	0	0	1	0	0	0	0	0	0	0	0	0
OTU_6061	0	0	0	0	0	2	0	0	0	0	0	0	0	0	0	0	0	0	0	0	0	0
OTU_5734	0	0	0	0	0	0	0	0	0	0	0	0	0	0	0	3	0	0	0	0	0	0
OTU_3674	0	0	1	5	0	0	1	0	0	0	0	0	0	1	0	0	0	0	0	0	0	0
OTU_5090	1	0	0	0	0	0	0	0	0	0	1	0	1	0	0	0	0	1	0	0	0	0
OTU_4664	0	0	0	1	0	0	0	0	0	0	0	0	0	1	0	0	1	0	0	0	0	0
OTU_3472	1	1	1	1	2	2	0	0	2	0	2	2	0	0	1	0	0	0	0	0	0	0
OTU_5255	0	0	0	2	0	0	0	0	0	0	0	1	0	0	0	0	0	1	0	0	0	0
OTU_4463	0	0	1	0	2	0	0	0	0	0	2	0	0	0	0	0	0	1	0	1	0	0
OTU_3731	0	0	0	0	0	6	0	0	1	0	0	0	0	0	0	0	0	0	0	0	0	0
OTU_5312	1	0	0	1	0	0	0	0	0	0	0	2	1	0	0	0	0	1	0	1	0	0
OTU_3015	0	0	0	0	0	10	0	0	0	1	0	0	0	0	0	2	0	0	0	0	0	0
OTU_4253	0	0	0	5	0	0	0	0	0	0	0	0	0	0	1	0	0	0	0	0	0	0
OTU_3524	1	0	0	0	0	0	0	2	0	0	0	0	0	0	0	0	0	0	0	2	0	0
OTU_4003	0	2	1	0	0	0	0	5	1	0	0	1	0	1	1	0	0	1	0	0	0	0
OTU_2257	2	0	2	0	4	0	0	0	0	0	4	0	0	1	1	1	3	5	0	0	0	0
OTU_5080	1	0	0	0	0	0	1	0	0	4	0	1	0	1	0	0	0	0	0	0	0	0
OTU_3564	1	0	1	0	1	0	0	0	1	1	2	1	1	3	0	1	0	1	0	2	0	0
OTU_5853	0	0	0	1	0	0	0	2	0	0	0	2	0	0	0	0	0	0	0	0	0	0
OTU_2296	1	0	0	1	7	0	3	3	0	1	0	0	1	5	2	0	0	0	0	4	0	0
OTU_2716	0	0	0	12	0	0	0	1	0	0	0	0	0	0	0	0	0	0	0	0	0	0
OTU_2644	0	0	0	1	0	0	3	7	0	2	1	0	0	4	0	0	0	0	0	1	0	0
OTU_5315	0	0	0	0	0	2	0	0	0	0	0	0	0	0	0	0	0	0	0	0	0	0
OTU_4195	0	0	0	0	0	0	0	0	0	0	1	1	1	0	0	0	2	0	0	0	0	0
OTU_3129	0	0	0	0	0	0	0	0	1	2	0	3	1	1	0	6	0	0	0	0	0	0
OTU_5247	0	0	1	0	0	0	1	0	1	1	0	0	0	0	0	0	0	1	0	0	0	0
OTU_3697	1	0	0	0	0	0	0	0	0	1	0	0	0	1	0	1	0	0	0	3	0	0
OTU_4554	0	0	0	0	0	0	1	0	1	2	0	1	0	1	0	0	0	0	0	0	0	0
OTU_3972	1	0	0	0	0	0	1	0	0	0	0	1	0	1	0	0	0	0	0	2	0	0
OTU_4556	1	0	2	0	0	0	0	0	0	1	1	0	0	0	1	0	0	1	0	0	0	0
OTU_5891	0	0	0	2	0	0	0	0	5	0	0	1	0	1	0	0	0	0	0	0	0	0
OTU_3539	1	0	0	1	1	0	1	1	0	0	0	2	0	1	0	0	2	1	0	3	0	0
OTU_4130	0	0	1	0	1	0	0	0	2	0	0	0	0	0	0	0	0	3	0	0	0	0
OTU_5897	0	0	0	0	1	0	1	0	1	1	0	0	0	0	0	2	0	0	0	0	0	0
OTU_4259	1	0	0	1	0	2	0	0	0	0	0	0	0	0	0	1	1	0	0	0	0	0
OTU_5027	0	0	0	0	0	0	0	1	0	0	0	1	0	0	0	0	0	1	0	0	0	0
OTU_4576	0	0	0	0	0	0	0	0	1	0	0	1	0	1	0	0	0	0	0	0	0	0
OTU_5522	0	0	1	0	0	3	0	0	1	1	0	0	0	1	0	0	1	0	0	0	0	0
OTU_6030	0	0	0	0	0	0	0	1	1	0	0	0	3	1	2	0	0	0	0	0	0	0
OTU_5516	2	0	0	0	0	0	0	0	0	0	0	0	0	0	0	0	0	0	0	0	0	0
OTU_4541	2	0	1	0	0	0	1	1	0	0	0	0	0	1	0	0	0	0	0	0	0	0
OTU_4731	2	0	0	1	0	0	2	0	1	2	0	1	1	2	0	0	1	0	0	3	0	0
OTU_5512	1	0	0	0	0	0	1	0	0	1	0	0	0	0	0	0	0	0	0	0	0	0
OTU_3530	0	1	0	0	0	0	1	2	0	0	2	0	0	1	0	0	0	2	0	0	0	0
OTU_3867	1	2	2	0	1	0	0	0	0	2	1	0	0	0	0	0	0	2	0	0	0	0
OTU_6191	1	0	0	0	0	0	1	0	1	3	0	1	0	0	0	0	0	0	0	0	0	0
OTU_3678	0	0	3	0	1	1	2	1	1	3	3	3	0	2	0	0	1	0	0	0	0	0
OTU_3606	0	2	1	0	2	0	0	2	0	4	3	1	2	0	0	0	1	2	0	2	0	0
OTU_4219	1	0	0	0	0	0	1	0	1	0	0	1	0	1	1	1	0	0	0	2	0	0
OTU_5485	0	0	0	0	0	0	0	0	0	0	0	0	0	0	0	2	0	0	0	0	0	0
OTU_4294	1	1	1	0	2	0	4	1	0	1	2	0	0	1	1	1	0	3	0	1	0	0
OTU_6051	0	0	0	0	0	0	0	0	2	0	0	0	0	0	0	0	0	0	0	0	0	0
OTU_3560	0	0	0	1	0	0	0	1	2	0	0	0	0	1	1	0	0	0	0	1	0	0
OTU_3387	0	0	1	0	1	0	1	0	1	1	1	0	1	0	0	0	0	0	0	0	0	0
OTU_2677	1	0	3	0	0	0	1	1	1	3	0	0	3	1	0	0	0	6	0	3	0	0
OTU_2233	0	0	0	0	1	0	0	11	0	0	0	2	0	0	0	0	0	1	0	1	0	0
OTU_6057	1	0	0	0	0	2	0	2	0	0	0	2	0	0	1	1	0	0	0	1	0	0
OTU_5283	0	0	0	1	0	0	0	0	0	0	1	0	0	0	0	0	1	0	0	0	0	0
OTU_4598	0	0	0	0	2	0	0	1	0	0	1	2	0	1	0	0	1	0	0	0	0	0
OTU_5324	0	0	0	0	1	0	0	1	0	0	0	0	1	0	0	0	1	1	0	0	0	0
OTU_3521	0	2	0	1	2	0	0	0	0	2	0	0	0	1	2	0	1	1	0	0	0	0
OTU_3309	0	0	0	0	0	0	2	0	0	0	3	1	4	2	1	0	0	0	0	0	0	0
OTU_4356	2	0	0	0	0	2	0	0	0	1	1	1	0	0	0	1	0	1	0	0	0	0
OTU_6252	0	0	0	0	0	0	0	0	0	0	0	2	0	1	0	0	0	0	0	1	0	0
OTU_4851	0	0	1	0	0	0	0	0	0	0	0	0	2	0	0	0	0	0	0	1	0	0
OTU_5384	0	0	0	0	0	2	0	0	0	0	0	0	0	0	0	0	0	0	0	0	0	0
OTU_3150	0	0	0	1	2	0	2	0	0	1	0	1	0	0	0	4	0	0	0	0	0	0
OTU_3970	0	0	1	0	4	2	0	0	0	0	0	0	0	0	0	4	0	0	0	0	0	0
OTU_3439	0	0	0	0	0	0	0	0	0	2	0	0	1	0	3	0	0	0	0	0	0	0
OTU_4405	0	0	0	0	0	0	0	0	2	0	0	0	1	0	0	0	0	2	0	4	0	0
OTU_4610	0	0	1	9	2	0	0	0	0	0	0	0	0	0	0	0	0	0	0	0	0	0
OTU_3798	1	0	2	1	0	0	0	1	0	0	1	0	0	0	2	0	0	2	0	0	0	0
OTU_3321	0	0	1	0	6	0	1	0	1	2	0	2	0	0	1	0	1	0	0	1	0	0
OTU_4095	0	0	0	0	0	0	0	2	0	0	1	0	0	1	1	0	0	0	0	2	0	0
OTU_4559	0	0	0	0	0	0	1	0	0	0	0	0	1	3	0	0	0	0	0	0	0	0
OTU_4999	0	0	0	0	1	2	0	0	1	0	0	2	0	1	0	1	0	0	0	1	0	0
OTU_2805	3	0	0	0	0	0	1	0	1	0	1	0	6	0	1	2	0	0	0	3	0	0
OTU_4843	1	0	0	0	0	0	0	0	0	2	0	1	0	1	1	0	0	0	0	0	0	0
OTU_4378	0	0	1	1	0	3	0	0	0	0	0	0	2	0	1	1	0	4	0	0	0	0
OTU_2500	1	0	0	1	0	0	3	0	0	9	0	1	0	4	0	0	0	0	0	2	0	0
OTU_4052	0	0	0	0	1	0	0	0	0	0	0	1	0	0	0	3	1	0	0	0	0	0
OTU_5730	0	0	0	0	0	0	0	0	0	3	0	0	1	0	0	0	0	0	0	0	0	0
OTU_5296	0	0	0	0	0	0	0	1	0	2	0	0	1	0	0	0	0	0	0	1	0	0
OTU_3586	0	2	4	0	3	1	2	3	2	1	0	1	2	2	0	1	5	1	0	1	0	0
OTU_1675	0	2	2	5	8	0	0	2	0	0	1	0	3	1	4	1	5	6	0	0	0	0
OTU_4240	0	0	0	12	1	0	0	3	0	0	0	0	0	0	1	0	0	0	0	0	0	0
OTU_3179	2	1	1	0	5	0	2	1	1	4	0	3	1	1	1	1	1	1	0	0	0	0
OTU_4336	0	0	0	0	0	5	0	0	0	2	0	0	1	0	0	6	0	0	0	0	0	0
OTU_3263	1	0	0	2	2	2	0	11	0	0	2	6	0	3	0	0	1	0	0	1	0	0
OTU_4050	0	1	0	0	2	0	1	0	0	0	0	0	0	0	2	0	1	0	0	0	0	0
OTU_5377	0	0	0	0	0	1	0	0	0	0	0	0	0	0	0	2	0	0	0	0	0	0
OTU_5150	0	0	0	0	1	0	0	0	0	0	0	0	0	0	0	0	0	2	0	0	0	0
OTU_5297	1	0	0	0	0	0	0	0	0	1	0	0	0	0	1	1	0	0	0	0	0	0
OTU_5718	0	0	0	0	0	0	0	1	2	0	0	0	0	0	0	1	0	1	0	0	0	0
OTU_2068	1	0	1	5	2	0	0	0	1	1	2	1	0	3	0	0	3	1	0	0	0	0
OTU_4819	0	0	0	0	0	0	0	0	1	0	0	0	0	1	0	0	1	3	0	0	0	0
OTU_5334	0	0	0	0	0	0	0	0	1	0	0	0	1	0	0	0	0	0	0	0	0	0
OTU_3431	0	0	1	0	0	0	1	0	0	0	0	0	5	0	1	0	1	0	0	0	0	0
OTU_5793	0	0	0	0	1	0	1	0	2	0	2	0	0	0	1	0	0	0	0	1	0	0
OTU_5545	0	0	0	0	0	3	1	0	0	0	0	1	0	0	0	3	0	0	0	0	0	0
OTU_3745	0	0	0	0	0	0	0	0	0	0	0	0	0	1	0	3	0	0	0	2	0	0
OTU_3565	0	1	0	0	0	0	1	0	2	1	0	0	0	0	1	0	0	0	0	1	0	0
OTU_2282	1	1	2	2	2	0	2	6	0	2	0	3	2	0	2	3	1	0	0	0	0	0
OTU_4707	1	1	0	0	0	0	0	0	0	1	1	2	0	0	0	0	0	0	0	1	0	0
OTU_4246	0	0	0	0	0	2	0	0	0	0	0	0	1	0	0	4	0	0	0	0	0	0
OTU_3284	2	0	0	2	1	0	1	4	1	7	0	1	1	2	2	0	0	1	0	2	0	0
OTU_4965	0	0	0	0	0	6	0	0	1	0	0	0	1	1	0	2	0	0	0	1	0	0
OTU_2944	0	0	0	0	0	1	0	1	0	0	1	0	0	0	0	0	2	4	0	2	0	0
OTU_4727	1	0	0	0	0	0	0	0	1	1	0	1	0	0	0	2	0	0	0	1	0	0
OTU_5762	0	0	0	0	0	0	0	0	0	1	0	0	0	1	0	0	0	0	0	0	0	0
OTU_5726	2	1	0	0	0	1	3	0	4	0	0	1	1	3	0	3	1	1	0	1	0	0
OTU_2638	1	1	1	2	4	0	1	0	0	1	3	0	1	1	0	5	5	1	0	0	0	0
OTU_5767	0	0	1	0	0	2	0	0	1	0	0	1	0	0	0	0	0	1	0	0	0	0
OTU_6078	0	0	0	0	0	5	1	0	0	0	0	0	0	1	1	1	0	0	0	0	0	0
OTU_4284	0	0	0	1	0	0	0	1	0	1	0	1	0	0	1	0	1	0	0	1	0	0
OTU_4425	0	0	1	1	2	0	0	1	0	1	1	1	0	0	0	0	0	2	0	1	0	0
OTU_3062	0	0	0	1	0	0	0	2	0	0	0	7	0	2	0	1	0	1	0	0	0	0
OTU_4466	0	0	0	6	0	0	0	0	0	0	0	0	0	0	0	0	0	1	0	0	0	0
OTU_3740	1	0	0	0	1	4	0	0	0	0	0	1	1	0	0	0	0	0	0	0	0	0
OTU_4832	1	0	0	0	0	0	2	0	0	2	0	0	0	2	0	0	0	0	0	0	0	0
OTU_6196	0	1	0	0	0	0	0	0	0	2	1	0	0	0	0	0	0	0	0	1	0	0
OTU_5402	0	0	0	0	0	0	0	0	0	3	0	0	0	0	0	0	0	0	0	0	0	0
OTU_5403	0	0	0	0	0	0	0	0	0	1	0	0	0	1	0	0	0	0	0	0	0	0
OTU_3614	0	0	0	3	0	0	0	4	0	3	0	0	0	2	0	0	0	0	0	1	0	0
OTU_4740	0	0	0	1	1	0	0	1	0	1	0	0	0	1	2	0	1	0	0	0	0	0
OTU_5174	0	0	0	0	1	0	0	0	0	1	1	0	0	0	0	0	1	1	0	0	0	0
OTU_2969	0	0	0	2	0	0	6	0	0	2	0	0	1	1	1	0	0	0	0	0	0	0
OTU_4684	0	1	1	0	3	1	1	0	0	1	1	0	0	1	1	0	1	0	0	0	0	0
OTU_3764	0	0	0	0	0	0	0	0	0	0	0	0	0	0	0	0	4	0	0	0	0	0
OTU_3151	0	1	1	1	1	0	1	1	1	0	0	0	0	0	0	0	0	1	0	0	0	0
OTU_4518	0	1	1	0	0	0	0	0	0	0	1	0	2	0	0	0	0	0	0	1	0	0
OTU_5429	2	0	0	0	0	1	1	0	0	2	1	1	2	2	0	0	0	0	0	2	0	0
OTU_4582	0	0	0	5	0	0	0	0	0	0	0	0	0	0	0	0	0	0	0	0	0	0
OTU_4521	1	0	0	1	0	0	1	1	0	1	0	1	0	0	0	0	0	0	0	0	0	0
OTU_4910	0	0	0	0	0	0	0	1	0	0	0	0	0	0	0	0	0	1	0	3	0	0
OTU_4970	0	1	1	0	0	0	1	0	0	0	1	0	0	0	0	0	0	0	0	1	0	0
OTU_3926	0	0	0	0	0	0	2	0	0	0	0	0	0	2	0	0	0	1	0	0	0	0
OTU_5137	0	0	0	0	1	0	0	0	0	0	0	0	0	0	0	0	0	2	0	0	0	0
OTU_5508	0	0	1	0	0	0	0	0	0	0	0	1	0	0	0	2	0	0	0	0	0	0
OTU_4189	1	0	0	0	2	0	0	0	0	0	1	0	3	0	0	0	1	0	0	0	0	0
OTU_4538	0	0	0	1	1	0	0	0	0	0	1	0	0	0	2	0	0	0	0	0	0	0
OTU_4094	0	1	1	1	1	0	0	0	0	0	0	0	0	1	0	0	1	0	0	1	0	0
OTU_4070	0	0	0	2	0	0	0	0	1	1	0	3	0	0	0	0	0	1	0	0	0	0
OTU_5715	0	0	0	0	0	2	1	0	0	2	0	0	0	2	0	0	0	0	0	0	0	0
OTU_3917	1	0	1	1	0	0	0	0	0	3	0	0	0	1	0	0	0	0	0	2	0	0
OTU_5379	1	0	0	0	0	2	0	0	0	0	0	0	0	0	0	0	0	0	0	0	0	0
OTU_4474	0	0	3	2	0	0	0	0	0	0	1	0	0	0	0	0	0	1	0	0	0	0
OTU_6175	0	0	0	1	0	0	1	0	0	0	0	1	0	1	1	0	0	0	0	2	0	0
OTU_4237	0	0	0	2	0	1	0	0	0	0	0	0	1	1	0	2	0	0	0	0	0	0
OTU_5447	0	0	0	0	0	2	0	0	0	0	0	0	0	0	0	0	0	0	0	0	0	0
OTU_3802	3	0	0	0	1	0	3	0	0	0	0	0	0	1	0	0	0	0	0	0	0	0
OTU_4825	0	0	0	0	0	0	0	3	0	0	0	0	0	0	4	0	1	0	0	0	0	0
OTU_6064	0	0	0	0	0	2	0	0	0	0	0	0	0	0	0	2	0	0	0	0	0	0
OTU_5347	0	0	0	0	1	0	0	0	0	1	0	0	0	0	0	0	0	0	0	0	0	0
OTU_3673	0	2	0	0	2	0	0	0	0	0	1	0	0	0	0	0	2	0	0	0	0	0
OTU_4766	0	0	0	0	0	0	1	1	0	1	0	1	2	1	0	0	0	0	0	0	0	0
OTU_2501	3	0	0	1	0	0	1	0	2	1	0	0	0	4	1	0	0	1	0	0	0	0
OTU_4885	0	0	0	0	0	0	2	1	1	0	0	1	2	0	0	0	0	0	0	0	0	0
OTU_3332	0	1	2	0	2	0	0	1	0	0	2	0	0	0	0	0	0	1	0	0	0	0
OTU_4331	0	0	2	0	1	0	0	1	0	0	0	0	0	0	2	0	0	1	0	0	0	0
OTU_4459	0	0	0	0	0	0	0	2	2	0	0	0	1	0	0	0	0	0	0	0	0	0
OTU_4957	0	0	4	0	2	0	3	1	0	4	0	1	0	0	1	1	0	0	0	1	0	0
OTU_2333	1	0	0	1	0	0	1	2	0	4	0	10	0	4	1	1	0	0	0	4	0	0
OTU_3776	1	0	0	0	1	0	0	0	0	0	0	1	0	0	1	0	0	0	0	1	0	0
OTU_4786	0	0	0	2	0	1	0	0	0	2	0	0	0	0	3	0	3	0	0	0	0	0
OTU_5200	0	0	0	0	0	5	0	0	0	0	0	0	0	0	0	0	0	0	0	0	0	0
OTU_5395	0	0	0	0	0	1	0	0	0	0	0	2	0	1	0	3	0	0	0	0	0	0
OTU_3500	2	0	2	2	1	0	0	0	0	2	0	1	1	1	1	0	0	1	0	2	0	0
OTU_2995	0	0	1	0	2	0	0	0	0	0	0	1	0	0	0	0	0	3	0	0	0	0
OTU_6053	0	0	0	0	0	0	0	0	0	0	0	0	2	0	0	0	0	0	0	0	0	0
OTU_4366	1	1	0	0	0	0	1	1	0	0	0	0	0	0	2	0	0	0	0	1	0	0
OTU_3619	0	0	0	1	6	1	1	0	0	2	2	1	0	4	0	0	7	5	0	1	0	0
OTU_4628	1	0	0	0	0	0	0	0	0	0	0	1	0	1	0	0	0	0	0	0	0	0
OTU_3699	3	0	1	1	0	0	2	0	0	0	1	0	1	1	0	1	0	0	0	0	0	0
OTU_5345	0	0	0	0	2	1	1	0	1	0	1	0	0	0	0	0	1	0	0	0	0	0
OTU_4593	1	0	0	0	0	0	0	0	0	0	0	3	0	0	0	1	0	0	0	0	0	0
OTU_5343	0	0	0	0	0	0	0	0	0	0	1	0	0	0	0	0	0	1	0	0	0	0
OTU_5544	2	0	0	0	0	0	0	0	1	1	0	0	0	2	0	0	0	0	0	1	0	0
OTU_3624	0	6	1	0	1	1	0	1	0	0	3	0	0	0	1	3	0	0	0	0	0	0
OTU_5418	0	0	0	0	0	0	0	0	3	0	0	1	0	0	0	1	0	0	0	0	0	0
OTU_3031	0	0	0	0	1	0	0	0	0	0	4	0	0	0	0	0	2	1	0	0	0	0
OTU_5219	0	0	1	0	0	0	0	0	0	0	1	1	1	0	2	0	1	0	0	0	0	0
OTU_2827	0	0	3	0	1	1	0	0	0	0	3	0	2	0	0	0	0	1	0	1	0	0
OTU_5453	0	0	0	0	0	0	1	0	0	0	0	0	0	0	1	0	0	0	0	0	0	0
OTU_3870	2	0	1	0	0	0	0	0	1	1	1	11	1	2	0	2	0	1	0	0	0	0
OTU_4835	0	0	0	1	2	1	0	0	1	1	0	1	0	2	0	0	0	0	0	0	0	0
OTU_4277	0	1	3	0	1	0	0	0	0	0	1	0	0	0	0	0	2	2	0	0	0	0
OTU_3977	0	0	1	0	2	0	0	1	0	1	0	0	0	0	0	0	1	0	0	0	0	0
OTU_4390	0	1	1	0	0	0	0	0	0	0	0	0	0	0	1	0	0	1	0	0	0	0
OTU_4855	1	0	0	2	0	0	0	1	1	0	1	0	0	0	1	0	1	1	0	0	0	0
OTU_4151	1	0	0	0	1	0	2	0	2	3	0	6	0	2	0	1	0	0	0	2	0	0
OTU_2430	4	2	0	0	9	0	4	1	1	1	3	1	12	1	0	0	2	1	0	2	0	0
OTU_6314	0	0	0	1	1	0	0	0	0	0	1	0	1	0	0	2	0	0	0	0	0	0
OTU_5357	0	0	0	0	1	2	0	0	0	0	0	0	0	0	0	0	0	0	0	0	0	0
OTU_4575	2	0	0	1	0	2	0	0	1	0	0	0	0	0	0	1	0	0	0	0	0	0
OTU_3324	0	0	0	1	0	0	0	1	0	0	0	0	8	0	5	0	0	0	0	0	0	0
OTU_4900	0	1	0	1	0	0	0	0	0	1	0	0	0	0	1	1	0	0	0	2	0	0
OTU_5693	0	0	1	0	0	0	2	1	1	0	2	0	0	0	0	0	1	1	0	2	0	0
OTU_2636	1	0	0	1	2	5	0	3	1	2	0	5	0	0	0	4	4	0	0	0	0	0
OTU_3144	0	0	0	0	0	0	1	0	0	0	0	4	0	2	0	2	0	0	0	0	0	0
OTU_4339	0	0	2	0	0	0	0	0	0	0	1	0	1	0	0	0	2	3	0	0	0	0
OTU_4365	1	0	1	0	1	0	1	0	0	0	1	1	0	0	0	0	0	0	0	0	0	0
OTU_5050	0	0	0	0	0	0	0	3	0	0	0	0	0	0	0	0	1	0	0	0	0	0
OTU_3985	0	0	0	0	2	1	0	0	1	0	2	0	0	1	0	1	1	0	0	1	0	0
OTU_5322	0	0	0	0	0	0	1	0	0	0	1	1	0	1	0	1	1	1	0	0	0	0
OTU_3349	0	0	0	26	0	0	0	1	0	0	0	0	0	0	0	0	0	0	0	0	0	0
OTU_3274	0	0	0	0	0	3	1	0	0	2	0	2	0	1	1	0	0	0	0	3	0	0
OTU_3633	0	0	0	8	2	0	0	1	1	0	2	0	0	0	3	0	0	0	0	0	0	0
OTU_3441	0	1	1	0	2	0	0	0	0	0	1	0	1	1	0	0	0	0	0	2	0	0
OTU_5909	0	0	0	0	0	0	0	0	0	0	0	0	0	0	0	4	0	0	0	0	0	0
OTU_4685	0	1	0	0	1	0	0	0	0	0	0	3	0	1	0	0	0	0	0	0	0	0
OTU_5151	3	0	0	1	0	0	4	0	2	0	0	0	0	5	0	0	0	0	0	0	0	0
OTU_5456	0	0	0	0	0	0	1	0	1	0	0	0	0	0	0	0	0	0	0	2	0	0
OTU_3033	1	0	0	0	0	0	0	1	1	0	0	1	2	0	1	0	0	0	0	7	0	0
OTU_3574	2	0	0	0	0	0	1	0	2	1	0	2	0	1	0	0	0	0	0	0	0	0
OTU_6065	0	0	0	0	0	0	0	0	0	0	0	1	0	0	0	3	0	1	0	0	0	0
OTU_4605	0	0	0	0	0	5	0	0	0	0	0	0	0	0	0	0	0	0	0	0	0	0
OTU_4537	0	0	0	0	0	0	0	4	0	0	0	0	1	0	0	0	0	0	0	0	0	0
OTU_6063	0	0	1	1	2	0	0	0	0	1	0	0	0	0	0	0	0	0	0	0	0	0
OTU_2528	2	0	0	0	0	0	3	3	2	3	0	0	2	2	1	0	0	1	0	0	0	0
OTU_5768	0	1	0	0	0	0	0	0	0	0	0	0	2	0	1	0	3	0	0	0	0	0
OTU_4244	0	0	0	0	0	0	0	0	0	2	0	1	0	0	0	0	0	4	0	0	0	0
OTU_3192	2	0	1	1	0	0	0	2	0	1	0	0	1	0	3	0	0	0	0	5	0	0
OTU_6108	1	0	0	1	1	0	0	0	0	0	0	0	0	0	1	0	1	2	0	1	0	0
OTU_5331	0	0	0	0	0	0	1	0	1	1	0	0	0	1	0	2	0	0	0	1	0	0
OTU_3357	0	1	0	1	1	0	0	1	0	1	0	2	0	1	1	0	1	2	0	0	0	0
OTU_5086	0	1	0	0	0	0	0	1	0	0	0	0	0	0	0	0	0	0	0	0	0	0
OTU_3858	0	0	0	5	0	0	0	2	0	0	0	0	0	0	0	0	0	1	0	0	0	0
OTU_5764	0	0	0	0	0	2	1	0	1	0	3	2	0	0	0	0	0	2	0	1	0	0
OTU_5717	0	0	0	0	0	0	1	0	0	0	0	1	0	0	0	2	2	0	0	0	0	0
OTU_4018	1	0	0	0	0	2	0	0	2	0	0	2	0	2	0	3	0	0	0	0	0	0
OTU_6054	0	0	0	0	0	0	0	0	1	0	0	0	0	2	0	0	0	0	0	0	0	0
OTU_2745	2	1	0	1	0	1	3	2	0	3	0	4	0	2	0	1	0	1	0	0	0	0
OTU_3834	0	0	0	0	0	0	0	0	0	0	0	2	2	0	0	0	0	0	0	2	0	0
OTU_5074	0	0	0	0	0	0	0	0	0	0	0	0	5	2	1	0	0	0	0	0	0	0
OTU_5448	0	0	0	0	0	0	3	0	0	1	0	1	0	1	0	0	0	0	0	1	0	0
OTU_5102	0	0	0	0	0	0	3	0	1	0	0	0	0	1	0	0	0	0	0	0	0	0
OTU_5041	0	0	0	3	0	0	0	0	0	0	0	0	0	0	0	0	0	0	0	0	0	0
OTU_3280	0	0	0	0	0	0	1	0	3	3	1	0	0	0	1	0	0	1	0	0	0	0
OTU_5105	0	0	0	0	0	0	0	0	0	0	0	0	0	0	0	0	2	0	0	0	0	0
OTU_4492	0	0	0	7	0	0	0	1	0	0	0	0	0	0	0	0	0	0	0	0	0	0
OTU_5407	1	1	1	0	5	0	0	1	0	2	0	2	0	1	1	0	0	0	0	1	0	0
OTU_4300	1	1	0	0	0	0	0	0	2	0	0	0	0	0	0	0	1	0	0	0	0	0
OTU_2887	0	0	0	0	4	0	0	0	0	0	0	0	1	0	0	1	5	0	0	0	0	0
OTU_5326	0	0	0	0	0	0	0	0	0	0	0	0	1	0	0	0	1	0	0	0	0	0
OTU_3874	1	0	0	0	0	0	0	0	1	0	0	2	0	0	0	0	0	0	0	0	0	0
OTU_2860	0	0	0	0	0	0	0	0	0	0	0	0	0	0	0	0	18	0	0	0	0	0
OTU_3875	0	0	3	0	0	0	0	3	0	0	0	0	2	0	0	0	0	0	0	0	0	0
OTU_2721	2	1	0	0	3	0	2	0	0	2	0	7	0	2	0	1	2	0	0	0	0	0
OTU_5025	0	0	0	1	0	0	0	0	0	0	0	0	0	0	1	0	0	0	0	1	0	0
OTU_6267	0	0	0	2	0	0	0	0	0	0	0	0	0	0	0	0	0	0	0	0	0	0
OTU_5327	0	0	0	0	2	0	0	1	0	0	0	0	0	0	0	0	0	0	0	1	0	0
OTU_2831	0	0	0	0	0	2	0	0	0	0	0	2	1	0	1	6	0	0	0	0	0	0
OTU_4318	2	0	0	0	0	0	0	0	0	0	0	0	1	1	0	0	0	0	0	1	0	0
OTU_2521	0	3	0	0	2	0	0	5	0	1	3	1	1	1	1	0	0	2	0	0	0	0
OTU_5245	1	0	0	0	0	0	0	0	0	0	0	0	0	0	0	1	0	0	0	0	0	0
OTU_3476	0	2	0	0	2	0	0	0	0	0	0	0	0	0	0	0	1	1	0	0	0	0
OTU_3851	1	0	0	0	0	0	0	0	2	0	0	0	0	2	0	0	0	0	0	1	0	0
OTU_3700	0	0	0	0	0	0	0	0	0	0	0	12	0	0	0	0	0	0	0	1	0	0
OTU_5460	1	0	1	0	0	0	1	1	2	0	0	0	0	0	0	0	1	0	0	0	0	0
OTU_4587	0	0	0	1	0	0	0	2	0	2	0	1	0	1	0	0	1	0	0	2	0	0
OTU_3380	0	0	0	0	0	0	3	0	0	2	0	0	1	1	2	0	0	1	0	1	0	0
OTU_3648	0	0	0	1	0	0	0	0	0	2	1	1	2	2	1	0	0	0	0	0	0	0
OTU_5380	1	0	0	0	0	4	0	0	1	0	0	0	0	0	0	0	0	0	0	0	0	0
OTU_4938	0	0	2	0	0	0	0	0	0	0	0	0	1	0	0	0	0	0	0	0	0	0
OTU_2961	2	1	1	0	3	0	0	3	0	2	0	9	2	0	2	0	0	0	0	1	0	0
OTU_3695	0	1	0	0	0	3	1	0	0	0	0	0	0	1	0	2	0	2	0	0	0	0
OTU_5816	0	0	0	0	0	2	0	1	0	0	0	2	0	0	0	0	0	0	0	0	0	0
OTU_6298	2	0	0	1	0	0	0	0	1	2	0	0	0	0	0	0	0	0	0	2	0	0
OTU_5373	0	0	1	0	0	0	0	0	0	0	0	0	0	0	0	0	1	0	0	0	0	0
OTU_3817	0	0	0	3	1	0	0	0	0	0	0	0	0	0	0	0	0	0	0	0	0	0
OTU_5367	0	0	0	0	0	0	1	0	0	1	0	1	1	0	0	0	0	0	0	0	0	0
OTU_4853	0	0	0	0	0	2	0	0	0	0	0	0	0	0	0	0	0	0	0	1	0	0
OTU_6173	0	0	0	7	0	0	0	0	0	0	0	0	0	0	0	0	0	0	0	1	0	0
OTU_5489	0	0	0	0	0	0	2	0	1	1	0	0	0	1	0	0	0	0	0	0	0	0
OTU_2842	0	0	0	0	1	6	1	0	0	1	0	1	0	2	0	0	4	0	0	0	0	0
OTU_5942	0	0	0	0	0	0	0	0	0	0	0	3	0	0	0	1	0	0	0	0	0	0
OTU_4395	0	0	0	0	0	3	0	0	0	0	0	0	0	0	0	1	0	0	0	0	0	0
OTU_4439	1	0	0	0	0	0	3	0	0	2	1	1	1	1	0	0	0	0	0	1	0	0
OTU_5496	0	0	0	7	0	0	0	0	0	0	0	0	0	0	0	0	0	0	0	0	0	0
OTU_3709	3	0	0	0	1	0	2	0	1	0	0	2	0	1	0	0	0	0	0	0	0	0
OTU_3793	0	0	1	0	0	2	1	0	0	0	0	0	0	0	1	0	1	0	0	1	0	0
OTU_4014	0	3	0	1	0	0	1	1	0	0	0	1	0	0	0	0	0	0	0	0	0	0
OTU_5664	0	0	1	1	0	0	0	0	0	0	0	0	1	0	0	0	1	0	0	1	0	0
OTU_5243	0	0	0	0	0	0	0	0	0	0	0	0	0	0	0	2	0	0	0	0	0	0
OTU_4416	0	0	0	0	0	0	2	0	1	0	0	0	0	0	0	0	0	0	0	1	0	0
OTU_4604	0	1	0	1	0	0	1	0	0	1	0	0	0	0	1	0	1	0	0	1	0	0
OTU_4500	0	0	0	0	0	0	0	0	0	1	1	1	1	0	0	0	1	0	0	0	0	0
OTU_4699	1	0	0	0	0	0	0	0	0	2	0	0	0	1	0	2	0	0	0	1	0	0
OTU_4442	0	0	0	0	0	0	1	0	0	3	0	0	0	0	0	0	0	0	0	0	0	0
OTU_5742	0	0	0	0	0	0	0	0	0	1	0	0	0	0	0	0	0	0	0	1	0	0
OTU_5366	0	1	0	0	1	0	0	0	0	1	0	0	0	0	0	0	0	0	0	0	0	0
OTU_2599	1	2	1	0	0	11	0	1	3	3	0	2	0	0	0	5	0	2	0	0	0	0
OTU_3931	0	0	0	0	0	4	0	0	1	0	0	1	0	0	0	1	0	1	0	0	0	0
OTU_3837	0	0	0	0	0	5	0	0	1	1	0	2	1	2	0	0	0	0	0	0	0	0
OTU_2673	3	1	0	0	0	0	0	0	2	3	0	1	1	1	0	0	0	0	0	3	0	0
OTU_5628	0	0	0	0	2	0	0	0	0	0	2	0	0	0	0	0	0	1	0	0	0	0
OTU_6223	0	0	0	0	0	0	1	0	1	0	0	0	0	0	0	0	0	0	0	0	0	0
OTU_5811	0	0	0	0	1	0	0	0	0	0	1	0	0	0	1	0	1	1	0	0	0	0
OTU_4662	0	0	0	0	0	0	0	1	0	0	0	0	0	1	0	0	0	0	0	1	0	0
OTU_4842	1	0	0	0	2	0	0	0	0	1	0	0	0	0	0	0	0	0	0	0	0	0
OTU_5983	1	0	0	0	0	0	2	0	0	0	1	1	0	1	0	0	0	0	0	0	0	0
OTU_4401	2	0	0	0	0	0	0	0	0	1	0	0	0	0	0	0	0	0	0	0	0	0
OTU_5248	0	1	0	0	0	0	0	0	0	0	0	0	0	2	0	0	0	0	0	0	0	0
OTU_4290	0	0	0	0	1	0	0	0	2	0	0	1	1	0	0	0	0	0	0	1	0	0
OTU_5036	0	0	0	0	0	2	0	0	0	1	0	1	1	0	0	0	1	0	0	1	0	0
OTU_5535	0	0	0	3	0	0	0	1	0	0	0	0	0	0	0	0	0	0	0	0	0	0
OTU_5863	0	0	0	0	0	0	1	2	0	0	0	0	0	0	0	0	0	0	0	0	0	0
OTU_5251	0	0	0	0	0	0	0	0	0	0	0	0	2	0	0	0	1	0	0	0	0	0
OTU_6238	1	0	0	0	0	0	0	0	1	0	0	2	0	1	0	0	1	0	0	0	0	0
OTU_5707	0	0	1	0	0	1	1	2	2	0	0	1	0	0	0	0	0	0	0	0	0	0
OTU_5197	1	0	0	0	0	0	0	0	1	0	0	0	0	0	0	0	0	0	0	1	0	0
OTU_5836	0	0	0	1	0	0	0	1	0	0	0	0	0	0	2	0	0	0	0	0	0	0
OTU_5890	0	0	3	0	0	0	0	0	0	0	0	0	0	0	0	0	0	0	0	0	0	0
OTU_2041	2	0	0	0	0	0	0	0	0	18	0	2	0	0	2	0	3	0	0	1	0	0
OTU_5436	2	0	0	0	0	1	0	1	0	0	0	0	0	0	0	1	1	0	0	0	0	0
OTU_5397	1	0	0	0	0	0	0	4	0	0	0	0	0	0	0	0	0	0	0	2	0	0
OTU_3999	0	0	0	0	0	0	0	1	0	0	0	0	0	0	2	4	0	0	0	0	0	0
OTU_4502	0	0	0	0	0	0	0	0	0	0	0	0	1	4	0	0	0	0	0	0	0	0
OTU_5813	0	0	0	0	0	0	0	0	0	0	0	0	0	0	0	0	12	0	0	0	0	0
OTU_4797	1	1	0	0	0	0	0	1	0	0	1	2	1	2	2	5	0	0	0	3	0	0
OTU_3659	0	0	2	0	1	0	0	1	0	0	4	0	0	0	0	1	2	0	0	1	0	0
OTU_5217	2	1	1	0	0	0	0	1	0	4	2	2	0	0	0	0	0	3	0	2	0	0
OTU_5051	0	1	0	0	0	0	0	0	0	0	0	0	1	0	0	0	0	0	0	0	0	0
OTU_5464	0	0	2	0	1	0	0	0	0	0	0	0	0	0	0	0	2	0	0	0	0	0
OTU_6201	4	2	4	5	4	0	2	2	1	1	2	1	0	0	4	0	2	3	0	0	0	0
OTU_5046	0	0	0	0	0	2	0	0	0	0	0	0	0	0	0	0	0	0	0	0	0	0
OTU_3450	0	1	0	0	0	0	1	11	0	0	0	0	1	0	1	0	0	1	0	0	0	0
OTU_6021	0	0	0	0	0	0	1	0	0	0	0	0	0	1	0	0	0	0	0	1	0	0
OTU_6197	0	0	0	0	0	0	0	0	1	2	0	0	0	2	0	0	0	0	0	0	0	0
OTU_5231	0	0	0	0	1	0	1	0	0	0	0	0	0	0	0	1	0	0	0	0	0	0
OTU_4254	0	0	0	0	0	0	1	0	0	0	0	1	0	0	0	0	0	0	0	1	0	0
OTU_5438	0	0	0	0	0	1	0	1	0	1	0	2	0	0	0	1	0	0	0	0	0	0
OTU_5437	1	0	0	0	0	0	0	0	0	0	0	0	1	0	0	0	0	0	0	0	0	0
OTU_4223	1	0	0	1	0	0	1	0	0	0	0	0	1	3	0	0	1	0	0	1	0	0
OTU_3025	1	1	0	0	1	0	0	0	0	2	0	0	0	0	1	0	0	3	0	2	0	0
OTU_5290	0	2	0	0	5	0	0	0	0	0	1	0	0	0	0	0	0	1	0	0	0	0
OTU_6265	0	0	0	1	0	0	0	0	1	0	1	0	0	2	0	0	0	0	0	0	0	0
OTU_5878	0	0	0	0	0	0	0	0	0	1	0	0	0	2	0	0	0	0	0	0	0	0
OTU_5993	0	0	0	0	0	0	0	0	0	1	0	0	2	1	0	0	0	0	0	0	0	0
OTU_3951	0	0	0	0	1	0	0	0	1	3	0	0	0	1	0	0	0	0	0	1	0	0
OTU_4323	0	0	0	1	0	0	1	1	0	0	1	3	3	0	1	0	0	0	0	1	0	0
OTU_3218	1	0	0	0	0	2	0	0	2	1	0	5	0	0	0	1	1	1	0	0	0	0
OTU_3165	0	2	2	4	2	1	0	1	0	1	1	0	0	2	1	0	1	3	0	0	0	0
OTU_5378	0	0	0	1	0	0	0	0	0	0	0	0	0	0	1	0	0	0	0	0	0	0
OTU_6086	0	0	0	1	0	1	0	0	1	0	1	0	1	0	0	0	0	0	0	0	0	0
OTU_4935	0	1	0	0	0	0	0	1	0	0	1	0	0	0	0	0	0	0	0	0	0	0
OTU_2954	0	3	1	0	2	1	1	0	1	0	0	0	2	0	0	0	5	0	0	0	0	0
OTU_4364	0	2	1	4	1	1	0	0	2	0	0	2	0	1	1	0	0	0	0	0	0	0
OTU_5381	0	0	0	0	0	0	0	1	0	0	0	2	0	0	0	0	0	0	0	1	0	0
OTU_5499	0	0	1	0	0	0	1	0	0	1	2	0	0	0	0	0	0	0	0	1	0	0
OTU_3512	0	0	0	0	0	0	1	0	1	1	0	2	0	2	0	0	0	0	0	0	0	0
OTU_5672	0	0	1	0	0	0	0	2	0	1	0	0	1	0	1	0	0	0	0	0	0	0
OTU_3645	1	0	0	0	0	0	2	0	0	0	0	0	0	0	0	0	0	0	0	3	0	0
OTU_5157	0	0	0	0	0	0	0	0	1	0	0	1	0	0	0	0	0	0	0	1	0	0
OTU_3569	0	0	0	0	0	0	0	6	0	0	1	0	0	0	1	0	3	0	0	0	0	0
OTU_5388	0	0	1	0	0	0	0	0	0	0	0	0	0	0	0	0	0	2	0	0	0	0
OTU_5776	1	0	0	1	0	1	0	1	2	0	0	1	0	2	0	0	0	1	0	0	0	0
OTU_5869	0	0	0	0	0	0	0	0	0	0	0	0	0	2	0	0	0	0	0	0	0	0
OTU_3428	0	0	0	2	0	0	1	1	2	0	0	1	0	1	0	0	0	0	0	0	0	0
OTU_5959	1	0	0	0	0	0	2	0	0	2	0	1	0	0	0	2	0	0	0	0	0	0
OTU_4555	0	0	1	0	1	1	0	0	0	0	1	0	0	0	4	1	0	0	0	0	0	0
OTU_6273	0	0	0	0	0	1	0	0	0	0	0	0	1	0	0	1	0	1	0	0	0	0
OTU_5055	0	0	1	1	4	0	0	0	0	1	1	0	0	0	2	0	0	0	0	0	0	0
OTU_3265	0	0	0	0	0	0	0	1	0	6	0	0	3	2	1	0	0	0	0	0	0	0
OTU_4963	0	0	0	0	0	3	0	0	0	0	0	0	0	0	0	2	0	0	0	0	0	0
OTU_2079	2	0	0	1	1	0	1	0	1	1	4	0	1	2	0	0	1	1	0	2	0	0
OTU_3343	2	0	0	0	0	0	2	0	0	1	0	1	0	1	0	0	0	0	0	0	0	0
OTU_2874	0	0	0	0	0	1	0	0	1	0	0	1	0	3	0	3	1	0	0	2	0	0
OTU_6123	1	2	0	0	1	1	0	0	0	0	0	0	0	0	0	1	0	0	0	0	0	0
OTU_4028	2	0	0	0	0	1	0	0	0	1	0	2	0	0	0	0	0	0	0	0	0	0
OTU_4146	0	1	0	0	0	0	2	0	0	1	1	0	0	1	0	0	0	0	0	2	0	0
OTU_5295	0	0	0	0	1	0	0	0	0	1	1	0	0	0	1	0	0	0	0	0	0	0
OTU_3055	0	1	0	2	0	0	0	6	1	0	0	0	0	0	1	0	0	0	0	0	0	0
OTU_6271	0	0	0	0	0	1	0	0	0	0	0	0	1	0	1	0	0	0	0	0	0	0
OTU_2596	1	1	0	0	1	5	0	0	0	0	1	1	0	1	0	1	0	3	0	1	0	0
OTU_4638	0	1	0	0	0	0	0	0	0	0	0	0	0	0	0	0	0	2	0	0	0	0
OTU_4325	0	0	0	0	0	3	0	0	0	0	0	0	0	0	0	1	0	0	0	0	0	0
OTU_4086	0	0	1	0	3	0	0	0	0	0	0	0	0	0	0	0	2	0	0	0	0	0
OTU_4715	0	0	0	0	0	0	0	0	0	0	0	1	0	0	4	0	0	0	0	0	0	0
OTU_5505	0	0	0	4	0	0	0	0	0	0	0	0	0	0	0	0	0	0	0	0	0	0
OTU_5972	0	1	0	0	0	0	0	0	0	0	1	0	0	0	0	0	0	0	0	0	0	0
OTU_5648	0	1	0	0	0	5	1	0	1	0	2	0	0	0	0	0	1	0	0	0	0	0
OTU_6297	1	0	0	0	0	0	1	0	0	1	0	0	0	0	0	0	0	0	0	0	0	0
OTU_4285	0	0	0	0	0	0	0	0	0	0	0	0	0	0	0	0	4	0	0	0	0	0
OTU_3480	0	0	0	0	2	0	0	1	0	0	0	0	3	0	0	0	1	0	0	6	0	0
OTU_4539	0	0	0	0	0	0	0	0	0	0	1	1	1	0	0	2	0	0	0	3	0	0
OTU_4419	1	0	0	0	1	1	1	1	0	0	0	1	0	1	0	1	1	1	0	2	0	0
OTU_4309	1	0	0	0	0	0	0	2	0	1	0	1	0	0	1	0	0	1	0	1	0	0
OTU_4515	2	0	0	0	0	0	2	0	0	1	0	0	0	0	0	0	0	0	0	0	0	0
OTU_4606	0	0	0	0	0	0	0	1	1	0	0	1	0	0	0	4	0	0	0	1	0	0
OTU_3739	1	0	0	0	0	0	0	1	0	1	0	0	0	1	3	1	1	0	0	0	0	0
OTU_2309	3	1	0	0	1	0	5	1	1	4	0	1	6	3	0	0	0	0	0	0	0	0
OTU_4073	0	0	0	0	0	0	1	0	0	2	0	1	0	1	0	0	0	0	0	0	0	0
OTU_5454	0	0	0	0	0	0	1	0	0	0	0	0	0	1	0	1	0	0	0	0	0	0
OTU_5202	2	0	0	0	0	0	0	0	0	0	0	0	0	0	0	5	0	0	0	0	0	0
OTU_3266	0	0	0	0	0	3	0	0	4	0	0	1	1	0	0	1	0	0	0	0	0	0
OTU_4279	3	0	0	0	1	0	0	0	1	1	0	3	0	0	0	0	2	0	0	0	0	0
OTU_3191	0	0	0	0	0	0	1	0	2	1	0	2	0	0	0	0	0	0	0	1	0	0
OTU_5278	0	0	0	1	0	0	0	0	0	0	0	0	0	0	0	2	0	0	0	0	0	0
OTU_3991	1	0	0	0	1	7	0	0	1	0	1	0	1	0	2	2	2	0	0	2	0	0
OTU_5242	0	1	0	0	1	0	0	0	0	0	1	0	0	0	0	0	0	1	0	0	0	0
OTU_4773	1	0	0	0	0	0	0	0	0	0	0	0	1	0	0	0	0	0	0	1	0	0
OTU_3818	0	0	0	0	0	0	0	0	0	0	1	4	0	0	0	0	0	0	0	2	0	0
OTU_4448	0	0	0	0	0	0	2	0	0	1	0	2	1	0	0	2	0	0	0	0	0	0
OTU_2868	3	0	0	0	0	0	1	0	1	2	0	4	0	4	0	0	0	0	0	2	0	0
OTU_4744	0	0	0	0	0	0	3	0	1	5	0	0	0	0	0	0	0	0	0	0	0	0
OTU_2974	0	0	0	0	0	0	0	0	0	0	0	0	0	0	0	0	11	0	0	0	0	0
OTU_6296	1	0	0	0	0	0	2	0	0	0	1	0	0	0	0	0	0	0	0	0	0	0
OTU_6156	0	0	0	0	0	0	1	0	0	1	0	1	1	0	1	0	0	0	0	0	0	0
OTU_4577	0	0	0	7	0	0	0	0	0	0	0	0	0	0	0	0	0	0	0	0	0	0
OTU_6291	0	0	0	0	0	0	1	0	0	0	0	0	0	1	0	0	0	0	0	0	0	0
OTU_3848	0	0	0	0	0	0	1	0	2	0	0	0	0	0	0	0	0	0	0	1	0	0
OTU_4703	0	1	0	0	0	0	0	0	0	0	0	1	0	0	2	1	0	0	0	1	0	0
OTU_4308	1	0	0	0	0	1	0	0	1	0	0	0	0	0	0	2	0	0	0	0	0	0
OTU_3759	1	0	0	0	0	0	1	0	0	1	0	0	1	0	3	0	0	0	0	0	0	0
OTU_6177	0	0	0	0	0	0	0	0	0	2	0	1	0	0	0	0	0	0	0	1	0	0
OTU_4208	0	0	0	0	0	2	0	0	1	2	0	1	0	0	0	0	1	0	0	0	0	0
OTU_3763	2	1	0	0	0	2	0	0	0	1	0	3	0	0	0	1	1	0	0	0	0	0
OTU_4588	0	1	1	1	0	0	0	0	0	0	1	0	0	0	0	0	3	0	0	0	0	0
OTU_5463	0	0	0	0	0	0	0	0	1	0	0	0	0	1	0	1	0	0	0	0	0	0
OTU_4536	2	0	0	3	2	0	0	0	0	0	1	0	0	1	0	0	0	0	0	0	0	0
OTU_4372	0	0	0	0	0	0	0	1	0	0	1	1	0	1	0	0	0	0	0	1	0	0
OTU_4839	0	2	1	1	0	0	0	2	1	0	0	0	0	0	1	0	0	0	0	0	0	0
OTU_4169	3	0	0	0	0	0	1	0	0	1	1	0	0	0	0	0	0	0	0	0	0	0
OTU_3954	0	0	0	0	1	2	1	0	2	0	0	0	0	0	0	0	0	0	0	1	0	0
OTU_3295	0	0	0	0	0	1	0	0	0	0	0	0	0	0	8	0	0	0	0	0	0	0
OTU_5419	0	0	0	0	0	1	0	0	1	0	0	0	0	0	0	1	0	0	0	2	0	0
OTU_5421	1	2	0	0	0	0	0	0	0	0	0	0	1	0	0	0	0	0	0	0	0	0
OTU_6005	0	0	0	0	0	0	0	0	0	0	0	1	0	0	1	0	0	0	0	0	0	0
OTU_2684	2	0	0	0	0	0	2	0	2	4	0	0	0	2	1	0	0	1	0	1	0	0
OTU_4161	1	0	0	0	1	0	1	0	1	2	0	1	0	0	0	0	0	1	0	1	0	0
OTU_4519	0	0	0	0	1	0	1	0	0	0	0	0	0	0	0	0	0	1	0	1	0	0
OTU_3587	0	0	0	1	0	2	0	0	0	0	0	3	0	0	1	0	0	0	0	0	0	0
OTU_3950	0	0	0	0	0	0	0	0	0	0	0	0	0	0	0	0	14	0	0	0	0	0
OTU_4754	0	0	0	0	0	1	1	0	0	2	0	2	0	2	0	1	1	0	0	0	0	0
OTU_6312	0	0	2	1	0	0	0	0	0	0	0	0	0	0	0	3	0	0	0	0	0	0
OTU_6199	0	1	0	0	0	0	0	0	0	0	0	0	2	1	0	0	0	0	0	0	0	0
OTU_4409	2	0	0	0	0	4	0	0	1	1	1	0	0	0	0	5	0	1	0	0	0	0
OTU_3632	0	0	0	0	1	0	3	0	1	1	0	0	0	1	2	1	0	0	0	0	0	0
OTU_5483	0	0	0	0	0	2	0	0	0	0	0	0	0	0	0	0	0	0	0	0	0	0
OTU_4721	0	0	1	0	1	0	1	0	0	0	0	0	1	0	1	0	0	0	0	2	0	0
OTU_3649	1	2	0	2	2	0	0	0	1	0	1	1	0	4	1	2	0	0	0	3	0	0
OTU_5400	1	0	0	2	0	1	0	0	0	0	0	0	0	0	0	0	0	1	0	1	0	0
OTU_4053	0	0	0	0	0	0	0	0	2	0	0	0	0	0	0	4	0	0	0	0	0	0
OTU_5162	0	0	0	0	0	0	0	0	0	0	0	1	0	0	0	0	0	0	0	3	0	0
OTU_3175	0	0	0	0	0	0	0	0	0	0	0	2	0	0	0	10	0	0	0	1	0	0
OTU_4782	0	0	0	0	0	1	1	0	1	0	0	1	1	1	0	1	0	0	0	0	0	0
OTU_4620	0	0	1	0	0	0	0	0	0	0	1	0	0	0	1	0	0	3	0	0	0	0
OTU_4565	1	0	2	0	0	0	0	1	1	0	0	0	0	0	0	1	0	0	0	1	0	0
OTU_4718	0	0	0	5	0	0	0	0	0	0	0	0	0	0	0	0	0	0	0	0	0	0
OTU_5712	0	0	0	0	0	3	0	0	0	0	0	0	0	0	1	0	0	0	0	0	0	0
OTU_3495	0	0	1	2	0	0	0	3	0	0	0	2	0	0	1	0	0	2	0	0	0	0
OTU_3783	2	0	0	0	0	0	0	1	1	1	0	1	0	0	0	0	0	0	0	3	0	0
OTU_3155	1	2	2	0	0	0	0	1	1	1	0	0	0	0	1	0	0	1	0	1	0	0
OTU_5846	0	1	0	0	0	0	0	1	0	0	0	0	0	0	0	0	0	0	0	0	0	0
OTU_3664	0	0	0	7	0	0	1	1	0	0	0	0	0	0	0	0	0	0	0	0	0	0
OTU_5049	0	0	0	3	0	0	0	1	1	0	0	0	0	0	0	0	1	0	0	0	0	0
OTU_4493	1	0	0	0	0	2	0	0	0	0	0	1	0	1	0	1	0	0	0	0	0	0
OTU_6202	0	0	0	0	0	0	0	0	0	0	0	0	2	0	0	0	0	0	0	0	0	0
OTU_4062	2	0	0	0	1	0	0	0	0	0	0	2	0	0	0	1	0	0	0	0	0	0
OTU_5503	0	0	0	0	0	1	0	0	1	0	0	0	0	0	0	1	0	0	0	0	0	0
OTU_4806	1	0	1	0	0	0	1	0	0	0	0	0	0	1	0	0	0	0	0	1	0	0
OTU_4619	0	0	0	2	0	0	0	0	0	0	0	2	0	0	0	0	0	0	0	2	0	0
OTU_4857	0	0	6	1	6	0	0	0	0	1	0	0	2	0	0	0	1	2	0	0	0	0
OTU_2953	0	0	0	0	0	0	1	6	1	0	0	0	7	0	0	0	0	0	0	0	0	0
OTU_4044	0	2	0	0	1	0	0	0	0	0	0	0	0	0	1	0	0	1	0	0	0	0
OTU_2849	1	0	0	10	0	0	0	1	0	0	0	0	0	0	2	0	0	0	0	0	0	0
OTU_4919	0	0	0	2	1	0	0	2	1	0	1	1	0	0	2	0	0	1	0	0	0	0
OTU_5994	0	0	0	0	0	0	0	1	0	0	0	1	0	0	1	0	1	0	0	0	0	0
OTU_3696	1	1	1	0	2	0	0	4	1	0	0	1	0	1	0	1	3	1	0	0	0	0
OTU_6045	1	0	0	0	0	0	0	0	0	1	0	0	0	1	0	2	0	0	0	0	0	0
OTU_5643	0	0	0	0	0	3	0	1	1	0	1	0	0	0	0	2	0	0	0	0	0	0
OTU_4158	0	1	0	3	0	0	0	0	0	0	0	0	0	0	0	0	1	0	0	0	0	0
OTU_4411	1	0	0	1	0	0	0	0	0	0	0	0	1	0	0	0	1	0	0	1	0	0
OTU_5083	2	0	1	0	2	0	0	1	3	0	0	1	1	1	1	1	0	0	0	1	0	0
OTU_4303	1	0	0	0	0	0	1	3	1	0	0	0	0	0	0	1	0	0	0	1	0	0
OTU_4513	0	0	0	0	0	3	1	0	1	0	0	0	2	1	0	1	0	0	0	0	0	0
OTU_6087	1	0	0	0	1	2	0	0	0	0	0	0	0	0	0	0	0	0	0	0	0	0
OTU_2688	0	3	1	0	4	0	0	0	0	0	6	0	0	1	0	0	1	0	0	0	0	0
OTU_5790	2	0	1	0	1	0	0	1	0	0	0	2	0	0	0	0	0	0	0	0	0	0
OTU_4777	0	0	0	0	0	0	0	0	0	0	1	0	3	0	1	0	0	2	0	0	0	0
OTU_3156	0	0	0	4	2	0	0	2	1	0	0	0	1	0	0	1	1	0	0	0	0	0
OTU_3422	0	1	3	0	1	0	0	0	0	0	2	0	0	0	0	0	1	1	0	0	0	0
OTU_3828	1	0	0	0	0	0	2	0	1	0	0	0	0	0	0	0	0	0	0	0	0	0
OTU_5988	0	0	2	0	0	0	0	0	0	0	0	0	0	0	0	0	0	0	0	0	0	0
OTU_4397	0	7	1	0	3	0	0	0	0	0	0	0	0	0	0	0	0	0	0	0	0	0
OTU_3736	0	0	0	0	0	0	0	0	0	0	0	0	0	0	0	0	21	0	0	0	0	0
OTU_5933	0	0	0	0	0	0	0	0	0	0	0	0	0	0	0	0	2	0	0	0	0	0
OTU_5428	0	0	0	0	0	0	1	0	0	1	0	0	0	0	1	0	0	0	0	0	0	0
OTU_4564	0	0	0	0	3	0	0	1	0	0	0	0	0	0	0	0	0	0	0	0	0	0
OTU_5989	1	0	0	0	0	0	0	0	0	0	0	0	0	0	0	1	0	0	0	0	0	0
OTU_6219	0	0	0	0	0	0	1	0	1	1	0	0	0	0	1	0	0	0	0	1	0	0
OTU_3797	1	0	0	1	0	0	0	1	0	2	0	0	1	1	0	0	2	0	0	0	0	0
OTU_4491	0	1	0	2	0	6	0	0	0	0	1	0	0	0	0	1	0	0	0	0	0	0
OTU_6002	0	0	0	1	0	0	0	0	0	0	1	0	1	0	0	0	0	0	0	0	0	0
OTU_4001	0	1	3	1	2	0	0	2	0	0	0	0	0	0	4	0	0	2	0	0	0	0
OTU_6232	0	0	0	0	0	0	0	0	0	0	0	0	0	0	0	2	0	0	0	0	0	0
OTU_5365	0	0	0	0	0	0	1	0	0	0	0	0	1	0	0	0	0	0	0	1	0	0
OTU_4682	0	0	1	0	1	0	0	0	0	0	1	0	0	0	0	0	0	1	0	1	0	0
OTU_4921	0	0	0	1	0	0	0	0	0	0	0	0	0	0	0	0	1	0	0	0	0	0
OTU_4745	0	0	0	3	0	0	0	2	0	0	0	1	0	0	0	0	0	0	0	1	0	0
OTU_5634	0	0	0	0	1	0	0	0	0	0	0	1	0	0	1	0	0	1	0	0	0	0
OTU_3821	2	0	0	0	0	0	0	6	0	1	0	0	0	0	0	0	0	0	0	0	0	0
OTU_4413	0	0	0	0	0	3	0	0	4	0	0	1	0	2	0	4	0	0	0	0	0	0
OTU_6239	0	0	0	1	0	0	0	0	0	3	0	0	0	0	0	0	0	0	0	0	0	0
OTU_6243	0	1	1	1	0	0	0	0	0	0	0	0	0	0	0	0	1	0	0	0	0	0
OTU_5713	0	0	0	0	0	0	0	3	0	0	0	0	0	0	0	0	0	0	0	0	0	0
OTU_4601	0	0	0	0	0	0	0	0	2	0	0	1	0	0	0	2	0	0	0	0	0	0
OTU_5591	0	0	0	0	0	0	0	0	0	0	0	0	0	0	0	0	2	0	0	0	0	0
OTU_4207	0	0	1	0	0	0	0	0	0	0	0	0	0	1	0	0	0	0	0	1	0	0
OTU_3880	1	1	1	3	0	0	0	0	2	0	2	0	0	0	1	0	0	1	0	1	0	0
OTU_5529	0	0	0	0	0	0	0	0	0	0	0	0	1	0	2	0	0	0	0	0	0	0
OTU_6017	0	1	1	0	0	0	0	0	0	0	0	0	0	0	0	0	1	0	0	0	0	0
OTU_5060	0	0	0	0	0	0	1	0	0	0	0	0	1	0	0	0	0	0	0	3	0	0
OTU_2799	0	0	0	2	1	2	1	4	1	2	1	0	0	0	0	0	4	1	0	0	0	0
OTU_4120	0	0	0	2	0	0	1	0	0	1	0	0	2	0	1	0	0	1	0	0	0	0
OTU_4671	0	0	0	0	0	4	0	0	0	0	0	0	0	0	0	0	0	0	0	0	0	0
OTU_3688	1	0	0	0	0	10	0	0	0	0	0	1	0	0	0	0	0	0	0	0	0	0
OTU_5280	0	0	0	0	1	0	0	0	0	0	0	0	0	0	0	0	0	2	0	0	0	0
OTU_5071	1	1	0	0	0	0	2	0	0	0	0	0	0	1	0	0	0	0	0	0	0	0
OTU_5548	0	0	0	0	0	1	0	0	0	0	0	0	0	0	0	2	0	0	0	0	0	0
OTU_6321	0	0	0	0	0	0	0	0	0	0	0	0	0	0	0	0	2	0	0	0	0	0
OTU_5513	0	0	0	0	0	0	0	1	0	1	0	0	0	1	1	0	0	0	0	0	0	0
OTU_4404	1	1	0	0	0	0	0	0	0	0	0	0	4	0	0	0	0	0	0	0	0	0
OTU_2786	1	0	0	0	0	0	0	2	2	4	1	0	2	4	1	1	3	2	0	1	0	0
OTU_4341	0	0	0	0	2	0	0	0	0	0	0	0	0	0	0	0	1	0	0	0	0	0
OTU_3041	0	0	0	2	0	0	0	1	0	2	0	3	0	0	2	2	0	0	0	1	0	0
OTU_6245	0	0	1	0	0	0	0	1	0	0	0	1	0	0	1	0	1	0	0	0	0	0
OTU_5401	0	0	0	0	0	0	0	0	0	0	0	1	0	0	0	0	0	0	0	1	0	0
OTU_5670	0	0	0	0	1	0	1	1	2	0	1	0	1	0	0	0	0	0	0	0	0	0
OTU_5706	0	0	1	0	0	0	0	0	0	0	2	0	0	0	0	0	0	3	0	0	0	0
OTU_3087	1	0	1	0	0	0	0	1	1	0	1	2	0	0	0	0	0	0	0	4	0	0
OTU_3929	0	0	0	5	0	0	0	0	0	0	0	0	0	0	2	0	0	1	0	0	0	0
OTU_6135	0	0	0	0	0	0	0	3	0	0	0	0	0	0	0	0	0	1	0	0	0	0
OTU_5249	3	0	0	0	0	1	0	0	0	0	0	2	0	0	0	0	0	0	0	0	0	0
OTU_5493	1	1	0	0	0	0	0	0	1	0	0	0	0	0	0	0	0	0	0	0	0	0
OTU_6250	0	0	0	1	0	0	0	1	0	0	0	0	0	0	1	0	0	0	0	0	0	0
OTU_4453	0	1	0	0	2	0	0	3	0	0	0	0	2	0	0	0	0	0	0	0	0	0
OTU_5042	1	0	0	0	0	1	0	0	2	0	0	1	0	0	0	0	0	0	0	0	0	0
OTU_5662	0	0	1	0	0	0	0	0	0	1	0	0	0	0	1	3	1	1	0	0	0	0
OTU_6056	1	0	1	0	1	2	1	0	0	0	0	0	1	0	0	0	1	2	0	0	0	0
OTU_6212	0	0	0	0	0	0	0	1	0	0	0	0	0	0	0	0	0	0	0	1	0	0
OTU_4809	0	0	0	0	0	0	0	2	1	0	0	1	1	0	0	0	0	0	0	1	0	0
OTU_5393	0	0	0	1	0	2	0	2	0	0	0	0	0	0	0	1	0	0	0	0	0	0
OTU_5514	1	0	0	0	1	0	1	0	0	0	0	0	0	0	0	0	0	0	0	0	0	0
OTU_6249	1	0	0	0	0	0	0	0	0	0	0	0	3	0	0	0	0	1	0	1	0	0
OTU_4379	0	0	0	0	0	0	0	0	0	0	0	0	0	1	0	4	0	0	0	0	0	0
OTU_4152	0	0	0	0	0	0	0	0	2	0	0	0	1	3	0	1	0	0	0	0	0	0
OTU_5332	0	0	0	0	0	0	0	0	0	0	0	0	0	0	0	0	3	0	0	0	0	0
OTU_4485	0	0	0	0	0	0	1	0	1	1	0	1	1	1	0	0	0	0	0	1	0	0
OTU_5350	3	0	0	0	0	0	2	1	1	5	1	2	3	3	1	0	0	0	0	0	0	0
OTU_6304	0	0	0	0	1	0	0	0	0	0	0	0	1	0	0	0	1	0	0	0	0	0
OTU_6129	1	0	0	0	0	0	0	0	1	0	0	0	0	1	0	1	0	0	0	0	0	0
OTU_4456	1	0	0	0	0	0	0	0	0	1	0	1	0	3	0	0	0	0	0	0	0	0
OTU_2772	0	1	1	1	2	0	0	0	0	0	1	1	0	0	0	0	5	4	0	0	0	0
OTU_5549	0	0	0	2	0	0	0	0	0	0	0	0	0	0	0	0	0	0	0	0	0	0
OTU_6043	0	0	0	0	0	1	0	1	0	1	0	0	0	0	0	0	0	1	0	0	0	0
OTU_4167	0	0	0	0	0	0	0	1	1	0	0	1	1	0	1	0	0	0	0	2	0	0
OTU_6288	0	0	0	1	0	0	0	1	0	0	0	0	0	1	2	0	2	1	0	0	0	0
OTU_3153	1	0	1	1	0	0	0	0	0	1	1	2	0	0	0	1	2	0	0	2	0	0
OTU_5386	0	0	0	1	0	3	0	0	0	0	0	1	0	0	0	3	0	0	0	0	0	0
OTU_3078	1	0	0	0	0	0	1	0	0	2	0	0	0	2	1	0	0	0	0	1	0	0
OTU_5225	1	0	0	0	0	0	0	0	0	0	0	0	2	0	0	0	0	0	0	1	0	0
OTU_5389	0	0	0	0	0	0	1	0	0	0	0	0	0	0	0	2	0	0	0	0	0	0
OTU_5674	0	0	0	0	0	0	0	0	0	0	0	2	0	0	0	0	0	0	0	0	0	0
OTU_4342	1	2	0	0	2	0	0	0	0	0	0	0	0	0	0	0	1	2	0	0	0	0
OTU_3355	5	0	0	1	0	0	0	0	0	1	0	1	2	3	0	0	0	0	0	1	0	0
OTU_5293	0	0	0	1	0	0	1	1	0	1	0	0	2	1	0	0	0	0	0	0	0	0
OTU_3912	0	0	1	0	0	0	0	0	0	0	1	0	2	0	1	1	0	3	0	0	0	0
OTU_5481	0	0	0	0	0	0	0	0	0	1	0	1	1	1	0	0	0	0	0	1	0	0
OTU_5277	0	0	2	0	0	0	0	0	0	0	0	0	1	0	0	0	0	0	0	0	0	0
OTU_5637	0	0	0	0	0	0	2	0	1	0	0	0	0	2	0	0	0	0	0	0	0	0
OTU_5839	0	0	0	0	0	0	0	0	1	1	0	0	0	0	1	0	1	0	0	1	0	0
OTU_4570	0	0	3	0	0	0	0	0	0	1	2	1	1	1	0	0	2	3	0	0	0	0
OTU_4830	1	0	1	0	0	3	0	0	0	1	0	1	0	0	0	0	0	0	0	1	0	0
OTU_5896	0	0	0	0	0	0	0	0	0	0	0	0	1	0	0	0	0	1	0	0	0	0
OTU_6113	0	0	0	0	0	0	0	0	0	0	0	2	0	0	0	0	0	0	0	1	0	0
OTU_5404	0	2	0	0	1	0	0	0	0	0	1	0	0	0	0	0	1	1	0	0	0	0
OTU_6041	1	0	0	1	2	0	2	4	0	0	0	2	0	1	0	0	1	0	0	1	0	0
OTU_4826	0	1	1	1	0	0	0	1	0	0	0	0	1	0	0	0	0	0	0	0	0	0
OTU_6151	0	0	1	1	0	2	0	1	0	0	0	0	0	0	0	0	0	0	0	1	0	0
OTU_5459	1	1	0	0	1	0	0	0	0	0	0	0	0	0	1	0	1	0	0	0	0	0
OTU_5394	0	0	0	2	0	0	0	0	0	0	0	1	0	0	0	0	0	0	0	0	0	0
OTU_5700	0	0	0	1	0	0	0	1	0	0	0	0	0	0	1	0	0	0	0	0	0	0
OTU_5750	0	0	0	3	0	0	0	0	0	0	0	0	0	0	0	0	0	0	0	0	0	0
OTU_4532	0	0	0	0	0	0	0	0	0	1	2	0	1	0	0	0	1	1	0	0	0	0
OTU_3572	0	0	0	0	0	0	0	1	0	0	0	0	1	0	1	0	0	1	0	1	0	0
OTU_5443	0	1	0	1	0	1	0	0	0	0	0	0	0	1	0	0	1	0	0	1	0	0
OTU_6138	1	0	0	0	0	0	0	0	1	0	0	0	0	1	0	0	0	0	0	0	0	0
OTU_4381	1	0	0	0	0	1	0	0	1	0	0	0	0	0	0	2	0	0	0	0	0	0
OTU_6286	1	0	0	1	0	0	0	0	1	1	0	0	0	2	0	0	0	1	0	0	0	0
OTU_4987	0	0	1	1	0	0	0	1	0	2	0	0	1	1	2	0	0	0	0	0	0	0
OTU_5654	0	0	0	0	0	0	0	0	0	0	1	0	0	0	0	0	0	0	0	1	0	0
OTU_4526	0	0	1	0	1	0	0	0	0	0	1	0	0	0	0	0	0	0	0	0	0	0
OTU_3835	1	0	0	0	0	5	0	0	0	0	0	1	0	2	0	0	0	0	0	0	0	0
OTU_4627	1	0	0	1	0	0	1	0	0	0	0	0	0	1	0	0	0	0	0	0	0	0
OTU_6279	0	0	0	0	0	0	0	0	0	0	0	0	0	0	0	0	0	1	0	2	0	0
OTU_5659	1	0	0	1	0	0	0	0	0	0	1	0	0	1	0	0	0	0	0	0	0	0
OTU_2615	1	0	0	0	0	0	0	0	0	1	0	4	0	3	1	0	0	0	0	1	0	0
OTU_5444	0	1	0	1	0	0	0	1	0	0	0	0	0	0	0	0	0	0	0	0	0	0
OTU_3901	0	0	0	0	1	0	1	0	0	0	2	1	1	1	0	0	1	2	0	2	0	0
OTU_4877	1	0	0	1	0	0	0	0	0	0	1	0	2	2	3	0	0	0	0	1	0	0
OTU_5479	1	0	0	0	2	0	0	0	0	0	0	0	0	1	0	1	0	0	0	0	0	0
OTU_5078	0	0	3	2	0	1	1	0	0	2	1	0	0	1	1	0	0	0	0	0	0	0
OTU_6300	0	0	0	0	0	0	0	2	0	0	0	1	0	0	0	0	0	0	0	0	0	0
OTU_4508	0	0	0	0	0	4	0	0	1	0	0	1	0	1	0	2	0	0	0	1	0	0
OTU_4241	1	0	0	0	0	0	0	0	3	0	1	0	0	0	0	0	0	0	0	1	0	0
OTU_5541	0	0	0	0	1	0	0	1	0	0	0	0	0	1	0	0	0	0	0	1	0	0
OTU_4516	1	1	0	0	0	0	0	1	0	0	0	0	0	0	0	1	0	0	0	1	0	0
OTU_4022	0	1	0	0	0	0	0	0	0	1	0	2	0	1	0	0	0	0	0	0	0	0
OTU_4306	0	0	0	0	0	0	0	0	1	0	0	0	1	0	3	0	0	1	0	0	0	0
OTU_5666	1	0	0	0	0	0	0	0	0	0	0	1	0	0	0	0	0	0	0	0	0	0
OTU_4394	0	0	0	0	0	0	0	0	0	0	0	0	0	0	0	3	0	0	0	0	0	0
OTU_4059	0	3	0	0	0	0	0	0	0	0	0	6	0	0	0	0	0	0	0	0	0	0
OTU_3877	1	1	0	2	1	0	0	0	0	0	1	1	0	1	0	0	1	0	0	0	0	0
OTU_6229	0	0	0	0	0	0	3	0	0	1	0	0	0	1	0	2	0	0	0	0	0	0
OTU_5697	0	0	0	0	0	0	0	0	0	3	0	0	0	0	1	2	0	0	0	0	0	0
OTU_5990	2	1	0	0	0	0	0	0	0	1	0	0	0	0	0	0	0	0	0	0	0	0
OTU_5699	0	1	0	0	0	0	0	0	0	0	0	0	0	0	0	0	1	0	0	0	0	0
OTU_5589	0	0	0	1	0	0	1	0	1	0	0	2	0	0	0	2	0	0	0	0	0	0
OTU_4139	0	0	0	0	0	1	3	1	0	2	1	0	0	0	0	0	0	0	0	1	0	0
OTU_3000	0	0	0	0	0	7	0	0	0	0	0	0	1	0	0	1	0	0	0	0	0	0
OTU_4836	1	0	0	0	0	2	0	0	0	2	0	1	0	1	0	3	0	0	0	0	0	0
OTU_5226	1	0	0	0	0	0	0	0	0	0	1	0	0	0	0	0	0	1	0	0	0	0
OTU_4557	0	2	0	0	2	0	0	0	0	0	0	0	0	0	1	0	0	0	0	0	0	0
OTU_4969	0	0	0	0	0	3	0	0	0	0	0	0	0	0	0	2	0	0	0	2	0	0
OTU_4794	0	0	0	0	0	0	1	0	2	2	0	0	0	0	0	0	0	0	0	1	0	0
OTU_4928	0	0	1	0	1	0	0	0	0	0	0	0	0	0	0	0	0	0	0	0	0	0
OTU_5430	0	0	0	0	0	0	0	0	0	2	0	0	0	0	0	0	0	0	0	0	0	0
OTU_5905	0	0	0	0	0	2	0	0	0	0	0	0	0	0	0	0	0	0	0	0	0	0
OTU_4954	0	0	0	3	0	0	0	1	0	0	0	0	0	0	0	1	1	0	0	0	0	0
OTU_4608	0	0	0	0	0	0	0	0	0	0	0	0	0	0	0	0	1	3	0	0	0	0
OTU_3904	0	0	0	0	0	1	0	0	0	0	0	0	0	0	0	3	0	0	0	0	0	0
OTU_2582	3	2	0	0	1	0	3	2	1	2	1	0	1	0	0	0	0	2	0	0	0	0
OTU_4968	0	0	0	0	0	3	0	0	1	0	0	0	0	0	0	1	0	0	0	0	0	0
OTU_3708	0	0	0	1	0	0	0	6	0	0	0	0	0	0	1	0	0	0	0	0	0	0
OTU_4914	0	1	0	0	1	0	0	0	0	0	0	0	0	0	0	0	0	0	0	0	0	0
OTU_4483	0	0	0	0	0	2	0	0	0	0	0	0	0	0	0	1	0	0	0	0	0	0
OTU_4335	0	0	0	0	0	0	0	0	0	0	0	4	0	1	0	0	0	0	0	1	0	0
OTU_5546	1	0	0	0	0	0	0	0	0	0	0	0	0	0	0	2	0	0	0	0	0	0
OTU_3016	1	0	0	1	3	0	0	3	0	0	0	0	0	0	2	0	2	1	0	0	0	0
OTU_5862	1	0	0	2	0	0	0	2	1	0	0	0	1	1	0	0	0	1	0	0	0	0
OTU_4874	1	0	0	0	0	0	0	0	0	1	0	1	0	2	0	0	0	0	0	1	0	0
OTU_3544	1	0	0	0	0	0	1	0	0	0	0	0	2	0	1	0	0	0	0	3	0	0
OTU_3446	2	0	0	1	0	0	1	0	0	2	0	1	0	0	2	0	0	0	0	1	0	0
OTU_3865	0	1	0	0	1	0	0	1	0	2	0	5	1	0	0	0	0	3	0	0	0	0
OTU_4430	1	0	2	0	0	0	0	0	1	0	0	0	0	0	0	0	0	0	0	1	0	0
OTU_6159	0	0	0	0	0	0	0	4	0	0	0	3	0	0	0	1	0	0	0	0	0	0
OTU_5950	0	0	0	0	0	2	0	0	0	0	0	0	0	0	1	1	0	0	0	0	0	0
OTU_4121	0	0	0	0	0	0	1	0	1	4	0	0	0	2	0	0	0	0	0	0	0	0
OTU_4540	0	0	0	0	0	0	0	0	0	0	0	0	0	1	0	0	0	0	0	2	0	0
OTU_5912	0	2	0	0	0	0	1	0	1	0	0	0	0	0	0	0	0	0	0	0	0	0
OTU_4603	1	0	0	0	0	0	0	0	0	2	0	2	1	0	0	0	0	0	0	0	0	0
OTU_2661	2	2	0	0	0	0	2	0	0	0	0	0	1	0	2	0	1	0	0	2	0	0
OTU_5743	0	0	0	1	0	0	0	0	0	0	0	0	1	0	0	0	0	0	0	0	0	0
OTU_3065	0	0	3	0	0	0	2	1	2	1	1	1	0	2	0	0	0	1	0	0	0	0
OTU_5488	0	0	0	0	0	1	0	0	0	0	0	0	0	0	0	0	0	0	0	1	0	0
OTU_4498	0	0	0	0	0	0	0	0	0	0	0	0	0	0	0	0	2	1	0	0	0	0
OTU_5023	0	0	0	0	0	1	1	0	1	0	0	0	0	0	0	1	0	0	0	0	0	0
OTU_1950	0	0	1	2	3	5	2	2	0	4	3	0	1	0	1	1	2	1	0	0	0	0
OTU_5727	0	0	0	0	3	0	0	0	0	0	0	0	0	0	0	0	0	0	0	0	0	0
OTU_6272	1	0	0	0	0	0	3	0	0	1	0	0	0	0	0	0	0	0	0	0	0	0
OTU_3829	0	0	0	7	0	0	0	0	0	0	0	0	0	0	0	0	0	0	0	0	0	0
OTU_5777	0	0	0	0	0	0	0	0	0	0	0	0	0	0	0	0	4	0	0	0	0	0
OTU_4982	0	0	0	0	0	0	2	0	0	1	0	1	0	2	0	0	0	0	0	0	0	0
OTU_4623	1	0	0	0	0	0	0	0	1	1	0	1	0	0	0	0	0	0	0	0	0	0
OTU_3781	1	0	0	0	0	0	0	4	1	0	0	0	0	1	0	0	2	0	0	0	0	0
OTU_6319	0	0	0	2	0	0	0	2	0	0	0	0	0	0	0	0	0	0	0	0	0	0
OTU_3920	0	1	1	0	0	0	0	1	0	0	0	1	1	0	2	1	0	1	0	0	0	0
OTU_4858	0	0	0	0	2	0	0	0	0	0	0	0	0	2	0	0	1	0	0	0	0	0
OTU_5812	1	0	0	0	0	0	0	0	0	0	0	1	0	0	0	0	0	0	0	0	0	0
OTU_5059	0	0	0	0	0	0	0	0	0	0	0	2	0	0	0	0	0	0	0	0	0	0
OTU_4658	1	0	0	0	0	0	0	1	0	2	0	1	1	1	0	0	0	0	0	1	0	0
OTU_3887	0	1	1	0	0	0	1	1	2	0	0	2	0	2	0	0	1	0	0	0	0	0
OTU_6122	0	0	0	0	0	0	0	0	0	0	0	0	1	0	0	0	0	1	0	0	0	0
OTU_5068	0	0	0	0	0	0	0	0	0	0	0	0	1	0	0	0	0	0	0	2	0	0
OTU_5452	2	1	0	1	0	0	0	0	0	0	0	0	0	0	0	0	0	0	0	0	0	0
OTU_6059	0	0	1	0	0	0	0	0	0	0	0	0	0	0	1	0	0	0	0	1	0	0
OTU_5592	0	0	0	0	0	0	1	0	0	0	0	0	0	2	0	0	0	0	0	1	0	0
OTU_6090	0	0	0	0	0	0	0	0	0	0	1	0	0	2	0	0	0	0	0	0	0	0
OTU_4509	0	1	1	0	0	4	0	0	0	0	0	0	0	0	0	2	0	0	0	1	0	0
OTU_4552	0	0	0	0	0	0	0	0	0	0	0	0	1	2	0	0	0	1	0	1	0	0
OTU_4621	0	0	0	0	0	0	0	0	0	2	0	0	1	0	0	1	0	1	0	1	0	0
OTU_4823	1	0	0	1	0	0	0	1	0	1	2	0	1	0	1	0	1	0	0	0	0	0
OTU_5103	0	0	0	3	0	0	0	0	0	0	0	0	0	0	0	0	0	0	0	0	0	0
OTU_5944	0	0	0	0	0	0	0	0	0	0	0	1	0	1	0	0	0	1	0	0	0	0
OTU_5306	0	0	0	0	0	0	0	0	0	1	0	0	0	2	0	0	0	0	0	0	0	0
OTU_4784	0	0	0	0	0	0	0	1	0	3	0	0	2	0	0	0	0	0	0	1	0	0
OTU_5211	1	0	0	0	0	0	1	1	0	0	0	0	0	1	0	0	0	1	0	0	0	0
OTU_4126	0	0	0	0	0	0	0	0	0	0	4	0	0	0	0	0	0	0	0	0	0	0
OTU_6318	1	0	0	0	0	0	0	0	1	0	1	0	0	0	0	2	0	0	0	0	0	0
OTU_6257	0	0	0	0	0	0	2	0	0	1	0	0	0	0	0	0	0	0	0	0	0	0
OTU_4761	0	0	0	0	0	0	0	0	0	0	0	0	2	1	0	0	0	0	0	0	0	0
OTU_5451	0	0	0	2	0	0	0	0	0	0	0	0	0	0	0	0	0	0	0	6	0	0
OTU_4101	0	0	1	0	2	0	0	0	0	1	0	0	0	0	0	0	1	0	0	0	0	0
OTU_4882	1	0	0	0	0	0	0	0	0	0	0	2	0	0	0	1	0	0	0	0	0	0
OTU_6031	0	0	2	0	0	0	0	0	0	0	0	0	0	0	0	0	0	0	0	0	0	0
OTU_5979	0	0	0	0	0	3	0	1	0	0	0	0	0	1	0	2	0	1	0	0	0	0
OTU_6028	0	0	0	0	0	0	0	0	0	0	0	1	0	0	0	0	0	0	0	1	0	0
OTU_4850	0	0	0	1	0	0	0	0	0	0	0	0	0	0	2	0	0	1	0	0	0	0
OTU_5442	0	0	0	0	1	0	0	1	0	0	0	0	0	0	0	0	2	0	0	0	0	0
OTU_3462	2	0	0	0	0	0	1	0	2	0	0	0	0	4	1	0	0	0	0	1	0	0
OTU_6166	0	0	0	0	0	0	0	0	0	0	0	0	2	0	1	0	0	0	0	1	0	0
OTU_5110	1	0	0	0	0	0	1	0	0	0	0	0	0	1	0	0	0	0	0	0	0	0
OTU_4763	0	0	0	5	0	0	0	0	0	0	0	0	0	0	0	0	0	0	0	0	0	0
OTU_4194	0	0	0	0	1	0	0	0	1	1	0	0	1	0	0	0	1	0	0	0	0	0
OTU_4833	0	0	1	0	0	0	0	0	0	0	0	1	1	0	1	0	1	1	0	0	0	0
OTU_4340	0	0	0	1	0	0	0	0	0	1	0	1	0	0	0	0	0	1	0	1	0	0
OTU_4481	1	0	0	0	0	0	0	0	1	0	0	0	1	0	0	0	1	0	0	0	0	0
OTU_5081	0	0	0	0	0	0	0	0	0	0	0	0	0	1	0	0	0	0	0	2	0	0
OTU_3711	1	0	0	0	2	0	0	0	1	0	0	1	0	0	0	0	0	0	0	0	0	0
OTU_5298	0	0	1	0	0	0	0	0	0	0	1	0	0	0	0	0	1	0	0	0	0	0
OTU_5273	0	0	0	0	0	0	0	0	0	1	0	1	1	0	0	0	0	0	0	0	0	0
OTU_4011	3	0	0	0	0	0	1	0	4	0	0	0	1	2	0	0	0	0	0	0	0	0
OTU_5425	0	0	0	0	0	0	0	0	2	0	1	0	0	1	0	0	0	1	0	1	0	0
OTU_5609	0	0	0	0	0	0	0	0	2	0	0	0	0	0	0	0	0	0	0	0	0	0
OTU_4147	1	0	0	0	0	0	0	0	0	0	0	0	0	0	1	0	1	1	0	0	0	0
OTU_3903	0	0	0	1	2	0	0	0	0	0	1	0	0	0	2	0	0	0	0	0	0	0
OTU_5067	1	0	0	1	1	0	1	0	0	2	0	0	1	0	1	0	0	0	0	2	0	0
OTU_5310	0	0	0	0	0	3	0	0	0	0	0	0	0	0	0	1	0	0	0	0	0	0
OTU_6207	1	0	0	1	1	0	0	0	0	0	0	0	0	0	0	0	1	0	0	0	0	0
OTU_4997	1	0	0	0	0	0	0	1	1	0	1	2	0	0	0	2	0	1	0	1	0	0
OTU_5832	0	0	0	6	0	0	0	2	0	0	0	0	0	0	0	0	0	0	0	0	0	0
OTU_6246	0	0	0	0	0	1	0	0	2	0	0	0	0	0	0	0	0	1	0	0	0	0
OTU_4264	1	0	0	0	0	0	0	0	0	0	3	0	0	0	0	0	0	0	0	0	0	0
OTU_5755	0	1	0	1	0	0	0	0	0	0	1	0	1	0	1	0	0	0	0	0	0	0
OTU_5396	0	0	0	0	0	0	0	0	0	0	0	0	0	1	0	5	0	0	0	0	0	0
OTU_2458	0	1	2	6	1	0	0	5	0	0	3	1	0	0	6	0	4	4	0	0	0	0
OTU_6147	0	0	0	1	0	0	0	0	0	2	0	0	0	1	0	0	0	1	0	0	0	0
OTU_4899	0	0	0	1	0	0	0	0	0	1	1	1	0	0	0	0	2	0	0	0	0	0
OTU_2888	0	0	0	1	1	0	1	3	1	2	1	1	0	1	0	0	2	1	0	1	0	0
OTU_4238	0	0	1	0	1	0	0	0	0	1	0	0	0	0	1	0	1	0	0	0	0	0
OTU_6097	2	0	0	0	1	0	0	0	0	0	0	0	0	0	0	0	0	0	0	0	0	0
OTU_5780	0	0	0	0	0	1	0	0	0	0	0	0	0	0	0	0	0	2	0	0	0	0
OTU_5155	0	0	0	0	0	0	0	0	0	0	0	0	0	0	0	0	0	2	0	0	0	0
OTU_4276	0	0	0	0	0	3	0	0	0	0	0	0	0	0	0	2	0	0	0	0	0	0
OTU_4725	0	0	0	0	0	0	2	0	0	4	0	1	0	0	0	0	0	0	0	0	0	0
OTU_6120	0	0	0	1	1	0	0	0	0	0	0	6	0	0	1	0	0	1	0	1	0	0
OTU_4837	0	0	0	0	1	0	0	0	0	0	0	0	0	0	7	0	0	0	0	0	0	0
OTU_3784	0	0	2	0	0	0	3	0	1	0	0	0	0	1	0	0	0	0	0	0	0	0
OTU_4907	0	1	2	0	0	0	0	0	1	0	0	0	0	0	3	0	0	3	0	0	0	0
OTU_6244	0	0	0	0	0	0	0	1	1	0	0	0	0	0	0	0	0	1	0	2	0	0
OTU_5571	0	0	0	0	0	0	0	0	1	0	0	0	0	1	1	0	1	0	0	0	0	0
OTU_5515	0	0	1	0	1	0	0	0	0	0	0	0	0	0	0	0	0	0	0	0	0	0
OTU_6234	0	2	1	0	0	0	0	0	0	0	0	0	0	0	0	0	0	0	0	0	0	0
OTU_4665	0	0	0	0	0	0	0	0	0	0	2	0	0	0	0	0	1	1	0	0	0	0
OTU_5052	0	1	0	1	1	0	1	2	0	1	0	0	1	0	1	0	1	0	0	2	0	0
OTU_4420	0	0	0	1	0	0	0	0	0	0	0	0	0	0	4	0	0	1	0	0	0	0
OTU_5338	1	0	0	0	1	0	1	0	0	0	0	1	0	1	0	0	0	0	0	0	0	0
OTU_4966	1	0	0	0	0	0	0	0	0	0	0	0	0	3	0	0	0	0	0	0	0	0
OTU_5252	0	0	0	0	1	0	0	0	0	1	0	0	1	0	0	0	0	0	0	2	0	0
OTU_4772	0	1	0	0	1	0	0	0	0	0	0	0	0	0	0	1	0	0	0	0	0	0
OTU_4547	0	0	1	0	0	0	0	0	0	0	3	0	0	0	0	0	0	0	0	0	0	0
OTU_4595	0	0	0	0	3	0	0	0	0	0	0	0	0	0	0	0	1	0	0	0	0	0
OTU_3765	0	0	1	0	2	1	0	0	2	0	0	0	0	1	1	0	1	0	0	0	0	0
OTU_4817	0	0	0	0	0	0	3	0	0	0	0	0	0	1	0	0	0	0	0	0	0	0
OTU_5850	1	0	0	1	0	0	0	0	0	0	0	0	0	0	0	0	0	1	0	0	0	0
OTU_4343	0	0	0	0	0	0	0	0	0	0	0	0	0	0	3	0	2	0	0	0	0	0
OTU_5731	0	0	0	0	0	0	1	0	1	1	1	0	1	1	0	0	0	0	0	0	0	0
OTU_4402	0	0	0	0	0	4	0	0	0	0	0	0	0	0	0	2	0	0	0	0	0	0
OTU_5831	0	1	1	0	2	0	0	1	0	0	0	0	0	0	0	0	1	1	0	0	0	0
OTU_4281	0	0	0	0	0	0	0	0	0	0	0	0	0	0	0	0	0	8	0	0	0	0
OTU_3694	0	0	0	0	2	1	0	1	0	0	0	1	0	0	0	0	0	1	0	0	0	0
OTU_5828	0	0	0	0	0	0	0	0	0	0	0	0	0	2	0	0	0	0	0	0	0	0
OTU_5927	0	0	0	0	0	0	2	0	1	0	0	0	0	2	0	0	0	1	0	0	0	0
OTU_5116	0	0	0	0	0	0	2	0	0	0	0	0	1	3	0	0	0	0	0	0	0	0
OTU_5552	0	0	0	0	0	2	0	0	0	0	0	0	0	0	0	0	0	0	0	0	0	0
OTU_4407	0	0	0	0	0	0	0	0	0	0	0	0	0	0	0	0	7	0	0	0	0	0
OTU_3691	1	0	0	0	0	0	0	0	0	3	1	0	0	0	0	0	3	2	0	0	0	0
OTU_6260	0	0	0	0	0	2	0	0	0	0	0	0	0	0	0	2	0	0	0	0	0	0
OTU_5980	2	0	0	0	0	0	0	0	0	1	0	2	0	0	0	0	0	0	0	1	0	0
OTU_3969	0	0	0	0	2	0	0	1	0	1	0	0	0	0	0	0	0	0	0	3	0	0
OTU_3845	1	0	0	0	0	5	0	0	0	1	0	0	0	0	0	0	0	0	0	0	0	0
OTU_4561	1	0	0	0	0	0	0	1	1	2	0	1	0	1	0	0	0	0	0	0	0	0
OTU_5847	0	0	0	0	0	0	0	0	0	4	0	0	0	0	0	0	0	0	0	0	0	0
OTU_4955	3	0	0	0	0	0	0	1	0	0	0	0	0	0	0	0	0	0	0	1	0	0
OTU_4706	0	0	0	0	1	0	1	0	0	1	0	0	2	1	0	0	0	0	0	0	0	0
OTU_5936	0	0	0	0	0	0	0	0	0	0	1	0	1	0	0	0	3	0	0	0	0	0
OTU_4505	0	0	1	0	2	0	1	2	0	2	0	0	0	0	0	0	5	0	0	0	0	0
OTU_4700	0	1	1	0	0	1	0	0	0	0	0	0	0	0	0	0	1	2	0	0	0	0
OTU_5887	0	0	2	0	1	0	0	0	0	0	1	0	0	0	0	0	1	1	0	0	0	0
OTU_3592	0	1	0	0	4	0	0	1	0	0	0	0	0	0	0	0	3	0	0	0	0	0
OTU_4174	1	0	1	0	0	0	0	0	0	0	0	6	0	0	0	0	1	0	0	0	0	0
OTU_5342	1	0	0	0	0	0	0	0	0	0	0	0	0	0	0	0	0	0	0	1	0	0
OTU_5032	1	0	0	1	1	0	0	0	0	0	0	2	0	0	1	0	0	0	0	0	0	0
OTU_5040	0	0	0	0	0	0	0	0	0	0	2	0	0	0	0	0	0	0	0	0	0	0
OTU_3320	0	0	0	0	0	0	4	0	3	1	0	1	0	2	0	0	0	0	0	1	0	0
OTU_4996	0	0	0	0	0	0	1	0	0	0	0	0	0	3	0	0	0	0	0	0	0	0
OTU_5895	0	1	1	2	1	0	0	0	0	0	0	0	0	1	2	0	1	0	0	0	0	0
OTU_5013	0	0	1	0	1	0	0	0	0	0	0	0	0	0	0	0	1	1	0	0	0	0
OTU_5864	0	0	1	2	0	0	0	0	0	0	0	0	0	0	0	0	0	0	0	0	0	0
OTU_6192	0	0	0	0	0	0	0	0	0	0	0	0	0	0	0	0	3	0	0	0	0	0
OTU_4625	0	0	0	0	0	0	0	0	1	0	0	0	1	1	0	0	0	0	0	0	0	0
OTU_4873	0	0	0	4	0	0	0	0	0	0	0	0	0	0	0	0	0	0	0	0	0	0
OTU_5729	0	0	0	0	1	0	1	0	0	0	0	0	1	0	0	0	0	0	0	0	0	0
OTU_4630	0	0	0	0	1	1	0	0	1	0	0	0	0	0	0	1	0	0	0	0	0	0
OTU_4214	0	2	0	0	1	0	1	1	0	0	1	0	0	0	1	0	0	0	0	0	0	0
OTU_5616	0	0	0	0	0	0	0	0	0	0	0	0	2	0	1	0	0	0	0	0	0	0
OTU_5292	0	0	0	0	0	1	0	0	0	0	0	1	0	0	0	0	0	0	0	0	0	0
OTU_4931	2	0	0	0	0	0	1	0	0	1	1	1	0	0	0	0	0	0	0	0	0	0
OTU_5948	1	0	0	0	0	0	1	0	0	0	0	0	0	0	0	0	0	0	0	1	0	0
OTU_4892	0	0	0	0	0	0	0	0	0	0	0	0	0	0	0	0	3	0	0	0	0	0
OTU_6034	0	0	0	0	1	0	0	1	0	0	1	0	0	0	0	0	0	1	0	0	0	0
OTU_5951	0	0	0	1	0	0	0	1	0	1	0	0	0	0	0	0	0	0	0	0	0	0
OTU_5629	1	0	0	0	0	0	0	1	0	1	0	0	0	0	0	0	0	0	0	0	0	0
OTU_6047	0	0	0	0	0	0	0	0	0	1	0	0	1	2	1	0	0	0	0	0	0	0
OTU_3599	2	0	0	0	0	0	1	0	2	0	0	3	0	2	0	0	0	0	0	2	0	0
OTU_3347	1	0	0	0	0	0	0	0	2	1	0	0	0	0	0	8	0	0	0	0	0	0
OTU_3925	0	0	2	0	0	1	0	0	0	0	0	0	2	2	0	0	0	0	0	0	0	0
OTU_6240	1	0	0	0	1	0	1	0	0	0	0	0	0	1	0	1	0	0	0	0	0	0
OTU_5908	0	0	0	1	1	0	0	0	0	0	0	0	0	0	2	0	0	0	0	0	0	0
OTU_4170	0	1	0	0	1	0	0	0	0	0	2	0	0	0	0	0	1	0	0	0	0	0
OTU_5002	0	0	0	0	0	1	0	0	0	0	0	0	0	0	0	1	0	0	0	0	0	0
OTU_4948	1	0	0	1	0	0	0	0	0	0	0	0	1	0	0	0	1	0	0	0	0	0
OTU_5285	0	0	0	0	0	0	0	0	0	0	0	0	0	0	0	0	1	1	0	0	0	0
OTU_5287	0	0	0	0	0	0	0	0	0	2	1	0	0	0	0	0	0	0	0	0	0	0
OTU_6083	1	0	0	0	0	0	1	0	0	1	0	2	0	0	0	0	0	0	0	0	0	0
OTU_6022	0	0	0	0	0	2	0	0	0	0	0	0	0	1	0	0	0	0	0	1	0	0
OTU_4351	0	0	0	0	0	0	0	3	0	0	0	0	0	0	0	0	0	0	0	0	0	0
OTU_5893	0	0	0	0	0	0	0	0	0	0	0	0	0	0	0	0	0	0	0	2	0	0
OTU_5450	1	0	0	0	0	0	1	0	0	0	0	2	0	0	0	0	0	0	0	0	0	0
OTU_4714	0	0	0	3	1	0	0	1	0	0	0	0	0	0	0	0	0	0	0	0	0	0
OTU_4704	0	1	0	0	0	1	0	0	0	0	0	0	0	1	0	2	0	2	0	0	0	0
OTU_5881	0	0	0	2	0	0	0	1	0	0	0	0	1	0	2	0	0	0	0	0	0	0
OTU_4995	0	0	0	0	1	0	0	0	0	0	0	0	1	0	0	0	3	0	0	0	0	0
OTU_4680	0	0	0	0	0	0	0	0	1	2	0	0	0	0	0	0	0	0	0	0	0	0
OTU_6167	0	0	0	0	0	0	0	0	0	0	0	0	0	0	0	5	0	0	0	0	0	0
OTU_5720	0	0	0	1	0	0	2	0	1	0	0	0	2	2	0	0	0	0	0	0	0	0
OTU_5017	0	3	0	0	0	0	0	0	0	0	0	0	0	0	0	0	1	0	0	0	0	0
OTU_3395	0	1	0	0	2	0	1	0	0	0	2	1	1	0	0	2	0	0	0	0	0	0
OTU_4895	0	0	0	0	0	0	0	0	0	0	1	0	0	0	0	0	0	1	0	0	0	0
OTU_6037	0	0	0	0	0	0	1	0	0	0	0	1	0	0	0	0	0	0	0	0	0	0
OTU_6185	0	0	0	0	0	0	0	0	0	0	0	0	0	0	0	2	0	0	0	0	0	0
OTU_3973	2	0	0	1	1	0	0	1	0	0	1	0	2	0	0	0	0	0	0	0	0	0
OTU_4350	0	0	0	0	0	0	0	0	0	0	0	1	0	0	0	0	0	0	0	2	0	0
OTU_5754	3	0	0	0	0	0	0	0	0	0	1	0	1	0	0	0	0	0	0	2	0	0
OTU_6171	0	0	0	0	0	0	0	0	0	0	2	0	0	0	0	0	0	0	0	0	0	0
OTU_4741	2	0	1	0	0	0	0	0	0	0	1	2	4	2	0	0	0	2	0	4	0	0
OTU_5708	0	0	0	0	0	0	1	1	1	2	1	0	0	0	0	0	0	0	0	1	0	0
OTU_4297	0	0	0	0	0	0	0	0	0	0	0	2	0	0	0	4	0	0	0	0	0	0
OTU_3611	0	2	0	0	0	1	0	1	0	1	0	3	0	0	0	2	0	0	0	1	0	0
OTU_6073	0	0	0	0	0	0	1	0	0	0	0	0	0	0	1	0	0	0	0	0	0	0
OTU_5798	0	0	0	0	0	0	0	0	0	0	0	0	0	2	0	0	0	0	0	0	0	0
OTU_4002	0	0	0	0	0	2	0	0	0	0	0	0	1	0	0	3	0	0	0	0	0	0
OTU_6067	0	0	0	1	0	0	0	1	0	0	0	0	0	0	0	0	0	0	0	0	0	0
OTU_5800	1	0	0	0	0	1	1	0	1	0	0	0	0	1	0	0	1	0	0	0	0	0
OTU_4182	0	0	1	0	0	0	0	0	0	1	2	0	0	1	1	0	1	0	0	0	0	0
OTU_6112	0	0	0	0	0	0	0	0	0	0	0	0	0	1	0	2	0	0	0	0	0	0
OTU_6293	0	0	0	0	0	0	1	0	0	1	0	0	0	0	0	0	0	0	0	0	0	0
OTU_4486	2	0	0	0	0	0	0	0	1	3	0	4	0	1	0	0	0	0	0	1	0	0
OTU_6117	0	0	0	0	0	0	0	2	0	0	0	0	0	0	0	0	0	0	0	0	0	0
OTU_6077	1	0	0	0	0	0	0	0	0	0	1	1	0	0	0	0	0	1	0	0	0	0
OTU_6116	0	0	0	0	1	0	0	1	0	0	0	0	0	0	0	0	0	0	0	0	0	0
OTU_4981	0	1	1	0	0	0	0	0	0	0	0	0	0	0	0	2	0	0	0	0	0	0
OTU_5431	0	0	0	0	0	1	0	0	0	0	2	0	0	0	0	0	0	0	0	0	0	0
OTU_4751	0	2	0	0	0	0	1	0	0	0	1	0	0	0	0	1	0	0	0	0	0	0
OTU_4898	0	0	0	3	0	0	0	0	0	0	0	0	0	0	0	1	0	0	0	0	0	0
OTU_4733	0	0	0	0	0	0	0	0	1	1	0	0	0	0	1	0	0	0	0	1	0	0
OTU_4971	1	0	0	0	0	1	0	0	0	0	0	0	0	0	0	2	0	0	0	0	0	0
OTU_5194	0	0	0	0	0	0	0	0	0	0	3	0	0	0	0	1	0	0	0	0	0	0
OTU_5079	0	0	0	4	0	0	0	0	0	0	0	0	0	0	0	0	2	0	0	0	0	0
OTU_4816	1	0	0	0	0	0	0	0	0	0	0	0	0	0	4	0	0	0	0	0	0	0
OTU_6137	0	0	0	0	0	0	1	0	1	0	0	2	0	0	0	0	0	0	0	1	0	0
OTU_5977	1	0	1	0	0	0	0	0	0	0	0	1	0	0	0	0	0	0	0	0	0	0
OTU_3467	1	3	1	0	0	0	0	0	0	1	4	1	0	0	0	0	0	0	0	0	0	0
OTU_4058	0	0	0	0	0	0	1	1	1	1	0	0	0	0	0	0	0	0	0	0	0	0
OTU_3921	0	0	0	0	0	0	0	0	1	1	2	0	0	4	0	0	0	0	0	2	0	0
OTU_4989	0	0	0	0	0	0	0	0	0	0	0	1	0	0	0	2	0	0	0	0	0	0
OTU_5747	0	0	0	0	0	0	0	0	0	0	0	1	0	0	0	0	5	0	0	0	0	0
OTU_5924	0	0	0	2	1	0	2	0	0	0	0	0	1	0	0	0	0	0	0	1	0	0
OTU_4475	1	0	0	0	0	0	0	0	1	0	0	0	0	0	0	2	0	0	0	1	0	0
OTU_6182	0	0	0	0	0	0	1	0	0	1	0	0	0	1	0	1	0	0	0	0	0	0
OTU_4750	1	0	1	0	0	3	0	0	0	0	1	0	0	0	0	0	0	0	0	0	0	0
OTU_5982	0	0	0	0	0	0	0	0	0	1	0	0	0	0	0	1	0	0	0	0	0	0
OTU_5935	1	0	0	0	0	0	0	0	0	1	0	0	0	0	0	1	0	0	0	0	0	0
OTU_4944	0	0	0	2	0	0	0	0	0	0	0	0	0	0	0	0	0	0	0	0	0	0
OTU_4362	0	0	0	0	0	0	0	0	0	0	0	0	3	0	0	0	0	0	0	1	0	0
OTU_5941	0	0	0	1	0	1	0	0	0	0	0	0	0	0	0	2	0	0	0	0	0	0
OTU_5929	0	0	0	0	0	1	1	0	2	0	0	0	0	0	0	0	0	1	0	0	0	0
OTU_5038	0	0	0	1	0	0	0	1	0	0	0	0	0	0	0	0	0	0	0	0	0	0
OTU_5919	0	0	0	0	0	2	0	0	0	0	0	1	0	0	0	0	0	0	0	0	0	0
OTU_4637	0	0	0	1	1	0	0	1	0	0	0	0	0	0	0	0	0	0	0	0	0	0
OTU_5928	0	0	0	0	0	0	0	1	0	0	0	0	0	0	0	0	1	0	0	0	0	0
OTU_5889	0	1	0	0	0	0	0	0	0	0	1	0	0	0	0	0	0	0	0	0	0	0
OTU_5899	0	0	0	0	1	0	0	0	1	0	0	1	0	0	0	0	0	0	0	1	0	0
OTU_5015	0	0	0	0	0	0	0	0	0	0	0	0	0	0	0	0	0	2	0	0	0	0
OTU_5807	0	0	0	0	0	2	0	0	0	0	0	0	0	0	0	0	0	0	0	0	0	0
OTU_5048	0	0	0	0	0	0	1	0	0	0	1	1	0	0	0	0	0	0	0	0	0	0
OTU_4024	1	0	0	0	0	2	0	0	0	0	0	2	0	0	0	1	0	0	0	0	0	0
OTU_4271	0	0	0	0	0	1	0	0	0	1	0	0	0	0	0	0	0	0	0	1	0	0
OTU_3470	2	0	0	0	0	0	2	0	1	0	0	1	0	0	0	0	0	0	0	0	0	0
OTU_5971	0	0	0	0	0	0	0	0	0	1	1	0	0	1	0	0	0	0	0	0	0	0
OTU_4447	1	0	0	1	0	0	0	0	0	0	0	0	0	0	0	0	0	0	0	1	0	0
OTU_5455	0	1	1	0	0	0	0	0	0	0	3	0	0	0	0	0	0	0	0	0	0	0
OTU_4370	0	0	0	0	0	0	0	0	0	0	0	0	1	2	1	0	0	1	0	0	0	0
OTU_3934	0	0	0	5	0	0	0	0	0	0	0	0	0	0	0	0	0	0	0	0	0	0
OTU_6216	0	2	0	0	1	0	0	0	0	0	0	0	0	0	0	0	0	0	0	0	0	0
OTU_4903	0	0	0	0	0	2	0	0	0	0	0	2	0	0	0	0	0	0	0	0	0	0
OTU_5033	0	1	0	1	1	0	0	1	0	0	0	0	1	0	1	0	0	0	0	0	0	0
OTU_3868	0	0	0	0	0	0	2	0	0	0	0	1	0	0	0	0	0	0	0	2	0	0
OTU_5011	0	0	0	0	0	0	0	0	0	1	0	1	0	0	0	0	0	0	0	0	0	0
OTU_4398	0	1	1	0	0	0	0	0	0	0	0	0	0	0	0	0	1	0	0	0	0	0
OTU_5061	1	0	0	0	0	0	0	0	0	0	1	0	0	0	0	0	0	0	0	0	0	0
OTU_3350	0	1	0	0	0	0	0	0	0	0	1	1	3	1	0	0	0	0	0	1	0	0
OTU_4199	1	0	0	0	0	0	0	0	1	0	0	0	0	1	0	1	0	0	0	0	0	0
OTU_5844	0	0	0	0	0	0	0	1	1	0	1	0	0	0	0	0	0	0	0	0	0	0
OTU_4226	1	0	0	0	1	0	0	0	0	0	1	0	0	0	0	0	0	0	0	0	0	0
OTU_4927	0	1	0	0	2	0	0	0	0	0	0	0	0	0	0	0	0	1	0	1	0	0
OTU_6124	0	0	1	0	0	0	0	1	0	0	0	0	0	0	0	0	0	0	0	0	0	0
OTU_4071	0	0	0	0	0	0	0	0	0	0	0	0	0	4	0	0	0	0	0	0	0	0
OTU_4650	0	0	0	0	0	0	0	0	0	0	0	0	0	0	0	0	3	0	0	0	0	0
OTU_6178	0	0	0	0	0	0	1	0	0	0	0	0	1	1	0	0	0	0	0	0	0	0
OTU_3141	0	0	0	0	0	0	2	0	0	0	0	0	0	4	0	0	0	0	0	0	0	0
OTU_3971	1	0	0	0	0	0	1	0	0	0	1	0	0	3	0	0	0	0	0	0	0	0
OTU_5825	0	0	0	3	0	0	0	0	0	0	0	0	0	0	0	0	0	0	0	0	0	0
OTU_6013	0	0	0	0	0	1	0	0	0	0	0	0	1	0	0	0	0	0	0	0	0	0
OTU_4243	0	0	0	0	0	0	0	0	0	0	0	0	0	0	0	5	0	0	0	1	0	0
OTU_4810	0	0	0	2	0	0	0	1	0	1	0	0	0	0	0	0	0	0	0	1	0	0
OTU_5830	0	0	0	0	0	0	0	0	0	1	0	0	0	0	0	0	0	0	0	1	0	0
OTU_4569	3	0	0	0	0	0	0	0	0	0	0	0	0	0	0	0	0	0	0	0	0	0
OTU_4920	3	0	0	0	0	0	1	0	3	0	0	0	0	1	0	0	0	0	0	2	0	0
OTU_4730	0	1	0	0	0	0	0	0	0	1	0	0	1	0	0	0	2	0	0	0	0	0
OTU_6308	0	0	0	0	0	0	0	0	0	0	0	0	0	0	0	0	0	2	0	0	0	0
OTU_4654	1	0	0	0	2	0	1	2	0	0	0	0	0	0	0	0	0	0	0	0	0	0
OTU_5782	0	0	0	0	0	0	0	0	0	0	2	1	0	0	0	0	0	0	0	0	0	0
OTU_4280	0	1	0	0	0	1	0	0	1	1	0	0	0	1	0	0	1	0	0	0	0	0
OTU_5801	0	0	0	0	0	0	2	0	1	0	0	0	0	0	0	0	0	0	0	0	0	0
OTU_5740	0	0	0	0	0	0	2	0	1	0	0	0	0	1	0	0	0	0	0	0	0	0
OTU_6301	1	0	0	0	0	0	0	0	0	0	0	0	0	0	0	0	0	0	0	2	0	0
OTU_6309	1	1	0	2	0	0	0	0	0	0	0	0	0	0	0	0	0	0	0	0	0	0
OTU_5954	1	0	0	0	0	0	0	0	0	2	0	1	0	3	0	0	0	0	0	0	0	0
OTU_5613	1	0	0	0	0	0	0	0	0	1	0	1	0	1	1	0	0	0	0	0	0	0
OTU_4613	0	0	1	0	0	0	1	0	0	0	0	1	0	1	0	0	2	0	0	1	0	0
OTU_5923	1	0	0	0	0	0	0	0	0	0	0	0	1	0	0	0	0	0	0	0	0	0
OTU_5857	0	1	0	0	0	0	0	0	0	0	0	0	0	0	0	0	1	0	0	0	0	0
OTU_3721	0	0	0	1	1	0	2	0	0	0	1	1	0	0	0	0	1	0	0	0	0	0
OTU_5475	0	0	0	0	1	0	0	0	0	0	0	0	0	0	0	0	0	1	0	0	0	0
OTU_5619	0	0	0	0	0	1	0	0	0	0	0	0	0	0	0	4	0	0	0	0	0	0
OTU_5675	0	0	0	0	0	4	0	0	0	0	0	0	0	0	0	0	0	0	0	0	0	0
OTU_5434	0	0	0	0	0	1	0	2	0	0	0	0	0	0	0	0	0	0	0	0	0	0
OTU_5678	1	0	1	1	0	0	0	0	0	0	0	0	0	0	0	0	0	0	0	1	0	0
OTU_4918	0	0	0	0	0	0	0	0	0	1	0	0	1	0	0	2	0	0	0	0	0	0
OTU_4859	0	0	0	3	0	0	0	0	0	0	0	0	0	0	0	0	0	0	0	0	0	0
OTU_5556	0	0	0	0	1	0	0	0	0	1	0	1	0	0	0	0	2	0	0	0	0	0
OTU_5781	0	0	0	3	0	0	0	0	1	0	1	1	0	0	0	0	0	0	0	0	0	0
OTU_5759	1	0	0	0	0	0	1	0	1	1	0	0	0	0	0	0	0	0	0	0	0	0
OTU_4983	0	0	0	1	0	0	0	0	0	0	0	0	0	0	0	0	0	1	0	0	0	0
OTU_5833	0	0	0	0	0	0	0	0	0	0	0	0	1	0	0	0	0	0	0	1	0	0
OTU_5725	1	0	0	0	0	0	1	0	0	0	0	1	0	0	0	0	0	0	0	0	0	0
OTU_5698	0	0	0	0	1	0	0	0	1	0	0	0	1	1	0	0	0	0	0	0	0	0
OTU_5457	0	0	0	0	0	0	0	0	1	0	0	0	0	0	0	0	1	0	0	0	0	0
OTU_5599	0	0	0	0	0	1	0	0	1	0	0	1	1	0	0	0	0	0	0	0	0	0
OTU_4774	0	0	0	0	0	0	2	0	1	1	0	0	0	1	0	0	0	0	0	1	0	0
OTU_6290	0	1	4	1	0	0	0	0	0	0	1	0	0	1	1	0	1	0	0	0	0	0
OTU_6169	0	0	0	0	1	0	1	0	0	0	0	0	0	0	0	0	0	0	0	1	0	0
OTU_5559	0	0	0	2	0	0	0	0	0	0	0	0	0	0	0	0	2	0	0	0	0	0
OTU_4149	0	0	0	0	1	0	1	1	0	3	0	0	1	0	0	0	0	1	0	2	0	0
OTU_5446	0	0	0	0	0	2	0	0	0	0	0	0	0	0	0	0	0	0	0	0	0	0
OTU_6294	0	0	0	0	0	0	0	0	0	0	0	0	0	0	0	2	0	0	0	0	0	0
OTU_5705	0	0	0	0	1	0	0	0	0	0	0	0	0	1	0	0	0	1	0	1	0	0
OTU_6072	0	0	0	1	0	0	0	0	0	0	0	0	0	0	0	0	1	1	0	0	0	0
OTU_4580	0	0	0	0	0	0	0	0	0	0	0	1	0	0	0	0	3	1	0	0	0	0
OTU_5691	0	0	0	0	0	0	1	0	0	1	0	0	0	0	0	0	0	0	0	0	0	0
OTU_6143	0	0	0	0	0	0	0	0	1	1	0	0	0	0	0	0	0	0	0	0	0	0
OTU_5757	0	0	1	2	0	1	0	0	0	0	1	3	0	1	1	0	1	0	0	0	0	0
OTU_6270	1	0	0	0	0	0	0	0	1	1	0	1	0	2	0	2	0	0	0	0	0	0
OTU_4239	1	0	0	0	0	0	2	0	0	1	0	2	0	0	0	0	0	0	0	0	0	0
OTU_5969	0	1	0	3	0	0	2	0	0	0	0	0	0	0	0	0	0	0	0	0	0	0
OTU_4679	0	0	0	0	0	0	1	0	0	1	0	0	0	1	0	0	0	0	0	0	0	0
OTU_4527	0	0	1	0	0	0	0	0	1	0	0	1	0	0	0	0	0	0	0	0	0	0
OTU_4799	0	1	0	0	1	0	1	0	0	0	0	0	0	0	2	0	0	1	0	0	0	0
OTU_6254	0	1	0	0	0	0	0	0	0	0	0	0	0	0	0	0	1	0	0	0	0	0
OTU_5995	0	0	0	0	0	0	0	1	0	0	0	0	0	0	1	0	0	0	0	0	0	0
OTU_6131	0	0	0	0	0	0	1	0	0	3	0	0	0	0	0	0	0	0	0	1	0	0
OTU_6236	0	0	0	0	0	0	0	0	0	0	0	0	0	1	0	1	0	0	0	0	0	0
OTU_4639	0	0	0	0	0	2	0	0	0	0	0	0	0	0	0	2	0	0	0	0	0	0
OTU_6157	1	2	0	0	1	0	1	0	0	1	0	0	0	0	0	0	0	0	0	1	0	0
OTU_6307	2	0	0	0	0	0	0	0	0	0	0	0	0	0	0	0	0	0	0	0	0	0
OTU_4389	0	0	0	0	0	1	0	0	1	0	0	0	0	0	0	2	1	0	0	0	0	0
OTU_4400	0	1	0	1	2	0	0	1	0	0	1	0	0	1	0	0	1	0	0	0	0	0
OTU_5721	0	0	0	0	0	1	0	0	0	1	0	1	0	0	0	1	0	0	0	0	0	0
OTU_5387	0	0	0	0	0	0	0	0	0	0	0	0	2	0	0	0	0	0	0	0	0	0
OTU_4828	0	0	0	0	2	0	0	0	0	0	1	0	0	0	0	0	1	1	0	0	0	0
OTU_3656	0	0	0	0	0	0	0	0	2	0	0	0	0	2	0	2	0	0	0	1	0	0
OTU_5970	0	1	0	0	0	0	0	0	0	0	0	0	0	0	0	0	0	1	0	0	0	0
OTU_6071	0	0	0	0	0	0	0	0	0	0	0	0	0	0	0	2	0	0	0	0	0	0
OTU_4452	0	0	0	0	0	0	0	0	0	0	0	0	0	0	0	4	0	0	0	0	0	0
OTU_6305	0	0	0	1	0	0	0	0	0	0	0	0	1	0	1	0	0	0	0	0	0	0
OTU_5624	0	0	0	0	0	2	0	0	0	0	0	0	0	0	0	0	0	0	0	0	0	0
OTU_5572	0	0	0	0	0	0	0	0	0	0	0	1	0	0	0	0	1	0	0	0	0	0
OTU_4866	0	0	4	0	2	0	0	1	0	0	0	0	1	0	0	0	0	0	0	0	0	0
OTU_5621	0	0	0	0	0	0	0	0	0	0	0	0	0	0	0	3	0	0	0	0	0	0
OTU_5642	0	0	0	2	0	0	1	0	0	0	0	0	0	0	0	0	0	0	0	0	0	0
OTU_6320	0	0	0	0	0	1	1	0	0	0	0	0	0	2	0	0	0	0	0	0	0	0
OTU_3224	0	2	1	0	0	0	0	0	0	0	0	1	0	1	0	2	0	1	0	0	0	0
OTU_4675	0	0	0	0	1	0	0	1	0	0	0	0	1	0	0	1	0	3	0	0	0	0
OTU_4890	1	0	0	1	0	0	0	1	0	0	0	0	0	2	1	0	0	0	0	1	0	0
OTU_6274	0	0	0	0	0	0	0	0	1	1	0	0	0	0	0	0	1	0	0	0	0	0
OTU_6215	0	0	0	0	0	0	0	0	0	0	0	0	0	0	0	0	2	0	0	0	0	0
OTU_6226	0	0	0	0	0	0	0	0	0	0	0	0	0	0	0	0	3	0	0	0	0	0
OTU_5978	0	0	0	0	0	0	0	0	0	1	0	1	1	0	0	0	0	0	0	0	0	0
OTU_5667	0	0	0	0	0	0	0	0	0	0	0	1	0	1	0	0	0	0	0	0	0	0
OTU_6000	0	0	0	0	0	0	0	0	0	0	0	2	0	0	0	0	0	0	0	0	0	0
OTU_5866	0	0	0	0	0	0	0	0	0	0	0	0	0	0	0	0	5	0	0	0	0	0
OTU_5349	0	0	0	0	0	0	0	1	0	0	0	0	0	0	0	0	0	0	0	1	0	0
OTU_5502	0	0	1	0	0	0	0	0	0	0	0	0	0	0	0	2	0	0	0	0	0	0
OTU_4432	0	0	1	0	1	0	0	0	0	0	1	0	0	0	0	0	1	0	0	0	0	0
OTU_6303	0	0	0	0	0	3	0	0	0	0	0	0	0	0	0	0	0	0	0	0	0	0
OTU_5640	0	0	1	0	1	0	0	1	0	0	0	0	0	1	1	0	0	0	0	0	0	0
OTU_5369	0	0	0	0	0	0	1	0	0	2	0	0	0	1	0	0	0	0	0	0	0	0
OTU_4590	0	2	0	0	1	0	0	0	0	0	0	1	0	0	0	0	0	0	0	0	0	0
OTU_6163	1	0	0	0	0	0	0	0	0	0	0	1	0	0	0	0	0	0	0	0	0	0
OTU_6155	0	0	0	0	0	0	0	0	0	0	0	3	0	0	0	0	0	0	0	0	0	0
OTU_6162	1	0	0	0	0	0	0	0	0	0	0	0	0	0	0	1	0	0	0	0	0	0
OTU_5947	0	0	0	2	0	0	0	0	0	0	0	0	1	1	2	0	0	0	0	0	0	0
OTU_3902	0	1	0	4	1	0	0	2	0	0	0	0	0	0	0	0	0	0	0	0	0	0
OTU_6153	0	0	0	0	0	0	1	0	0	0	0	0	1	0	0	0	0	0	0	0	0	0
OTU_5360	0	0	0	0	0	1	0	0	0	1	0	0	0	0	0	2	0	0	0	0	0	0
OTU_5784	0	0	0	0	0	0	0	0	0	0	2	0	0	0	0	0	0	0	0	0	0	0
OTU_5841	1	0	0	0	0	0	0	0	0	0	0	0	0	1	0	0	1	0	0	0	0	0
OTU_6145	0	0	0	1	0	0	0	0	0	0	0	0	1	0	0	0	0	0	0	1	0	0
OTU_4375	0	0	0	0	0	0	1	0	0	3	0	1	0	0	0	0	0	0	0	1	0	0
OTU_5146	0	0	0	0	0	0	0	0	0	0	0	1	2	0	0	0	0	0	0	0	0	0
OTU_5449	0	0	0	0	1	0	0	0	0	0	1	0	0	0	0	0	0	0	0	0	0	0
OTU_6101	0	0	0	0	0	0	0	0	0	1	0	0	0	1	0	0	0	0	0	0	0	0
OTU_5232	0	1	0	0	0	0	0	0	0	1	0	0	0	0	0	0	0	0	0	1	0	0
OTU_5888	0	2	0	0	0	0	0	1	0	0	0	0	0	0	0	0	0	0	0	0	0	0
OTU_5682	0	0	0	0	0	0	0	0	0	0	0	0	0	0	0	2	0	0	0	0	0	0
OTU_6222	2	0	0	0	0	1	0	0	0	0	0	0	0	0	0	0	0	0	0	0	0	0
OTU_3833	0	0	0	0	0	0	0	0	0	0	0	2	0	1	1	0	0	0	0	0	0	0
OTU_6100	0	0	0	0	0	0	0	0	0	0	0	0	0	0	0	0	2	0	0	0	0	0
OTU_4781	0	0	0	0	0	2	0	0	0	0	0	0	0	0	0	3	0	0	0	0	0	0
OTU_6277	0	0	0	0	0	0	0	0	0	0	0	0	1	0	0	0	1	0	0	0	0	0
OTU_5903	0	0	1	0	0	0	0	0	0	0	0	0	0	0	0	0	1	0	0	0	0	0
OTU_4467	1	0	0	0	0	2	0	0	0	0	0	1	0	0	0	0	0	0	0	0	0	0
OTU_4936	0	0	0	3	0	0	0	0	0	0	0	0	0	1	0	0	1	0	0	1	0	0
OTU_5580	0	0	0	0	0	1	0	0	0	0	0	0	0	0	0	2	0	0	0	0	0	0
OTU_4956	0	0	0	0	0	0	0	0	0	0	0	2	0	0	0	0	0	0	0	2	0	0
OTU_6204	0	0	0	0	0	0	0	1	0	0	1	0	1	0	0	0	0	0	0	0	0	0
OTU_5426	0	0	0	0	0	0	1	0	0	0	1	0	0	0	0	0	0	0	0	0	0	0
OTU_6316	0	0	0	0	0	0	0	1	0	0	0	0	0	0	1	0	0	0	0	1	0	0
OTU_5884	0	0	0	0	0	0	0	0	0	0	1	0	0	1	0	0	0	0	0	0	0	0
OTU_4396	0	0	0	0	3	0	0	0	0	0	0	0	0	0	0	0	0	0	0	0	0	0
OTU_5639	0	0	1	0	0	0	0	0	0	0	0	0	0	0	0	2	0	0	0	0	0	0
OTU_6103	0	2	0	1	0	0	0	0	0	0	0	0	0	0	0	0	0	0	0	0	0	0
OTU_5370	0	0	1	1	0	0	0	0	0	1	0	0	0	0	2	0	0	0	0	1	0	0
OTU_3914	0	0	0	0	0	0	1	1	0	0	0	0	2	0	0	0	0	0	0	0	0	0
OTU_5748	0	0	0	0	2	0	0	0	0	0	0	0	0	0	0	0	0	0	0	0	0	0
OTU_5001	0	0	0	0	0	0	0	0	0	1	0	0	1	0	0	0	0	0	0	0	0	0
OTU_4424	0	0	0	0	2	0	0	0	0	0	0	0	0	0	1	0	1	1	0	0	0	0
OTU_5012	0	0	2	0	0	0	0	0	0	0	0	0	0	0	0	2	0	0	0	0	0	0
OTU_4845	0	0	0	0	0	0	0	0	0	3	0	0	0	0	0	0	0	0	0	0	0	0
OTU_5763	0	0	0	0	0	0	0	0	0	0	0	0	0	0	0	2	0	0	0	0	0	0
OTU_5723	0	0	0	0	0	0	0	0	0	0	1	0	1	0	0	0	0	2	0	0	0	0
OTU_4484	0	0	0	2	0	0	0	0	0	0	0	0	0	0	1	0	0	0	0	0	0	0
OTU_6036	0	0	0	0	0	0	0	0	0	0	0	2	0	1	0	0	0	0	0	0	0	0
OTU_5056	0	0	0	0	2	0	0	0	0	0	0	0	0	0	0	0	0	0	0	0	0	0
OTU_6096	0	0	0	0	0	0	0	0	0	0	0	1	0	1	0	0	0	0	0	0	0	0
OTU_4735	0	0	0	0	0	0	0	0	0	1	0	0	0	0	0	3	0	0	0	0	0	0
OTU_5810	0	0	0	2	0	0	0	0	0	0	0	0	0	0	0	0	0	0	0	0	0	0
OTU_6242	0	0	0	0	1	0	0	1	0	0	0	0	0	0	0	0	1	0	0	0	0	0
OTU_5739	0	0	0	3	0	0	0	0	0	0	0	0	0	0	0	0	0	0	0	0	0	0
OTU_6264	0	0	0	0	0	0	0	0	1	0	0	0	1	0	0	0	0	0	0	1	0	0
OTU_5753	0	1	0	0	0	0	0	0	0	0	0	0	0	0	0	0	0	1	0	0	0	0
OTU_5818	0	0	0	0	0	0	0	0	0	0	1	0	0	0	0	0	0	1	0	0	0	0
OTU_4972	0	0	0	0	0	0	1	0	1	1	0	0	0	0	0	0	0	0	0	0	0	0
OTU_4074	0	0	2	0	2	0	0	0	0	0	0	0	0	0	0	0	0	0	0	1	0	0
OTU_6230	0	0	0	0	0	0	0	0	0	0	0	0	0	2	0	0	0	0	0	0	0	0
OTU_5722	0	0	0	1	0	0	0	1	0	0	0	0	0	0	0	0	0	0	0	0	0	0
OTU_4985	0	0	0	0	0	0	1	0	0	0	0	0	0	1	0	0	0	0	0	0	0	0
OTU_6142	0	0	0	0	0	3	0	0	0	0	0	0	0	0	0	0	0	0	0	0	0	0
OTU_4974	0	0	0	0	0	0	0	0	0	0	2	0	0	0	0	0	0	0	0	0	0	0
OTU_6263	0	0	0	0	1	0	0	0	0	0	2	0	0	0	0	0	0	0	0	0	0	0
OTU_5711	0	0	0	1	0	0	0	0	0	0	0	0	1	0	0	0	0	0	0	0	0	0
OTU_5710	1	0	0	0	0	0	0	0	0	1	0	1	0	1	0	0	0	0	0	0	0	0
OTU_5423	0	1	0	0	0	0	0	0	0	0	0	0	1	0	0	0	0	0	0	0	0	0
OTU_5765	0	0	0	0	1	0	0	0	0	0	2	0	0	0	0	0	0	0	0	0	0	0
OTU_5607	0	0	0	0	0	0	0	0	0	0	1	0	0	0	0	0	1	0	0	0	0	0
OTU_5009	0	0	0	0	0	0	0	1	0	0	0	1	0	0	0	0	0	0	0	0	0	0
OTU_6322	0	0	0	0	0	0	0	0	0	0	0	0	1	1	0	0	0	0	0	0	0	0
OTU_4908	0	0	0	0	0	0	0	0	0	0	1	0	1	0	0	0	0	0	0	0	0	0
OTU_6306	0	0	0	0	0	0	0	0	0	0	0	0	0	1	0	0	0	0	0	1	0	0
OTU_5600	1	0	0	0	0	0	1	0	0	1	0	0	0	0	0	0	0	0	0	0	0	0
OTU_6136	1	0	0	0	0	0	0	0	0	0	2	1	0	0	1	0	0	0	0	0	0	0
OTU_5738	1	0	0	0	0	0	0	0	0	0	0	0	0	1	0	0	0	0	0	0	0	0
OTU_5745	0	0	0	0	0	0	0	0	0	0	0	0	1	0	1	0	0	0	0	0	0	0
OTU_4902	0	0	0	0	0	1	0	0	0	1	0	0	0	0	0	0	0	0	0	0	0	0
OTU_5733	0	0	0	0	0	0	0	0	0	0	0	1	0	0	0	0	1	0	0	0	0	0
OTU_6098	0	0	0	0	0	0	0	1	0	1	0	0	0	0	0	0	0	0	0	0	0	0
OTU_5752	0	0	1	0	0	0	0	0	0	0	0	0	0	0	0	0	0	1	0	0	0	0
OTU_4523	0	0	0	0	3	0	0	0	0	0	0	0	1	0	0	0	1	0	0	0	0	0
OTU_5716	0	1	0	0	0	0	0	0	0	0	0	0	0	0	2	0	0	0	0	0	0	0
OTU_4652	0	0	0	0	0	3	0	0	0	0	0	0	1	0	0	0	0	0	0	0	0	0
OTU_4856	0	0	0	0	0	0	0	1	0	1	0	0	0	0	1	1	1	0	0	0	0	0
OTU_6187	0	0	0	0	0	0	0	0	0	0	1	0	0	0	0	0	0	1	0	0	0	0
OTU_6261	0	0	0	0	0	0	0	0	0	0	0	0	0	0	2	0	0	0	0	0	0	0
OTU_6275	0	0	0	0	0	0	0	0	0	0	0	0	0	0	0	0	3	0	0	0	0	0
OTU_6311	0	0	0	0	0	0	0	0	1	3	0	0	0	0	0	0	0	0	0	0	0	0
OTU_6058	0	0	0	1	0	0	0	1	0	0	0	0	0	0	0	0	0	0	0	0	0	0
OTU_6049	0	0	0	0	0	0	0	0	0	0	0	0	2	0	0	0	0	0	0	0	0	0
OTU_6093	0	0	0	2	0	0	0	0	0	0	0	0	0	0	0	0	0	0	0	0	0	0
OTU_6105	0	0	1	0	0	0	0	0	0	0	0	0	1	0	0	0	0	0	0	1	0	0
OTU_6091	1	0	0	0	1	0	0	0	0	0	0	0	0	0	0	0	0	0	0	0	0	0
OTU_6132	0	0	0	0	0	2	0	0	1	0	0	0	0	0	0	0	0	0	0	0	0	0
OTU_6253	0	0	0	0	0	0	0	0	0	0	0	0	0	0	0	0	2	0	0	0	0	0
OTU_4499	1	0	0	0	0	0	0	0	1	0	0	2	0	1	0	0	0	0	0	1	0	0
OTU_6255	0	0	0	0	0	0	0	0	0	0	0	0	0	1	0	0	0	1	0	0	0	0
OTU_4979	0	0	0	0	0	0	0	0	0	0	1	0	0	1	0	0	0	0	0	0	0	0
OTU_4964	0	0	0	0	0	0	2	0	0	0	0	0	0	0	0	0	0	0	0	0	0	0
OTU_4994	1	0	0	0	0	0	0	0	0	0	1	0	0	0	0	0	0	0	0	0	0	0
OTU_4980	0	0	2	0	0	0	0	0	0	0	0	0	0	0	2	0	1	0	0	0	0	0
OTU_6266	0	0	0	0	1	0	0	0	0	0	0	0	0	0	0	0	0	0	0	1	0	0
OTU_5692	0	0	0	0	0	0	2	0	1	0	0	0	0	0	0	0	0	0	0	0	0	0
OTU_5679	0	0	0	0	0	0	0	0	0	0	0	0	0	0	0	2	0	0	0	0	0	0
OTU_5034	0	0	0	0	0	0	0	0	0	0	0	0	0	0	0	3	0	0	0	0	0	0
OTU_5907	0	0	0	0	1	0	0	0	0	0	0	0	0	0	0	0	1	0	0	0	0	0
OTU_5668	0	0	0	0	0	0	0	1	0	0	0	0	0	0	1	0	0	0	0	0	0	0
OTU_5702	0	0	0	0	0	0	0	0	1	1	0	0	0	0	0	0	0	0	0	0	0	0
OTU_5701	0	0	1	0	1	0	0	0	0	0	1	0	0	0	0	0	0	0	0	0	0	0
OTU_6292	0	0	0	0	0	0	2	0	0	0	1	0	0	0	0	0	0	1	0	0	0	0
OTU_6133	0	0	0	0	0	0	0	0	0	0	1	0	0	0	0	0	0	1	0	0	0	0
OTU_5985	0	0	0	0	0	2	0	0	0	0	0	0	0	0	0	0	0	0	0	0	0	0
OTU_5660	0	0	0	0	0	0	0	0	0	0	0	0	0	0	0	2	0	0	0	0	0	0
OTU_5958	0	0	0	0	2	0	0	0	0	0	0	0	0	0	0	0	0	0	0	0	0	0
OTU_5649	0	0	0	0	0	0	0	2	0	0	0	0	0	0	0	0	0	0	0	0	0	0
OTU_6010	0	0	0	0	0	0	0	0	0	0	0	0	0	0	0	1	0	0	0	1	0	0
OTU_5305	0	0	0	0	0	0	2	0	0	0	0	0	0	0	0	0	0	0	0	0	0	0
OTU_5665	0	0	0	0	0	0	0	0	0	0	0	0	0	0	0	2	0	0	0	0	0	0
OTU_5868	0	0	0	1	0	0	0	0	0	1	0	0	0	0	0	0	0	0	0	0	0	0
OTU_5085	0	0	0	0	0	0	0	0	2	0	0	0	0	0	0	0	0	0	0	0	0	0
OTU_6007	0	0	0	0	0	2	0	0	0	0	0	0	0	0	0	0	0	0	0	0	0	0
OTU_5910	0	0	0	0	0	0	2	0	0	0	0	0	0	1	0	0	0	0	0	0	0	0
OTU_6020	0	0	0	0	0	0	0	2	0	0	0	0	0	0	0	0	0	0	0	0	0	0
OTU_4471	1	0	0	0	0	0	0	0	0	1	0	0	0	0	0	0	0	0	0	1	0	0
OTU_6038	0	0	0	0	0	0	0	0	0	0	0	0	0	0	0	2	0	0	0	0	0	0
OTU_5299	0	0	0	0	0	0	0	0	0	0	0	2	0	0	0	0	0	0	0	0	0	0
OTU_5975	0	0	0	0	0	0	0	0	0	0	0	1	0	0	1	0	0	0	0	0	0	0
OTU_4924	0	0	0	0	0	0	0	0	0	0	0	0	0	0	2	0	0	0	0	0	0	0
OTU_5089	0	0	0	0	0	0	0	0	1	0	0	0	0	1	0	0	0	0	0	0	0	0
OTU_5914	0	1	1	1	0	0	0	0	0	0	0	0	0	0	0	0	0	0	0	0	0	0
OTU_5008	0	0	1	0	0	0	0	0	0	0	0	0	0	0	1	0	0	0	0	0	0	0
OTU_4930	0	0	1	0	0	0	0	0	0	0	0	0	0	0	0	0	0	1	0	0	0	0
